customer_key,customer_id,customer_name,customer_segment
1,CUST100000,ryan gallagher,consumer
2,CUST100001,jon cole,consumer
3,CUST100002,rachel davis,consumer
4,CUST100004,april griffin,consumer
5,CUST100005,crystal landry,corporate
6,CUST100006,amanda johnson,consumer
7,CUST100007,teresa james,consumer
8,CUST100009,jeffrey simpson,consumer
9,CUST100010,david robinson,consumer
10,CUST100011,dylan smith,consumer
11,CUST100012,kristie may,consumer
12,CUST100013,willie heath,small business
13,CUST100014,gary griffith,corporate
14,CUST100015,taylor henderson,consumer
15,CUST100016,meagan turner,consumer
16,CUST100018,leah johnson,corporate
17,CUST100020,joshua warner,consumer
18,CUST100021,jade gonzales,consumer
19,CUST100022,paula meyer,consumer
20,CUST100024,michael bird,consumer
21,CUST100025,jennifer jackson,consumer
22,CUST100029,derrick kelley,consumer
23,CUST100032,kelly hoffman,corporate
24,CUST100033,anthony berg,corporate
25,CUST100034,christina wagner,consumer
26,CUST100035,mr. gregory ryan,consumer
27,CUST100036,lisa ellis,consumer
28,CUST100037,david thompson,consumer
29,CUST100038,shannon lindsey,corporate
30,CUST100039,rose scott,corporate
31,CUST100040,megan miller,corporate
32,CUST100041,adrian campos,corporate
33,CUST100042,brian weber,consumer
34,CUST100043,benjamin moore,consumer
35,CUST100044,carol nelson,consumer
36,CUST100046,alexander hughes,corporate
37,CUST100048,katrina clark,consumer
38,CUST100049,ruth smith,small business
39,CUST100052,connie cantrell,corporate
40,CUST100053,kellie walker,consumer
41,CUST100054,jennifer johnston,consumer
42,CUST100056,walter hutchinson,corporate
43,CUST100057,scott collins,consumer
44,CUST100058,natasha butler,consumer
45,CUST100061,carolyn parrish,consumer
46,CUST100062,michele hicks,consumer
47,CUST100063,gregory harris,corporate
48,CUST100064,jessica lee,consumer
49,CUST100065,maxwell phillips,consumer
50,CUST100067,garrett benitez,consumer
51,CUST100068,gina lewis,consumer
52,CUST100069,sara randolph,consumer
53,CUST100071,dr. david swanson,corporate
54,CUST100072,christopher bartlett,corporate
55,CUST100076,stacy taylor,corporate
56,CUST100078,sean french,consumer
57,CUST100080,jamie duncan,small business
58,CUST100081,brad adams,small business
59,CUST100082,kristy buckley,small business
60,CUST100083,donald buchanan,consumer
61,CUST100084,alexandria santiago,consumer
62,CUST100087,brian jackson,corporate
63,CUST100088,patrick garcia,corporate
64,CUST100090,elizabeth king,consumer
65,CUST100091,brett pearson,corporate
66,CUST100092,adam haas,consumer
67,CUST100093,kyle cole,consumer
68,CUST100094,arthur gentry,consumer
69,CUST100098,joshua parker,corporate
70,CUST100099,brad campbell,consumer
71,CUST100100,mrs. marissa schneider,consumer
72,CUST100101,jeanette parker,corporate
73,CUST100102,eugene boone,consumer
74,CUST100104,lauren carlson,consumer
75,CUST100105,alex sanchez,consumer
76,CUST100106,juan jones,consumer
77,CUST100107,mark carter,corporate
78,CUST100108,katherine huffman,consumer
79,CUST100111,victoria underwood,consumer
80,CUST100112,brian robertson,corporate
81,CUST100114,thomas johnson,small business
82,CUST100115,steven lara,small business
83,CUST100116,sara francis,consumer
84,CUST100119,austin richmond,consumer
85,CUST100120,kirsten weaver,corporate
86,CUST100121,jody foster,small business
87,CUST100123,jennifer duncan,consumer
88,CUST100126,james salazar,corporate
89,CUST100130,john walker md,consumer
90,CUST100131,susan hardin,consumer
91,CUST100132,matthew williams,small business
92,CUST100133,jorge rich,small business
93,CUST100134,ralph ware,corporate
94,CUST100135,michael sweeney,consumer
95,CUST100136,michael doyle,consumer
96,CUST100137,selena mosley,small business
97,CUST100138,laura thompson,consumer
98,CUST100139,daniel hudson,corporate
99,CUST100147,janet lang,consumer
100,CUST100148,christopher nguyen,corporate
101,CUST100149,terry chung,consumer
102,CUST100150,kyle russell,corporate
103,CUST100151,edward wright,small business
104,CUST100153,alex burton,consumer
105,CUST100155,joshua nelson,consumer
106,CUST100156,danielle sutton,consumer
107,CUST100157,rhonda beltran,consumer
108,CUST100158,katherine foley,corporate
109,CUST100159,laura reyes,consumer
110,CUST100160,brian aguirre,corporate
111,CUST100161,paul gardner,consumer
112,CUST100162,paige beltran,consumer
113,CUST100163,jonathan armstrong,corporate
114,CUST100164,jonathan kelly,consumer
115,CUST100165,april ramos,consumer
116,CUST100166,eric ross,consumer
117,CUST100167,melinda vasquez,consumer
118,CUST100169,donald george,small business
119,CUST100173,manuel schmidt,consumer
120,CUST100178,mariah soto,corporate
121,CUST100179,mark schultz,consumer
122,CUST100180,rachel mathis,consumer
123,CUST100181,robin jacobs,consumer
124,CUST100182,dennis erickson,corporate
125,CUST100183,kimberly hernandez,small business
126,CUST100184,kari mcdonald,corporate
127,CUST100185,jordan garner,small business
128,CUST100186,henry sandoval,consumer
129,CUST100189,christine clark,consumer
130,CUST100190,debra jones,corporate
131,CUST100192,nancy jackson,small business
132,CUST100194,leonard hall,corporate
133,CUST100195,carrie clarke,corporate
134,CUST100196,erin walker,consumer
135,CUST100199,jeffrey juarez,consumer
136,CUST100200,cheryl garrett,consumer
137,CUST100201,william wallace,consumer
138,CUST100202,monica obrien,consumer
139,CUST100203,joseph taylor,corporate
140,CUST100205,cynthia robbins,consumer
141,CUST100206,elizabeth rodriguez,consumer
142,CUST100208,anthony harper,corporate
143,CUST100209,claire johnson,corporate
144,CUST100210,robin maynard,consumer
145,CUST100211,grace massey,consumer
146,CUST100212,michael davis,corporate
147,CUST100214,david wilkins,corporate
148,CUST100216,erin watkins,consumer
149,CUST100217,wendy williams,corporate
150,CUST100218,shannon flores,consumer
151,CUST100219,kevin ellison,consumer
152,CUST100220,spencer blake,corporate
153,CUST100221,thomas smith,consumer
154,CUST100223,carlos ford,corporate
155,CUST100225,ryan williams,corporate
156,CUST100226,bruce davis,consumer
157,CUST100227,mark garner,consumer
158,CUST100228,sarah alvarado,corporate
159,CUST100230,dana brown,consumer
160,CUST100231,leslie bailey,corporate
161,CUST100232,kristina boyd,corporate
162,CUST100233,harry gutierrez,consumer
163,CUST100234,spencer coleman,small business
164,CUST100236,nicole king,consumer
165,CUST100237,brittany sellers,corporate
166,CUST100238,sarah brown,corporate
167,CUST100239,robert harrison,consumer
168,CUST100240,william williams,consumer
169,CUST100242,michael khan,small business
170,CUST100245,nicholas edwards,consumer
171,CUST100246,robert roman,small business
172,CUST100247,elizabeth coleman,small business
173,CUST100249,richard huber,small business
174,CUST100250,ashley delgado,small business
175,CUST100251,william ball,corporate
176,CUST100253,sandra carter,small business
177,CUST100254,jacob meyer,small business
178,CUST100255,gregory andrews,consumer
179,CUST100256,robert curtis,corporate
180,CUST100257,edward gomez,corporate
181,CUST100260,garrett jones,consumer
182,CUST100261,karen durham,consumer
183,CUST100262,tracy ochoa,corporate
184,CUST100263,tammy solis,corporate
185,CUST100264,joseph johnston,consumer
186,CUST100265,rachel warner phd,corporate
187,CUST100266,tommy schneider,consumer
188,CUST100267,john petty,small business
189,CUST100269,kristine knox,corporate
190,CUST100270,jason luna,consumer
191,CUST100273,kelsey miller,corporate
192,CUST100274,samuel day,corporate
193,CUST100276,ryan page,consumer
194,CUST100277,steven george,consumer
195,CUST100279,kimberly duffy,corporate
196,CUST100280,molly cervantes,consumer
197,CUST100283,rebecca richards,consumer
198,CUST100284,samuel ellis,small business
199,CUST100285,edwin vazquez,consumer
200,CUST100286,bryan turner,consumer
201,CUST100288,laura arnold,consumer
202,CUST100289,kimberly cardenas,corporate
203,CUST100290,jennifer soto,consumer
204,CUST100291,eric hunter,consumer
205,CUST100292,krista bray,consumer
206,CUST100294,kylie richardson,corporate
207,CUST100297,janet marshall,small business
208,CUST100298,jacqueline curry,small business
209,CUST100299,mr. jesus wilson,corporate
210,CUST100300,jason smith,consumer
211,CUST100305,dr. john mata,consumer
212,CUST100306,anna anderson,consumer
213,CUST100309,nathaniel flowers,small business
214,CUST100310,logan forbes,corporate
215,CUST100311,kimberly reed,consumer
216,CUST100314,derek ramirez,corporate
217,CUST100315,ricky hodge,consumer
218,CUST100316,megan miller,small business
219,CUST100318,susan wilson,corporate
220,CUST100321,stephen gay,consumer
221,CUST100323,cindy malone,consumer
222,CUST100324,john smith,consumer
223,CUST100325,mary frost dvm,consumer
224,CUST100326,joshua alexander,corporate
225,CUST100327,sarah perez,small business
226,CUST100329,cory hoffman,corporate
227,CUST100331,brittany gutierrez,consumer
228,CUST100332,michael adams,consumer
229,CUST100333,jacob ruiz,consumer
230,CUST100334,larry white,consumer
231,CUST100335,melissa nichols,corporate
232,CUST100336,gabriel vaughn,consumer
233,CUST100337,robin snow,consumer
234,CUST100339,charles scott,corporate
235,CUST100340,joshua warner,consumer
236,CUST100343,aaron smith,small business
237,CUST100344,luis miller,consumer
238,CUST100345,michael mercer,consumer
239,CUST100346,kyle stone,consumer
240,CUST100348,randy maldonado,corporate
241,CUST100349,billy hardy,consumer
242,CUST100350,evan adams,consumer
243,CUST100351,andre taylor,consumer
244,CUST100355,robert davidson,consumer
245,CUST100356,lisa harrell,corporate
246,CUST100357,michael oliver,consumer
247,CUST100358,kristy nichols,consumer
248,CUST100360,amy romero,consumer
249,CUST100362,danielle nelson,consumer
250,CUST100363,kara powell,consumer
251,CUST100364,james pena,corporate
252,CUST100365,kimberly anthony,consumer
253,CUST100366,melinda johnson,consumer
254,CUST100368,brenda koch,consumer
255,CUST100370,stephen moore,consumer
256,CUST100373,rebecca munoz,small business
257,CUST100374,tristan gillespie,corporate
258,CUST100375,jamie hoffman,consumer
259,CUST100376,julia maxwell,consumer
260,CUST100378,larry brown,corporate
261,CUST100379,andrew padilla,corporate
262,CUST100381,jordan kelly,consumer
263,CUST100382,william stout,consumer
264,CUST100383,rebekah weiss,consumer
265,CUST100385,heather moore,consumer
266,CUST100387,hannah sandoval,consumer
267,CUST100388,patricia brown md,consumer
268,CUST100389,edward cabrera,consumer
269,CUST100390,michael reid,consumer
270,CUST100391,amy nunez,consumer
271,CUST100393,mr. michael hester,consumer
272,CUST100394,steven reyes,corporate
273,CUST100396,george booker,corporate
274,CUST100397,rachel murray,consumer
275,CUST100398,johnathan mejia,consumer
276,CUST100400,laura mcintosh,consumer
277,CUST100401,brittany bennett,consumer
278,CUST100402,alexander jones,small business
279,CUST100405,samantha arroyo,corporate
280,CUST100406,james schultz,consumer
281,CUST100408,aaron lara,consumer
282,CUST100410,reginald walls,consumer
283,CUST100411,casey richards,corporate
284,CUST100413,misty graves,consumer
285,CUST100415,richard wilson,corporate
286,CUST100416,jasmine castro,consumer
287,CUST100418,adam moses,consumer
288,CUST100419,donald perry,consumer
289,CUST100421,joseph west,corporate
290,CUST100422,jennifer jackson,consumer
291,CUST100424,heather hernandez,consumer
292,CUST100425,sarah norman,consumer
293,CUST100426,monique rogers,consumer
294,CUST100427,david bailey,consumer
295,CUST100429,david gonzalez,corporate
296,CUST100430,kimberly gonzalez,consumer
297,CUST100432,jeanne gonzalez,corporate
298,CUST100433,angela hartman,consumer
299,CUST100434,paul reyes,small business
300,CUST100438,mrs. sara perez,corporate
301,CUST100439,hannah nichols,consumer
302,CUST100440,ronald clark,corporate
303,CUST100441,dylan patrick,small business
304,CUST100443,anthony poole,small business
305,CUST100444,robert frye,consumer
306,CUST100446,danielle clark,corporate
307,CUST100449,brandi moran,consumer
308,CUST100450,aaron martinez,corporate
309,CUST100451,phillip gray,consumer
310,CUST100453,tammy shaw,corporate
311,CUST100454,tracy mack,small business
312,CUST100455,dillon davis,consumer
313,CUST100456,beverly hansen,consumer
314,CUST100458,kimberly glass,consumer
315,CUST100459,anna gregory,consumer
316,CUST100460,jay alexander,consumer
317,CUST100461,linda lee,small business
318,CUST100462,kelly gonzalez,consumer
319,CUST100463,shawn jarvis,consumer
320,CUST100465,roy thompson,corporate
321,CUST100466,terry mitchell,corporate
322,CUST100468,jennifer kaiser,corporate
323,CUST100469,sarah lucas,small business
324,CUST100470,taylor ruiz,consumer
325,CUST100473,chase lawrence,consumer
326,CUST100474,diana grimes,corporate
327,CUST100475,patricia perry,corporate
328,CUST100478,juan walsh,corporate
329,CUST100479,kari walters,small business
330,CUST100480,jill porter,corporate
331,CUST100481,april martin,consumer
332,CUST100482,daniel kemp,corporate
333,CUST100483,brian stewart,consumer
334,CUST100485,lisa johnson,consumer
335,CUST100486,mark wilkins,corporate
336,CUST100487,wayne pierce,corporate
337,CUST100489,timothy adams,consumer
338,CUST100490,douglas barber,consumer
339,CUST100491,daniel hill,consumer
340,CUST100492,dr. eric russo,consumer
341,CUST100493,samantha jones,consumer
342,CUST100494,timothy villarreal,corporate
343,CUST100496,alyssa stewart,consumer
344,CUST100497,stacie williams,consumer
345,CUST100498,mary salas,consumer
346,CUST100501,derek gonzalez,corporate
347,CUST100502,victor rogers,small business
348,CUST100503,miranda robinson,consumer
349,CUST100506,phillip miller,corporate
350,CUST100507,amanda rice,consumer
351,CUST100510,christopher cohen,consumer
352,CUST100511,timothy simmons,consumer
353,CUST100515,benjamin fisher,corporate
354,CUST100516,regina crane,consumer
355,CUST100517,kristy pierce,consumer
356,CUST100520,ronnie lowe,consumer
357,CUST100522,deanna collins,consumer
358,CUST100524,crystal wallace,consumer
359,CUST100525,tammy horton,corporate
360,CUST100526,janet kim,consumer
361,CUST100527,heather glover,consumer
362,CUST100528,paul harmon,consumer
363,CUST100529,adrian morgan,corporate
364,CUST100530,rachel berg,consumer
365,CUST100532,maria anderson dds,corporate
366,CUST100535,kathy andrews,consumer
367,CUST100537,julia cline,corporate
368,CUST100538,cristian pineda,consumer
369,CUST100539,lisa soto,consumer
370,CUST100541,william manning,small business
371,CUST100542,april bush,small business
372,CUST100544,jacob spencer,corporate
373,CUST100546,lauren carter,corporate
374,CUST100547,desiree smith,corporate
375,CUST100548,brandon vasquez,corporate
376,CUST100550,wanda baker,corporate
377,CUST100551,david garcia,corporate
378,CUST100552,kayla anderson,consumer
379,CUST100554,antonio dennis,corporate
380,CUST100555,andrea smith,small business
381,CUST100558,juan king,consumer
382,CUST100559,daniel eaton,corporate
383,CUST100561,jason smith,consumer
384,CUST100563,christopher bullock,consumer
385,CUST100564,robert humphrey,small business
386,CUST100565,roy hernandez,consumer
387,CUST100566,dustin cooper,consumer
388,CUST100568,barbara harris,corporate
389,CUST100570,colleen mitchell,corporate
390,CUST100571,jay wright,consumer
391,CUST100573,jesse sawyer,corporate
392,CUST100574,lisa lin,consumer
393,CUST100575,jeffery sanchez,consumer
394,CUST100577,ashley jones,consumer
395,CUST100578,stacey patel,small business
396,CUST100579,tara fischer,small business
397,CUST100580,jesus bell,consumer
398,CUST100582,christopher knight,consumer
399,CUST100585,logan young,consumer
400,CUST100586,carolyn chase,consumer
401,CUST100589,andrea lopez,consumer
402,CUST100592,sheila hodge,small business
403,CUST100593,lori wade,consumer
404,CUST100597,erin powell,consumer
405,CUST100598,anthony mcmahon,corporate
406,CUST100599,adriana davis,corporate
407,CUST100600,jacob zamora,consumer
408,CUST100601,darren collins,corporate
409,CUST100602,stephanie ryan,consumer
410,CUST100603,kimberly reynolds,corporate
411,CUST100606,daniel hines,corporate
412,CUST100607,daniel martin,corporate
413,CUST100611,kenneth massey,corporate
414,CUST100612,victoria smith,small business
415,CUST100613,john johnson,consumer
416,CUST100618,mr. benjamin brown,corporate
417,CUST100619,shannon smith,small business
418,CUST100621,dawn torres,consumer
419,CUST100622,dr. edward schultz,corporate
420,CUST100623,jeffrey ho,small business
421,CUST100625,laura franklin,corporate
422,CUST100626,erica bell,small business
423,CUST100630,danielle figueroa,corporate
424,CUST100631,jonathon hudson,consumer
425,CUST100632,sylvia pope,consumer
426,CUST100635,kevin williams,consumer
427,CUST100636,samantha kim,consumer
428,CUST100637,mary torres,small business
429,CUST100640,latoya booker,consumer
430,CUST100642,shawn brown,consumer
431,CUST100643,katrina huerta,consumer
432,CUST100644,barbara baker dvm,consumer
433,CUST100645,christopher buck,small business
434,CUST100646,elizabeth spencer,consumer
435,CUST100647,jimmy arnold,consumer
436,CUST100648,luis friedman,consumer
437,CUST100649,rachel campbell,consumer
438,CUST100650,aaron zavala,small business
439,CUST100651,james pena,small business
440,CUST100653,jessica conley,corporate
441,CUST100656,samuel johnson,corporate
442,CUST100657,william cole,consumer
443,CUST100659,kyle white,consumer
444,CUST100660,kristie lindsey,consumer
445,CUST100662,jessica oneal,small business
446,CUST100664,julie romero,corporate
447,CUST100665,joshua simmons,consumer
448,CUST100666,natalie woods,consumer
449,CUST100668,courtney shepherd,consumer
450,CUST100669,jesse wiley,consumer
451,CUST100673,patrick turner,consumer
452,CUST100674,emily mullins,consumer
453,CUST100675,john griffin,consumer
454,CUST100678,madison cummings,consumer
455,CUST100679,kevin ford,consumer
456,CUST100680,mr. joshua robinson,consumer
457,CUST100681,curtis wheeler,consumer
458,CUST100682,richard whitehead,consumer
459,CUST100683,erin bender,consumer
460,CUST100684,isaiah larson,consumer
461,CUST100687,michael santiago,corporate
462,CUST100688,james winters,small business
463,CUST100689,lindsey deleon,consumer
464,CUST100692,jeffrey stokes,consumer
465,CUST100694,morgan benitez,consumer
466,CUST100697,terri clark,consumer
467,CUST100698,wayne martin,consumer
468,CUST100699,barbara richards,small business
469,CUST100700,casey cook,corporate
470,CUST100704,ann patel,consumer
471,CUST100705,brenda ward,consumer
472,CUST100706,steven bailey,consumer
473,CUST100707,john rice,consumer
474,CUST100713,wendy mills,corporate
475,CUST100715,gregory christensen,corporate
476,CUST100716,jacob dunn,consumer
477,CUST100717,austin young,small business
478,CUST100719,latoya brown,consumer
479,CUST100720,sabrina smith,consumer
480,CUST100721,richard perry,consumer
481,CUST100722,melissa guerrero,consumer
482,CUST100723,peggy richards,small business
483,CUST100724,jesse barker,small business
484,CUST100726,danielle fowler,corporate
485,CUST100727,charles smith,consumer
486,CUST100728,dwayne kennedy,corporate
487,CUST100729,austin hogan,consumer
488,CUST100730,mrs. julie morrison,consumer
489,CUST100731,joshua craig,consumer
490,CUST100732,maria gardner,consumer
491,CUST100733,thomas mills,consumer
492,CUST100734,nicholas kim,consumer
493,CUST100735,kevin cline,corporate
494,CUST100736,brendan rodriguez,consumer
495,CUST100737,ashley pena,consumer
496,CUST100738,jose pruitt,consumer
497,CUST100739,eric carr,consumer
498,CUST100742,jessica adams,corporate
499,CUST100743,erica maddox dds,consumer
500,CUST100744,debra thompson,consumer
501,CUST100746,jordan hopkins,consumer
502,CUST100747,mary gutierrez,small business
503,CUST100748,linda woods,consumer
504,CUST100753,zachary lutz,small business
505,CUST100754,jill blair,consumer
506,CUST100755,kimberly martinez,consumer
507,CUST100757,amy murray,small business
508,CUST100759,krystal rodriguez,corporate
509,CUST100760,lisa walsh,consumer
510,CUST100761,tanya west,consumer
511,CUST100762,kendra chapman,consumer
512,CUST100763,chelsea brown,small business
513,CUST100764,andrew peters,small business
514,CUST100765,richard martin,corporate
515,CUST100766,sean davis,small business
516,CUST100767,michael hart,corporate
517,CUST100768,chad lane,corporate
518,CUST100769,scott baker,consumer
519,CUST100770,alison carr,corporate
520,CUST100771,john kim,consumer
521,CUST100772,cathy saunders,consumer
522,CUST100773,mark colon,consumer
523,CUST100776,crystal dunlap,small business
524,CUST100777,sean morris,small business
525,CUST100778,david vazquez,corporate
526,CUST100779,kelly rodriguez,consumer
527,CUST100781,erik frank,corporate
528,CUST100782,whitney villanueva,consumer
529,CUST100783,melissa james,corporate
530,CUST100787,jose garcia,consumer
531,CUST100788,kenneth thompson,consumer
532,CUST100790,jessica spencer,consumer
533,CUST100791,paul garrett,corporate
534,CUST100795,ronald rodriguez,small business
535,CUST100797,terri barrera,consumer
536,CUST100798,matthew lozano,corporate
537,CUST100799,jordan christensen,corporate
538,CUST100801,alyssa aguilar,small business
539,CUST100802,ralph waller,corporate
540,CUST100803,ryan hall jr.,small business
541,CUST100805,stephanie miller,corporate
542,CUST100806,hannah williams,consumer
543,CUST100807,andrew parker,small business
544,CUST100808,joshua oliver,consumer
545,CUST100809,savannah jackson,corporate
546,CUST100810,sherri wright,consumer
547,CUST100811,virginia walters,consumer
548,CUST100812,emily riddle,consumer
549,CUST100813,erica turner,consumer
550,CUST100816,david harris,consumer
551,CUST100817,juan rocha,small business
552,CUST100819,christine johnson,corporate
553,CUST100820,richard haynes,consumer
554,CUST100822,rebecca griffin,consumer
555,CUST100823,benjamin hall,corporate
556,CUST100824,michelle hawkins,corporate
557,CUST100826,cheryl sanchez,consumer
558,CUST100827,larry kerr,consumer
559,CUST100828,gregory roberts,consumer
560,CUST100830,amanda jones,consumer
561,CUST100831,eric wright,consumer
562,CUST100834,allison spence,consumer
563,CUST100835,darren alvarez,small business
564,CUST100836,tiffany smith,consumer
565,CUST100837,alan taylor,consumer
566,CUST100838,angela ryan,consumer
567,CUST100840,joshua russo,corporate
568,CUST100845,spencer chandler,consumer
569,CUST100846,sandra koch,consumer
570,CUST100848,james nelson,consumer
571,CUST100849,cory mccarthy,consumer
572,CUST100850,susan johnson,consumer
573,CUST100851,cheryl meyer,corporate
574,CUST100853,mr. ryan oneal,consumer
575,CUST100855,kevin wells,corporate
576,CUST100856,robert knight,small business
577,CUST100858,shelley brown,consumer
578,CUST100861,jessica david,consumer
579,CUST100862,willie knight,consumer
580,CUST100863,marc rodriguez,consumer
581,CUST100867,pamela blackburn,consumer
582,CUST100868,jose beasley,consumer
583,CUST100869,destiny lawrence,consumer
584,CUST100870,sarah anderson,consumer
585,CUST100873,dawn mitchell,small business
586,CUST100874,bradley garrett,corporate
587,CUST100875,colleen singh,corporate
588,CUST100877,jodi stokes,corporate
589,CUST100878,matthew bass,consumer
590,CUST100880,albert johnson,consumer
591,CUST100881,joshua williamson,consumer
592,CUST100882,alicia russo,consumer
593,CUST100884,michelle johnson,consumer
594,CUST100885,jennifer holder,consumer
595,CUST100886,james thompson,consumer
596,CUST100888,ryan walker,consumer
597,CUST100889,megan mata,consumer
598,CUST100890,ryan jacobs,consumer
599,CUST100891,jennifer dixon,consumer
600,CUST100893,ronnie brady,corporate
601,CUST100896,william goodman,small business
602,CUST100898,kristen mitchell,consumer
603,CUST100899,joshua mercado,consumer
604,CUST100900,courtney smith,consumer
605,CUST100902,zachary owen,consumer
606,CUST100904,christian cruz,consumer
607,CUST100905,brandon dunn,consumer
608,CUST100906,rachel brown,consumer
609,CUST100907,john harmon,consumer
610,CUST100908,kyle rodriguez,corporate
611,CUST100909,shelley mayer,small business
612,CUST100910,bradley roth,consumer
613,CUST100911,gregory simmons,small business
614,CUST100913,chris brown,consumer
615,CUST100914,tracy jones,small business
616,CUST100915,valerie johnston,consumer
617,CUST100917,ashley harris,small business
618,CUST100918,crystal jensen,small business
619,CUST100920,samuel taylor,consumer
620,CUST100921,john padilla,consumer
621,CUST100925,stephanie miller,corporate
622,CUST100926,paula lowery,consumer
623,CUST100927,julie thompson,corporate
624,CUST100928,alexander ramirez,corporate
625,CUST100929,jennifer weaver,small business
626,CUST100932,david barber,consumer
627,CUST100933,michael johnson,consumer
628,CUST100935,sharon bullock,consumer
629,CUST100936,jessica richards,consumer
630,CUST100938,melissa blake,corporate
631,CUST100940,marilyn henderson,consumer
632,CUST100942,thomas hampton,consumer
633,CUST100943,pamela bailey,consumer
634,CUST100944,andrew hebert,small business
635,CUST100945,kelli salazar,consumer
636,CUST100946,carol hudson,small business
637,CUST100947,lauren davila,small business
638,CUST100949,todd jenkins,consumer
639,CUST100951,dr. stephanie alvarado,corporate
640,CUST100953,jenna myers,corporate
641,CUST100954,regina stevenson,corporate
642,CUST100958,travis owens,consumer
643,CUST100959,amanda miller,consumer
644,CUST100961,amanda perry,small business
645,CUST100962,ashley kirby,small business
646,CUST100963,vanessa mendez,small business
647,CUST100966,jennifer hunt,consumer
648,CUST100967,mary nguyen,corporate
649,CUST100968,tara stokes,consumer
650,CUST100969,adrian johnston,consumer
651,CUST100970,brandon pitts,corporate
652,CUST100971,douglas torres,consumer
653,CUST100972,theresa mueller,consumer
654,CUST100973,bruce stuart,consumer
655,CUST100974,martin osborne,corporate
656,CUST100977,michael hill,corporate
657,CUST100978,peter clark,consumer
658,CUST100979,brenda walker,corporate
659,CUST100980,crystal larsen,corporate
660,CUST100981,cameron caldwell,consumer
661,CUST100982,marcus rodriguez,consumer
662,CUST100983,edward robertson,consumer
663,CUST100984,daniel huff,consumer
664,CUST100985,gregory savage,small business
665,CUST100988,charles estrada,consumer
666,CUST100990,dominic monroe,small business
667,CUST100991,paul bradley,consumer
668,CUST100992,daniel leblanc,consumer
669,CUST100993,linda smith,small business
670,CUST100995,debbie kerr,consumer
671,CUST100996,michael watts,consumer
672,CUST100997,robert lopez,small business
673,CUST100999,robert cooper,small business
674,CUST101003,john reed,small business
675,CUST101004,allen wheeler,small business
676,CUST101005,carolyn webster,consumer
677,CUST101006,kimberly charles,corporate
678,CUST101008,kevin kirby,corporate
679,CUST101009,timothy snyder,consumer
680,CUST101012,justin johnson,consumer
681,CUST101013,richard king,consumer
682,CUST101014,elizabeth anderson,consumer
683,CUST101015,frank ramirez,consumer
684,CUST101016,thomas andrews,consumer
685,CUST101017,dennis roberts dds,consumer
686,CUST101018,chase hughes,consumer
687,CUST101019,teresa whitaker,small business
688,CUST101021,valerie stewart,consumer
689,CUST101022,elizabeth perry,consumer
690,CUST101023,luke miles,consumer
691,CUST101024,adam allen,small business
692,CUST101025,jeffrey joseph,small business
693,CUST101026,amanda smith,small business
694,CUST101027,christopher morton,corporate
695,CUST101028,regina jensen,corporate
696,CUST101030,andrew myers,consumer
697,CUST101032,jeffrey browning,consumer
698,CUST101033,mrs. leah tucker md,corporate
699,CUST101036,travis benitez,consumer
700,CUST101039,bradley montgomery,consumer
701,CUST101040,melissa torres,corporate
702,CUST101041,anthony thompson,consumer
703,CUST101042,daniel williams,consumer
704,CUST101043,adam gordon,consumer
705,CUST101045,michael jones,consumer
706,CUST101046,melanie davidson,consumer
707,CUST101047,miranda robinson,consumer
708,CUST101048,albert smith,consumer
709,CUST101050,amy lowery,consumer
710,CUST101051,jason moore,consumer
711,CUST101053,mary lee,corporate
712,CUST101054,samantha wright,consumer
713,CUST101055,david stanton,consumer
714,CUST101056,mark ward,consumer
715,CUST101058,kimberly johnson,small business
716,CUST101059,christopher morris,consumer
717,CUST101060,matthew franklin,small business
718,CUST101061,david reid,consumer
719,CUST101062,randy shields,small business
720,CUST101063,teresa turner,corporate
721,CUST101064,jennifer hodge,consumer
722,CUST101066,karen hernandez,consumer
723,CUST101067,brenda brown,consumer
724,CUST101068,reginald clark,consumer
725,CUST101071,robyn velez,consumer
726,CUST101075,suzanne carroll,consumer
727,CUST101076,barbara russo,small business
728,CUST101077,lawrence rodriguez,consumer
729,CUST101078,michael reyes,consumer
730,CUST101079,connie davis,consumer
731,CUST101080,jonathan pacheco,consumer
732,CUST101081,jamie bender,small business
733,CUST101087,leah adams,consumer
734,CUST101088,angel lee,consumer
735,CUST101089,lindsey robinson,corporate
736,CUST101090,ryan thompson,consumer
737,CUST101091,jonathan harris,consumer
738,CUST101092,dana lopez,consumer
739,CUST101093,tina kelley,small business
740,CUST101094,wendy walton,consumer
741,CUST101095,jacqueline miller,small business
742,CUST101097,justin johnston,consumer
743,CUST101099,stephen harmon,consumer
744,CUST101100,jeremy hart,consumer
745,CUST101101,michael bolton,small business
746,CUST101102,thomas branch,corporate
747,CUST101103,julie alvarado,consumer
748,CUST101104,jake moore,consumer
749,CUST101105,john campbell,consumer
750,CUST101107,anita perez,corporate
751,CUST101108,daniel hood,consumer
752,CUST101109,antonio harris dds,consumer
753,CUST101110,edwin clark,small business
754,CUST101111,peter nguyen,corporate
755,CUST101114,jon washington,consumer
756,CUST101115,jessica pennington,consumer
757,CUST101119,amanda boone,consumer
758,CUST101120,ryan white,consumer
759,CUST101121,david gordon,consumer
760,CUST101123,sara richardson,corporate
761,CUST101125,caroline gonzalez,corporate
762,CUST101127,samantha brock,consumer
763,CUST101130,wendy blake,consumer
764,CUST101131,ann rice,corporate
765,CUST101132,joshua ortiz,corporate
766,CUST101136,james randall,corporate
767,CUST101137,james smith,corporate
768,CUST101138,henry flowers,consumer
769,CUST101139,anna hogan,consumer
770,CUST101141,teresa robinson,small business
771,CUST101142,gary rasmussen,consumer
772,CUST101146,michelle wright,corporate
773,CUST101148,devin ware,small business
774,CUST101149,mr. eric barnes ii,small business
775,CUST101150,jessica baker,corporate
776,CUST101151,christian norman,consumer
777,CUST101152,tammy hernandez,consumer
778,CUST101153,stacy bell,consumer
779,CUST101154,victoria singleton,consumer
780,CUST101155,shelby moore,consumer
781,CUST101158,sherry martinez,consumer
782,CUST101161,jesus moran,corporate
783,CUST101162,ellen anderson,consumer
784,CUST101164,john mccann,corporate
785,CUST101165,david sweeney,consumer
786,CUST101166,dr. bob fritz jr.,consumer
787,CUST101167,danielle joseph,consumer
788,CUST101171,erin reed,consumer
789,CUST101172,robert hawkins,small business
790,CUST101173,robert herrera,consumer
791,CUST101174,michele reynolds,corporate
792,CUST101175,steven white,consumer
793,CUST101177,lisa kidd,consumer
794,CUST101180,jose george,corporate
795,CUST101187,kevin pace,corporate
796,CUST101191,kylie anderson,corporate
797,CUST101192,katrina patterson md,corporate
798,CUST101193,sarah patel,corporate
799,CUST101194,michael lopez,consumer
800,CUST101195,david rose,consumer
801,CUST101196,kristin martin,small business
802,CUST101198,mary villarreal,corporate
803,CUST101199,alexander stephens,corporate
804,CUST101200,gary simon,corporate
805,CUST101201,shawn gutierrez,consumer
806,CUST101203,amanda fields,consumer
807,CUST101204,eric moses,consumer
808,CUST101205,elizabeth cruz,small business
809,CUST101206,bryan ashley,consumer
810,CUST101207,michelle coleman,consumer
811,CUST101208,mark sanchez,corporate
812,CUST101209,theresa faulkner,consumer
813,CUST101210,edward huffman,consumer
814,CUST101211,justin klein,corporate
815,CUST101214,christine phillips,corporate
816,CUST101215,wendy day,small business
817,CUST101216,jennifer anthony,consumer
818,CUST101217,connie dorsey,consumer
819,CUST101219,heather rodriguez,consumer
820,CUST101225,kevin lewis,small business
821,CUST101226,stephanie marshall,consumer
822,CUST101228,jessica barnett,consumer
823,CUST101229,jessica cox,small business
824,CUST101230,william harris,corporate
825,CUST101234,stephanie stone,consumer
826,CUST101236,danielle moore,consumer
827,CUST101237,samantha jenkins,corporate
828,CUST101238,jeffrey perez,corporate
829,CUST101239,christopher guzman,small business
830,CUST101240,robert robinson,corporate
831,CUST101241,debra campbell,consumer
832,CUST101243,melissa spencer,corporate
833,CUST101244,melanie davis,consumer
834,CUST101245,kelly olsen,consumer
835,CUST101246,anthony lucas,consumer
836,CUST101247,william torres,consumer
837,CUST101248,gregory hansen,consumer
838,CUST101249,tyler hill,consumer
839,CUST101250,victoria morgan,consumer
840,CUST101251,stephanie johnson,consumer
841,CUST101252,janet morgan,consumer
842,CUST101253,carol johnson,consumer
843,CUST101255,jennifer mckenzie,consumer
844,CUST101256,allison montgomery,corporate
845,CUST101260,chelsea smith,consumer
846,CUST101261,david welch,corporate
847,CUST101264,thomas cain,corporate
848,CUST101265,tammy miller,consumer
849,CUST101266,kevin rivera,corporate
850,CUST101270,andrea cunningham,consumer
851,CUST101272,kelly wells,consumer
852,CUST101273,michael calderon,consumer
853,CUST101275,scott taylor,consumer
854,CUST101276,jim taylor,consumer
855,CUST101277,katie price,consumer
856,CUST101278,nicole stephens,small business
857,CUST101282,jessica moore,consumer
858,CUST101284,darrell moore,consumer
859,CUST101285,melanie santana,small business
860,CUST101286,gary lindsey dds,corporate
861,CUST101288,michael jones,consumer
862,CUST101289,alvin jones,consumer
863,CUST101290,scott kelley,consumer
864,CUST101291,zachary jordan,corporate
865,CUST101292,mary kelly,corporate
866,CUST101294,jay decker,consumer
867,CUST101295,ashley smith,consumer
868,CUST101296,brittany wang,corporate
869,CUST101297,christine jones,consumer
870,CUST101298,caitlin pollard,consumer
871,CUST101299,erin brock,consumer
872,CUST101300,mary mccormick,corporate
873,CUST101301,andrew moore,consumer
874,CUST101302,lori johnson md,consumer
875,CUST101303,david pena,consumer
876,CUST101304,laura porter,consumer
877,CUST101305,bonnie roach,consumer
878,CUST101306,cynthia saunders,consumer
879,CUST101307,kevin stevens,consumer
880,CUST101308,timothy gonzalez,consumer
881,CUST101309,mark nelson,small business
882,CUST101310,eric bennett,consumer
883,CUST101311,kimberly nielsen,corporate
884,CUST101312,ronald odom,consumer
885,CUST101313,mrs. ashlee gallagher,consumer
886,CUST101315,jennifer sheppard,consumer
887,CUST101317,daniel baird,consumer
888,CUST101318,taylor stone,consumer
889,CUST101320,nicole love,consumer
890,CUST101321,anthony greer dvm,consumer
891,CUST101324,linda jensen,consumer
892,CUST101326,debbie serrano,corporate
893,CUST101327,nancy cobb,consumer
894,CUST101328,sara murphy,consumer
895,CUST101329,sheila may,consumer
896,CUST101330,william lindsey,consumer
897,CUST101335,hannah mcmillan,small business
898,CUST101338,linda brown,consumer
899,CUST101340,kevin fritz,corporate
900,CUST101343,natasha murphy,consumer
901,CUST101344,sonia smith,consumer
902,CUST101345,jasmine bernard,consumer
903,CUST101346,ryan hunt,small business
904,CUST101347,john flowers,corporate
905,CUST101348,jesus henson,small business
906,CUST101349,connie hunt,consumer
907,CUST101350,corey harris,consumer
908,CUST101353,tyrone duncan,consumer
909,CUST101356,thomas simpson,consumer
910,CUST101358,robert phillips,corporate
911,CUST101359,matthew simmons,corporate
912,CUST101360,alyssa baker,consumer
913,CUST101362,joshua robinson,consumer
914,CUST101363,carla manning,consumer
915,CUST101367,jennifer murphy,corporate
916,CUST101372,michael coleman,consumer
917,CUST101375,eric ross,consumer
918,CUST101376,gabriel mcclure,corporate
919,CUST101377,brittany anderson,consumer
920,CUST101379,kenneth jacobs,corporate
921,CUST101380,robert cooper,consumer
922,CUST101381,charles wong,corporate
923,CUST101382,ryan mcdowell,consumer
924,CUST101383,richard fleming,consumer
925,CUST101384,whitney jackson,consumer
926,CUST101385,jason nelson,corporate
927,CUST101386,savannah castillo,corporate
928,CUST101388,angel king,corporate
929,CUST101389,erica harris,consumer
930,CUST101390,brian eaton,small business
931,CUST101392,thomas moore,consumer
932,CUST101393,christopher brown dds,corporate
933,CUST101396,jennifer carter,consumer
934,CUST101397,jeffrey hancock,corporate
935,CUST101398,samantha reese,consumer
936,CUST101399,jacob underwood,consumer
937,CUST101402,ashley yoder,consumer
938,CUST101403,douglas thomas,corporate
939,CUST101404,james wallace,corporate
940,CUST101405,adam vance,consumer
941,CUST101408,daniel hammond,consumer
942,CUST101410,rebecca lambert,small business
943,CUST101411,john simmons,small business
944,CUST101412,tommy cooper,corporate
945,CUST101413,brian reyes,corporate
946,CUST101414,kathryn rivera,consumer
947,CUST101415,andrea adams,consumer
948,CUST101416,julie owens,corporate
949,CUST101418,ashley duncan,consumer
950,CUST101419,stephanie davis,small business
951,CUST101420,taylor reyes,corporate
952,CUST101421,nicholas robinson,corporate
953,CUST101422,justin williamson,small business
954,CUST101425,james gutierrez,corporate
955,CUST101426,sarah hayes,consumer
956,CUST101427,jessica alexander,consumer
957,CUST101428,lisa bryant,consumer
958,CUST101429,scott rivera,consumer
959,CUST101430,brenda levine,consumer
960,CUST101431,richard jackson,consumer
961,CUST101432,april murphy,consumer
962,CUST101434,joshua morales,consumer
963,CUST101436,shaun tucker,small business
964,CUST101438,keith taylor,consumer
965,CUST101439,charles young,consumer
966,CUST101441,katherine cordova,corporate
967,CUST101442,julie patterson,consumer
968,CUST101443,jason allen,consumer
969,CUST101445,patricia castaneda,small business
970,CUST101446,jose carson,small business
971,CUST101447,sabrina patterson,consumer
972,CUST101448,joseph bradley,small business
973,CUST101452,michael gonzales,small business
974,CUST101453,alfred williams,consumer
975,CUST101454,frank hall jr.,corporate
976,CUST101457,mark sherman,small business
977,CUST101458,wendy lopez,corporate
978,CUST101459,matthew stephens,consumer
979,CUST101460,linda short,consumer
980,CUST101461,john gonzalez,consumer
981,CUST101462,benjamin bautista,consumer
982,CUST101465,timothy becker,consumer
983,CUST101466,tiffany howard,small business
984,CUST101467,aaron wall,consumer
985,CUST101468,carly dean,consumer
986,CUST101470,david smith,consumer
987,CUST101472,timothy wong,corporate
988,CUST101473,dominique mills,corporate
989,CUST101474,ashley miller,corporate
990,CUST101475,dale thompson,small business
991,CUST101476,christopher gonzales,small business
992,CUST101477,jeremy shaw,consumer
993,CUST101478,lauren arellano,consumer
994,CUST101479,stephanie boyd,corporate
995,CUST101481,teresa santiago,corporate
996,CUST101484,clinton murphy,consumer
997,CUST101488,gregory goodman,consumer
998,CUST101490,jerome mendez,corporate
999,CUST101491,danielle davis,consumer
1000,CUST101493,ronald ward,consumer
1001,CUST101494,drew stephenson,consumer
1002,CUST101495,rhonda martinez,consumer
1003,CUST101498,christian sanchez,corporate
1004,CUST101499,lance duarte,consumer
1005,CUST101501,matthew gibson,small business
1006,CUST101502,jennifer lewis,small business
1007,CUST101503,chris adams,consumer
1008,CUST101505,jennifer morris,consumer
1009,CUST101506,casey hebert,corporate
1010,CUST101507,frederick williams,small business
1011,CUST101508,brandi porter,corporate
1012,CUST101509,rebekah trevino,consumer
1013,CUST101510,christopher wilson,corporate
1014,CUST101512,jason fisher,small business
1015,CUST101513,robert davis,corporate
1016,CUST101514,james long,consumer
1017,CUST101515,kelli guzman,corporate
1018,CUST101516,anna sheppard,consumer
1019,CUST101518,raymond stewart,corporate
1020,CUST101519,shelia rice,consumer
1021,CUST101521,william yang,corporate
1022,CUST101522,christopher green,consumer
1023,CUST101523,michael powell,consumer
1024,CUST101525,steven sloan,consumer
1025,CUST101526,mary nash,consumer
1026,CUST101527,michelle molina,corporate
1027,CUST101530,amber lopez md,corporate
1028,CUST101531,todd esparza,consumer
1029,CUST101532,jennifer noble,consumer
1030,CUST101533,joshua love,corporate
1031,CUST101535,raymond jones,consumer
1032,CUST101536,julie kelly,consumer
1033,CUST101537,anna robertson,consumer
1034,CUST101538,jamie baker,consumer
1035,CUST101539,maurice baker,corporate
1036,CUST101540,suzanne mueller,consumer
1037,CUST101541,jessica young,corporate
1038,CUST101543,alexandra drake,corporate
1039,CUST101546,heather davenport,corporate
1040,CUST101547,michael price,consumer
1041,CUST101548,matthew richard,consumer
1042,CUST101549,jennifer hicks,small business
1043,CUST101551,tamara lewis,corporate
1044,CUST101552,rebecca gonzalez,consumer
1045,CUST101553,jason frazier,small business
1046,CUST101554,ebony jacobs,consumer
1047,CUST101556,michael olson,consumer
1048,CUST101558,kimberly johnson,corporate
1049,CUST101559,scott davis,consumer
1050,CUST101561,ricky williams,corporate
1051,CUST101562,michael graham iv,corporate
1052,CUST101563,kimberly wilson,consumer
1053,CUST101566,mary hernandez,consumer
1054,CUST101569,lindsey cole,consumer
1055,CUST101570,william bean,corporate
1056,CUST101571,william hodges,consumer
1057,CUST101572,richard santos,corporate
1058,CUST101573,shelby turner,consumer
1059,CUST101574,latasha gray,small business
1060,CUST101577,kristen collins,consumer
1061,CUST101578,briana washington,consumer
1062,CUST101580,alexis garrett,small business
1063,CUST101581,brianna stewart,consumer
1064,CUST101583,rachel wood,consumer
1065,CUST101584,theresa kaiser,consumer
1066,CUST101585,angela lewis,consumer
1067,CUST101586,leonard bailey,corporate
1068,CUST101587,preston davis,small business
1069,CUST101590,katrina brown,consumer
1070,CUST101591,laurie mckinney,consumer
1071,CUST101592,stephen henderson,corporate
1072,CUST101593,april perkins,consumer
1073,CUST101596,matthew owen,corporate
1074,CUST101597,steven willis,corporate
1075,CUST101598,james jackson,consumer
1076,CUST101599,ruth clark,consumer
1077,CUST101600,charles long,consumer
1078,CUST101601,timothy gallagher,consumer
1079,CUST101602,steven woodward,corporate
1080,CUST101603,kathryn brewer,small business
1081,CUST101605,gregory allen,corporate
1082,CUST101607,zachary drake,consumer
1083,CUST101608,robert warner,corporate
1084,CUST101609,todd doyle,consumer
1085,CUST101610,thomas ward,consumer
1086,CUST101611,katherine jenkins,consumer
1087,CUST101612,jose moreno,small business
1088,CUST101613,david fernandez,corporate
1089,CUST101615,kayla burke,consumer
1090,CUST101616,dale myers,consumer
1091,CUST101617,christine fox,small business
1092,CUST101620,mark gregory,consumer
1093,CUST101621,robert richardson,small business
1094,CUST101623,danielle lee,consumer
1095,CUST101625,katherine scott,small business
1096,CUST101626,james morales,corporate
1097,CUST101627,dan mitchell,corporate
1098,CUST101628,charles rogers,consumer
1099,CUST101633,amanda strickland,consumer
1100,CUST101635,gregory thomas,consumer
1101,CUST101636,jillian ross,consumer
1102,CUST101637,mrs. sharon flores,corporate
1103,CUST101640,ashley burnett,consumer
1104,CUST101641,brian wise,consumer
1105,CUST101642,molly owen,corporate
1106,CUST101645,theresa stevens,consumer
1107,CUST101647,antonio gonzalez,consumer
1108,CUST101650,adam parker,consumer
1109,CUST101651,cathy johnson,consumer
1110,CUST101652,steven mitchell,small business
1111,CUST101653,edwin romero,consumer
1112,CUST101654,mary glenn,corporate
1113,CUST101655,daniel lee,corporate
1114,CUST101657,james williams,corporate
1115,CUST101658,christopher moore,consumer
1116,CUST101660,gregory arellano,consumer
1117,CUST101662,dana mcbride,consumer
1118,CUST101664,julie cook,consumer
1119,CUST101667,jamie russo,corporate
1120,CUST101668,regina wolfe,small business
1121,CUST101670,blake heath,consumer
1122,CUST101672,john nash,consumer
1123,CUST101673,maria williams,consumer
1124,CUST101674,timothy woods,consumer
1125,CUST101675,john patterson,corporate
1126,CUST101678,susan webster,consumer
1127,CUST101679,elizabeth welch,corporate
1128,CUST101680,erik collins,corporate
1129,CUST101682,john cummings,consumer
1130,CUST101683,courtney smith,small business
1131,CUST101685,charles graves,small business
1132,CUST101686,jade cooper,consumer
1133,CUST101687,sharon williams,consumer
1134,CUST101688,carla perez,consumer
1135,CUST101689,marco gardner,small business
1136,CUST101692,jessica fowler,consumer
1137,CUST101693,amanda lyons,corporate
1138,CUST101694,kyle anderson,corporate
1139,CUST101695,joshua turner,small business
1140,CUST101696,tracy armstrong,consumer
1141,CUST101697,dawn bailey,small business
1142,CUST101699,jonathan dudley,consumer
1143,CUST101701,andrea green,small business
1144,CUST101703,michelle delacruz,consumer
1145,CUST101705,christina armstrong,consumer
1146,CUST101706,donna peters,consumer
1147,CUST101707,matthew thomas,consumer
1148,CUST101708,lynn horne,consumer
1149,CUST101709,michelle obrien,consumer
1150,CUST101710,mary hanna,corporate
1151,CUST101713,ryan smith,consumer
1152,CUST101714,david stein,consumer
1153,CUST101715,james bridges,consumer
1154,CUST101716,sarah mills,small business
1155,CUST101719,kyle bennett,corporate
1156,CUST101720,edward ross,corporate
1157,CUST101721,jaclyn wilkinson,consumer
1158,CUST101722,jeffrey nielsen,corporate
1159,CUST101723,erin thomas,small business
1160,CUST101727,amanda thomas,consumer
1161,CUST101728,deborah williams,consumer
1162,CUST101732,kenneth gross,consumer
1163,CUST101734,kayla lewis,consumer
1164,CUST101735,lindsey warren,consumer
1165,CUST101736,suzanne mckinney,consumer
1166,CUST101737,melissa hansen,corporate
1167,CUST101738,kevin conway,consumer
1168,CUST101739,ashley evans,consumer
1169,CUST101740,cynthia harris,corporate
1170,CUST101743,martin freeman,consumer
1171,CUST101744,susan hernandez,consumer
1172,CUST101745,lori wilson,consumer
1173,CUST101746,michael frye,corporate
1174,CUST101747,marcia wise,consumer
1175,CUST101748,steven thompson,consumer
1176,CUST101749,andrea garrison,consumer
1177,CUST101750,ronald terry,consumer
1178,CUST101751,elizabeth craig,corporate
1179,CUST101754,reginald jensen,consumer
1180,CUST101755,benjamin fernandez,consumer
1181,CUST101757,kimberly stevens,consumer
1182,CUST101760,kenneth ray,consumer
1183,CUST101763,brian shields md,corporate
1184,CUST101764,thomas davis,consumer
1185,CUST101765,steven oliver,consumer
1186,CUST101766,kimberly johnston,consumer
1187,CUST101768,richard patel,consumer
1188,CUST101769,elizabeth adams,consumer
1189,CUST101772,tony hoover dds,consumer
1190,CUST101773,mary moses,consumer
1191,CUST101774,jessica sanchez,consumer
1192,CUST101775,angel craig,consumer
1193,CUST101778,wesley nguyen,consumer
1194,CUST101782,brandi abbott,consumer
1195,CUST101784,gregory fuentes,corporate
1196,CUST101785,robert hale,corporate
1197,CUST101786,molly dean,corporate
1198,CUST101788,michelle ramirez,consumer
1199,CUST101789,michael wang,consumer
1200,CUST101791,kimberly sanchez,consumer
1201,CUST101793,miguel bennett,consumer
1202,CUST101794,brendan hayes,consumer
1203,CUST101795,phillip braun,consumer
1204,CUST101796,jose turner,consumer
1205,CUST101797,larry maldonado,corporate
1206,CUST101798,jeffrey mason,small business
1207,CUST101799,john scott,consumer
1208,CUST101801,bryan cruz,corporate
1209,CUST101803,gregory myers,small business
1210,CUST101806,michael cruz,consumer
1211,CUST101808,jared rodriguez,consumer
1212,CUST101809,susan moses,corporate
1213,CUST101810,jared sullivan,small business
1214,CUST101811,douglas parsons,corporate
1215,CUST101812,mr. ricardo thompson,consumer
1216,CUST101814,tiffany kelley,consumer
1217,CUST101817,joseph carter,consumer
1218,CUST101818,dr. patrick osborne,consumer
1219,CUST101820,robert casey md,consumer
1220,CUST101821,stanley reed,corporate
1221,CUST101823,anna moore,corporate
1222,CUST101824,kevin key,consumer
1223,CUST101825,james stephens,consumer
1224,CUST101826,joseph pierce,corporate
1225,CUST101827,jennifer cruz,consumer
1226,CUST101830,sonya wiggins,consumer
1227,CUST101831,colleen kim,consumer
1228,CUST101832,keith griffith,consumer
1229,CUST101834,kelsey ware,consumer
1230,CUST101835,margaret allen,consumer
1231,CUST101836,scott nguyen,consumer
1232,CUST101837,lisa robinson,consumer
1233,CUST101838,candice short,small business
1234,CUST101839,howard cline,consumer
1235,CUST101840,elizabeth williams,consumer
1236,CUST101842,justin lamb,corporate
1237,CUST101843,kathleen sharp,consumer
1238,CUST101845,monica nicholson,corporate
1239,CUST101846,jessica allen,corporate
1240,CUST101848,micheal richardson,corporate
1241,CUST101849,mary parks,consumer
1242,CUST101850,keith weeks,consumer
1243,CUST101851,janice davis,consumer
1244,CUST101852,aaron white,consumer
1245,CUST101853,jake hunt,consumer
1246,CUST101854,jeffrey lawson,small business
1247,CUST101855,denise mendoza,consumer
1248,CUST101856,matthew riddle,consumer
1249,CUST101858,danny mitchell,consumer
1250,CUST101860,abigail dominguez,consumer
1251,CUST101862,james hernandez,consumer
1252,CUST101865,nathan martin,consumer
1253,CUST101866,julie keith,consumer
1254,CUST101867,daniel burke,small business
1255,CUST101874,jessica ryan,consumer
1256,CUST101876,kimberly phillips,corporate
1257,CUST101880,kimberly johnson,consumer
1258,CUST101881,daniel garcia,small business
1259,CUST101882,mark huynh,consumer
1260,CUST101883,juan campos md,corporate
1261,CUST101885,madison jacobs,small business
1262,CUST101889,kristin chavez,consumer
1263,CUST101892,john johnson,consumer
1264,CUST101893,cheryl morris,corporate
1265,CUST101896,steve chapman,corporate
1266,CUST101897,shelley brooks,small business
1267,CUST101899,robert walker,corporate
1268,CUST101901,brian morales,consumer
1269,CUST101906,louis adams,corporate
1270,CUST101907,tyler bowers,corporate
1271,CUST101908,gregory white,consumer
1272,CUST101909,donna wilson dvm,consumer
1273,CUST101911,kevin franklin,consumer
1274,CUST101912,barbara douglas,consumer
1275,CUST101913,marcus pope,consumer
1276,CUST101914,lindsey thompson,small business
1277,CUST101916,ashley aguilar,consumer
1278,CUST101917,debra smith,small business
1279,CUST101918,michelle wiley,consumer
1280,CUST101922,brandon ramos,corporate
1281,CUST101923,cody bender,consumer
1282,CUST101924,robin newton,consumer
1283,CUST101925,howard graves,small business
1284,CUST101926,sarah mullins,corporate
1285,CUST101927,maria morrow,corporate
1286,CUST101928,dennis ferguson,consumer
1287,CUST101931,amy chang,consumer
1288,CUST101932,shannon padilla,small business
1289,CUST101933,matthew brown,small business
1290,CUST101934,amanda gomez dvm,consumer
1291,CUST101935,christopher lopez,consumer
1292,CUST101938,meghan snyder,consumer
1293,CUST101940,cynthia rodriguez,small business
1294,CUST101944,nathaniel martin,small business
1295,CUST101945,michael murphy,corporate
1296,CUST101946,amanda moore,consumer
1297,CUST101947,ronald lynch,consumer
1298,CUST101948,darrell brown,small business
1299,CUST101952,jennifer vance,consumer
1300,CUST101954,brian price,consumer
1301,CUST101955,kyle harris,consumer
1302,CUST101958,jonathan martin,consumer
1303,CUST101960,melissa hudson,consumer
1304,CUST101961,ricky yu,consumer
1305,CUST101964,renee armstrong,consumer
1306,CUST101965,william erickson,corporate
1307,CUST101966,emily gould,consumer
1308,CUST101967,bryan williams,consumer
1309,CUST101968,heather woodard,consumer
1310,CUST101969,steven brown,consumer
1311,CUST101972,kevin huynh,small business
1312,CUST101973,jeffrey romero,small business
1313,CUST101974,henry potts,consumer
1314,CUST101976,sandra romero,corporate
1315,CUST101978,daniel bowers,corporate
1316,CUST101980,jeremy west,consumer
1317,CUST101981,christine andrade,corporate
1318,CUST101982,bradley short,consumer
1319,CUST101983,mary jackson,consumer
1320,CUST101986,teresa murphy,consumer
1321,CUST101987,tara schroeder,consumer
1322,CUST101988,crystal chen,corporate
1323,CUST101989,darius rhodes,consumer
1324,CUST101990,aaron johnson,consumer
1325,CUST101991,lindsay pham,small business
1326,CUST101992,nicholas velazquez,consumer
1327,CUST101993,jackson bond,consumer
1328,CUST101995,kristin ramirez,corporate
1329,CUST101998,brian gordon,corporate
1330,CUST101999,michael brown,consumer
1331,CUST102000,mrs. hannah tate,consumer
1332,CUST102001,katherine hodges,consumer
1333,CUST102002,jason harrison,consumer
1334,CUST102003,jennifer hamilton,corporate
1335,CUST102004,jose miller,small business
1336,CUST102005,jamie harris,consumer
1337,CUST102007,mrs. rebecca mata,consumer
1338,CUST102010,michael hamilton,consumer
1339,CUST102014,sandra watson,corporate
1340,CUST102015,pamela young,corporate
1341,CUST102016,casey barnett,small business
1342,CUST102017,tina horn,consumer
1343,CUST102018,mark hall,corporate
1344,CUST102019,nicholas thomas,corporate
1345,CUST102020,julie guerra,consumer
1346,CUST102023,arthur duncan,consumer
1347,CUST102024,fernando myers,consumer
1348,CUST102025,edgar ramirez,consumer
1349,CUST102026,crystal wilson,consumer
1350,CUST102027,brenda spears,corporate
1351,CUST102028,kyle vargas,consumer
1352,CUST102031,vanessa stone,small business
1353,CUST102032,jose morris,consumer
1354,CUST102036,lori dillon,consumer
1355,CUST102037,tanya ramos,consumer
1356,CUST102038,justin smith,consumer
1357,CUST102040,ashley cox,consumer
1358,CUST102042,meagan chandler,consumer
1359,CUST102045,jonathan parks,consumer
1360,CUST102047,adam wheeler,small business
1361,CUST102048,lisa ali,small business
1362,CUST102049,mitchell spencer,small business
1363,CUST102051,michael bridges,consumer
1364,CUST102053,jodi johnson,consumer
1365,CUST102055,pamela johnson,consumer
1366,CUST102057,bryan johnston,consumer
1367,CUST102059,dawn golden,consumer
1368,CUST102060,robin byrd,consumer
1369,CUST102061,david rogers,consumer
1370,CUST102063,alexandra morse,consumer
1371,CUST102064,laura skinner,consumer
1372,CUST102065,joshua goodwin,corporate
1373,CUST102066,elizabeth tapia,consumer
1374,CUST102070,mr. gregory ortiz dds,consumer
1375,CUST102072,michael morrison,consumer
1376,CUST102073,amy chaney,consumer
1377,CUST102075,jamie williams,small business
1378,CUST102076,philip hutchinson,corporate
1379,CUST102077,nicole ramirez,consumer
1380,CUST102080,nicholas barnes,consumer
1381,CUST102082,paul zavala,consumer
1382,CUST102083,mary white,consumer
1383,CUST102084,kyle francis,consumer
1384,CUST102085,allison lee,corporate
1385,CUST102086,amy ross,consumer
1386,CUST102090,jessica thompson,consumer
1387,CUST102091,brandon neal,consumer
1388,CUST102092,thomas becker,corporate
1389,CUST102093,kristin smith,consumer
1390,CUST102094,ian johnson,consumer
1391,CUST102095,jessica wood dds,consumer
1392,CUST102097,ashley gross,small business
1393,CUST102098,sherry clark,consumer
1394,CUST102101,travis roman,consumer
1395,CUST102103,christopher armstrong,corporate
1396,CUST102104,christina levy,consumer
1397,CUST102105,kyle aguilar,consumer
1398,CUST102107,kelly gray,consumer
1399,CUST102108,herbert davenport,consumer
1400,CUST102110,anna freeman,corporate
1401,CUST102115,james lee,corporate
1402,CUST102118,patrick brooks,consumer
1403,CUST102119,aimee lloyd,consumer
1404,CUST102120,donna duran,corporate
1405,CUST102123,michael williams,small business
1406,CUST102124,kathleen tucker,corporate
1407,CUST102125,courtney becker,consumer
1408,CUST102126,anthony werner,consumer
1409,CUST102127,amanda gordon,corporate
1410,CUST102128,cheryl burton,consumer
1411,CUST102129,daniel smith,consumer
1412,CUST102135,dr. scott lopez,consumer
1413,CUST102137,jose williams,consumer
1414,CUST102139,sabrina fisher,consumer
1415,CUST102141,steven gentry,consumer
1416,CUST102142,scott smith,consumer
1417,CUST102143,anthony knight,small business
1418,CUST102150,michelle freeman,consumer
1419,CUST102151,nathan lewis,consumer
1420,CUST102152,matthew barry,corporate
1421,CUST102154,timothy jones,corporate
1422,CUST102155,patricia scott,consumer
1423,CUST102156,charles richards,small business
1424,CUST102157,benjamin rice,small business
1425,CUST102161,ashley page,small business
1426,CUST102163,mary green,consumer
1427,CUST102164,diane lara,small business
1428,CUST102165,jordan gordon,consumer
1429,CUST102167,emily terrell,small business
1430,CUST102169,yvonne melton,consumer
1431,CUST102171,courtney savage,consumer
1432,CUST102173,brian ball,consumer
1433,CUST102174,neil blake,consumer
1434,CUST102175,mrs. barbara edwards,corporate
1435,CUST102176,carly rojas,consumer
1436,CUST102178,mr. frank garcia jr.,corporate
1437,CUST102180,ryan brown,consumer
1438,CUST102181,miss elizabeth dean,consumer
1439,CUST102186,michael baker,consumer
1440,CUST102187,jared farrell,consumer
1441,CUST102189,tammy bishop,consumer
1442,CUST102191,tasha berry,consumer
1443,CUST102192,ryan lee,consumer
1444,CUST102195,shannon patterson,consumer
1445,CUST102196,whitney howard,consumer
1446,CUST102197,barry baker,corporate
1447,CUST102200,rhonda owens,consumer
1448,CUST102201,lisa miller,consumer
1449,CUST102203,jaclyn rocha,consumer
1450,CUST102205,randall lee,consumer
1451,CUST102208,joshua sims,consumer
1452,CUST102209,mary johnson,consumer
1453,CUST102210,adam flores,corporate
1454,CUST102211,heather jenkins,consumer
1455,CUST102212,michele rodriguez,consumer
1456,CUST102213,miss sherry petersen,consumer
1457,CUST102214,carol jones md,consumer
1458,CUST102216,richard torres,consumer
1459,CUST102217,antonio hernandez,corporate
1460,CUST102218,kyle johnson,consumer
1461,CUST102219,james church,consumer
1462,CUST102220,lauren parker,corporate
1463,CUST102221,alexander schmidt,corporate
1464,CUST102224,nathan shaw,consumer
1465,CUST102225,carl stokes,small business
1466,CUST102226,maria giles,consumer
1467,CUST102228,kyle hernandez dds,consumer
1468,CUST102230,timothy bray,corporate
1469,CUST102231,brooke freeman,consumer
1470,CUST102232,stephen hines,consumer
1471,CUST102233,scott jackson,consumer
1472,CUST102234,allen sanchez,small business
1473,CUST102235,angela phillips,consumer
1474,CUST102236,annette pineda,corporate
1475,CUST102237,phillip ward,corporate
1476,CUST102238,frank gardner,consumer
1477,CUST102240,kyle scott,consumer
1478,CUST102243,thomas jordan,corporate
1479,CUST102244,nicholas jennings,consumer
1480,CUST102245,amanda kidd,consumer
1481,CUST102246,matthew hayes,consumer
1482,CUST102247,kendra chavez,corporate
1483,CUST102249,jessica vasquez,small business
1484,CUST102250,james sims,consumer
1485,CUST102251,miranda davidson,corporate
1486,CUST102253,timothy lewis,consumer
1487,CUST102254,gwendolyn acosta,consumer
1488,CUST102256,katherine boyle,consumer
1489,CUST102258,christopher callahan md,consumer
1490,CUST102259,cody garza,corporate
1491,CUST102260,marcus ryan,corporate
1492,CUST102261,christopher martinez,consumer
1493,CUST102262,michael meyer,corporate
1494,CUST102263,lauren serrano,consumer
1495,CUST102265,kristie wilson,corporate
1496,CUST102266,danielle butler,corporate
1497,CUST102267,carol murphy,consumer
1498,CUST102269,jacob vincent,consumer
1499,CUST102270,mary barrera,consumer
1500,CUST102271,raven mcintosh,small business
1501,CUST102272,shawn moore,consumer
1502,CUST102273,lori olson,small business
1503,CUST102274,marvin wagner,consumer
1504,CUST102275,nicole mason,consumer
1505,CUST102276,dr. seth campos,consumer
1506,CUST102277,michelle hendrix,small business
1507,CUST102278,charles jackson,consumer
1508,CUST102279,anna brown,corporate
1509,CUST102280,kristina brown,consumer
1510,CUST102281,mr. alexander vasquez iv,consumer
1511,CUST102283,mark farrell,consumer
1512,CUST102284,cynthia holder,corporate
1513,CUST102285,walter higgins,consumer
1514,CUST102287,breanna howard,consumer
1515,CUST102289,zachary gonzalez,consumer
1516,CUST102291,shawn bennett,corporate
1517,CUST102292,leslie mccarthy,corporate
1518,CUST102293,julie fleming,small business
1519,CUST102295,betty smith,consumer
1520,CUST102299,kelly duke,consumer
1521,CUST102303,christina maldonado,small business
1522,CUST102304,christopher bennett,small business
1523,CUST102305,david owens,small business
1524,CUST102306,valerie horne,consumer
1525,CUST102307,ronald merritt,consumer
1526,CUST102308,jeremy rhodes,consumer
1527,CUST102309,megan freeman,consumer
1528,CUST102311,timothy benton,small business
1529,CUST102314,kyle smith,corporate
1530,CUST102315,natalie baker,consumer
1531,CUST102316,angela strong,consumer
1532,CUST102317,kelly bray,small business
1533,CUST102318,craig kennedy,corporate
1534,CUST102323,jeremy baldwin,corporate
1535,CUST102324,aaron lee,small business
1536,CUST102325,brian johnson,consumer
1537,CUST102326,connor caldwell,small business
1538,CUST102327,michael wagner,consumer
1539,CUST102328,robert lam,consumer
1540,CUST102329,laura scott,consumer
1541,CUST102330,brianna smith,consumer
1542,CUST102331,rebecca vargas,small business
1543,CUST102333,jared riley,small business
1544,CUST102335,tanya juarez,small business
1545,CUST102336,bobby stevenson,consumer
1546,CUST102337,steven jackson,consumer
1547,CUST102339,ryan aguilar,consumer
1548,CUST102340,catherine garcia,consumer
1549,CUST102341,ruth zimmerman,consumer
1550,CUST102343,teresa blake,consumer
1551,CUST102345,larry ramsey,corporate
1552,CUST102346,jacqueline owens,consumer
1553,CUST102347,anthony cook,consumer
1554,CUST102348,danielle martinez,consumer
1555,CUST102349,david evans,consumer
1556,CUST102350,stephen hill,consumer
1557,CUST102352,karen jenkins,consumer
1558,CUST102353,alexandria garrett,consumer
1559,CUST102355,alexander campbell,small business
1560,CUST102356,charles wolfe,corporate
1561,CUST102358,pamela richardson,consumer
1562,CUST102359,luis butler jr.,corporate
1563,CUST102360,christopher smith,small business
1564,CUST102362,charlene rose,consumer
1565,CUST102363,susan white,consumer
1566,CUST102364,angela rodriguez,small business
1567,CUST102365,ray diaz,consumer
1568,CUST102366,lauren taylor,consumer
1569,CUST102367,gabriel chung,consumer
1570,CUST102368,kerry walters,corporate
1571,CUST102370,tamara hernandez,consumer
1572,CUST102371,timothy gonzalez,small business
1573,CUST102372,tom gonzalez md,consumer
1574,CUST102373,jonathon beard,consumer
1575,CUST102374,connie lee,corporate
1576,CUST102375,alexis moore,consumer
1577,CUST102376,nathan crawford iii,consumer
1578,CUST102380,andrew brady,consumer
1579,CUST102382,michael thompson,consumer
1580,CUST102384,ms. jacqueline graham,consumer
1581,CUST102387,lauren michael,consumer
1582,CUST102389,jacqueline liu,small business
1583,CUST102390,clayton howard,small business
1584,CUST102391,julie sims,consumer
1585,CUST102392,cheryl flores,consumer
1586,CUST102393,natalie patterson,consumer
1587,CUST102395,craig rodriguez,consumer
1588,CUST102396,scott smith,small business
1589,CUST102398,meagan harris,consumer
1590,CUST102399,alyssa gill,consumer
1591,CUST102400,meredith anderson,corporate
1592,CUST102401,william murphy,consumer
1593,CUST102403,john moore,small business
1594,CUST102404,christine carter,corporate
1595,CUST102405,laura mitchell,consumer
1596,CUST102406,juan lynn,consumer
1597,CUST102407,candace fox,consumer
1598,CUST102408,tina holder,corporate
1599,CUST102410,christopher fritz,consumer
1600,CUST102411,dana robinson,consumer
1601,CUST102412,michael jones,consumer
1602,CUST102413,melissa wilson,corporate
1603,CUST102415,savannah brown,corporate
1604,CUST102416,bonnie foster,consumer
1605,CUST102417,cynthia ruiz,consumer
1606,CUST102418,courtney villegas,corporate
1607,CUST102419,jennifer stevens,consumer
1608,CUST102422,joseph silva,small business
1609,CUST102423,kimberly thompson,consumer
1610,CUST102424,shane gardner,consumer
1611,CUST102426,madison mann,corporate
1612,CUST102427,mrs. rebekah snyder dvm,consumer
1613,CUST102429,jennifer robbins,small business
1614,CUST102430,catherine williams,consumer
1615,CUST102431,jonathan martinez,consumer
1616,CUST102432,scott guzman,consumer
1617,CUST102436,daniel thompson,consumer
1618,CUST102437,christine smith,small business
1619,CUST102439,sara guzman,consumer
1620,CUST102440,nicole shepherd,consumer
1621,CUST102441,amy sullivan,small business
1622,CUST102442,rebecca morales,consumer
1623,CUST102443,cory austin,corporate
1624,CUST102445,jamie gardner,consumer
1625,CUST102446,rachel poole,consumer
1626,CUST102447,nichole stark,corporate
1627,CUST102448,brenda gallagher,small business
1628,CUST102449,rachel soto,consumer
1629,CUST102450,james smith,corporate
1630,CUST102453,russell lawson,consumer
1631,CUST102455,kristine conrad,consumer
1632,CUST102456,sarah richardson,small business
1633,CUST102458,sarah osborn,small business
1634,CUST102461,robert mccoy,consumer
1635,CUST102462,sheila greene,corporate
1636,CUST102465,william morris,consumer
1637,CUST102466,sydney rush,consumer
1638,CUST102470,andrea spencer,consumer
1639,CUST102471,frank hughes,consumer
1640,CUST102472,mckenzie thomas,consumer
1641,CUST102473,david dawson,corporate
1642,CUST102474,luis adkins,consumer
1643,CUST102475,jonathan kirk,consumer
1644,CUST102477,dr. andrew myers dds,consumer
1645,CUST102478,stephen rodriguez,corporate
1646,CUST102479,jessica gallegos,consumer
1647,CUST102480,james brown,consumer
1648,CUST102482,nicholas floyd,consumer
1649,CUST102483,james neal,consumer
1650,CUST102484,kyle thomas,consumer
1651,CUST102485,terri lang,consumer
1652,CUST102486,david salinas,consumer
1653,CUST102488,jeffrey gill,consumer
1654,CUST102489,erica bender,consumer
1655,CUST102490,bradley white,small business
1656,CUST102491,cynthia gomez,corporate
1657,CUST102494,nicole good,consumer
1658,CUST102495,david torres,corporate
1659,CUST102496,steven harris,corporate
1660,CUST102497,danny johnson,consumer
1661,CUST102498,sara marshall,consumer
1662,CUST102500,trevor miller,corporate
1663,CUST102501,mary sanders,consumer
1664,CUST102502,ryan wang,small business
1665,CUST102503,james tucker,consumer
1666,CUST102504,maria carson,corporate
1667,CUST102505,daniel moss,consumer
1668,CUST102507,katelyn cooper,consumer
1669,CUST102509,loretta kelley,consumer
1670,CUST102510,dawn dawson,consumer
1671,CUST102511,richard nixon,small business
1672,CUST102513,joe perez,corporate
1673,CUST102516,samantha chaney,consumer
1674,CUST102517,amanda dawson,small business
1675,CUST102518,travis richardson,consumer
1676,CUST102520,jonathan stephens,small business
1677,CUST102522,todd logan,small business
1678,CUST102524,erica lewis,consumer
1679,CUST102526,daniel sullivan,consumer
1680,CUST102527,jared freeman,consumer
1681,CUST102529,timothy simmons,consumer
1682,CUST102530,claudia diaz,consumer
1683,CUST102531,travis douglas,small business
1684,CUST102533,daniel burgess,consumer
1685,CUST102534,andrew zimmerman,consumer
1686,CUST102535,mark davis,consumer
1687,CUST102537,gregory adams,consumer
1688,CUST102538,lauren smith,consumer
1689,CUST102539,diana wilson,corporate
1690,CUST102541,katherine herrera,corporate
1691,CUST102542,christina swanson,small business
1692,CUST102543,keith ewing,small business
1693,CUST102545,steven noble,corporate
1694,CUST102546,james barton,corporate
1695,CUST102547,stephen cox,consumer
1696,CUST102548,bethany manning,consumer
1697,CUST102549,maurice smith,consumer
1698,CUST102550,curtis hansen,corporate
1699,CUST102551,peter anderson,corporate
1700,CUST102554,jordan phillips,consumer
1701,CUST102555,monica cook,small business
1702,CUST102556,michelle lane,small business
1703,CUST102560,robert clarke,consumer
1704,CUST102561,sandra garcia,consumer
1705,CUST102562,alison nielsen,consumer
1706,CUST102563,ruth harper,consumer
1707,CUST102565,colin thompson,consumer
1708,CUST102566,barbara howard,consumer
1709,CUST102567,mary parker,consumer
1710,CUST102568,cindy williams,consumer
1711,CUST102570,aaron mcdonald,corporate
1712,CUST102571,travis hernandez phd,consumer
1713,CUST102572,richard neal,consumer
1714,CUST102573,lisa beck,consumer
1715,CUST102576,gary garcia,consumer
1716,CUST102577,andrew phelps,corporate
1717,CUST102578,chelsea becker,consumer
1718,CUST102581,john powers,consumer
1719,CUST102582,elizabeth scott,consumer
1720,CUST102583,jonathan bennett,consumer
1721,CUST102584,ryan cooper,consumer
1722,CUST102587,tony novak dds,consumer
1723,CUST102589,linda villa,consumer
1724,CUST102590,timothy stewart,corporate
1725,CUST102591,kelly walker,corporate
1726,CUST102593,kayla jackson,consumer
1727,CUST102595,christine johnson,small business
1728,CUST102597,ryan stewart,consumer
1729,CUST102598,david barnes,consumer
1730,CUST102599,mr. caleb aguilar,corporate
1731,CUST102601,brenda smith,consumer
1732,CUST102603,steven gonzales,consumer
1733,CUST102604,katherine ford,consumer
1734,CUST102605,mark armstrong jr.,consumer
1735,CUST102606,jesus vega,corporate
1736,CUST102607,james jones,consumer
1737,CUST102609,malik valencia,consumer
1738,CUST102610,jennifer espinoza,corporate
1739,CUST102613,daniel todd,consumer
1740,CUST102615,louis martin,consumer
1741,CUST102617,john myers,consumer
1742,CUST102618,caleb thompson,corporate
1743,CUST102620,jennifer taylor,consumer
1744,CUST102621,denise howard,consumer
1745,CUST102623,earl johnson,corporate
1746,CUST102625,crystal hinton,corporate
1747,CUST102626,kimberly white,consumer
1748,CUST102627,mr. corey lopez,small business
1749,CUST102628,erica wagner,consumer
1750,CUST102629,natasha gonzalez,corporate
1751,CUST102630,samantha brennan,consumer
1752,CUST102631,matthew allen,corporate
1753,CUST102633,jessica kirby,corporate
1754,CUST102635,paige leblanc,corporate
1755,CUST102636,james moore,consumer
1756,CUST102637,ashley rice,corporate
1757,CUST102639,austin morris,corporate
1758,CUST102640,calvin thomas,corporate
1759,CUST102642,timothy kaiser,small business
1760,CUST102643,carmen lee,consumer
1761,CUST102644,debra james,corporate
1762,CUST102645,john rasmussen,consumer
1763,CUST102646,peter blackwell,consumer
1764,CUST102649,christine kennedy,consumer
1765,CUST102651,james branch,small business
1766,CUST102655,mary jensen,consumer
1767,CUST102657,angel reid,consumer
1768,CUST102658,brittany welch,consumer
1769,CUST102659,troy vang,consumer
1770,CUST102661,david jacobs,corporate
1771,CUST102663,margaret lee,consumer
1772,CUST102665,matthew moore,small business
1773,CUST102666,jessica lopez,consumer
1774,CUST102667,brett graham,small business
1775,CUST102668,samantha mata,consumer
1776,CUST102669,lauren mitchell,corporate
1777,CUST102670,andrew sherman,consumer
1778,CUST102672,rachel thomas,consumer
1779,CUST102673,clayton henry,consumer
1780,CUST102674,andrew wu,consumer
1781,CUST102676,daniel villarreal,consumer
1782,CUST102677,michael lyons,small business
1783,CUST102678,jennifer gibbs,corporate
1784,CUST102679,shannon odonnell,consumer
1785,CUST102680,amy baker,corporate
1786,CUST102681,daniel lewis,consumer
1787,CUST102682,christina johnson,corporate
1788,CUST102683,pedro dean,consumer
1789,CUST102687,craig johnson,consumer
1790,CUST102688,darryl thomas,consumer
1791,CUST102691,kenneth beltran,consumer
1792,CUST102692,diana hebert,small business
1793,CUST102695,linda dalton,consumer
1794,CUST102699,samantha church,consumer
1795,CUST102700,amber vega,small business
1796,CUST102703,charles riggs,consumer
1797,CUST102708,christopher williams,consumer
1798,CUST102709,john herring,corporate
1799,CUST102711,stephanie moody,consumer
1800,CUST102713,jennifer johnson,small business
1801,CUST102714,michelle gonzales,consumer
1802,CUST102715,jennifer hernandez,consumer
1803,CUST102717,michael garcia,consumer
1804,CUST102718,suzanne johnson,small business
1805,CUST102720,beverly jensen,small business
1806,CUST102721,nicholas farrell,small business
1807,CUST102722,jason alexander,consumer
1808,CUST102723,isaiah schroeder,consumer
1809,CUST102726,kenneth hill,consumer
1810,CUST102727,joseph green,small business
1811,CUST102729,meghan valdez,consumer
1812,CUST102730,emily jackson,corporate
1813,CUST102731,aaron smith,consumer
1814,CUST102732,nicole lucero,consumer
1815,CUST102734,melanie duke,consumer
1816,CUST102737,connie wood,small business
1817,CUST102738,joshua kim,consumer
1818,CUST102739,rhonda herman,small business
1819,CUST102740,tammy thornton,corporate
1820,CUST102741,julia berry,consumer
1821,CUST102742,hunter kline,corporate
1822,CUST102743,jeremy wilson,consumer
1823,CUST102748,marcus sexton,consumer
1824,CUST102750,shannon thompson,corporate
1825,CUST102751,david johnson,corporate
1826,CUST102752,timothy johnson,consumer
1827,CUST102753,megan griffin dds,consumer
1828,CUST102754,frank anderson,consumer
1829,CUST102755,tiffany ayala,consumer
1830,CUST102756,lisa parrish,consumer
1831,CUST102757,mathew thompson,consumer
1832,CUST102759,victoria taylor,small business
1833,CUST102760,wendy herrera,consumer
1834,CUST102761,dennis cook,consumer
1835,CUST102762,jason little,small business
1836,CUST102763,andrew williamson,consumer
1837,CUST102764,shelly fernandez,corporate
1838,CUST102765,brian hughes,consumer
1839,CUST102767,jeremy graham,small business
1840,CUST102769,austin nunez,small business
1841,CUST102770,michael swanson,consumer
1842,CUST102771,pamela schroeder,consumer
1843,CUST102773,kelly smith,small business
1844,CUST102774,vanessa bradley,small business
1845,CUST102777,timothy zavala,consumer
1846,CUST102778,warren harris,consumer
1847,CUST102779,timothy bishop,small business
1848,CUST102780,anthony murphy,consumer
1849,CUST102781,mr. anthony marshall,corporate
1850,CUST102782,gregory gonzalez,consumer
1851,CUST102783,brittany stout,corporate
1852,CUST102784,sarah jenkins,consumer
1853,CUST102785,michael estrada,consumer
1854,CUST102786,darin rojas,consumer
1855,CUST102787,charles castro,small business
1856,CUST102788,heather campbell,small business
1857,CUST102790,cindy williams,consumer
1858,CUST102791,gary white,small business
1859,CUST102792,lawrence james,consumer
1860,CUST102793,michael kelly,consumer
1861,CUST102796,patricia harris,consumer
1862,CUST102797,robert grant,consumer
1863,CUST102799,austin johnson,consumer
1864,CUST102800,margaret acosta,consumer
1865,CUST102802,elizabeth chang,consumer
1866,CUST102803,matthew larson,consumer
1867,CUST102805,ruth ramirez,consumer
1868,CUST102806,ricardo young,consumer
1869,CUST102807,monica frazier,consumer
1870,CUST102808,jesse holder,consumer
1871,CUST102809,jane davis,corporate
1872,CUST102812,jill smith,corporate
1873,CUST102813,andres church,small business
1874,CUST102814,cole drake,consumer
1875,CUST102816,marissa schroeder,consumer
1876,CUST102817,caroline chapman,corporate
1877,CUST102819,daniel martinez,consumer
1878,CUST102820,justin oliver,consumer
1879,CUST102823,lori santiago,corporate
1880,CUST102824,tina powell,consumer
1881,CUST102825,angela hansen,consumer
1882,CUST102828,daniel williams,consumer
1883,CUST102829,dorothy rose,corporate
1884,CUST102830,travis williams,corporate
1885,CUST102831,sergio hubbard,corporate
1886,CUST102833,manuel reed,consumer
1887,CUST102834,jacob lamb,corporate
1888,CUST102835,sean cochran,consumer
1889,CUST102837,tyler ortiz,small business
1890,CUST102838,laurie sanchez,small business
1891,CUST102839,cynthia kaiser,consumer
1892,CUST102840,jeffrey smith,consumer
1893,CUST102841,rachel harris,corporate
1894,CUST102843,samuel alvarado,consumer
1895,CUST102845,caitlin jordan,corporate
1896,CUST102849,carrie knight,corporate
1897,CUST102851,melinda perez,small business
1898,CUST102852,linda mcmahon,consumer
1899,CUST102853,michael morales,consumer
1900,CUST102854,julie carson,consumer
1901,CUST102855,christine harrell,consumer
1902,CUST102857,richard jones,consumer
1903,CUST102859,samuel banks,consumer
1904,CUST102861,christine wells,corporate
1905,CUST102862,taylor brown,small business
1906,CUST102863,christine hodge,corporate
1907,CUST102865,bonnie clarke,consumer
1908,CUST102866,ronald silva,corporate
1909,CUST102868,henry padilla,corporate
1910,CUST102869,john green,consumer
1911,CUST102871,brandon heath,consumer
1912,CUST102872,sarah miranda,consumer
1913,CUST102873,jennifer ramirez,corporate
1914,CUST102875,gregory smith,consumer
1915,CUST102877,kristen jones,corporate
1916,CUST102878,jason raymond,consumer
1917,CUST102879,amber copeland,consumer
1918,CUST102880,amber hendricks,small business
1919,CUST102881,jeremy smith,corporate
1920,CUST102882,michael hunter,corporate
1921,CUST102883,nicole powell,corporate
1922,CUST102884,marissa parks,small business
1923,CUST102885,rebecca garcia phd,small business
1924,CUST102887,scott gray,consumer
1925,CUST102889,nancy alvarez,corporate
1926,CUST102890,carol soto,consumer
1927,CUST102891,colleen brown,corporate
1928,CUST102894,jason mcdonald,small business
1929,CUST102895,mikayla yoder,consumer
1930,CUST102896,christopher lynch,consumer
1931,CUST102898,christopher garner,consumer
1932,CUST102899,ryan zuniga,corporate
1933,CUST102900,kaylee alvarado,small business
1934,CUST102901,rhonda powell,consumer
1935,CUST102902,angela watson,corporate
1936,CUST102905,michael daniels,consumer
1937,CUST102906,richard powell,consumer
1938,CUST102907,matthew henderson,consumer
1939,CUST102908,mario porter,corporate
1940,CUST102909,jessica daniel,corporate
1941,CUST102910,caroline armstrong,consumer
1942,CUST102911,thomas zuniga,corporate
1943,CUST102912,james shannon,consumer
1944,CUST102913,luis guerrero,consumer
1945,CUST102914,jessica rhodes,consumer
1946,CUST102916,samuel welch,consumer
1947,CUST102917,wayne martinez,consumer
1948,CUST102918,stephen gaines,consumer
1949,CUST102919,michael williams,consumer
1950,CUST102921,steven griffith,small business
1951,CUST102922,frank green,corporate
1952,CUST102923,courtney boyle,consumer
1953,CUST102925,sarah carter,small business
1954,CUST102928,gerald williams,consumer
1955,CUST102929,emily alvarez,corporate
1956,CUST102930,joseph brown dvm,consumer
1957,CUST102931,brenda brown,consumer
1958,CUST102932,jacqueline glover,consumer
1959,CUST102935,mr. robert perry iii,consumer
1960,CUST102936,justin miller,consumer
1961,CUST102938,john simpson,corporate
1962,CUST102939,jessica ward,consumer
1963,CUST102941,samuel owens,consumer
1964,CUST102942,tara williams,small business
1965,CUST102943,amanda lewis,consumer
1966,CUST102944,kevin gonzalez,corporate
1967,CUST102945,brenda price,corporate
1968,CUST102946,jessica benton,consumer
1969,CUST102947,kari fernandez,corporate
1970,CUST102948,michelle cuevas,consumer
1971,CUST102950,rebekah ellison,consumer
1972,CUST102952,daniel gomez,consumer
1973,CUST102953,lisa rivera,consumer
1974,CUST102954,miranda horne,consumer
1975,CUST102955,brenda bailey,consumer
1976,CUST102956,james mccarty,consumer
1977,CUST102958,michael macias,small business
1978,CUST102959,heather galvan,corporate
1979,CUST102960,anthony reese,consumer
1980,CUST102962,steven ward,consumer
1981,CUST102963,anne castro,consumer
1982,CUST102965,samuel white,corporate
1983,CUST102966,david mathews,consumer
1984,CUST102967,hannah brooks,consumer
1985,CUST102968,john lee,consumer
1986,CUST102970,crystal miranda,consumer
1987,CUST102971,brenda howe,consumer
1988,CUST102973,manuel hodges,corporate
1989,CUST102974,randy austin,consumer
1990,CUST102977,antonio aguilar,consumer
1991,CUST102978,howard valdez,corporate
1992,CUST102981,scott smith,consumer
1993,CUST102985,daniel spence,consumer
1994,CUST102986,sara garcia,consumer
1995,CUST102988,kristy brown,small business
1996,CUST102989,tiffany morgan,consumer
1997,CUST102991,rebecca wiley,consumer
1998,CUST102992,guy malone,consumer
1999,CUST102995,justin barnes,consumer
2000,CUST102996,ryan graham,small business
2001,CUST102998,william williams,consumer
2002,CUST103000,deborah oliver,consumer
2003,CUST103001,karen kerr,consumer
2004,CUST103002,eric scott,consumer
2005,CUST103003,nicholas rice,small business
2006,CUST103004,matthew brown,consumer
2007,CUST103006,charles johnson,consumer
2008,CUST103007,jessica ayala,consumer
2009,CUST103008,jason miller,small business
2010,CUST103009,rodney meyers,corporate
2011,CUST103010,elizabeth martin,small business
2012,CUST103011,jesse schultz,consumer
2013,CUST103012,patricia gordon,small business
2014,CUST103013,shane miller,corporate
2015,CUST103014,arthur garcia,small business
2016,CUST103016,alexis kramer,consumer
2017,CUST103018,stephanie conway,consumer
2018,CUST103019,christopher luna,consumer
2019,CUST103021,nicole hanson,consumer
2020,CUST103022,duane kane,corporate
2021,CUST103024,denise tyler,corporate
2022,CUST103025,jason washington,consumer
2023,CUST103026,richard hinton,small business
2024,CUST103027,anthony martinez,consumer
2025,CUST103031,jennifer johnston,small business
2026,CUST103032,charles aguilar,consumer
2027,CUST103035,janice reese,corporate
2028,CUST103036,wendy jones,small business
2029,CUST103039,renee miller,corporate
2030,CUST103040,alexandra adams,consumer
2031,CUST103041,renee spence,small business
2032,CUST103042,stephanie cook,consumer
2033,CUST103045,christopher crawford,consumer
2034,CUST103046,scott walker,small business
2035,CUST103048,jessica wade,small business
2036,CUST103049,brooke alvarez,consumer
2037,CUST103050,judy garner,corporate
2038,CUST103051,george lopez,corporate
2039,CUST103052,ashley chambers,consumer
2040,CUST103054,gary wright,corporate
2041,CUST103055,ann gonzalez,small business
2042,CUST103056,holly carson,consumer
2043,CUST103057,ashley allen,small business
2044,CUST103058,jesse houston,consumer
2045,CUST103059,mark jones,consumer
2046,CUST103061,rodney johnson,corporate
2047,CUST103065,tracy reed,small business
2048,CUST103066,teresa randall,corporate
2049,CUST103068,martin moreno,corporate
2050,CUST103069,julie tyler,corporate
2051,CUST103071,taylor reyes,consumer
2052,CUST103072,elizabeth murphy,consumer
2053,CUST103075,janet hudson,small business
2054,CUST103076,robert sanchez,consumer
2055,CUST103077,emily miller,consumer
2056,CUST103079,april harris,corporate
2057,CUST103080,amy cochran,corporate
2058,CUST103083,cheryl bryant,corporate
2059,CUST103085,juan davis,corporate
2060,CUST103086,barbara benitez,consumer
2061,CUST103087,brittany raymond,small business
2062,CUST103088,michelle russell,consumer
2063,CUST103089,cynthia gonzalez,consumer
2064,CUST103090,robert summers,corporate
2065,CUST103091,edwin johnson,consumer
2066,CUST103092,robert berry,corporate
2067,CUST103093,sarah turner,corporate
2068,CUST103095,derek anderson,corporate
2069,CUST103097,mary ochoa,consumer
2070,CUST103098,peter booker,consumer
2071,CUST103099,mark fitzpatrick,consumer
2072,CUST103101,jared carr,consumer
2073,CUST103103,laura green,consumer
2074,CUST103104,elizabeth fuller,consumer
2075,CUST103105,gregory smith,small business
2076,CUST103106,louis cole,consumer
2077,CUST103107,raymond gonzalez,corporate
2078,CUST103111,kenneth white,corporate
2079,CUST103112,jesse parker,consumer
2080,CUST103113,tracy butler,consumer
2081,CUST103114,melissa estes,small business
2082,CUST103116,daniel smith,consumer
2083,CUST103118,mary williams,consumer
2084,CUST103120,cynthia pineda,consumer
2085,CUST103121,jaime robles,corporate
2086,CUST103125,craig blake,consumer
2087,CUST103128,lauren smith,consumer
2088,CUST103129,dr. tamara young,corporate
2089,CUST103130,alicia gibson,consumer
2090,CUST103131,jessica acosta dvm,consumer
2091,CUST103132,carlos woods,small business
2092,CUST103133,mr. matthew dunn,consumer
2093,CUST103134,jerry gonzalez,small business
2094,CUST103135,jessica calderon md,corporate
2095,CUST103137,chad hess,consumer
2096,CUST103138,teresa gonzalez dds,corporate
2097,CUST103139,mary hanson,small business
2098,CUST103141,kevin evans,corporate
2099,CUST103142,mary melendez,consumer
2100,CUST103143,jeffrey white,consumer
2101,CUST103144,jonathan francis,small business
2102,CUST103147,jamie nichols,consumer
2103,CUST103148,carolyn gomez,consumer
2104,CUST103150,melissa johnson,corporate
2105,CUST103151,matthew johnston,consumer
2106,CUST103157,kenneth knight,small business
2107,CUST103158,steven cooper,consumer
2108,CUST103161,rebecca james,consumer
2109,CUST103162,christopher byrd,consumer
2110,CUST103164,amanda martin,corporate
2111,CUST103165,jesus smith,corporate
2112,CUST103166,michelle payne,corporate
2113,CUST103168,justin parker,small business
2114,CUST103171,erika andrews,small business
2115,CUST103172,tammy morgan,consumer
2116,CUST103173,erin jackson,consumer
2117,CUST103177,paula malone,consumer
2118,CUST103178,james bailey,small business
2119,CUST103180,douglas arnold,corporate
2120,CUST103181,michael morris,consumer
2121,CUST103183,jennifer jones,corporate
2122,CUST103185,thomas johnson,consumer
2123,CUST103186,brian morris,consumer
2124,CUST103187,dana vargas,small business
2125,CUST103189,theresa jackson,consumer
2126,CUST103190,timothy noble,consumer
2127,CUST103191,tanya marquez,corporate
2128,CUST103192,marc evans,consumer
2129,CUST103193,ryan cooper,corporate
2130,CUST103195,tanya meyers,consumer
2131,CUST103196,kevin rodriguez,consumer
2132,CUST103197,anthony osborn,consumer
2133,CUST103202,mark anderson,corporate
2134,CUST103203,mary reeves,corporate
2135,CUST103204,amanda lee,corporate
2136,CUST103205,richard french,corporate
2137,CUST103207,matthew perez,consumer
2138,CUST103208,sean dunn,small business
2139,CUST103209,glenn curtis,consumer
2140,CUST103210,tyler chavez,consumer
2141,CUST103211,james morales,consumer
2142,CUST103212,ariel cervantes,corporate
2143,CUST103213,valerie lawrence,consumer
2144,CUST103214,jean owens,consumer
2145,CUST103215,john tucker,consumer
2146,CUST103217,emily delacruz,corporate
2147,CUST103218,thomas holt,consumer
2148,CUST103219,sheila franklin,consumer
2149,CUST103223,katherine brooks,small business
2150,CUST103228,frederick gillespie,small business
2151,CUST103230,dr. nicole ferguson,corporate
2152,CUST103232,patrick kramer,corporate
2153,CUST103233,jeffrey thompson,consumer
2154,CUST103235,colton guerra,small business
2155,CUST103237,holly frank,corporate
2156,CUST103239,kevin hart,consumer
2157,CUST103240,jorge graham,consumer
2158,CUST103241,daniel garcia,corporate
2159,CUST103242,jonathan martin,consumer
2160,CUST103243,jane rodriguez,small business
2161,CUST103244,stacie patterson,consumer
2162,CUST103245,victoria foster,consumer
2163,CUST103246,calvin lewis,consumer
2164,CUST103247,joshua coffey,corporate
2165,CUST103248,emily henderson,consumer
2166,CUST103249,kari bush md,consumer
2167,CUST103251,susan roberts,small business
2168,CUST103252,david gardner,consumer
2169,CUST103253,sara zimmerman,consumer
2170,CUST103254,amy sheppard,corporate
2171,CUST103255,maria alvarado,small business
2172,CUST103256,kimberly martinez,consumer
2173,CUST103257,bobby rodgers,consumer
2174,CUST103258,robert brown,corporate
2175,CUST103259,corey thomas,consumer
2176,CUST103260,cody benitez,consumer
2177,CUST103261,christopher cross,consumer
2178,CUST103262,peter johnson,consumer
2179,CUST103265,brianna wong,corporate
2180,CUST103268,angel miller,corporate
2181,CUST103270,margaret hammond,consumer
2182,CUST103271,ashley smith,consumer
2183,CUST103273,christopher watson,corporate
2184,CUST103274,gilbert hernandez,small business
2185,CUST103275,anna ramirez,consumer
2186,CUST103277,anthony jones,consumer
2187,CUST103279,joseph waters,corporate
2188,CUST103281,kayla hampton,consumer
2189,CUST103285,kathryn hernandez,corporate
2190,CUST103288,diane acosta,consumer
2191,CUST103290,john gonzalez,small business
2192,CUST103294,micheal woods,corporate
2193,CUST103295,robert gibson,consumer
2194,CUST103297,kenneth barber,consumer
2195,CUST103299,manuel oconnell,small business
2196,CUST103301,laura contreras,consumer
2197,CUST103302,tiffany gregory,consumer
2198,CUST103303,travis garza,corporate
2199,CUST103304,edward russell,small business
2200,CUST103305,jeffrey thompson,consumer
2201,CUST103306,savannah lee,consumer
2202,CUST103307,john shelton,corporate
2203,CUST103311,jennifer hebert,consumer
2204,CUST103312,cynthia garcia,consumer
2205,CUST103313,matthew copeland,consumer
2206,CUST103314,kiara allen,consumer
2207,CUST103317,barbara olson,consumer
2208,CUST103318,erica turner,consumer
2209,CUST103322,brian cruz,consumer
2210,CUST103323,holly adams,small business
2211,CUST103324,marvin barry,consumer
2212,CUST103325,tanya ortiz,consumer
2213,CUST103326,emma johnson,corporate
2214,CUST103327,jesse mccarthy,corporate
2215,CUST103328,sandra rodriguez,consumer
2216,CUST103331,allison grant,consumer
2217,CUST103332,lucas walters,consumer
2218,CUST103333,nicholas gomez jr.,small business
2219,CUST103334,amanda duran,consumer
2220,CUST103335,christine gonzalez,corporate
2221,CUST103336,fernando meadows,consumer
2222,CUST103337,bethany price,consumer
2223,CUST103338,victoria buck,consumer
2224,CUST103339,samuel santos,consumer
2225,CUST103340,daniel martin,corporate
2226,CUST103342,gregory khan,consumer
2227,CUST103343,jennifer sellers,corporate
2228,CUST103344,courtney burch,consumer
2229,CUST103345,sarah brady,small business
2230,CUST103346,charles pruitt,consumer
2231,CUST103347,susan guerrero,consumer
2232,CUST103349,william palmer,consumer
2233,CUST103350,alexandra ware,consumer
2234,CUST103351,william ponce,corporate
2235,CUST103352,margaret sullivan,consumer
2236,CUST103353,sarah brooks,small business
2237,CUST103354,phillip dunlap,consumer
2238,CUST103355,charles herring,consumer
2239,CUST103359,jessica morris,consumer
2240,CUST103360,leah bennett,consumer
2241,CUST103361,kyle hernandez,consumer
2242,CUST103362,christian mann,corporate
2243,CUST103364,jamie smith,consumer
2244,CUST103366,melinda lewis,consumer
2245,CUST103368,jonathan allen,corporate
2246,CUST103369,michelle black,consumer
2247,CUST103370,samantha rice,consumer
2248,CUST103372,frank vaughn,consumer
2249,CUST103373,justin bishop,consumer
2250,CUST103374,nathaniel martin,consumer
2251,CUST103375,jonathan long,consumer
2252,CUST103376,juan smith,consumer
2253,CUST103381,angela weber,consumer
2254,CUST103382,barbara macias,corporate
2255,CUST103384,jeffrey castillo,consumer
2256,CUST103385,lisa patterson,corporate
2257,CUST103390,danny hensley,corporate
2258,CUST103391,nicole zhang,consumer
2259,CUST103393,tiffany perez,consumer
2260,CUST103395,sylvia thomas,consumer
2261,CUST103398,april townsend,consumer
2262,CUST103399,mr. ronald fuller md,consumer
2263,CUST103402,eric torres,consumer
2264,CUST103404,mr. john castro,consumer
2265,CUST103406,erin le,small business
2266,CUST103407,dennis rogers,corporate
2267,CUST103411,brian terry,corporate
2268,CUST103412,ryan green,small business
2269,CUST103414,jason stewart,consumer
2270,CUST103415,claire greene,consumer
2271,CUST103421,andrew kim,corporate
2272,CUST103423,kayla carlson,corporate
2273,CUST103425,elizabeth wolf,corporate
2274,CUST103426,shirley berg,corporate
2275,CUST103427,garrett mathis,consumer
2276,CUST103431,lisa travis,corporate
2277,CUST103432,michael vance,consumer
2278,CUST103433,jessica king,consumer
2279,CUST103434,elizabeth livingston,consumer
2280,CUST103435,michelle lane,consumer
2281,CUST103436,tony garcia,corporate
2282,CUST103437,robert alvarado,consumer
2283,CUST103438,michelle white,consumer
2284,CUST103439,joanna russell,corporate
2285,CUST103442,eric kennedy,consumer
2286,CUST103443,julie baker,small business
2287,CUST103444,erin strong,consumer
2288,CUST103447,kaitlyn cochran,small business
2289,CUST103449,jacob henry,consumer
2290,CUST103450,jesse lucero,corporate
2291,CUST103452,nicole lloyd,consumer
2292,CUST103453,pamela ford,consumer
2293,CUST103455,ashley moore,small business
2294,CUST103456,alexander davis,corporate
2295,CUST103458,debbie smith,consumer
2296,CUST103459,sabrina mason,consumer
2297,CUST103461,cody rojas,corporate
2298,CUST103462,christina andersen,consumer
2299,CUST103463,jesse mcknight,consumer
2300,CUST103464,andrea anderson,consumer
2301,CUST103466,luke thompson,consumer
2302,CUST103468,melissa hernandez,corporate
2303,CUST103469,cynthia carter,consumer
2304,CUST103471,matthew black,corporate
2305,CUST103472,julian mcdonald,consumer
2306,CUST103473,joshua rodriguez,corporate
2307,CUST103475,lauren sparks,small business
2308,CUST103477,amanda murphy,consumer
2309,CUST103478,joe byrd,corporate
2310,CUST103479,cindy smith,consumer
2311,CUST103480,christina frazier,consumer
2312,CUST103481,matthew diaz md,consumer
2313,CUST103482,pam moore,consumer
2314,CUST103483,teresa conley,consumer
2315,CUST103484,michael wilson,consumer
2316,CUST103486,jack bowman,consumer
2317,CUST103487,jason bailey,corporate
2318,CUST103489,maria wells,consumer
2319,CUST103491,robin shepard,small business
2320,CUST103492,wendy phillips,consumer
2321,CUST103493,janice duke,consumer
2322,CUST103494,jonathan shepherd,corporate
2323,CUST103496,dr. mandy young md,consumer
2324,CUST103497,laura jennings,small business
2325,CUST103498,jason brown,consumer
2326,CUST103501,danielle black,consumer
2327,CUST103502,sarah dixon,small business
2328,CUST103503,bethany grant,consumer
2329,CUST103504,tristan anderson,consumer
2330,CUST103505,brian bryant,consumer
2331,CUST103507,francisco hernandez,consumer
2332,CUST103508,robert warner,consumer
2333,CUST103509,ms. stephanie mooney,consumer
2334,CUST103510,sarah gibson,corporate
2335,CUST103511,brittany wright,corporate
2336,CUST103512,nicole garcia,consumer
2337,CUST103517,alicia hill,corporate
2338,CUST103519,mason williams,corporate
2339,CUST103520,alan bentley,corporate
2340,CUST103521,wesley ellis,corporate
2341,CUST103522,karen mack,consumer
2342,CUST103524,gregory johns,corporate
2343,CUST103527,amy chavez,consumer
2344,CUST103531,richard hurley,corporate
2345,CUST103533,jacob jones,consumer
2346,CUST103535,donald diaz,small business
2347,CUST103537,amanda gonzalez,consumer
2348,CUST103538,katrina jordan,corporate
2349,CUST103539,kimberly hall,corporate
2350,CUST103541,jason williamson,corporate
2351,CUST103544,sonia leon,small business
2352,CUST103546,daniel bullock,small business
2353,CUST103549,susan reyes,consumer
2354,CUST103550,matthew king,small business
2355,CUST103554,andrea doyle,corporate
2356,CUST103556,joshua thomas,consumer
2357,CUST103557,glenda malone,consumer
2358,CUST103558,michael hernandez,consumer
2359,CUST103559,haley robinson,consumer
2360,CUST103560,david taylor,small business
2361,CUST103561,adam rose,consumer
2362,CUST103562,tyler williams,small business
2363,CUST103563,gabriela harris,consumer
2364,CUST103565,jason harris md,consumer
2365,CUST103568,brian brown,consumer
2366,CUST103569,meghan mitchell,consumer
2367,CUST103570,karen becker,consumer
2368,CUST103571,sarah banks,small business
2369,CUST103572,kimberly harmon,corporate
2370,CUST103573,dylan fernandez,consumer
2371,CUST103574,aaron lang,consumer
2372,CUST103576,elizabeth harrington,consumer
2373,CUST103577,samuel lowe,consumer
2374,CUST103578,sarah moses,corporate
2375,CUST103579,joseph jones,corporate
2376,CUST103580,pamela malone,consumer
2377,CUST103581,adam briggs,consumer
2378,CUST103582,elizabeth pierce,small business
2379,CUST103583,sharon davis,consumer
2380,CUST103584,nicole arnold,consumer
2381,CUST103585,jodi martin,small business
2382,CUST103586,eric lewis,consumer
2383,CUST103587,melody chang,consumer
2384,CUST103588,derrick schwartz,corporate
2385,CUST103589,gary mack,corporate
2386,CUST103591,christine flowers,small business
2387,CUST103592,stephen hudson,small business
2388,CUST103593,roberta wagner,consumer
2389,CUST103595,mary lowery,consumer
2390,CUST103596,dr. shari phillips md,consumer
2391,CUST103597,victoria herman dvm,consumer
2392,CUST103598,amber hines,consumer
2393,CUST103602,ariel hernandez,corporate
2394,CUST103603,mary skinner,small business
2395,CUST103605,jill villanueva,consumer
2396,CUST103606,paul white,consumer
2397,CUST103607,justin smith,consumer
2398,CUST103608,sarah sampson,consumer
2399,CUST103609,mark hampton,small business
2400,CUST103610,stephanie taylor,small business
2401,CUST103611,maria martin,consumer
2402,CUST103612,gary bryan,consumer
2403,CUST103614,eric anderson,consumer
2404,CUST103615,james warner,consumer
2405,CUST103618,katherine murillo,consumer
2406,CUST103619,paul sanchez,consumer
2407,CUST103620,deborah sellers,consumer
2408,CUST103621,johnny powers,consumer
2409,CUST103622,sarah morgan,consumer
2410,CUST103623,norma hardy,corporate
2411,CUST103625,katie wise,corporate
2412,CUST103626,ryan mason,consumer
2413,CUST103627,marcus walls,consumer
2414,CUST103628,sergio summers,consumer
2415,CUST103630,jay nguyen,consumer
2416,CUST103631,summer walker,consumer
2417,CUST103632,laura cooper,consumer
2418,CUST103633,derek romero,consumer
2419,CUST103634,zachary blackwell md,small business
2420,CUST103635,samuel yates,corporate
2421,CUST103636,margaret hickman,consumer
2422,CUST103638,jose bruce,corporate
2423,CUST103639,melissa moore,consumer
2424,CUST103641,debra hayden dds,small business
2425,CUST103642,harold garcia,consumer
2426,CUST103645,mary smith,consumer
2427,CUST103646,kimberly gibson,consumer
2428,CUST103648,leslie hansen,consumer
2429,CUST103649,daniel stevens,consumer
2430,CUST103651,william garcia,consumer
2431,CUST103653,valerie williams,corporate
2432,CUST103655,ryan mccoy,consumer
2433,CUST103656,christina jones,corporate
2434,CUST103657,michael boyle,corporate
2435,CUST103660,monica miller,corporate
2436,CUST103662,elizabeth adams,small business
2437,CUST103664,emma singh,corporate
2438,CUST103666,casey west,consumer
2439,CUST103667,shawna garcia,corporate
2440,CUST103669,darryl benson,corporate
2441,CUST103670,jeffrey brown,corporate
2442,CUST103671,ashley moore,consumer
2443,CUST103672,darlene fisher,corporate
2444,CUST103673,kristina cochran,consumer
2445,CUST103674,kelly cox,corporate
2446,CUST103675,christopher price,small business
2447,CUST103676,diana abbott,consumer
2448,CUST103677,julie thornton,consumer
2449,CUST103678,michael watson,consumer
2450,CUST103679,brandi mcdaniel,small business
2451,CUST103681,morgan li,corporate
2452,CUST103682,wanda nolan,consumer
2453,CUST103683,jodi house,consumer
2454,CUST103686,brandon white,consumer
2455,CUST103687,martin anderson,corporate
2456,CUST103688,jonathan taylor,consumer
2457,CUST103689,brittany sawyer,small business
2458,CUST103690,brandy leonard,consumer
2459,CUST103692,kevin woods,small business
2460,CUST103694,john conley,corporate
2461,CUST103695,susan chandler,consumer
2462,CUST103696,tamara leach,corporate
2463,CUST103697,joshua hughes,consumer
2464,CUST103698,robert smith,consumer
2465,CUST103701,thomas price,consumer
2466,CUST103702,darryl johnson,consumer
2467,CUST103705,jay salazar,consumer
2468,CUST103706,lindsay rodriguez,consumer
2469,CUST103709,emily sparks,consumer
2470,CUST103710,richard garner,consumer
2471,CUST103711,christine terrell,small business
2472,CUST103714,hannah gordon,consumer
2473,CUST103716,cameron krause,consumer
2474,CUST103717,tammy baxter,corporate
2475,CUST103718,emily edwards,small business
2476,CUST103719,bobby shaw,corporate
2477,CUST103720,anthony russell,consumer
2478,CUST103721,earl williams,consumer
2479,CUST103722,jeffery nguyen,consumer
2480,CUST103723,kathleen garcia,corporate
2481,CUST103724,benjamin black,consumer
2482,CUST103725,deanna charles,consumer
2483,CUST103726,david fields,consumer
2484,CUST103727,patricia king,consumer
2485,CUST103728,katherine hutchinson,corporate
2486,CUST103729,heather zavala,consumer
2487,CUST103731,mr. gary morris,consumer
2488,CUST103732,jamie gonzalez,consumer
2489,CUST103733,michele owens,consumer
2490,CUST103734,mr. thomas day,consumer
2491,CUST103735,rachel dixon,consumer
2492,CUST103736,christina lewis,small business
2493,CUST103737,sean brown,consumer
2494,CUST103738,edwin white,consumer
2495,CUST103740,trevor lambert,small business
2496,CUST103741,joseph davis,consumer
2497,CUST103742,tiffany graves,corporate
2498,CUST103743,chad rojas,small business
2499,CUST103744,ashley martinez,corporate
2500,CUST103745,alexander rose,consumer
2501,CUST103747,madison rodriguez,corporate
2502,CUST103748,debra mills,corporate
2503,CUST103749,joshua williams,consumer
2504,CUST103750,karen lewis,small business
2505,CUST103751,isabella sparks,consumer
2506,CUST103753,leslie white,corporate
2507,CUST103754,kathryn phillips,corporate
2508,CUST103755,douglas boyd,consumer
2509,CUST103756,jeffrey allen,consumer
2510,CUST103758,marissa english,corporate
2511,CUST103761,richard cohen,consumer
2512,CUST103763,joshua harding,consumer
2513,CUST103764,ann clements,corporate
2514,CUST103765,kenneth barton,consumer
2515,CUST103766,madison medina,consumer
2516,CUST103767,timothy hartman,small business
2517,CUST103768,kim christensen,consumer
2518,CUST103769,chad byrd,corporate
2519,CUST103771,steven hammond,corporate
2520,CUST103772,mary haas,consumer
2521,CUST103773,megan cervantes,consumer
2522,CUST103774,aaron avila,consumer
2523,CUST103775,michelle jordan,small business
2524,CUST103776,haley acevedo,corporate
2525,CUST103777,frederick miller,consumer
2526,CUST103778,james wiggins,corporate
2527,CUST103779,douglas rowe,consumer
2528,CUST103780,holly wright md,consumer
2529,CUST103783,chelsea thompson dds,consumer
2530,CUST103785,angela foster,consumer
2531,CUST103787,tyler jensen,corporate
2532,CUST103788,james anderson,small business
2533,CUST103789,lisa brown,corporate
2534,CUST103790,robin wilkerson,corporate
2535,CUST103791,stanley lopez,corporate
2536,CUST103792,paul brown,consumer
2537,CUST103795,jean sanders,corporate
2538,CUST103797,miss victoria thomas,small business
2539,CUST103800,monica hicks,consumer
2540,CUST103801,derrick young,corporate
2541,CUST103802,karen english,small business
2542,CUST103803,charles vargas,consumer
2543,CUST103804,john hernandez,consumer
2544,CUST103805,elaine patrick md,consumer
2545,CUST103806,mary hernandez,consumer
2546,CUST103807,sheila bullock,small business
2547,CUST103808,robert mitchell,consumer
2548,CUST103810,andrew doyle,consumer
2549,CUST103811,martin taylor,consumer
2550,CUST103812,bruce fisher,consumer
2551,CUST103813,tricia burns,consumer
2552,CUST103814,tiffany cohen,consumer
2553,CUST103817,nicole nelson,corporate
2554,CUST103818,ronald schroeder,consumer
2555,CUST103820,jeffrey moran,consumer
2556,CUST103821,debra clay,consumer
2557,CUST103823,chris hughes md,consumer
2558,CUST103825,jake daniels,consumer
2559,CUST103827,tina velez,corporate
2560,CUST103828,jacob johnson,consumer
2561,CUST103829,ashley young,consumer
2562,CUST103830,nathan smith,small business
2563,CUST103831,elizabeth chandler,small business
2564,CUST103837,misty dunn,consumer
2565,CUST103840,alexandra mcdaniel,consumer
2566,CUST103841,michelle schultz dds,small business
2567,CUST103843,juan torres,small business
2568,CUST103844,ms. pamela taylor,consumer
2569,CUST103845,jacob abbott,corporate
2570,CUST103847,mary gray,small business
2571,CUST103848,phillip mills,consumer
2572,CUST103850,russell fernandez,consumer
2573,CUST103852,william brown,small business
2574,CUST103853,brenda daniels,consumer
2575,CUST103855,jessica lawrence,corporate
2576,CUST103856,mr. jonathan nguyen dds,consumer
2577,CUST103857,jerry reed,consumer
2578,CUST103859,gina frederick,small business
2579,CUST103862,valerie tucker,consumer
2580,CUST103863,robert ramsey,consumer
2581,CUST103865,edward hunt,consumer
2582,CUST103866,sandra fisher,consumer
2583,CUST103867,gerald walton,corporate
2584,CUST103868,steven reilly,small business
2585,CUST103869,jose vega,corporate
2586,CUST103871,karen morgan,consumer
2587,CUST103872,christopher thomas md,consumer
2588,CUST103875,michelle atkins,consumer
2589,CUST103877,joshua jackson,consumer
2590,CUST103878,omar holland,corporate
2591,CUST103881,sharon brown,corporate
2592,CUST103882,daniel martin,small business
2593,CUST103883,krystal martinez,corporate
2594,CUST103886,selena brooks,corporate
2595,CUST103890,calvin allen,consumer
2596,CUST103892,matthew valenzuela,consumer
2597,CUST103893,abigail gonzalez,consumer
2598,CUST103895,shannon weaver,consumer
2599,CUST103896,sandra griffin,corporate
2600,CUST103898,jennifer hunter,small business
2601,CUST103899,juan liu,consumer
2602,CUST103900,matthew sherman,consumer
2603,CUST103901,paul duffy,small business
2604,CUST103903,katie snyder,small business
2605,CUST103904,sarah young,consumer
2606,CUST103905,alexander white,corporate
2607,CUST103906,donald tate,small business
2608,CUST103908,laura white,consumer
2609,CUST103910,derek cohen,consumer
2610,CUST103911,heather scott,consumer
2611,CUST103912,courtney lewis,consumer
2612,CUST103913,rebecca adams phd,consumer
2613,CUST103914,christine villegas,consumer
2614,CUST103915,erica castillo,consumer
2615,CUST103920,craig bird,consumer
2616,CUST103922,michael smith,corporate
2617,CUST103924,kelly cline,consumer
2618,CUST103925,courtney holland,corporate
2619,CUST103928,mark brown,consumer
2620,CUST103930,robert barry,small business
2621,CUST103931,james white,small business
2622,CUST103933,marvin stevenson,consumer
2623,CUST103935,joel morgan,corporate
2624,CUST103936,patricia wood,corporate
2625,CUST103938,matthew campbell,consumer
2626,CUST103939,michelle smith,small business
2627,CUST103940,anthony kim,corporate
2628,CUST103941,charles medina,consumer
2629,CUST103942,michael cross,consumer
2630,CUST103943,teresa wong,corporate
2631,CUST103944,brian hernandez,corporate
2632,CUST103946,dr. nathan zamora md,corporate
2633,CUST103948,kevin burke md,consumer
2634,CUST103951,april mendoza,small business
2635,CUST103952,stephanie kane,small business
2636,CUST103953,kimberly underwood,consumer
2637,CUST103954,virginia edwards,consumer
2638,CUST103955,isaac whitney,consumer
2639,CUST103956,candice livingston,small business
2640,CUST103957,sara george,consumer
2641,CUST103958,craig harrington,corporate
2642,CUST103960,samuel owens,corporate
2643,CUST103962,christine west,corporate
2644,CUST103963,william west,consumer
2645,CUST103965,antonio lewis,consumer
2646,CUST103966,thomas ferrell,consumer
2647,CUST103967,gary russell,consumer
2648,CUST103968,april lopez,consumer
2649,CUST103969,benjamin valdez,consumer
2650,CUST103972,mark hernandez,consumer
2651,CUST103973,brian pineda,corporate
2652,CUST103974,lisa sosa,consumer
2653,CUST103975,theresa guzman,corporate
2654,CUST103977,tami martinez,consumer
2655,CUST103980,mitchell smith,consumer
2656,CUST103982,thomas trujillo,consumer
2657,CUST103984,nicholas carter,consumer
2658,CUST103985,mary brown,consumer
2659,CUST103987,emma mcfarland,consumer
2660,CUST103988,michael kaufman,consumer
2661,CUST103990,samantha bailey,corporate
2662,CUST103991,mallory chung,consumer
2663,CUST103993,janet snow,consumer
2664,CUST103995,shane nichols,corporate
2665,CUST103996,joshua miller,consumer
2666,CUST103997,david walsh,consumer
2667,CUST104001,kevin perry,consumer
2668,CUST104002,amber johnson,corporate
2669,CUST104004,shane shaw,consumer
2670,CUST104008,brandon carter,consumer
2671,CUST104009,michael smith,consumer
2672,CUST104012,melanie wright,consumer
2673,CUST104013,mandy williams,small business
2674,CUST104014,katrina espinoza,corporate
2675,CUST104015,tiffany barber,consumer
2676,CUST104017,rebecca williams,consumer
2677,CUST104019,kevin gonzalez,consumer
2678,CUST104020,adam anderson,consumer
2679,CUST104021,lauren henry,consumer
2680,CUST104023,andre hernandez,consumer
2681,CUST104025,ann gray,corporate
2682,CUST104026,kimberly lyons,consumer
2683,CUST104028,laura collier,small business
2684,CUST104029,veronica jones,consumer
2685,CUST104030,elizabeth james,corporate
2686,CUST104031,david nolan,consumer
2687,CUST104034,thomas chang,small business
2688,CUST104035,alexis harris,consumer
2689,CUST104036,zachary rios,consumer
2690,CUST104037,ronnie saunders,consumer
2691,CUST104038,tina phillips,consumer
2692,CUST104039,allen harding,small business
2693,CUST104040,glenda crawford,consumer
2694,CUST104041,ashley brown,small business
2695,CUST104042,nicholas gonzalez,consumer
2696,CUST104044,daniel jones,small business
2697,CUST104045,kevin massey,corporate
2698,CUST104046,micheal franco,corporate
2699,CUST104048,michael harris,consumer
2700,CUST104049,melinda fleming,small business
2701,CUST104050,deborah thompson,consumer
2702,CUST104052,monique lopez,small business
2703,CUST104055,michael leblanc,corporate
2704,CUST104056,virginia moran,consumer
2705,CUST104057,megan wilkerson,consumer
2706,CUST104058,emily smith,corporate
2707,CUST104059,jennifer hernandez,corporate
2708,CUST104060,gabrielle frank,consumer
2709,CUST104062,matthew osborne,consumer
2710,CUST104063,travis garcia,corporate
2711,CUST104064,cody gutierrez,consumer
2712,CUST104065,mrs. megan baker,corporate
2713,CUST104066,ryan chen,consumer
2714,CUST104067,kathy moore,small business
2715,CUST104068,george holland,consumer
2716,CUST104071,austin oliver,consumer
2717,CUST104075,nathan smith,consumer
2718,CUST104077,calvin hughes,consumer
2719,CUST104079,kenneth gonzalez,consumer
2720,CUST104082,sonya pacheco,small business
2721,CUST104083,barbara thomas,consumer
2722,CUST104084,jordan wall,corporate
2723,CUST104085,pamela meyer,consumer
2724,CUST104086,lisa robinson,consumer
2725,CUST104087,shelby rodriguez,consumer
2726,CUST104089,brett griffin,consumer
2727,CUST104090,patricia holmes,consumer
2728,CUST104091,stacey rodriguez,corporate
2729,CUST104094,michael phillips,small business
2730,CUST104095,tiffany fritz,consumer
2731,CUST104096,holly scott,small business
2732,CUST104097,patricia bell,consumer
2733,CUST104099,john price,small business
2734,CUST104100,teresa singh,consumer
2735,CUST104101,jessica davis,small business
2736,CUST104102,tammy gonzales,corporate
2737,CUST104105,luis scott,corporate
2738,CUST104107,benjamin lane,consumer
2739,CUST104108,denise cunningham,consumer
2740,CUST104113,daniel velasquez,consumer
2741,CUST104115,dana park,corporate
2742,CUST104116,brenda ray,consumer
2743,CUST104117,shelby nelson,consumer
2744,CUST104119,ronald espinoza,consumer
2745,CUST104120,alexandra jones,corporate
2746,CUST104121,brian lee,consumer
2747,CUST104122,scott collins,corporate
2748,CUST104123,amanda buckley,consumer
2749,CUST104130,brian valencia,consumer
2750,CUST104131,chelsey cummings dds,corporate
2751,CUST104132,douglas harrison,consumer
2752,CUST104133,lindsay ruiz,small business
2753,CUST104135,jordan white,corporate
2754,CUST104136,kevin reid,consumer
2755,CUST104138,christopher farrell,consumer
2756,CUST104140,alexander hughes,consumer
2757,CUST104141,monica jackson,small business
2758,CUST104143,michelle harrington,consumer
2759,CUST104144,jeremy marsh,corporate
2760,CUST104145,curtis christensen,consumer
2761,CUST104146,pamela palmer,consumer
2762,CUST104147,angel salinas,consumer
2763,CUST104148,deborah johnson,consumer
2764,CUST104149,randy hanson,small business
2765,CUST104150,angela brown,consumer
2766,CUST104151,mary coleman,consumer
2767,CUST104152,miss julia bailey,consumer
2768,CUST104153,benjamin holland,consumer
2769,CUST104155,michael hernandez,consumer
2770,CUST104157,sandra ortega,small business
2771,CUST104159,david olsen,consumer
2772,CUST104160,jesse barnes,consumer
2773,CUST104162,james carrillo,corporate
2774,CUST104164,shannon young,consumer
2775,CUST104165,james andersen,consumer
2776,CUST104166,ronald lee,consumer
2777,CUST104167,austin wilcox,consumer
2778,CUST104168,jared hurst,consumer
2779,CUST104170,tammy hernandez,consumer
2780,CUST104171,manuel horton,consumer
2781,CUST104172,justin huff,corporate
2782,CUST104173,james reyes,corporate
2783,CUST104175,michael williams,consumer
2784,CUST104176,ashley ramirez,consumer
2785,CUST104177,alyssa jefferson,corporate
2786,CUST104178,william webster,corporate
2787,CUST104180,william burns md,consumer
2788,CUST104181,sean andrade,corporate
2789,CUST104182,jennifer roth,corporate
2790,CUST104185,michael pierce,consumer
2791,CUST104186,joshua boyd,consumer
2792,CUST104187,jacob sloan,corporate
2793,CUST104188,ms. jessica oconnell md,consumer
2794,CUST104189,jessica frye,consumer
2795,CUST104193,teresa paul,small business
2796,CUST104199,janet espinoza,consumer
2797,CUST104200,jason fisher,corporate
2798,CUST104204,jennifer ashley,consumer
2799,CUST104205,jesse morales,consumer
2800,CUST104206,kristin simmons,consumer
2801,CUST104209,shaun reed,small business
2802,CUST104210,natalie williams,consumer
2803,CUST104211,jared mccarthy,small business
2804,CUST104213,renee morgan,corporate
2805,CUST104214,erica howard,consumer
2806,CUST104215,debbie skinner,corporate
2807,CUST104216,james phillips,consumer
2808,CUST104217,larry carr,corporate
2809,CUST104218,deanna hernandez,small business
2810,CUST104219,danielle rodgers,consumer
2811,CUST104220,regina freeman,consumer
2812,CUST104221,bryan johnson,corporate
2813,CUST104225,anne potter,consumer
2814,CUST104226,robert king,consumer
2815,CUST104227,mark daniels,consumer
2816,CUST104229,luis lambert,consumer
2817,CUST104231,daniel smith,consumer
2818,CUST104232,robert ellis,small business
2819,CUST104234,carol swanson,consumer
2820,CUST104235,jason hoffman,consumer
2821,CUST104236,david sharp,consumer
2822,CUST104238,michael paul,consumer
2823,CUST104239,john davis,consumer
2824,CUST104240,joseph kim,consumer
2825,CUST104241,jillian taylor,consumer
2826,CUST104242,melanie wolf,consumer
2827,CUST104243,cameron griffith,corporate
2828,CUST104244,melissa carter,consumer
2829,CUST104245,jessica james,consumer
2830,CUST104249,amanda frazier,consumer
2831,CUST104253,lauren marquez,corporate
2832,CUST104254,chad wilson,consumer
2833,CUST104258,danielle lopez,consumer
2834,CUST104260,tyler miller,consumer
2835,CUST104261,evan miller,consumer
2836,CUST104263,brian edwards,consumer
2837,CUST104264,annette kim,corporate
2838,CUST104266,laura cobb,small business
2839,CUST104269,aaron hoover,corporate
2840,CUST104271,james perez,corporate
2841,CUST104272,debra mccarty,consumer
2842,CUST104273,michael phillips,corporate
2843,CUST104275,cheryl chapman,small business
2844,CUST104276,alex cortez,consumer
2845,CUST104278,peggy miller,consumer
2846,CUST104280,ashley rubio,consumer
2847,CUST104281,nicholas love,small business
2848,CUST104282,kristine olsen,consumer
2849,CUST104283,brandon lozano,small business
2850,CUST104284,michael smith,consumer
2851,CUST104288,brian goodwin,consumer
2852,CUST104290,walter miller,consumer
2853,CUST104292,lynn johnson,consumer
2854,CUST104293,dana mitchell,consumer
2855,CUST104295,shane giles jr.,consumer
2856,CUST104297,john houston,small business
2857,CUST104299,scott rogers,consumer
2858,CUST104300,brittany mcclure,corporate
2859,CUST104301,katherine martinez,consumer
2860,CUST104302,jocelyn lee,consumer
2861,CUST104303,susan smith,small business
2862,CUST104305,robin simmons,corporate
2863,CUST104309,abigail barrera,small business
2864,CUST104310,david williams,consumer
2865,CUST104311,jennifer newton,small business
2866,CUST104315,erika johns,small business
2867,CUST104316,ashley cabrera,corporate
2868,CUST104317,karen dudley,corporate
2869,CUST104318,gerald garcia,consumer
2870,CUST104319,samantha hernandez,consumer
2871,CUST104320,eric castaneda,consumer
2872,CUST104321,john williamson,consumer
2873,CUST104322,patrick cervantes,consumer
2874,CUST104327,kelsey fernandez,corporate
2875,CUST104328,jose hodges,consumer
2876,CUST104329,david carter,consumer
2877,CUST104330,sarah henderson,consumer
2878,CUST104332,erin anderson,consumer
2879,CUST104333,brent nguyen,consumer
2880,CUST104334,ricardo little,consumer
2881,CUST104335,john shannon,consumer
2882,CUST104336,daniel jackson,corporate
2883,CUST104337,mark tucker,consumer
2884,CUST104339,alexander brown,consumer
2885,CUST104341,alyssa weaver,small business
2886,CUST104344,john jordan,consumer
2887,CUST104345,carlos pham,small business
2888,CUST104347,troy valdez,corporate
2889,CUST104348,jonathan nguyen,corporate
2890,CUST104349,april lopez,corporate
2891,CUST104350,matthew rodriguez,corporate
2892,CUST104353,cody oneill,corporate
2893,CUST104355,timothy campbell,consumer
2894,CUST104356,christopher baker,corporate
2895,CUST104357,daniel lane,corporate
2896,CUST104359,sheila vasquez,consumer
2897,CUST104360,rebecca stanley,consumer
2898,CUST104361,cynthia boyd,corporate
2899,CUST104366,kelly lopez,consumer
2900,CUST104368,peggy mueller,consumer
2901,CUST104369,robert evans,consumer
2902,CUST104371,jodi castillo,small business
2903,CUST104372,jessica simon,consumer
2904,CUST104373,jessica bradley,corporate
2905,CUST104374,nichole haas,small business
2906,CUST104375,ian butler,consumer
2907,CUST104377,scott baker dds,corporate
2908,CUST104379,andrew stanley,small business
2909,CUST104380,angela peters,small business
2910,CUST104383,amber floyd,consumer
2911,CUST104386,bradley richard,consumer
2912,CUST104388,courtney jones,consumer
2913,CUST104389,charlene ware,consumer
2914,CUST104391,kim rice,consumer
2915,CUST104392,heather cross phd,consumer
2916,CUST104394,sandra burnett,consumer
2917,CUST104395,michelle ramirez,consumer
2918,CUST104396,gordon mason,consumer
2919,CUST104397,stacey walker,consumer
2920,CUST104398,drew garza,consumer
2921,CUST104399,david ray,consumer
2922,CUST104401,thomas butler,small business
2923,CUST104403,michael espinoza,consumer
2924,CUST104407,johnny smith,consumer
2925,CUST104408,karen lopez,small business
2926,CUST104409,jessica mccarty,consumer
2927,CUST104411,peter davis,consumer
2928,CUST104413,dr. christian mcconnell,corporate
2929,CUST104415,felicia johnson,consumer
2930,CUST104416,jane smith,small business
2931,CUST104419,jesse solis,consumer
2932,CUST104423,john kaiser,consumer
2933,CUST104425,michael blackwell,consumer
2934,CUST104427,aaron owens,corporate
2935,CUST104428,stuart wu,consumer
2936,CUST104429,jamie mitchell,consumer
2937,CUST104430,derek green,corporate
2938,CUST104431,randall velazquez,corporate
2939,CUST104432,alicia coleman,small business
2940,CUST104433,april daniel,consumer
2941,CUST104435,charlotte dalton,small business
2942,CUST104436,emily nichols,consumer
2943,CUST104437,nancy carrillo,consumer
2944,CUST104438,kristen kirby,consumer
2945,CUST104440,joseph villanueva,consumer
2946,CUST104441,richard baker,corporate
2947,CUST104445,alex cochran,small business
2948,CUST104446,john robinson,small business
2949,CUST104447,mr. william guerra,corporate
2950,CUST104448,haley ewing,small business
2951,CUST104451,eric baxter,consumer
2952,CUST104452,victor stone,consumer
2953,CUST104454,glenn miranda,consumer
2954,CUST104455,maria martin,corporate
2955,CUST104456,mark hunter,corporate
2956,CUST104457,mark franklin,small business
2957,CUST104458,michael miller,corporate
2958,CUST104459,gail stone,corporate
2959,CUST104460,sarah evans,consumer
2960,CUST104461,loretta yates,small business
2961,CUST104462,james wiggins,consumer
2962,CUST104463,rachel washington,consumer
2963,CUST104464,david lee,consumer
2964,CUST104465,jason hernandez,consumer
2965,CUST104466,melissa rowe,small business
2966,CUST104467,terri collins,corporate
2967,CUST104468,jessica sanders,consumer
2968,CUST104471,patricia orr,corporate
2969,CUST104472,steven greer,corporate
2970,CUST104473,deanna morgan,small business
2971,CUST104476,dana clark,small business
2972,CUST104477,dorothy phillips,small business
2973,CUST104478,tammy gonzalez,consumer
2974,CUST104480,elizabeth gibson,small business
2975,CUST104481,susan beck,consumer
2976,CUST104484,troy white,consumer
2977,CUST104485,arthur vazquez,consumer
2978,CUST104489,mark coleman,small business
2979,CUST104491,sheryl lynch,corporate
2980,CUST104492,derrick wallace,consumer
2981,CUST104493,candice morrison,corporate
2982,CUST104494,susan johnson,corporate
2983,CUST104495,dr. kathleen hughes dds,small business
2984,CUST104496,robert wilson,consumer
2985,CUST104497,donna brennan,consumer
2986,CUST104500,francisco bennett,consumer
2987,CUST104502,tanya edwards,consumer
2988,CUST104503,frederick ponce,consumer
2989,CUST104504,andrew burns,consumer
2990,CUST104505,ruben miller,small business
2991,CUST104508,nicholas clark,small business
2992,CUST104509,ashley anderson,corporate
2993,CUST104510,angela rodriguez,consumer
2994,CUST104511,alexis davis,consumer
2995,CUST104513,russell hayden,consumer
2996,CUST104514,john howard,consumer
2997,CUST104515,mike thomas,small business
2998,CUST104516,stephanie myers,corporate
2999,CUST104517,sandra foley,consumer
3000,CUST104518,thomas thomas,corporate
3001,CUST104519,john huang,consumer
3002,CUST104522,sarah melendez,small business
3003,CUST104523,robert thompson,consumer
3004,CUST104526,karen mcgrath,consumer
3005,CUST104527,olivia caldwell,corporate
3006,CUST104528,kevin diaz,consumer
3007,CUST104529,linda myers,corporate
3008,CUST104531,andrea chapman,small business
3009,CUST104532,kathryn moreno,consumer
3010,CUST104533,crystal huffman,corporate
3011,CUST104537,eric sexton,corporate
3012,CUST104539,steven scott,corporate
3013,CUST104540,sandra rose,consumer
3014,CUST104541,daniel wilkinson,consumer
3015,CUST104545,mr. chris williamson,small business
3016,CUST104549,brandy thompson,consumer
3017,CUST104550,mariah watts,small business
3018,CUST104551,stacey myers,consumer
3019,CUST104552,kenneth weaver,consumer
3020,CUST104553,jamie love,small business
3021,CUST104554,charles warner,corporate
3022,CUST104555,shannon munoz,consumer
3023,CUST104558,william franklin,consumer
3024,CUST104559,antonio lee,corporate
3025,CUST104560,brian garcia ii,consumer
3026,CUST104561,vernon guerrero,consumer
3027,CUST104562,elizabeth webb,corporate
3028,CUST104564,terrance brooks,corporate
3029,CUST104566,cameron peters,consumer
3030,CUST104567,sheila owens,consumer
3031,CUST104569,tommy rivas,consumer
3032,CUST104571,mary medina dds,consumer
3033,CUST104572,jeffrey evans,corporate
3034,CUST104573,samantha hicks,consumer
3035,CUST104574,samuel dixon,consumer
3036,CUST104575,mr. derek mcneil jr.,corporate
3037,CUST104577,brian figueroa,corporate
3038,CUST104578,roy ramirez,consumer
3039,CUST104579,kristen patrick,corporate
3040,CUST104580,kelly jones,small business
3041,CUST104581,jeremy payne md,consumer
3042,CUST104583,jennifer williams,consumer
3043,CUST104584,james johnson,corporate
3044,CUST104585,ronnie cohen,small business
3045,CUST104586,michele stevens,consumer
3046,CUST104587,mark daniels,consumer
3047,CUST104589,kimberly martinez,consumer
3048,CUST104591,megan barnes,corporate
3049,CUST104592,janice rice,consumer
3050,CUST104596,tina mitchell,corporate
3051,CUST104599,stanley medina,consumer
3052,CUST104600,karen matthews,small business
3053,CUST104602,matthew vega,corporate
3054,CUST104603,steven scott,consumer
3055,CUST104604,heather robbins,consumer
3056,CUST104605,sean savage,consumer
3057,CUST104607,jeffrey riggs,consumer
3058,CUST104608,crystal rubio,small business
3059,CUST104610,matthew chambers,consumer
3060,CUST104612,mr. devin campbell dds,consumer
3061,CUST104613,tammy green,corporate
3062,CUST104614,jessica harrison,consumer
3063,CUST104615,mrs. kiara cunningham phd,corporate
3064,CUST104616,cory hall,consumer
3065,CUST104617,shannon jones,consumer
3066,CUST104619,alejandro davidson,small business
3067,CUST104622,abigail taylor,consumer
3068,CUST104623,david jones,corporate
3069,CUST104624,ryan gray,consumer
3070,CUST104625,heather roberts,small business
3071,CUST104626,arthur strickland,consumer
3072,CUST104628,kelsey farmer,consumer
3073,CUST104632,lori johnson,corporate
3074,CUST104635,michael sparks,consumer
3075,CUST104636,louis jordan,corporate
3076,CUST104637,daniel key,consumer
3077,CUST104638,molly lozano,small business
3078,CUST104639,martin smith,consumer
3079,CUST104645,christina smith,corporate
3080,CUST104647,christina martin,consumer
3081,CUST104654,kimberly lane,consumer
3082,CUST104656,aaron parks,consumer
3083,CUST104658,danny mcclure,consumer
3084,CUST104659,lindsay schmitt,corporate
3085,CUST104660,erin jones,small business
3086,CUST104662,jennifer spencer,consumer
3087,CUST104663,cassandra walters,consumer
3088,CUST104664,joshua perez,corporate
3089,CUST104665,nathan johnson,consumer
3090,CUST104666,madeline garcia,corporate
3091,CUST104669,deanna garcia,consumer
3092,CUST104671,brian hicks,consumer
3093,CUST104672,elizabeth simpson,consumer
3094,CUST104674,eric jordan,consumer
3095,CUST104675,david keller,consumer
3096,CUST104676,christopher nelson,consumer
3097,CUST104677,elizabeth cooper,corporate
3098,CUST104678,tyler robles,consumer
3099,CUST104683,john clay,consumer
3100,CUST104685,jennifer smith,consumer
3101,CUST104686,julie rodriguez,consumer
3102,CUST104689,roger horton,consumer
3103,CUST104690,christopher harrison,consumer
3104,CUST104691,richard patterson,corporate
3105,CUST104692,robert green,small business
3106,CUST104693,dennis rojas,small business
3107,CUST104698,francisco good,consumer
3108,CUST104699,jacqueline snow,consumer
3109,CUST104700,jeffrey payne,consumer
3110,CUST104701,joanna chavez,consumer
3111,CUST104702,mary swanson,consumer
3112,CUST104703,mark jackson,consumer
3113,CUST104706,ronnie frost,consumer
3114,CUST104707,sarah erickson,consumer
3115,CUST104708,anna mullins,consumer
3116,CUST104710,debra williams,small business
3117,CUST104711,adam lyons,consumer
3118,CUST104714,jeffrey sanchez,consumer
3119,CUST104715,david stone,consumer
3120,CUST104716,danielle howell,corporate
3121,CUST104717,melissa lee,consumer
3122,CUST104719,matthew olson,small business
3123,CUST104720,paul bailey,small business
3124,CUST104721,bailey harris,corporate
3125,CUST104722,jason smith,consumer
3126,CUST104723,alison davis,corporate
3127,CUST104724,katie white md,consumer
3128,CUST104725,courtney freeman,consumer
3129,CUST104727,virginia obrien,corporate
3130,CUST104728,alexandra williams,consumer
3131,CUST104730,dr. barbara chavez,consumer
3132,CUST104731,angela marks,consumer
3133,CUST104733,meredith lee,corporate
3134,CUST104734,danielle clark,corporate
3135,CUST104735,ian stephens,consumer
3136,CUST104736,pamela bush,consumer
3137,CUST104737,scott bush,small business
3138,CUST104738,john morgan,corporate
3139,CUST104739,melissa davis,corporate
3140,CUST104740,adriana johnson,consumer
3141,CUST104742,mary brandt,small business
3142,CUST104745,scott keller,consumer
3143,CUST104747,erica martinez,small business
3144,CUST104748,robert crawford,corporate
3145,CUST104749,william ewing,consumer
3146,CUST104750,perry fuller,corporate
3147,CUST104751,miss rachel peterson,consumer
3148,CUST104752,vanessa armstrong,consumer
3149,CUST104754,selena barnett,consumer
3150,CUST104755,leah jones,corporate
3151,CUST104756,amanda hale,small business
3152,CUST104759,david kelly,corporate
3153,CUST104761,maria andersen,corporate
3154,CUST104762,terry hunter,consumer
3155,CUST104764,jessica patterson,consumer
3156,CUST104766,danielle eaton,corporate
3157,CUST104767,robert hernandez,consumer
3158,CUST104768,david thompson,corporate
3159,CUST104769,denise rodriguez,corporate
3160,CUST104771,alisha harper,small business
3161,CUST104772,jeremy riddle,consumer
3162,CUST104773,justin douglas,small business
3163,CUST104774,david lopez,consumer
3164,CUST104775,robin gonzalez,consumer
3165,CUST104776,mark chapman,consumer
3166,CUST104777,brittany burch,consumer
3167,CUST104778,kelsey kerr,corporate
3168,CUST104779,olivia garcia,small business
3169,CUST104782,ashley sanders,consumer
3170,CUST104783,gerald king,small business
3171,CUST104784,andrew snow,corporate
3172,CUST104785,amber garcia,consumer
3173,CUST104788,michael nielsen,corporate
3174,CUST104789,caleb buckley,consumer
3175,CUST104791,chase ford,corporate
3176,CUST104793,teresa black,consumer
3177,CUST104794,lawrence wallace,consumer
3178,CUST104795,lauren larson,consumer
3179,CUST104796,robert meza,corporate
3180,CUST104797,seth ortiz,consumer
3181,CUST104798,tabitha gomez,small business
3182,CUST104800,brandon torres,consumer
3183,CUST104801,elizabeth leblanc,corporate
3184,CUST104804,angel brown,consumer
3185,CUST104805,jessica holder,consumer
3186,CUST104806,michelle joseph,consumer
3187,CUST104807,david miller,consumer
3188,CUST104808,trevor pruitt,small business
3189,CUST104809,charles smith,small business
3190,CUST104811,lisa garcia,consumer
3191,CUST104813,sarah padilla,consumer
3192,CUST104814,sara sanchez,consumer
3193,CUST104816,james rodriguez,consumer
3194,CUST104817,karen mccarthy,corporate
3195,CUST104818,mrs. ashley jackson,small business
3196,CUST104819,charles clark,small business
3197,CUST104820,jeffrey jones,corporate
3198,CUST104824,lisa watson,consumer
3199,CUST104826,mandy glover,corporate
3200,CUST104827,wendy knapp,consumer
3201,CUST104828,daniel moran,small business
3202,CUST104831,manuel baxter,consumer
3203,CUST104832,timothy haynes,consumer
3204,CUST104833,mr. nathan burke,consumer
3205,CUST104834,nicole benjamin,corporate
3206,CUST104835,robert beck,consumer
3207,CUST104837,hayley smith,consumer
3208,CUST104838,michelle robinson,consumer
3209,CUST104839,hannah gordon,consumer
3210,CUST104840,thomas erickson,corporate
3211,CUST104841,jennifer johnson,consumer
3212,CUST104842,sarah mata,corporate
3213,CUST104843,kim saunders md,consumer
3214,CUST104844,jean fields,consumer
3215,CUST104845,matthew snyder,consumer
3216,CUST104846,david clark,consumer
3217,CUST104847,jillian mendoza,small business
3218,CUST104850,michael best md,consumer
3219,CUST104851,samantha fisher,consumer
3220,CUST104853,joanna bell,consumer
3221,CUST104854,morgan massey,consumer
3222,CUST104855,randy hart,consumer
3223,CUST104856,william cohen,consumer
3224,CUST104857,robert miller,small business
3225,CUST104858,paul brown,corporate
3226,CUST104859,christine alexander,consumer
3227,CUST104861,richard mcknight,consumer
3228,CUST104863,sarah harrington,small business
3229,CUST104864,jennifer nelson,consumer
3230,CUST104865,tammy wilson,corporate
3231,CUST104868,james greene,consumer
3232,CUST104869,hunter hall,consumer
3233,CUST104870,carl perez,consumer
3234,CUST104874,kayla sanchez,corporate
3235,CUST104875,jocelyn dunn,consumer
3236,CUST104877,john smith,consumer
3237,CUST104880,kyle evans,consumer
3238,CUST104881,lacey yang,consumer
3239,CUST104883,lisa snyder,corporate
3240,CUST104884,peter ross,consumer
3241,CUST104886,joseph diaz,consumer
3242,CUST104887,jimmy bradley,consumer
3243,CUST104890,mark clark,consumer
3244,CUST104893,alexis spencer,corporate
3245,CUST104894,ronald burke,consumer
3246,CUST104895,andrew bennett,consumer
3247,CUST104896,elizabeth jimenez,consumer
3248,CUST104897,kelly durham,consumer
3249,CUST104898,victor valdez,small business
3250,CUST104899,john adams,small business
3251,CUST104900,bryan brewer,consumer
3252,CUST104902,ann phillips,consumer
3253,CUST104903,william whitehead,consumer
3254,CUST104905,jordan durham,consumer
3255,CUST104907,lisa bailey,consumer
3256,CUST104908,natalie fritz,consumer
3257,CUST104909,kevin molina,consumer
3258,CUST104910,kevin bryant,small business
3259,CUST104912,andrea smith,consumer
3260,CUST104913,madison mack,small business
3261,CUST104916,lisa foster,corporate
3262,CUST104919,jesus roberts,consumer
3263,CUST104920,david hughes,consumer
3264,CUST104921,mark osborne,small business
3265,CUST104922,sarah frey,corporate
3266,CUST104923,john montgomery,corporate
3267,CUST104925,jose sanders,consumer
3268,CUST104927,catherine gross,corporate
3269,CUST104929,jeff willis,consumer
3270,CUST104930,susan miller,consumer
3271,CUST104931,gerald lambert,consumer
3272,CUST104933,todd gibson,consumer
3273,CUST104934,david baker,small business
3274,CUST104935,elizabeth jones,consumer
3275,CUST104936,calvin powell,consumer
3276,CUST104938,bruce mckinney,consumer
3277,CUST104940,bryan rice,consumer
3278,CUST104941,bethany spencer,consumer
3279,CUST104942,david banks,corporate
3280,CUST104947,justin lynn,small business
3281,CUST104948,scott moreno,corporate
3282,CUST104949,mark stevens jr.,consumer
3283,CUST104950,kenneth villarreal,corporate
3284,CUST104951,james moore,consumer
3285,CUST104953,heidi hartman,consumer
3286,CUST104954,alexander gonzalez,consumer
3287,CUST104955,chad young,corporate
3288,CUST104956,kelly gomez,corporate
3289,CUST104958,cynthia pugh,small business
3290,CUST104961,christopher allen,consumer
3291,CUST104963,melissa jacobs,small business
3292,CUST104965,brandon day phd,consumer
3293,CUST104966,anthony wagner,small business
3294,CUST104969,richard dickerson,consumer
3295,CUST104970,angela perez,small business
3296,CUST104972,barbara lee,corporate
3297,CUST104975,matthew clayton,small business
3298,CUST104978,brenda martin,corporate
3299,CUST104979,christopher hill,small business
3300,CUST104981,lauren morris,small business
3301,CUST104982,robert obrien,consumer
3302,CUST104983,emily goodwin,small business
3303,CUST104984,allison carrillo,consumer
3304,CUST104985,thomas daniel,consumer
3305,CUST104986,lindsey sullivan,corporate
3306,CUST104987,linda lopez,consumer
3307,CUST104988,sabrina chapman,consumer
3308,CUST104989,laura lewis,consumer
3309,CUST104990,heather carpenter,consumer
3310,CUST104992,julie figueroa,corporate
3311,CUST104996,patricia knox,small business
3312,CUST104997,tara howard,consumer
3313,CUST104998,carol meadows,consumer
3314,CUST104999,carla roberts,small business
3315,CUST105000,jack rogers,consumer
3316,CUST105003,norma acosta,corporate
3317,CUST105004,donald wells,corporate
3318,CUST105005,susan hudson,small business
3319,CUST105006,tammy ramirez,small business
3320,CUST105009,nicholas carrillo,consumer
3321,CUST105010,timothy allen,small business
3322,CUST105011,marie drake,consumer
3323,CUST105012,sherry burton,small business
3324,CUST105014,michael moran,consumer
3325,CUST105016,kevin johnson,corporate
3326,CUST105018,eric reynolds,corporate
3327,CUST105019,caleb irwin,corporate
3328,CUST105020,tammy booker,corporate
3329,CUST105022,lisa crawford,consumer
3330,CUST105024,linda bates,small business
3331,CUST105026,susan williams,corporate
3332,CUST105027,jim allen md,consumer
3333,CUST105028,michael horn,consumer
3334,CUST105029,renee williams,consumer
3335,CUST105031,jerry hall,consumer
3336,CUST105034,lindsay williams,consumer
3337,CUST105035,jessica hill,consumer
3338,CUST105037,stephanie garcia,consumer
3339,CUST105038,dana mendoza,corporate
3340,CUST105039,robert randall,consumer
3341,CUST105040,michelle johnson,corporate
3342,CUST105041,mr. timothy garcia,small business
3343,CUST105042,steven alvarez,consumer
3344,CUST105044,alyssa jones,consumer
3345,CUST105047,brenda taylor,corporate
3346,CUST105048,kevin pruitt,corporate
3347,CUST105049,kim moreno,corporate
3348,CUST105050,joshua gonzalez,consumer
3349,CUST105051,colleen mitchell,corporate
3350,CUST105052,tonya alvarez,consumer
3351,CUST105053,elizabeth crosby,consumer
3352,CUST105054,victoria klein,consumer
3353,CUST105056,jessica bryant,small business
3354,CUST105057,christina white,consumer
3355,CUST105058,gregory clark,consumer
3356,CUST105060,jennifer mueller,consumer
3357,CUST105061,robert miller,corporate
3358,CUST105063,joseph huynh,consumer
3359,CUST105066,dawn jacobson,consumer
3360,CUST105068,janet reed,corporate
3361,CUST105069,douglas price,consumer
3362,CUST105071,john foster md,consumer
3363,CUST105072,paul townsend,small business
3364,CUST105074,melissa garrison,consumer
3365,CUST105075,peter stevens,consumer
3366,CUST105076,dennis molina,small business
3367,CUST105077,jacob jenkins,consumer
3368,CUST105078,mario stein,consumer
3369,CUST105080,jamie green,consumer
3370,CUST105081,mrs. alexandra perez,consumer
3371,CUST105082,kimberly singh,consumer
3372,CUST105085,doris bradley,consumer
3373,CUST105088,laura hayes,consumer
3374,CUST105090,erik fleming,small business
3375,CUST105091,anthony newman,consumer
3376,CUST105092,jay frey,consumer
3377,CUST105093,james whitney,corporate
3378,CUST105094,spencer adams,small business
3379,CUST105095,adrian murphy,consumer
3380,CUST105098,susan thomas,consumer
3381,CUST105100,kevin patrick,corporate
3382,CUST105101,samantha warren,corporate
3383,CUST105102,donald garcia,consumer
3384,CUST105103,kayla davis,corporate
3385,CUST105105,joshua williams,consumer
3386,CUST105106,suzanne weaver,corporate
3387,CUST105107,devin palmer,consumer
3388,CUST105108,james marks,corporate
3389,CUST105111,emily garner,consumer
3390,CUST105112,miranda garcia,corporate
3391,CUST105114,virginia johnson,consumer
3392,CUST105116,alyssa powell,corporate
3393,CUST105117,melanie jones,corporate
3394,CUST105118,melinda jennings,small business
3395,CUST105120,hunter gallegos,consumer
3396,CUST105121,victoria walsh,small business
3397,CUST105122,brian palmer,consumer
3398,CUST105123,michele munoz,consumer
3399,CUST105124,sarah smith,consumer
3400,CUST105125,joseph white,consumer
3401,CUST105126,gina jackson,consumer
3402,CUST105127,ronald jones,consumer
3403,CUST105128,dave mcbride,corporate
3404,CUST105129,michael lewis,corporate
3405,CUST105130,steven bridges,consumer
3406,CUST105132,melanie williams,consumer
3407,CUST105133,summer henry,consumer
3408,CUST105135,wendy riley,consumer
3409,CUST105137,christine conley,small business
3410,CUST105139,deborah petty,consumer
3411,CUST105140,katherine baker,consumer
3412,CUST105143,victoria rivas,consumer
3413,CUST105145,jordan edwards,corporate
3414,CUST105146,michael hall,consumer
3415,CUST105147,joshua rhodes,consumer
3416,CUST105150,donna graves,consumer
3417,CUST105151,darrell valdez,consumer
3418,CUST105152,vanessa fox,consumer
3419,CUST105153,brandon adams,consumer
3420,CUST105154,jessica butler,consumer
3421,CUST105155,karen mckenzie,consumer
3422,CUST105156,brittney boyd,corporate
3423,CUST105159,larry mcfarland,small business
3424,CUST105160,william vaughn,consumer
3425,CUST105161,thomas boyd,consumer
3426,CUST105162,steven white,corporate
3427,CUST105163,bobby schmidt,consumer
3428,CUST105164,wendy sparks,small business
3429,CUST105165,shawn booth,corporate
3430,CUST105166,daniel moore,consumer
3431,CUST105167,michelle wright,corporate
3432,CUST105169,jasmine jensen,consumer
3433,CUST105170,casey alvarez,consumer
3434,CUST105171,jennifer carr,consumer
3435,CUST105172,monica norton,consumer
3436,CUST105174,joshua harper,consumer
3437,CUST105177,anna cooper,consumer
3438,CUST105178,ashley bailey,consumer
3439,CUST105179,zachary haas,consumer
3440,CUST105180,katherine jones,consumer
3441,CUST105181,amanda rodriguez,consumer
3442,CUST105182,patrick greene,corporate
3443,CUST105183,carolyn diaz,corporate
3444,CUST105185,laura nielsen,consumer
3445,CUST105186,jacob elliott,consumer
3446,CUST105189,cynthia herring,consumer
3447,CUST105190,melissa hawkins,corporate
3448,CUST105191,cody gray,consumer
3449,CUST105192,troy chen,small business
3450,CUST105194,darren keith,consumer
3451,CUST105195,charlotte howard,consumer
3452,CUST105196,luke richardson,consumer
3453,CUST105198,mr. larry nelson,corporate
3454,CUST105199,aaron brewer,consumer
3455,CUST105200,pam freeman,consumer
3456,CUST105201,cheryl rodriguez,consumer
3457,CUST105202,amanda allen,consumer
3458,CUST105203,allison montgomery,consumer
3459,CUST105206,corey spencer,consumer
3460,CUST105207,shelby richards,corporate
3461,CUST105208,john fox,corporate
3462,CUST105209,mason long,corporate
3463,CUST105210,anna riley,consumer
3464,CUST105213,carla figueroa,consumer
3465,CUST105216,adrian lawrence,corporate
3466,CUST105217,alyssa griffin,small business
3467,CUST105218,kristina douglas,consumer
3468,CUST105219,krista ramirez,consumer
3469,CUST105221,mary carter,consumer
3470,CUST105223,kelly morgan,consumer
3471,CUST105226,jerry kennedy,consumer
3472,CUST105227,justin lyons,consumer
3473,CUST105230,gary martin,small business
3474,CUST105232,ellen cummings,consumer
3475,CUST105233,ashley gould,corporate
3476,CUST105234,devin rhodes,consumer
3477,CUST105235,brandon perez,consumer
3478,CUST105236,caitlyn burnett,corporate
3479,CUST105237,daniel stevens,corporate
3480,CUST105238,victoria henderson,consumer
3481,CUST105243,anthony anderson,small business
3482,CUST105244,christopher johnson,consumer
3483,CUST105246,crystal fox,consumer
3484,CUST105247,jerome mathis,consumer
3485,CUST105249,rachel smith,corporate
3486,CUST105250,crystal jackson,consumer
3487,CUST105251,tammy murphy,consumer
3488,CUST105252,pamela rivers,corporate
3489,CUST105253,lisa marks,consumer
3490,CUST105256,theresa serrano,consumer
3491,CUST105257,madison smith,consumer
3492,CUST105258,jill lozano,consumer
3493,CUST105259,todd robinson,consumer
3494,CUST105261,betty harrison,corporate
3495,CUST105263,kyle cross,corporate
3496,CUST105265,sheila chambers,consumer
3497,CUST105266,ashley burns,consumer
3498,CUST105267,connie davis,corporate
3499,CUST105270,jason miller,consumer
3500,CUST105271,brent martin,small business
3501,CUST105272,dawn good,corporate
3502,CUST105273,jordan lewis,consumer
3503,CUST105274,cheryl snyder,consumer
3504,CUST105275,brenda munoz,consumer
3505,CUST105278,susan watts,consumer
3506,CUST105279,nicole brown,consumer
3507,CUST105280,randy morales,corporate
3508,CUST105283,robert sanchez,corporate
3509,CUST105284,terri baker,consumer
3510,CUST105285,kristin robertson,consumer
3511,CUST105287,jennifer pham,corporate
3512,CUST105288,debra baldwin,consumer
3513,CUST105290,nicholas dodson,consumer
3514,CUST105291,daniel jenkins,corporate
3515,CUST105292,darrell rivera,corporate
3516,CUST105293,hayden smith,consumer
3517,CUST105295,marie may,consumer
3518,CUST105299,ashley berry,consumer
3519,CUST105300,daniel gutierrez,corporate
3520,CUST105301,maria washington,consumer
3521,CUST105302,denise guzman,corporate
3522,CUST105303,brenda browning,consumer
3523,CUST105306,connie odom,consumer
3524,CUST105307,mary williamson,corporate
3525,CUST105308,justin garza,consumer
3526,CUST105309,melissa perry,small business
3527,CUST105311,janet smith,consumer
3528,CUST105312,yolanda edwards,small business
3529,CUST105313,regina hernandez,corporate
3530,CUST105315,william jones,consumer
3531,CUST105316,mark george,consumer
3532,CUST105317,kimberly moore,consumer
3533,CUST105318,susan lewis,consumer
3534,CUST105319,brian morrison,consumer
3535,CUST105323,mark gonzalez,small business
3536,CUST105325,victoria bryant,small business
3537,CUST105326,kayla stewart,consumer
3538,CUST105327,elaine sanders,consumer
3539,CUST105328,steven wilson,corporate
3540,CUST105330,maureen lynch,consumer
3541,CUST105331,jerry moran,consumer
3542,CUST105332,andrew stevens,consumer
3543,CUST105333,derrick perry,corporate
3544,CUST105334,david stevens,corporate
3545,CUST105335,danielle white,corporate
3546,CUST105336,mary jimenez,corporate
3547,CUST105340,mario medina,consumer
3548,CUST105341,jamie freeman,consumer
3549,CUST105342,dennis stein,consumer
3550,CUST105343,michael lee,small business
3551,CUST105345,lisa downs,consumer
3552,CUST105346,nancy brown,consumer
3553,CUST105347,wayne cherry,consumer
3554,CUST105348,angela tucker,corporate
3555,CUST105350,bryan morales,small business
3556,CUST105353,anna warren,corporate
3557,CUST105354,justin gay,consumer
3558,CUST105355,james jones,corporate
3559,CUST105356,matthew howell,corporate
3560,CUST105357,dr. alexander smith md,consumer
3561,CUST105358,lee jones,consumer
3562,CUST105360,cheryl freeman,small business
3563,CUST105361,dana wells,corporate
3564,CUST105362,april wood,consumer
3565,CUST105363,michael martin,corporate
3566,CUST105364,joseph carter,corporate
3567,CUST105365,kathryn young,corporate
3568,CUST105366,debbie molina,consumer
3569,CUST105367,barbara williams,consumer
3570,CUST105369,zachary sanchez,small business
3571,CUST105370,barbara bell,corporate
3572,CUST105371,ashley weaver,small business
3573,CUST105372,hannah butler,consumer
3574,CUST105373,linda shannon,small business
3575,CUST105374,samantha stout,corporate
3576,CUST105376,benjamin jenkins,consumer
3577,CUST105378,sarah wilson,corporate
3578,CUST105380,christopher sanchez,consumer
3579,CUST105384,kevin paul,consumer
3580,CUST105385,timothy zamora,corporate
3581,CUST105386,joshua brown,consumer
3582,CUST105387,anthony ferguson,consumer
3583,CUST105388,lisa strong,consumer
3584,CUST105389,linda harmon,consumer
3585,CUST105392,amanda lambert,consumer
3586,CUST105393,aaron morris,small business
3587,CUST105395,angela harmon,consumer
3588,CUST105396,william anderson,consumer
3589,CUST105399,alexander castillo,consumer
3590,CUST105400,robert davis,consumer
3591,CUST105401,nancy nguyen,consumer
3592,CUST105402,christina moore,consumer
3593,CUST105403,cameron andrade,corporate
3594,CUST105404,rachel simon,small business
3595,CUST105405,vanessa blankenship,corporate
3596,CUST105406,robert beasley,corporate
3597,CUST105408,samantha clements,small business
3598,CUST105409,gary johnson,consumer
3599,CUST105413,amy acevedo,corporate
3600,CUST105414,terri wilkinson,consumer
3601,CUST105416,angela turner,corporate
3602,CUST105417,rebecca harrington md,consumer
3603,CUST105419,derek nicholson,consumer
3604,CUST105421,andrew arellano dds,consumer
3605,CUST105422,brian butler,consumer
3606,CUST105423,ivan stark,consumer
3607,CUST105424,gary thompson,consumer
3608,CUST105425,jon figueroa,consumer
3609,CUST105427,nathan reyes,consumer
3610,CUST105430,gerald roach,corporate
3611,CUST105431,alexander taylor,corporate
3612,CUST105432,christopher king,consumer
3613,CUST105433,whitney james,small business
3614,CUST105434,mr. antonio vaughn md,consumer
3615,CUST105436,taylor munoz,corporate
3616,CUST105438,christopher ali,small business
3617,CUST105439,mr. jeffrey gilbert,consumer
3618,CUST105440,christopher adams,corporate
3619,CUST105441,robin cox,consumer
3620,CUST105442,jonathan goodman,consumer
3621,CUST105445,david armstrong,consumer
3622,CUST105446,lisa williams,consumer
3623,CUST105447,barry young,consumer
3624,CUST105448,kathleen adkins,consumer
3625,CUST105451,vickie martinez md,corporate
3626,CUST105452,debra lang,consumer
3627,CUST105453,john barker,corporate
3628,CUST105454,joshua bautista,small business
3629,CUST105455,lisa warren,corporate
3630,CUST105457,katrina miller,consumer
3631,CUST105459,linda pratt,corporate
3632,CUST105462,mary bernard,consumer
3633,CUST105463,christina harvey,consumer
3634,CUST105465,summer cline,consumer
3635,CUST105466,sarah riley,corporate
3636,CUST105467,xavier neal,consumer
3637,CUST105469,william oneill,consumer
3638,CUST105471,angela rodriguez,corporate
3639,CUST105473,bruce banks,consumer
3640,CUST105475,jessica king,small business
3641,CUST105476,april hernandez,corporate
3642,CUST105477,john willis,consumer
3643,CUST105478,wanda castro,small business
3644,CUST105479,angela gray,corporate
3645,CUST105480,jason maynard,consumer
3646,CUST105481,william thomas,consumer
3647,CUST105482,dr. melanie peters md,corporate
3648,CUST105483,stephen solis,consumer
3649,CUST105484,jacob nelson,consumer
3650,CUST105485,amanda chavez,consumer
3651,CUST105486,brandy rivers,corporate
3652,CUST105487,jessica lang,consumer
3653,CUST105488,patricia porter,consumer
3654,CUST105489,barbara wood,consumer
3655,CUST105490,caroline nelson,consumer
3656,CUST105491,derrick jones,consumer
3657,CUST105492,jessica jones,consumer
3658,CUST105493,allison martin,consumer
3659,CUST105496,kenneth conner,corporate
3660,CUST105498,susan sanchez,corporate
3661,CUST105500,matthew mathis,consumer
3662,CUST105504,jessica robinson,small business
3663,CUST105506,melissa collins,corporate
3664,CUST105508,lynn zimmerman,consumer
3665,CUST105509,tyler cobb,consumer
3666,CUST105511,allen valentine,consumer
3667,CUST105516,thomas caldwell,corporate
3668,CUST105517,jessica reilly,consumer
3669,CUST105518,james sims,corporate
3670,CUST105519,mr. ronald ryan,corporate
3671,CUST105520,larry sanford,small business
3672,CUST105522,thomas reyes,small business
3673,CUST105523,paul miller,corporate
3674,CUST105524,brian myers,consumer
3675,CUST105526,brian cross,consumer
3676,CUST105527,stacy davis,corporate
3677,CUST105528,krystal armstrong,consumer
3678,CUST105529,jenna tucker,consumer
3679,CUST105532,derek roberts,corporate
3680,CUST105536,christopher williams,small business
3681,CUST105538,jason moreno,consumer
3682,CUST105540,glenda chavez,consumer
3683,CUST105542,austin adams,consumer
3684,CUST105544,melissa vance,corporate
3685,CUST105546,joe rose,consumer
3686,CUST105548,holly contreras,consumer
3687,CUST105549,robert beck,corporate
3688,CUST105550,sharon lee,corporate
3689,CUST105551,jessica smith dds,consumer
3690,CUST105552,jesse oconnell,consumer
3691,CUST105554,adam aguilar,consumer
3692,CUST105557,blake huerta,consumer
3693,CUST105558,cassandra simmons,consumer
3694,CUST105559,robert copeland,consumer
3695,CUST105560,jon fernandez,consumer
3696,CUST105561,richard walker,consumer
3697,CUST105562,deborah davis,consumer
3698,CUST105563,kristi hunt,consumer
3699,CUST105564,wayne contreras,consumer
3700,CUST105565,pedro kelly,small business
3701,CUST105566,annette carroll,consumer
3702,CUST105568,richard reed,consumer
3703,CUST105569,michele chen,consumer
3704,CUST105570,john vance,corporate
3705,CUST105572,tonya humphrey,consumer
3706,CUST105575,danielle garza,consumer
3707,CUST105576,dawn christensen,consumer
3708,CUST105577,amanda bartlett,corporate
3709,CUST105579,leah allison dds,consumer
3710,CUST105580,stuart spencer,consumer
3711,CUST105581,dr. mitchell velazquez dds,consumer
3712,CUST105582,karen hernandez,consumer
3713,CUST105583,debra best,small business
3714,CUST105584,joshua johnson,consumer
3715,CUST105585,nicole sanders,small business
3716,CUST105588,lisa collins,consumer
3717,CUST105589,jennifer fuller,corporate
3718,CUST105591,james smith,small business
3719,CUST105592,theresa gordon,small business
3720,CUST105593,trevor potter,corporate
3721,CUST105594,lisa craig,small business
3722,CUST105595,jamie yoder,corporate
3723,CUST105596,melanie foster,consumer
3724,CUST105597,jennifer williams,corporate
3725,CUST105598,jennifer mueller,small business
3726,CUST105599,chad fuentes,consumer
3727,CUST105600,michael schroeder,consumer
3728,CUST105601,alicia johnson,consumer
3729,CUST105602,scott schroeder,consumer
3730,CUST105603,megan aguilar,corporate
3731,CUST105604,linda morrison,small business
3732,CUST105605,cindy rodriguez,consumer
3733,CUST105607,david singleton,small business
3734,CUST105608,denise spencer,consumer
3735,CUST105611,steven roberts,consumer
3736,CUST105612,kelly thomas,consumer
3737,CUST105613,sheila cole,small business
3738,CUST105614,melissa mcclure,consumer
3739,CUST105615,brandon collins,consumer
3740,CUST105617,daniel burnett,corporate
3741,CUST105618,natalie woodward,consumer
3742,CUST105620,derek vargas,consumer
3743,CUST105621,carl perry,consumer
3744,CUST105623,timothy webb,small business
3745,CUST105624,donna allen,consumer
3746,CUST105625,brenda martin,small business
3747,CUST105626,gloria moreno,consumer
3748,CUST105627,timothy mercer,small business
3749,CUST105628,kelly morris,corporate
3750,CUST105629,timothy solomon,corporate
3751,CUST105630,guy roth,small business
3752,CUST105632,denise petersen,small business
3753,CUST105634,lisa douglas,consumer
3754,CUST105635,julie myers,corporate
3755,CUST105636,carla stephenson,corporate
3756,CUST105640,clayton torres,consumer
3757,CUST105642,christy white,corporate
3758,CUST105643,ann bauer,consumer
3759,CUST105645,brooke frye,consumer
3760,CUST105646,jennifer smith,consumer
3761,CUST105647,lisa oneill,consumer
3762,CUST105648,terri turner,consumer
3763,CUST105652,travis evans,consumer
3764,CUST105653,kevin martin,consumer
3765,CUST105655,kelly cruz,corporate
3766,CUST105657,chad middleton,consumer
3767,CUST105659,amanda reed,consumer
3768,CUST105662,christie knapp,consumer
3769,CUST105663,joseph davis,consumer
3770,CUST105666,david lopez,consumer
3771,CUST105668,tina howell,consumer
3772,CUST105669,elizabeth gibbs,corporate
3773,CUST105671,john morris,corporate
3774,CUST105673,martha beasley,consumer
3775,CUST105674,raymond mueller,corporate
3776,CUST105678,david conley,small business
3777,CUST105680,brian wallace,consumer
3778,CUST105681,leah brooks,corporate
3779,CUST105684,alexandria ferguson,consumer
3780,CUST105685,susan wilkinson,consumer
3781,CUST105686,mrs. shelby burton md,consumer
3782,CUST105687,jessica maxwell,small business
3783,CUST105689,dylan garcia,corporate
3784,CUST105692,mark atkinson,consumer
3785,CUST105693,jason rodriguez,corporate
3786,CUST105694,steven wheeler,consumer
3787,CUST105695,dr. audrey harris,small business
3788,CUST105697,dave johnson,consumer
3789,CUST105698,lori hall,consumer
3790,CUST105700,melanie carter,small business
3791,CUST105701,jack vasquez,corporate
3792,CUST105702,steven smith,consumer
3793,CUST105704,richard carroll,consumer
3794,CUST105705,tonya perez,consumer
3795,CUST105706,gloria chavez,consumer
3796,CUST105709,sara white,consumer
3797,CUST105710,elizabeth hill,consumer
3798,CUST105712,john thomas,consumer
3799,CUST105714,brittney watkins,consumer
3800,CUST105715,dr. rhonda powers,consumer
3801,CUST105716,kirsten campos,consumer
3802,CUST105717,carol fisher,consumer
3803,CUST105718,todd francis,consumer
3804,CUST105719,mrs. jenna davis,small business
3805,CUST105720,sharon wilkins,small business
3806,CUST105721,nathan johnson,corporate
3807,CUST105722,gary young,consumer
3808,CUST105723,sara anderson,corporate
3809,CUST105724,mr. william morales,corporate
3810,CUST105726,amber davis,consumer
3811,CUST105729,justin orr,consumer
3812,CUST105730,marcus dyer dds,consumer
3813,CUST105731,sandra dickerson,small business
3814,CUST105732,chad adkins,small business
3815,CUST105733,michael green,small business
3816,CUST105735,adrian richmond,corporate
3817,CUST105736,joyce mclean,consumer
3818,CUST105737,lawrence ray,consumer
3819,CUST105739,jennifer jackson,consumer
3820,CUST105740,kim clark,consumer
3821,CUST105741,lori burns,consumer
3822,CUST105742,terrance smith,consumer
3823,CUST105743,justin collins,consumer
3824,CUST105745,derek martin,corporate
3825,CUST105746,lisa meyer,consumer
3826,CUST105747,thomas lopez,consumer
3827,CUST105748,fred leon,corporate
3828,CUST105749,thomas pham,corporate
3829,CUST105750,erin ruiz,consumer
3830,CUST105753,diane boyd,consumer
3831,CUST105754,anthony chapman,consumer
3832,CUST105755,laura olson,corporate
3833,CUST105756,megan mayo,consumer
3834,CUST105759,jacqueline meza,consumer
3835,CUST105760,brian henry,small business
3836,CUST105762,darlene huff,consumer
3837,CUST105764,tammy anderson,corporate
3838,CUST105765,shawn walker,consumer
3839,CUST105766,jeffrey savage,consumer
3840,CUST105768,amber gilbert,consumer
3841,CUST105770,steven hays,consumer
3842,CUST105772,phillip chandler,corporate
3843,CUST105773,gloria smith,corporate
3844,CUST105774,joann buck,small business
3845,CUST105775,holly conner,consumer
3846,CUST105777,vanessa deleon,corporate
3847,CUST105778,richard lawrence,consumer
3848,CUST105780,alexandra roberts,consumer
3849,CUST105781,steven gomez,consumer
3850,CUST105783,kristy kaufman,consumer
3851,CUST105786,daniel jimenez,consumer
3852,CUST105787,kelly parker,consumer
3853,CUST105789,vanessa baker,consumer
3854,CUST105790,crystal jones,consumer
3855,CUST105791,sherri reed,consumer
3856,CUST105792,holly hernandez,consumer
3857,CUST105795,megan gonzalez,consumer
3858,CUST105797,todd smith,consumer
3859,CUST105798,linda arnold,consumer
3860,CUST105801,teresa wright,consumer
3861,CUST105802,devin thompson,consumer
3862,CUST105804,edwin davis,consumer
3863,CUST105805,vernon cobb,consumer
3864,CUST105807,dana jones,corporate
3865,CUST105808,lori olson,consumer
3866,CUST105809,jessica perez,consumer
3867,CUST105810,matthew long,consumer
3868,CUST105811,brandon ewing,corporate
3869,CUST105814,andrea nelson,corporate
3870,CUST105815,jaclyn williams,consumer
3871,CUST105816,dr. barbara williams,small business
3872,CUST105817,david tucker,small business
3873,CUST105818,tiffany poole,consumer
3874,CUST105819,melissa fowler,consumer
3875,CUST105821,joshua anderson,consumer
3876,CUST105823,david robinson,consumer
3877,CUST105825,danielle powell,corporate
3878,CUST105828,billy cook,consumer
3879,CUST105829,dawn simon,corporate
3880,CUST105830,thomas smith,consumer
3881,CUST105831,christopher horne,consumer
3882,CUST105832,zachary knox,consumer
3883,CUST105833,elizabeth benitez,consumer
3884,CUST105834,kathy romero,corporate
3885,CUST105835,paula gould,consumer
3886,CUST105836,mary morris,small business
3887,CUST105837,robert sullivan,corporate
3888,CUST105838,regina harrington,corporate
3889,CUST105839,erica davis dds,consumer
3890,CUST105840,lisa harris,consumer
3891,CUST105841,joseph brown,consumer
3892,CUST105842,robert rich,small business
3893,CUST105844,christina powell,consumer
3894,CUST105845,annette roman,consumer
3895,CUST105847,angela weeks,corporate
3896,CUST105848,alexandria jones,consumer
3897,CUST105849,brett martinez,consumer
3898,CUST105855,stephen schwartz,consumer
3899,CUST105858,travis griffin,consumer
3900,CUST105859,eric alvarado,small business
3901,CUST105860,thomas pace,consumer
3902,CUST105863,james stevens,corporate
3903,CUST105864,michael young,corporate
3904,CUST105865,maria foster,consumer
3905,CUST105866,sara hunter,small business
3906,CUST105867,jessica moses,consumer
3907,CUST105869,laurie henry,small business
3908,CUST105870,jonathan coleman,consumer
3909,CUST105873,cindy meza,consumer
3910,CUST105875,felicia martinez,consumer
3911,CUST105876,jose juarez,consumer
3912,CUST105878,abigail stone,consumer
3913,CUST105879,juan smith,consumer
3914,CUST105880,jessica murray,corporate
3915,CUST105881,john chang,consumer
3916,CUST105882,gary dunn,consumer
3917,CUST105883,derrick mitchell,consumer
3918,CUST105884,jennifer leblanc,small business
3919,CUST105885,scott finley,consumer
3920,CUST105886,michael henry dds,consumer
3921,CUST105887,christopher cook,corporate
3922,CUST105888,janice garcia,consumer
3923,CUST105889,aaron clark,consumer
3924,CUST105890,andrea rowland,consumer
3925,CUST105891,marissa gallagher,consumer
3926,CUST105894,steve adams,small business
3927,CUST105895,melissa williams,consumer
3928,CUST105896,jordan wilcox,consumer
3929,CUST105898,jeffrey mitchell,consumer
3930,CUST105899,misty cruz,consumer
3931,CUST105901,kyle shaw,consumer
3932,CUST105904,faith torres,consumer
3933,CUST105909,christina phillips,consumer
3934,CUST105910,timothy barber,consumer
3935,CUST105912,vincent clark,consumer
3936,CUST105913,michael williams,consumer
3937,CUST105914,kim lowe,consumer
3938,CUST105915,erika johnson,corporate
3939,CUST105917,amy carey,consumer
3940,CUST105918,jesse lindsey,consumer
3941,CUST105922,joel barton,consumer
3942,CUST105924,beth miller,small business
3943,CUST105925,richard norris,corporate
3944,CUST105926,yesenia patton,consumer
3945,CUST105927,john deleon,consumer
3946,CUST105928,april clark,consumer
3947,CUST105929,paula barnes,consumer
3948,CUST105930,tanya holloway,small business
3949,CUST105932,michael smith,corporate
3950,CUST105933,michael sheppard,corporate
3951,CUST105934,stephanie green,corporate
3952,CUST105935,monica calhoun,corporate
3953,CUST105936,stephen rogers,corporate
3954,CUST105940,jason davis,consumer
3955,CUST105942,miss lindsey harris,consumer
3956,CUST105943,kelsey rivera,consumer
3957,CUST105946,julia garcia,corporate
3958,CUST105947,ronald mcneil,consumer
3959,CUST105948,miss megan williams md,corporate
3960,CUST105949,anthony adams,small business
3961,CUST105950,anthony mckay,corporate
3962,CUST105952,stephanie prince,small business
3963,CUST105953,kelly stevens,corporate
3964,CUST105957,rhonda white,corporate
3965,CUST105958,valerie francis,consumer
3966,CUST105959,rebecca mccormick,corporate
3967,CUST105960,mr. terry murillo,consumer
3968,CUST105961,emily payne,consumer
3969,CUST105968,brandon lopez,consumer
3970,CUST105970,adrian graham,small business
3971,CUST105971,lisa walter,consumer
3972,CUST105975,scott cherry,corporate
3973,CUST105976,steven stewart,consumer
3974,CUST105977,ariel cross,consumer
3975,CUST105978,lindsey stuart,corporate
3976,CUST105979,david shepherd,corporate
3977,CUST105980,ashley johnson,small business
3978,CUST105982,michael collins,corporate
3979,CUST105983,jonathan anderson,consumer
3980,CUST105984,elizabeth ellis,corporate
3981,CUST105986,sarah waller,consumer
3982,CUST105987,justin carter,consumer
3983,CUST105988,dennis crosby,consumer
3984,CUST105989,george garcia ii,small business
3985,CUST105990,karen tucker,consumer
3986,CUST105994,cody munoz,consumer
3987,CUST105995,jennifer mitchell,corporate
3988,CUST105999,patricia rice,small business
3989,CUST106000,vanessa howard,small business
3990,CUST106002,andrew willis,small business
3991,CUST106003,kristina martin,small business
3992,CUST106004,kim rivera,corporate
3993,CUST106006,cynthia williams,corporate
3994,CUST106007,brian gonzales,corporate
3995,CUST106009,cynthia walker,consumer
3996,CUST106010,mike johnson,consumer
3997,CUST106011,linda briggs,consumer
3998,CUST106012,jillian reid,corporate
3999,CUST106014,morgan jimenez,consumer
4000,CUST106015,jeffrey reid,corporate
4001,CUST106016,curtis arroyo,consumer
4002,CUST106017,laura morris,consumer
4003,CUST106019,ashley harrison dds,small business
4004,CUST106020,theresa stewart,corporate
4005,CUST106022,kathleen lewis,consumer
4006,CUST106023,michael chapman,consumer
4007,CUST106024,ryan khan,corporate
4008,CUST106025,joshua ray,consumer
4009,CUST106026,ashley wilson,consumer
4010,CUST106028,kenneth johnston,consumer
4011,CUST106030,kimberly morris,consumer
4012,CUST106031,michael blair,consumer
4013,CUST106034,brian hurley,consumer
4014,CUST106035,eric obrien,corporate
4015,CUST106036,lorraine cummings,corporate
4016,CUST106039,jean west,corporate
4017,CUST106040,emily galvan,corporate
4018,CUST106041,curtis massey,corporate
4019,CUST106046,jeffrey jimenez,consumer
4020,CUST106049,rachel burgess,corporate
4021,CUST106050,charles allen,consumer
4022,CUST106052,gerald hopkins,corporate
4023,CUST106053,michele morris,consumer
4024,CUST106054,karen andrews,small business
4025,CUST106055,phillip thompson,consumer
4026,CUST106056,bailey harris,consumer
4027,CUST106057,nathaniel edwards,corporate
4028,CUST106058,amy dixon,consumer
4029,CUST106059,jose roman,consumer
4030,CUST106062,stephen patel,consumer
4031,CUST106063,michael arroyo,small business
4032,CUST106064,christine orozco,consumer
4033,CUST106065,todd simon,consumer
4034,CUST106070,sharon harper,consumer
4035,CUST106071,cynthia peterson,consumer
4036,CUST106072,kimberly hall,consumer
4037,CUST106073,ryan thompson,small business
4038,CUST106076,timothy house,small business
4039,CUST106077,douglas beard,consumer
4040,CUST106078,rhonda levine,consumer
4041,CUST106079,cynthia gamble,small business
4042,CUST106080,charles cline,consumer
4043,CUST106082,lori murphy,corporate
4044,CUST106085,christine schaefer,small business
4045,CUST106086,james andrade,consumer
4046,CUST106087,kimberly garrison,consumer
4047,CUST106088,michael johnson,consumer
4048,CUST106089,gloria woodward,corporate
4049,CUST106090,susan koch,consumer
4050,CUST106092,robin gutierrez,consumer
4051,CUST106093,grant moore,consumer
4052,CUST106101,larry wilson,corporate
4053,CUST106104,kevin guzman,consumer
4054,CUST106106,brianna perkins,consumer
4055,CUST106109,gregory phillips,consumer
4056,CUST106110,teresa moore,small business
4057,CUST106112,nicole scott,corporate
4058,CUST106113,brenda raymond,consumer
4059,CUST106114,eric ferrell,consumer
4060,CUST106115,terry powell,consumer
4061,CUST106116,john stanton,corporate
4062,CUST106117,patrick davis,consumer
4063,CUST106118,jennifer callahan,consumer
4064,CUST106119,rebecca montgomery,corporate
4065,CUST106120,joseph harrison,consumer
4066,CUST106123,hannah graham,consumer
4067,CUST106124,lisa schneider,corporate
4068,CUST106125,john williams,small business
4069,CUST106127,patricia reid,corporate
4070,CUST106129,crystal evans,small business
4071,CUST106130,jennifer nichols,small business
4072,CUST106132,mrs. pamela collins,corporate
4073,CUST106133,tiffany johnson,corporate
4074,CUST106134,thomas miller,corporate
4075,CUST106135,amy gonzalez,consumer
4076,CUST106136,katherine castaneda,consumer
4077,CUST106137,jose sutton,corporate
4078,CUST106139,daniel jones,consumer
4079,CUST106141,johnny odom,consumer
4080,CUST106143,kevin garcia,consumer
4081,CUST106144,mr. brent murillo,consumer
4082,CUST106146,nathan benitez,consumer
4083,CUST106147,lisa gilbert,consumer
4084,CUST106148,travis hanna,consumer
4085,CUST106149,thomas howard,small business
4086,CUST106150,amanda anderson,consumer
4087,CUST106153,carla holloway,consumer
4088,CUST106154,jessica moore,corporate
4089,CUST106155,kenneth rodriguez,consumer
4090,CUST106156,elizabeth davila,small business
4091,CUST106157,heather roberts,consumer
4092,CUST106158,james james,corporate
4093,CUST106160,brad henderson,small business
4094,CUST106161,cheryl lynch,consumer
4095,CUST106162,mrs. april larson dvm,corporate
4096,CUST106163,sarah carr,corporate
4097,CUST106165,lisa cruz,consumer
4098,CUST106167,tanya jones,corporate
4099,CUST106168,sheila brown,small business
4100,CUST106171,craig brady,consumer
4101,CUST106173,aaron fisher,consumer
4102,CUST106174,tony alexander,consumer
4103,CUST106175,michael johnston,consumer
4104,CUST106176,erin underwood,corporate
4105,CUST106177,carrie taylor,consumer
4106,CUST106178,stephanie perkins,consumer
4107,CUST106179,sylvia long,consumer
4108,CUST106180,jonathan barnes,consumer
4109,CUST106181,melanie ramirez,consumer
4110,CUST106184,karen hernandez,consumer
4111,CUST106185,diana johnston dvm,consumer
4112,CUST106186,jared smith,consumer
4113,CUST106187,ronald roberts,consumer
4114,CUST106188,david madden,small business
4115,CUST106189,carl zimmerman,consumer
4116,CUST106190,christine vasquez,consumer
4117,CUST106191,laura zamora,corporate
4118,CUST106192,rachel carr,consumer
4119,CUST106193,olivia wilkinson,consumer
4120,CUST106194,albert bartlett,consumer
4121,CUST106195,emily garcia,consumer
4122,CUST106196,lisa gill,consumer
4123,CUST106197,matthew brooks,corporate
4124,CUST106198,paige stewart,corporate
4125,CUST106200,george caldwell,small business
4126,CUST106201,mary jordan,consumer
4127,CUST106202,james mason,corporate
4128,CUST106204,brenda collins,consumer
4129,CUST106206,nicholas wilson,consumer
4130,CUST106207,samantha rios,consumer
4131,CUST106208,kristen winters,small business
4132,CUST106209,mr. michael davidson,consumer
4133,CUST106210,michael ellis,corporate
4134,CUST106211,victoria thomas,consumer
4135,CUST106215,anna carney,corporate
4136,CUST106216,briana hammond,corporate
4137,CUST106217,mary anderson,consumer
4138,CUST106218,juan fernandez,consumer
4139,CUST106221,bradley harrison,consumer
4140,CUST106222,rebecca cobb,corporate
4141,CUST106225,heather conner,consumer
4142,CUST106226,steven powers,consumer
4143,CUST106227,kimberly bradley,consumer
4144,CUST106228,antonio medina,corporate
4145,CUST106229,kyle hicks,consumer
4146,CUST106231,stacey rice,small business
4147,CUST106232,debra george,corporate
4148,CUST106233,corey reese,small business
4149,CUST106234,michelle dean,consumer
4150,CUST106235,debra brown,small business
4151,CUST106237,kathy little,consumer
4152,CUST106239,lori taylor,consumer
4153,CUST106241,dr. david arroyo phd,consumer
4154,CUST106242,kayla kelley,consumer
4155,CUST106243,shelby walters,consumer
4156,CUST106244,shelly murray,consumer
4157,CUST106246,vanessa ayers,consumer
4158,CUST106247,matthew klein,consumer
4159,CUST106248,daniel carter,consumer
4160,CUST106249,lisa salazar,consumer
4161,CUST106251,michael price,consumer
4162,CUST106252,blake medina,corporate
4163,CUST106253,shawn kim,consumer
4164,CUST106254,mrs. kristin powell,corporate
4165,CUST106255,marilyn martin,small business
4166,CUST106256,edward reed,small business
4167,CUST106257,paul barnes,corporate
4168,CUST106258,andrea oconnor,small business
4169,CUST106260,ashley marks,small business
4170,CUST106261,stephen watkins,consumer
4171,CUST106263,andrew burnett,corporate
4172,CUST106265,sara taylor,consumer
4173,CUST106267,brett schneider,small business
4174,CUST106268,sabrina campbell,consumer
4175,CUST106270,dillon dudley,corporate
4176,CUST106272,dr. jacob walker,corporate
4177,CUST106273,monica hernandez,small business
4178,CUST106275,marissa patrick,consumer
4179,CUST106276,elizabeth vega,corporate
4180,CUST106278,alejandra davies,small business
4181,CUST106279,belinda thompson,consumer
4182,CUST106280,carolyn petersen,consumer
4183,CUST106281,theodore mills,consumer
4184,CUST106282,mary watkins,corporate
4185,CUST106284,daniel flowers,corporate
4186,CUST106285,martin lopez,consumer
4187,CUST106287,marcus baker,corporate
4188,CUST106289,dwayne zimmerman,consumer
4189,CUST106290,douglas vang,consumer
4190,CUST106292,ryan campbell,corporate
4191,CUST106293,travis hernandez,consumer
4192,CUST106294,james diaz,small business
4193,CUST106295,jessica hester,small business
4194,CUST106296,melissa johnson,corporate
4195,CUST106299,stephanie frey,corporate
4196,CUST106300,natasha rosario,consumer
4197,CUST106301,james peterson,small business
4198,CUST106303,michelle baker,small business
4199,CUST106306,george pittman,consumer
4200,CUST106307,richard oliver,consumer
4201,CUST106308,trevor clark,consumer
4202,CUST106309,scott gibbs,consumer
4203,CUST106311,ian erickson phd,corporate
4204,CUST106313,logan tucker,consumer
4205,CUST106314,katelyn rice,consumer
4206,CUST106315,shawn romero,corporate
4207,CUST106316,emily wiggins,consumer
4208,CUST106319,kayla morrison,consumer
4209,CUST106321,heidi lewis,corporate
4210,CUST106323,daniel reynolds,consumer
4211,CUST106324,stacy salazar,consumer
4212,CUST106325,jaclyn gonzales,corporate
4213,CUST106326,jessica porter,corporate
4214,CUST106327,margaret vaughn,corporate
4215,CUST106328,kimberly smith,corporate
4216,CUST106330,david higgins,corporate
4217,CUST106333,christine rojas,consumer
4218,CUST106335,jared allen,corporate
4219,CUST106337,abigail duncan,consumer
4220,CUST106338,andrea martinez,consumer
4221,CUST106340,sherry kelly,corporate
4222,CUST106341,michael rasmussen,corporate
4223,CUST106342,lauren carter,corporate
4224,CUST106343,jennifer hudson,consumer
4225,CUST106344,tyler patrick,consumer
4226,CUST106345,frances caldwell,small business
4227,CUST106348,brett saunders,corporate
4228,CUST106350,joshua shaw,consumer
4229,CUST106352,monica fox,consumer
4230,CUST106353,philip diaz,consumer
4231,CUST106354,ruth gonzalez,consumer
4232,CUST106355,nicole ho,consumer
4233,CUST106357,rebecca payne,consumer
4234,CUST106360,sara banks,consumer
4235,CUST106361,charlotte king,corporate
4236,CUST106362,jeffrey ryan,consumer
4237,CUST106363,sharon murphy,corporate
4238,CUST106364,mary foster,consumer
4239,CUST106365,leah martinez,consumer
4240,CUST106367,kayla bradshaw dds,consumer
4241,CUST106368,james salazar,small business
4242,CUST106369,cindy aguirre,corporate
4243,CUST106371,karen brown,consumer
4244,CUST106372,carolyn wilson,small business
4245,CUST106373,justin brown,consumer
4246,CUST106374,joshua bowen,consumer
4247,CUST106377,donna wood,consumer
4248,CUST106379,shawn weaver,corporate
4249,CUST106380,beth tucker,corporate
4250,CUST106381,kelly marshall,consumer
4251,CUST106382,stephen norton,consumer
4252,CUST106383,isabel jones,consumer
4253,CUST106385,nicholas johnson,corporate
4254,CUST106386,robert wilkinson,corporate
4255,CUST106387,patricia lee,consumer
4256,CUST106390,angela parker,corporate
4257,CUST106391,cody delgado,consumer
4258,CUST106392,patricia anderson,consumer
4259,CUST106393,miranda mcguire,consumer
4260,CUST106396,phyllis robles,consumer
4261,CUST106397,dawn garcia,corporate
4262,CUST106398,shelby chavez dvm,consumer
4263,CUST106403,kyle lopez,corporate
4264,CUST106406,tiffany nunez,consumer
4265,CUST106407,jeffrey arnold,consumer
4266,CUST106408,ashley shields,consumer
4267,CUST106414,michael evans,small business
4268,CUST106415,laurie lucas,consumer
4269,CUST106416,nicole meyers,consumer
4270,CUST106417,ms. alison flynn,consumer
4271,CUST106418,joseph ramirez,consumer
4272,CUST106419,lisa castro,corporate
4273,CUST106420,david jones,consumer
4274,CUST106421,pamela velez,consumer
4275,CUST106423,adam rodriguez jr.,corporate
4276,CUST106424,natalie brown,corporate
4277,CUST106425,hannah green,small business
4278,CUST106426,hannah weaver,consumer
4279,CUST106427,james mcclure,consumer
4280,CUST106428,gary ball,corporate
4281,CUST106430,mark mayo,consumer
4282,CUST106431,colleen miller,consumer
4283,CUST106434,jennifer robinson,consumer
4284,CUST106435,amanda nichols,small business
4285,CUST106436,kimberly arnold,consumer
4286,CUST106438,austin palmer,consumer
4287,CUST106439,jeremy miller,consumer
4288,CUST106440,matthew small,consumer
4289,CUST106441,jose phillips,consumer
4290,CUST106442,heather kelley,consumer
4291,CUST106443,jennifer bullock,consumer
4292,CUST106445,sharon nguyen,small business
4293,CUST106447,jorge palmer,corporate
4294,CUST106449,kelsey nelson,consumer
4295,CUST106452,craig trevino,corporate
4296,CUST106453,david wright,corporate
4297,CUST106455,yvette anderson,corporate
4298,CUST106456,crystal baker,small business
4299,CUST106457,brittany frost,consumer
4300,CUST106458,michael smith,corporate
4301,CUST106459,dylan anderson,corporate
4302,CUST106462,leah rodriguez,corporate
4303,CUST106463,kristina norman,corporate
4304,CUST106465,justin nelson,corporate
4305,CUST106466,richard jones,consumer
4306,CUST106467,michael decker,small business
4307,CUST106469,amanda morris,consumer
4308,CUST106470,thomas owens,consumer
4309,CUST106472,xavier martinez,corporate
4310,CUST106474,david alvarez,consumer
4311,CUST106475,catherine mcbride,consumer
4312,CUST106476,mary schneider,consumer
4313,CUST106477,joshua davis,small business
4314,CUST106478,ashley preston,small business
4315,CUST106479,tammy palmer dds,consumer
4316,CUST106480,erica richardson,corporate
4317,CUST106481,barbara allen,corporate
4318,CUST106482,amanda ibarra,corporate
4319,CUST106483,gina brooks,consumer
4320,CUST106484,jennifer andrews,consumer
4321,CUST106485,justin page,small business
4322,CUST106486,melissa moore,small business
4323,CUST106487,amber davis,consumer
4324,CUST106488,nicole hopkins,small business
4325,CUST106489,cynthia mccann,small business
4326,CUST106492,tammy fletcher,corporate
4327,CUST106493,karen peterson,consumer
4328,CUST106495,whitney valdez,consumer
4329,CUST106496,kyle taylor,consumer
4330,CUST106497,jose pearson,corporate
4331,CUST106498,randall winters,consumer
4332,CUST106499,sheri lopez,consumer
4333,CUST106500,kimberly flores,corporate
4334,CUST106501,benjamin moreno,consumer
4335,CUST106503,micheal meyer,small business
4336,CUST106506,justin johnson,corporate
4337,CUST106507,tracy nunez,consumer
4338,CUST106508,thomas farley,consumer
4339,CUST106509,zachary collins,consumer
4340,CUST106510,kristin smith,consumer
4341,CUST106511,michael cox,consumer
4342,CUST106512,thomas prince,consumer
4343,CUST106513,ashley taylor,small business
4344,CUST106514,robert perez,consumer
4345,CUST106516,james bryan,corporate
4346,CUST106519,cynthia rodriguez,consumer
4347,CUST106524,juan anderson,consumer
4348,CUST106525,melissa nelson,consumer
4349,CUST106526,jared galvan,consumer
4350,CUST106527,dr. jesus aguilar md,consumer
4351,CUST106530,laura carter,consumer
4352,CUST106532,mandy walsh,consumer
4353,CUST106534,jessica dean,corporate
4354,CUST106535,jordan vazquez,corporate
4355,CUST106536,grace sampson,consumer
4356,CUST106537,michelle reed,corporate
4357,CUST106540,zachary moore,corporate
4358,CUST106543,jill williams,corporate
4359,CUST106546,lisa smith,corporate
4360,CUST106550,jordan white,corporate
4361,CUST106551,susan fields,corporate
4362,CUST106552,ricardo palmer,small business
4363,CUST106554,dawn jensen,corporate
4364,CUST106556,chelsea price,small business
4365,CUST106557,amy gonzales,consumer
4366,CUST106558,blake dyer,consumer
4367,CUST106559,jack price,corporate
4368,CUST106560,shane herrera,consumer
4369,CUST106561,gregory fields,consumer
4370,CUST106562,thomas dixon,consumer
4371,CUST106563,cathy lee,consumer
4372,CUST106565,rebecca thomas,consumer
4373,CUST106566,shelly jensen,consumer
4374,CUST106567,brianna thomas,consumer
4375,CUST106568,jennifer lee,corporate
4376,CUST106569,derrick mcgee,corporate
4377,CUST106570,phillip moyer,corporate
4378,CUST106572,ana schmidt,small business
4379,CUST106573,mrs. kara reeves,consumer
4380,CUST106576,amy pope,corporate
4381,CUST106577,debra peterson,small business
4382,CUST106579,eugene wilcox,consumer
4383,CUST106580,rebecca conner,consumer
4384,CUST106583,gabriel coleman,consumer
4385,CUST106585,lynn barnes,consumer
4386,CUST106587,olivia white,consumer
4387,CUST106593,kyle johns,consumer
4388,CUST106594,jennifer simmons,consumer
4389,CUST106595,diane wells,consumer
4390,CUST106598,joy brown,corporate
4391,CUST106599,janet hubbard,small business
4392,CUST106601,william boyd,consumer
4393,CUST106602,joseph tran,consumer
4394,CUST106605,eric mcknight jr.,consumer
4395,CUST106609,christine grant,consumer
4396,CUST106611,amber campbell,corporate
4397,CUST106612,bryan robinson,consumer
4398,CUST106613,yolanda ryan,small business
4399,CUST106614,brandy hunt,consumer
4400,CUST106615,joshua patel,corporate
4401,CUST106616,crystal guzman,consumer
4402,CUST106617,theresa johnson,consumer
4403,CUST106621,phillip dunn,consumer
4404,CUST106622,alyssa fernandez,small business
4405,CUST106623,micheal moss,consumer
4406,CUST106624,anna moore,consumer
4407,CUST106633,marilyn schwartz,consumer
4408,CUST106634,crystal hooper,small business
4409,CUST106635,ryan george jr.,corporate
4410,CUST106636,dennis perkins,consumer
4411,CUST106637,fred blevins,consumer
4412,CUST106638,michael montgomery,consumer
4413,CUST106640,katie wilson,consumer
4414,CUST106642,janice anderson,consumer
4415,CUST106643,mrs. melissa brooks,corporate
4416,CUST106644,jacob kramer,corporate
4417,CUST106645,james christian,consumer
4418,CUST106646,mrs. jaclyn myers dds,consumer
4419,CUST106647,lauren brock,consumer
4420,CUST106648,daniel wolfe,consumer
4421,CUST106650,james weaver,small business
4422,CUST106652,kelly fowler,small business
4423,CUST106653,edgar weaver,small business
4424,CUST106654,benjamin ramos,small business
4425,CUST106656,michael hernandez,corporate
4426,CUST106657,nicholas reynolds,small business
4427,CUST106658,lawrence nichols,consumer
4428,CUST106659,michael carter,corporate
4429,CUST106660,christopher hobbs,small business
4430,CUST106663,katherine white,consumer
4431,CUST106665,bailey gonzalez,consumer
4432,CUST106667,courtney melton,consumer
4433,CUST106668,david nelson,small business
4434,CUST106669,christopher johnson,corporate
4435,CUST106670,joshua dickson,consumer
4436,CUST106671,joshua hernandez,consumer
4437,CUST106672,jeanette miller,corporate
4438,CUST106673,rodney paul,consumer
4439,CUST106674,cody proctor,consumer
4440,CUST106675,brenda lewis,consumer
4441,CUST106676,monica reed,consumer
4442,CUST106677,jessica fox,consumer
4443,CUST106678,sabrina durham,consumer
4444,CUST106679,elizabeth chase,consumer
4445,CUST106680,nicholas wells,consumer
4446,CUST106681,joseph moore,consumer
4447,CUST106682,stephen powell,consumer
4448,CUST106683,sara garrett,consumer
4449,CUST106684,adam cruz,consumer
4450,CUST106686,kathleen wallace,consumer
4451,CUST106687,aaron molina,consumer
4452,CUST106688,samuel smith,consumer
4453,CUST106689,tanner collins,consumer
4454,CUST106690,matthew alvarez,small business
4455,CUST106691,kyle grant,corporate
4456,CUST106692,ms. kayla acosta,corporate
4457,CUST106693,alexandria wilson,corporate
4458,CUST106694,meghan bennett,consumer
4459,CUST106695,kristin barnett,consumer
4460,CUST106696,kristie nelson,consumer
4461,CUST106697,jennifer larsen,consumer
4462,CUST106698,maxwell hardy,small business
4463,CUST106699,andrea gillespie,corporate
4464,CUST106700,james smith,consumer
4465,CUST106702,ryan parks,corporate
4466,CUST106703,sandra thomas,small business
4467,CUST106704,robyn morrison,consumer
4468,CUST106706,kathleen jenkins,corporate
4469,CUST106707,andrea gallagher,small business
4470,CUST106708,keith perez,small business
4471,CUST106710,alan allison,small business
4472,CUST106714,mr. john williams,corporate
4473,CUST106715,jesse griffin,corporate
4474,CUST106716,marc watkins,consumer
4475,CUST106717,courtney taylor,consumer
4476,CUST106719,shelby perez,small business
4477,CUST106720,gary brown,consumer
4478,CUST106721,mallory martin,consumer
4479,CUST106722,rebecca adams,consumer
4480,CUST106723,samantha harris,corporate
4481,CUST106727,charles hall,corporate
4482,CUST106728,christopher baker,consumer
4483,CUST106731,francis smith,consumer
4484,CUST106732,joshua browning,small business
4485,CUST106733,timothy thompson,consumer
4486,CUST106734,robert flores,consumer
4487,CUST106735,stephanie martin,consumer
4488,CUST106737,chad cooper,consumer
4489,CUST106738,jeffrey fields,consumer
4490,CUST106739,kristen stewart,consumer
4491,CUST106743,felicia fisher,corporate
4492,CUST106744,joseph smith,corporate
4493,CUST106745,kelly wood,consumer
4494,CUST106746,michelle adams,small business
4495,CUST106747,megan james,consumer
4496,CUST106748,william turner,consumer
4497,CUST106749,beth wolfe,corporate
4498,CUST106750,keith lee,consumer
4499,CUST106754,patricia pearson,corporate
4500,CUST106756,shannon wilson,small business
4501,CUST106757,rebecca morales,consumer
4502,CUST106758,jordan smith,small business
4503,CUST106759,tracy burns,consumer
4504,CUST106760,jeffrey davidson,corporate
4505,CUST106762,jonathan mcgee,consumer
4506,CUST106764,joseph smith,small business
4507,CUST106765,gina johnson,corporate
4508,CUST106767,mark walker,corporate
4509,CUST106768,traci ashley,corporate
4510,CUST106769,jacob andersen,corporate
4511,CUST106770,jack rhodes,consumer
4512,CUST106771,amy randall,small business
4513,CUST106772,justin carter,consumer
4514,CUST106773,jonathan hernandez,consumer
4515,CUST106774,jose fowler,corporate
4516,CUST106775,denise hawkins,consumer
4517,CUST106776,catherine briggs,corporate
4518,CUST106777,keith carter,consumer
4519,CUST106778,dustin mitchell,consumer
4520,CUST106779,riley white,consumer
4521,CUST106780,theresa lawson,consumer
4522,CUST106781,jeremy day,small business
4523,CUST106782,michelle carter,small business
4524,CUST106783,andrea gilbert,consumer
4525,CUST106784,danielle knox,consumer
4526,CUST106785,katrina foster,consumer
4527,CUST106786,alicia greene,corporate
4528,CUST106787,gerald cantrell,corporate
4529,CUST106788,heather snow,corporate
4530,CUST106789,douglas nelson,corporate
4531,CUST106790,rebecca myers,small business
4532,CUST106791,melvin lopez,corporate
4533,CUST106794,john davis,corporate
4534,CUST106795,cameron mcgrath,corporate
4535,CUST106796,david williams,consumer
4536,CUST106797,adam dixon,small business
4537,CUST106798,christopher miller,consumer
4538,CUST106799,aaron day,corporate
4539,CUST106800,debra foster,consumer
4540,CUST106801,donna burns,consumer
4541,CUST106802,derek jackson,consumer
4542,CUST106803,mario shaffer,corporate
4543,CUST106804,robert li,corporate
4544,CUST106805,jose lopez,consumer
4545,CUST106807,charles caldwell,consumer
4546,CUST106808,desiree pearson,consumer
4547,CUST106809,danielle holt,consumer
4548,CUST106810,catherine ross,consumer
4549,CUST106811,bryan joyce,consumer
4550,CUST106812,catherine smith,small business
4551,CUST106814,jacob snyder,consumer
4552,CUST106816,brianna hicks,consumer
4553,CUST106818,lauren becker,consumer
4554,CUST106819,eric vance,consumer
4555,CUST106820,megan mcknight,corporate
4556,CUST106823,vanessa roy,consumer
4557,CUST106824,ruben frank,corporate
4558,CUST106825,daniel jackson iv,small business
4559,CUST106826,sean barnes,small business
4560,CUST106831,robert alvarez,consumer
4561,CUST106833,melissa williams,consumer
4562,CUST106835,angela rodriguez,corporate
4563,CUST106836,matthew taylor,consumer
4564,CUST106837,cynthia church,consumer
4565,CUST106838,walter jones,corporate
4566,CUST106839,christina guerra,corporate
4567,CUST106840,laura bates,corporate
4568,CUST106843,allison lester,corporate
4569,CUST106844,kevin fleming,corporate
4570,CUST106845,miss valerie smith,consumer
4571,CUST106847,steven weber,consumer
4572,CUST106848,lindsey flynn,consumer
4573,CUST106849,timothy armstrong md,consumer
4574,CUST106850,gregory espinoza,consumer
4575,CUST106854,mark cunningham,consumer
4576,CUST106855,samantha mills,corporate
4577,CUST106856,matthew smith,consumer
4578,CUST106857,laurie avila,corporate
4579,CUST106860,jared hall,consumer
4580,CUST106862,matthew butler,corporate
4581,CUST106864,edward green,consumer
4582,CUST106865,steven hernandez,small business
4583,CUST106867,shannon mccall,consumer
4584,CUST106869,stephanie mcintosh,consumer
4585,CUST106870,matthew chung,consumer
4586,CUST106871,erik howard,small business
4587,CUST106873,sarah green,corporate
4588,CUST106874,mathew weaver,corporate
4589,CUST106875,tyler ward,consumer
4590,CUST106877,justin lewis,consumer
4591,CUST106880,jennifer lee,small business
4592,CUST106881,matthew richardson,consumer
4593,CUST106882,jennifer brewer,consumer
4594,CUST106884,stephanie rose,corporate
4595,CUST106885,michael chan,corporate
4596,CUST106886,kathleen morales,consumer
4597,CUST106887,tracy davis,corporate
4598,CUST106888,jennifer elliott,consumer
4599,CUST106889,bradley robinson,consumer
4600,CUST106890,autumn williams,small business
4601,CUST106891,dustin boyd,small business
4602,CUST106893,jennifer saunders,corporate
4603,CUST106894,cheryl tanner,consumer
4604,CUST106896,mark shaffer,consumer
4605,CUST106899,christopher garcia,consumer
4606,CUST106900,brooke bishop,corporate
4607,CUST106901,patrick thomas,consumer
4608,CUST106903,angela edwards,small business
4609,CUST106906,catherine huffman,consumer
4610,CUST106908,joel larson,consumer
4611,CUST106909,todd cook,consumer
4612,CUST106911,diane malone,consumer
4613,CUST106912,donald carter,consumer
4614,CUST106914,rebecca johnson,consumer
4615,CUST106915,donald harris,consumer
4616,CUST106916,joseph miller,consumer
4617,CUST106917,anthony hardy,small business
4618,CUST106918,christopher walsh,small business
4619,CUST106919,tyler thomas,small business
4620,CUST106920,katherine turner,consumer
4621,CUST106921,john ferguson,consumer
4622,CUST106922,margaret fuller,consumer
4623,CUST106924,james evans,consumer
4624,CUST106928,carla king,consumer
4625,CUST106929,heather obrien,small business
4626,CUST106930,stacy cunningham,corporate
4627,CUST106931,victoria glass,consumer
4628,CUST106932,jerry turner,consumer
4629,CUST106933,jacob watson,consumer
4630,CUST106937,rachel morrow,consumer
4631,CUST106938,isabel mendoza,consumer
4632,CUST106939,angelica garcia,consumer
4633,CUST106940,mitchell weeks,consumer
4634,CUST106941,benjamin wheeler,corporate
4635,CUST106942,debra thompson,consumer
4636,CUST106943,evelyn salazar,small business
4637,CUST106944,todd arnold,consumer
4638,CUST106945,jamie kennedy,consumer
4639,CUST106947,william jones,corporate
4640,CUST106949,joel dawson,small business
4641,CUST106950,katelyn yates,consumer
4642,CUST106952,gary murray,consumer
4643,CUST106953,rachel morris,consumer
4644,CUST106954,jennifer young,corporate
4645,CUST106955,mr. jason lopez dds,consumer
4646,CUST106956,lisa patton,corporate
4647,CUST106958,michael cunningham,consumer
4648,CUST106959,donald anderson,corporate
4649,CUST106961,christopher perkins,consumer
4650,CUST106962,jessica duffy,consumer
4651,CUST106963,robert benson,consumer
4652,CUST106964,anthony brock,consumer
4653,CUST106965,stephen kirby,small business
4654,CUST106966,willie flowers,corporate
4655,CUST106967,beth jennings,consumer
4656,CUST106968,lisa johnson,consumer
4657,CUST106969,carlos miller,corporate
4658,CUST106970,brian padilla,small business
4659,CUST106971,kelly martin,corporate
4660,CUST106973,joseph dean,small business
4661,CUST106974,anthony ho,consumer
4662,CUST106976,kevin crawford,consumer
4663,CUST106977,shelby edwards,consumer
4664,CUST106978,brandi morales,small business
4665,CUST106979,brandy alexander,corporate
4666,CUST106980,kristy clark,small business
4667,CUST106981,william escobar,consumer
4668,CUST106985,joseph johnson,consumer
4669,CUST106986,james martin,corporate
4670,CUST106990,susan cox,small business
4671,CUST106993,sharon costa,consumer
4672,CUST106997,lisa rodriguez,corporate
4673,CUST106999,jillian alexander,corporate
4674,CUST107000,brian swanson,small business
4675,CUST107001,lori price,consumer
4676,CUST107003,joseph flores,consumer
4677,CUST107006,david harrison,small business
4678,CUST107007,joshua cox,consumer
4679,CUST107008,barbara meyer,corporate
4680,CUST107010,joshua davis,consumer
4681,CUST107012,erik myers,consumer
4682,CUST107013,patrick sanchez,corporate
4683,CUST107014,jared hansen,consumer
4684,CUST107015,nathaniel chavez,corporate
4685,CUST107017,tina wilson,consumer
4686,CUST107019,ashley adams,consumer
4687,CUST107020,kathryn williams,consumer
4688,CUST107021,kristi griffith,consumer
4689,CUST107022,john thomas,consumer
4690,CUST107023,richard schroeder,corporate
4691,CUST107024,victoria mullins,consumer
4692,CUST107026,christina mason,consumer
4693,CUST107028,brian rivera,small business
4694,CUST107029,julie perez,consumer
4695,CUST107030,alexander arroyo,small business
4696,CUST107032,regina rodriguez,consumer
4697,CUST107040,becky shaw,consumer
4698,CUST107041,casey ayala,corporate
4699,CUST107049,mike baker,consumer
4700,CUST107052,angela glover,consumer
4701,CUST107054,teresa stevens,consumer
4702,CUST107055,troy guerrero,consumer
4703,CUST107056,lindsay johnson,consumer
4704,CUST107058,amber brown,consumer
4705,CUST107059,david price,consumer
4706,CUST107060,juan vasquez,small business
4707,CUST107061,robin tucker,small business
4708,CUST107064,patrick joyce,consumer
4709,CUST107067,jeff nguyen,small business
4710,CUST107068,laura cohen,corporate
4711,CUST107070,luis scott,consumer
4712,CUST107071,brenda bowman,consumer
4713,CUST107074,richard fox,small business
4714,CUST107075,caitlin parker,consumer
4715,CUST107077,chris harrington,consumer
4716,CUST107078,michael andersen,consumer
4717,CUST107079,paige edwards,corporate
4718,CUST107080,adam boyer,corporate
4719,CUST107081,charles webb,corporate
4720,CUST107084,james hammond,small business
4721,CUST107085,sarah jones,consumer
4722,CUST107086,valerie thomas,consumer
4723,CUST107088,rachel rogers,consumer
4724,CUST107089,james bradley,corporate
4725,CUST107090,amanda johnson,corporate
4726,CUST107093,richard guzman,corporate
4727,CUST107094,daniel mercado,corporate
4728,CUST107095,thomas jefferson,consumer
4729,CUST107096,craig suarez,small business
4730,CUST107097,elizabeth abbott,small business
4731,CUST107100,mark spencer,consumer
4732,CUST107102,dave garcia,consumer
4733,CUST107104,david richardson,consumer
4734,CUST107106,adrienne hughes,corporate
4735,CUST107107,reginald keller,small business
4736,CUST107108,nicole nguyen,small business
4737,CUST107110,janet mills,corporate
4738,CUST107114,dennis martinez,corporate
4739,CUST107115,dr. isaac hickman md,consumer
4740,CUST107116,stephanie price,consumer
4741,CUST107117,jeremy hicks,consumer
4742,CUST107118,elizabeth deleon,consumer
4743,CUST107119,christopher fisher,consumer
4744,CUST107120,dr. zachary daniels,consumer
4745,CUST107121,jaime riddle,corporate
4746,CUST107122,adam miller,small business
4747,CUST107123,suzanne branch,consumer
4748,CUST107124,tyrone hale,consumer
4749,CUST107125,gabriel sharp,small business
4750,CUST107126,john rivera,consumer
4751,CUST107127,angela davis,consumer
4752,CUST107128,kathryn ortiz,consumer
4753,CUST107129,jeffrey sanchez,small business
4754,CUST107130,juan berg,consumer
4755,CUST107133,jessica villanueva,consumer
4756,CUST107135,andrew nichols,consumer
4757,CUST107136,sean santana,corporate
4758,CUST107140,karla malone,small business
4759,CUST107141,kelli parker,small business
4760,CUST107143,william swanson,corporate
4761,CUST107145,erik robinson jr.,consumer
4762,CUST107146,pamela brady,consumer
4763,CUST107147,jason carpenter,small business
4764,CUST107148,yvonne miller,consumer
4765,CUST107149,victoria patel,consumer
4766,CUST107151,renee sanchez,consumer
4767,CUST107152,jeffrey lambert,consumer
4768,CUST107153,michael hughes,consumer
4769,CUST107154,justin moreno,consumer
4770,CUST107155,william summers,small business
4771,CUST107156,kayla bridges,corporate
4772,CUST107157,john frye md,consumer
4773,CUST107160,caroline carter,consumer
4774,CUST107163,yolanda wood,consumer
4775,CUST107164,amanda alexander,consumer
4776,CUST107165,amy johnson,consumer
4777,CUST107166,jason yu,consumer
4778,CUST107167,christopher chung,consumer
4779,CUST107168,charles george,consumer
4780,CUST107172,richard poole,consumer
4781,CUST107173,linda miller,consumer
4782,CUST107174,victoria bailey,corporate
4783,CUST107175,isabel leonard,corporate
4784,CUST107176,diane wells,corporate
4785,CUST107177,megan mclean,consumer
4786,CUST107178,ethan smith,consumer
4787,CUST107181,alexis miller,consumer
4788,CUST107182,brandon roach,consumer
4789,CUST107183,juan hall,small business
4790,CUST107184,christian davis,consumer
4791,CUST107185,hannah williamson,consumer
4792,CUST107186,william mitchell,small business
4793,CUST107187,dylan garcia,consumer
4794,CUST107189,melissa robinson,corporate
4795,CUST107191,meghan edwards,consumer
4796,CUST107192,catherine dominguez,small business
4797,CUST107194,nathaniel cervantes,small business
4798,CUST107198,aaron anderson,consumer
4799,CUST107199,terry jones,corporate
4800,CUST107200,roger hill,consumer
4801,CUST107201,michael wood,consumer
4802,CUST107203,parker abbott,corporate
4803,CUST107208,jeanette hall,consumer
4804,CUST107210,eric sanders,small business
4805,CUST107211,heather wallace,consumer
4806,CUST107213,martha house,consumer
4807,CUST107215,aaron hughes,corporate
4808,CUST107217,cheryl cooper,corporate
4809,CUST107220,joy wallace,small business
4810,CUST107221,jeffery white,consumer
4811,CUST107224,brandon jimenez,consumer
4812,CUST107226,robin silva,consumer
4813,CUST107227,jacqueline johnson,consumer
4814,CUST107228,anthony castaneda,consumer
4815,CUST107229,paul diaz,corporate
4816,CUST107230,christian park,corporate
4817,CUST107234,karl shepard,consumer
4818,CUST107235,norman pham,corporate
4819,CUST107236,reginald anderson,consumer
4820,CUST107237,richard melton,corporate
4821,CUST107239,maria benson,small business
4822,CUST107240,frank silva,consumer
4823,CUST107243,edward evans,corporate
4824,CUST107245,shannon rogers,consumer
4825,CUST107246,donna moran,consumer
4826,CUST107248,alexis griffin,consumer
4827,CUST107250,tony perry,small business
4828,CUST107251,derrick fischer,corporate
4829,CUST107253,william long,consumer
4830,CUST107254,courtney smith,small business
4831,CUST107255,eddie guerra dvm,consumer
4832,CUST107261,eric brown,consumer
4833,CUST107263,danny strong,consumer
4834,CUST107264,dana hicks,consumer
4835,CUST107266,shirley lane,consumer
4836,CUST107268,jason frank,consumer
4837,CUST107269,mr. joseph lee iv,consumer
4838,CUST107270,benjamin martinez,corporate
4839,CUST107272,shaun grimes,consumer
4840,CUST107274,larry hayes,consumer
4841,CUST107275,sharon sandoval,consumer
4842,CUST107276,kristi joyce,consumer
4843,CUST107277,jared martin,corporate
4844,CUST107278,natasha campbell,consumer
4845,CUST107279,anita vaughn,consumer
4846,CUST107280,russell osborn,consumer
4847,CUST107283,cheryl rivera,consumer
4848,CUST107285,jacqueline bailey,small business
4849,CUST107286,julie alexander,consumer
4850,CUST107287,patrick price,consumer
4851,CUST107288,jeremy richards,consumer
4852,CUST107291,heather contreras,consumer
4853,CUST107292,michael peters,consumer
4854,CUST107294,lorraine davenport,consumer
4855,CUST107295,charles underwood,small business
4856,CUST107296,francisco garza,consumer
4857,CUST107299,christina brown,corporate
4858,CUST107300,austin miller,corporate
4859,CUST107302,jennifer brown,consumer
4860,CUST107303,kyle colon,consumer
4861,CUST107306,adrian serrano,corporate
4862,CUST107307,stephen hawkins,consumer
4863,CUST107308,william trevino,small business
4864,CUST107309,cynthia carr,corporate
4865,CUST107312,jessica harris,small business
4866,CUST107313,matthew russell,consumer
4867,CUST107315,juan smith,consumer
4868,CUST107316,david phillips,corporate
4869,CUST107318,sharon escobar,consumer
4870,CUST107319,juan williams,consumer
4871,CUST107320,gabriel mcdowell,consumer
4872,CUST107321,lauren garza,corporate
4873,CUST107322,zachary jones,consumer
4874,CUST107323,mary merritt,corporate
4875,CUST107324,amanda beck,corporate
4876,CUST107325,bradley harris,consumer
4877,CUST107326,crystal wright,consumer
4878,CUST107327,linda morgan,consumer
4879,CUST107329,charles ross,consumer
4880,CUST107331,brittany cooper,consumer
4881,CUST107332,steven green,small business
4882,CUST107334,dr. shannon goodman,small business
4883,CUST107338,randy brown,small business
4884,CUST107339,tracie lewis,small business
4885,CUST107340,raven harvey,consumer
4886,CUST107342,roger jackson,small business
4887,CUST107343,andrew roth jr.,consumer
4888,CUST107344,susan phillips,consumer
4889,CUST107345,shelly davidson,consumer
4890,CUST107346,christopher harmon,consumer
4891,CUST107347,adrienne flores,corporate
4892,CUST107348,amy contreras,consumer
4893,CUST107349,james whitaker,consumer
4894,CUST107354,melanie stevens,consumer
4895,CUST107355,crystal palmer,corporate
4896,CUST107357,dr. kevin shaw dds,corporate
4897,CUST107358,glen snyder,corporate
4898,CUST107360,mrs. diane wells,consumer
4899,CUST107361,veronica wood,small business
4900,CUST107362,amanda willis,consumer
4901,CUST107363,brenda rodriguez,consumer
4902,CUST107364,aaron valdez,consumer
4903,CUST107365,linda pitts,small business
4904,CUST107366,kevin green,consumer
4905,CUST107367,francisco chapman,corporate
4906,CUST107368,susan steele,consumer
4907,CUST107370,john cherry,consumer
4908,CUST107371,stephanie price,consumer
4909,CUST107372,nancy richardson,consumer
4910,CUST107374,jesse rivera,corporate
4911,CUST107378,aaron whitehead,consumer
4912,CUST107379,sophia weiss,consumer
4913,CUST107380,shannon mcclain,small business
4914,CUST107384,kristy lawson,consumer
4915,CUST107385,diana faulkner,consumer
4916,CUST107387,denise perez,corporate
4917,CUST107389,joseph hunt,corporate
4918,CUST107393,neil briggs,consumer
4919,CUST107394,justin downs,consumer
4920,CUST107395,devin reese,consumer
4921,CUST107396,april bauer,consumer
4922,CUST107399,sarah thompson,corporate
4923,CUST107400,aaron taylor,consumer
4924,CUST107401,sarah santiago,consumer
4925,CUST107402,nichole fuller,consumer
4926,CUST107403,kari williams,small business
4927,CUST107405,christopher martinez,corporate
4928,CUST107406,heather richardson,consumer
4929,CUST107408,james johnson,consumer
4930,CUST107410,wayne hall,consumer
4931,CUST107411,chelsea cook,corporate
4932,CUST107413,jordan cabrera,consumer
4933,CUST107414,kevin cooper,corporate
4934,CUST107415,steven patton,consumer
4935,CUST107416,robert white,corporate
4936,CUST107418,sarah hernandez,consumer
4937,CUST107419,sarah jackson,consumer
4938,CUST107424,nicholas baker,corporate
4939,CUST107425,joel collier,corporate
4940,CUST107427,elizabeth watson,corporate
4941,CUST107428,amanda schneider,small business
4942,CUST107429,perry jones,corporate
4943,CUST107430,seth khan,corporate
4944,CUST107431,jessica sandoval,consumer
4945,CUST107432,daniel jenkins,consumer
4946,CUST107433,bonnie potts,consumer
4947,CUST107434,allison hernandez,small business
4948,CUST107435,mr. kyle thomas,corporate
4949,CUST107436,shane vaughn,small business
4950,CUST107438,jenna brown,small business
4951,CUST107439,jacqueline crawford,consumer
4952,CUST107440,jennifer harrington,consumer
4953,CUST107441,daniel cole,consumer
4954,CUST107442,calvin moss,consumer
4955,CUST107443,taylor hutchinson,consumer
4956,CUST107444,angela moore,corporate
4957,CUST107445,aaron cardenas,consumer
4958,CUST107446,andrea schultz,consumer
4959,CUST107449,destiny jones,corporate
4960,CUST107450,megan cohen,consumer
4961,CUST107453,alex west,consumer
4962,CUST107455,michael davis,small business
4963,CUST107457,david wells,consumer
4964,CUST107458,earl lopez,consumer
4965,CUST107462,hunter bright,consumer
4966,CUST107465,jacqueline mendoza,consumer
4967,CUST107466,shannon burke,corporate
4968,CUST107468,barbara carter,consumer
4969,CUST107469,shaun massey,small business
4970,CUST107470,julie middleton,consumer
4971,CUST107472,anna wilson,corporate
4972,CUST107473,alison spencer,corporate
4973,CUST107474,brenda montoya,consumer
4974,CUST107475,amanda smith,consumer
4975,CUST107476,timothy hampton,consumer
4976,CUST107477,angela edwards,corporate
4977,CUST107479,sarah thompson,consumer
4978,CUST107482,michael edwards,consumer
4979,CUST107483,lisa moore,corporate
4980,CUST107484,casey king,corporate
4981,CUST107486,bethany walton,consumer
4982,CUST107487,brett garcia,corporate
4983,CUST107488,chloe bailey,consumer
4984,CUST107489,anthony fitzpatrick,corporate
4985,CUST107490,james carter,consumer
4986,CUST107492,tiffany cook,corporate
4987,CUST107493,martin holden,corporate
4988,CUST107495,stephanie morales,small business
4989,CUST107496,michael kelly jr.,consumer
4990,CUST107497,paige marshall,small business
4991,CUST107498,tina cruz md,consumer
4992,CUST107499,william gomez,consumer
4993,CUST107500,tanya hughes,consumer
4994,CUST107501,sandra pearson,consumer
4995,CUST107502,lauren chavez,consumer
4996,CUST107503,jose collins,consumer
4997,CUST107506,gary valdez,corporate
4998,CUST107508,gregory olsen,consumer
4999,CUST107509,julie johnson,consumer
5000,CUST107510,sarah wallace,consumer
5001,CUST107512,scott mckee,consumer
5002,CUST107513,joseph king,corporate
5003,CUST107514,travis nash,consumer
5004,CUST107515,candace hernandez,consumer
5005,CUST107516,lee evans,consumer
5006,CUST107517,katie kelly,consumer
5007,CUST107518,lisa williamson,consumer
5008,CUST107519,corey ramirez,consumer
5009,CUST107520,laura hardy,small business
5010,CUST107521,trevor jacobs,corporate
5011,CUST107524,tracie sherman,consumer
5012,CUST107526,joseph ferguson,consumer
5013,CUST107527,todd page,consumer
5014,CUST107530,brenda martin,small business
5015,CUST107533,gloria willis,corporate
5016,CUST107534,deborah coleman,consumer
5017,CUST107535,amber gould,corporate
5018,CUST107537,alexander gross,consumer
5019,CUST107538,beth smith,corporate
5020,CUST107539,jason jackson,consumer
5021,CUST107540,brandon gillespie,corporate
5022,CUST107544,melanie hill,consumer
5023,CUST107545,lisa king,small business
5024,CUST107546,jeffrey parsons,corporate
5025,CUST107548,laura suarez,consumer
5026,CUST107550,david hughes,consumer
5027,CUST107551,elizabeth little,corporate
5028,CUST107552,cassandra hernandez,consumer
5029,CUST107553,krista sheppard,corporate
5030,CUST107554,shannon smith,consumer
5031,CUST107556,brooke roman,consumer
5032,CUST107557,stephen martin,consumer
5033,CUST107559,kelly phillips,small business
5034,CUST107562,martha bush,consumer
5035,CUST107564,christie barnett,corporate
5036,CUST107565,chad washington,consumer
5037,CUST107567,amanda smith,small business
5038,CUST107569,lauren flores,small business
5039,CUST107572,karl phillips,consumer
5040,CUST107574,anthony welch,consumer
5041,CUST107575,alan norris,consumer
5042,CUST107577,alexandra gonzales,corporate
5043,CUST107579,jennifer mason,corporate
5044,CUST107583,jessica white,corporate
5045,CUST107585,william patrick,corporate
5046,CUST107587,jasmine west,corporate
5047,CUST107591,angela williams,consumer
5048,CUST107592,erin foley,consumer
5049,CUST107594,miss kayla roberson,consumer
5050,CUST107596,daniel mccormick,corporate
5051,CUST107599,erica burke,corporate
5052,CUST107600,gina oliver,consumer
5053,CUST107603,john caldwell,consumer
5054,CUST107605,mr. calvin davis,small business
5055,CUST107606,kenneth burke,small business
5056,CUST107607,gary martinez,consumer
5057,CUST107608,joy brooks,consumer
5058,CUST107609,april stein,consumer
5059,CUST107610,meghan christian,consumer
5060,CUST107611,richard crawford,small business
5061,CUST107612,christopher ruiz,consumer
5062,CUST107614,amanda lopez,consumer
5063,CUST107616,benjamin velasquez,consumer
5064,CUST107618,ronald ball,consumer
5065,CUST107619,terry stewart,consumer
5066,CUST107620,jennifer garcia,corporate
5067,CUST107621,robert wilson,consumer
5068,CUST107622,kyle martin,consumer
5069,CUST107623,gregory hawkins,small business
5070,CUST107630,katelyn owens,consumer
5071,CUST107631,andre lopez,corporate
5072,CUST107632,erika snow,consumer
5073,CUST107633,sarah lutz,consumer
5074,CUST107634,shawna adams,small business
5075,CUST107636,melanie gutierrez,small business
5076,CUST107637,sarah espinoza,consumer
5077,CUST107639,tommy duncan,consumer
5078,CUST107640,denise finley,consumer
5079,CUST107641,brittany jackson,consumer
5080,CUST107644,joseph scott,consumer
5081,CUST107645,madeline johns,consumer
5082,CUST107646,mary lin,consumer
5083,CUST107647,erica peterson,consumer
5084,CUST107648,robert hill,consumer
5085,CUST107652,matthew lewis,small business
5086,CUST107654,william doyle,consumer
5087,CUST107655,jane short,consumer
5088,CUST107657,jessica castillo,consumer
5089,CUST107663,tyler munoz,consumer
5090,CUST107665,michelle howard,consumer
5091,CUST107666,daniel allen,small business
5092,CUST107667,sharon johnson,small business
5093,CUST107669,barbara miller,consumer
5094,CUST107671,angela hebert,consumer
5095,CUST107674,yesenia perez,consumer
5096,CUST107675,tonya knapp,consumer
5097,CUST107677,billy hayes,small business
5098,CUST107678,robert bowers,consumer
5099,CUST107679,charles lynch,consumer
5100,CUST107680,joseph hickman,corporate
5101,CUST107681,brian castillo,consumer
5102,CUST107683,sarah clark,corporate
5103,CUST107687,john lang,consumer
5104,CUST107688,whitney miller,corporate
5105,CUST107689,mr. william li,consumer
5106,CUST107690,nathaniel oconnor,corporate
5107,CUST107691,jasmine johnson md,consumer
5108,CUST107692,kristen rivers,corporate
5109,CUST107693,jessica long,consumer
5110,CUST107694,michael hansen,corporate
5111,CUST107695,margaret prince,consumer
5112,CUST107696,angelica owens,consumer
5113,CUST107698,krystal jenkins,corporate
5114,CUST107701,mr. gregory ayala,consumer
5115,CUST107702,kelli smith,corporate
5116,CUST107703,dawn perez,small business
5117,CUST107704,jordan hill,corporate
5118,CUST107705,ian carter,consumer
5119,CUST107707,jeffrey miller,consumer
5120,CUST107708,candace rodriguez,corporate
5121,CUST107709,mrs. megan johnson,consumer
5122,CUST107710,george johnson,corporate
5123,CUST107711,suzanne arnold,small business
5124,CUST107713,judy guerra,consumer
5125,CUST107714,kristen castro,consumer
5126,CUST107715,gary wilson,consumer
5127,CUST107716,karen johnson,consumer
5128,CUST107717,terrance simmons,corporate
5129,CUST107718,steven graham,corporate
5130,CUST107719,jon holt dds,consumer
5131,CUST107721,michael rodriguez,consumer
5132,CUST107724,brett davis,consumer
5133,CUST107725,jesse dougherty,small business
5134,CUST107726,erik miller,consumer
5135,CUST107727,john parker,corporate
5136,CUST107728,renee garcia,corporate
5137,CUST107729,corey potter,consumer
5138,CUST107730,billy beck,small business
5139,CUST107731,john nixon,small business
5140,CUST107732,ashley williams,consumer
5141,CUST107734,connie barnett,consumer
5142,CUST107735,michael clay,consumer
5143,CUST107736,eric diaz,consumer
5144,CUST107739,robert vega,consumer
5145,CUST107740,luis brown,corporate
5146,CUST107741,angela mcconnell,corporate
5147,CUST107743,jason jones,consumer
5148,CUST107746,leslie ray,small business
5149,CUST107747,richard berry,consumer
5150,CUST107748,stephen russell,corporate
5151,CUST107749,scott anderson,consumer
5152,CUST107750,megan cooper,small business
5153,CUST107752,dakota cruz,consumer
5154,CUST107754,sharon taylor,corporate
5155,CUST107755,brianna weeks,consumer
5156,CUST107756,erica underwood,consumer
5157,CUST107757,ryan johnson,corporate
5158,CUST107758,thomas harris,consumer
5159,CUST107760,megan robinson,consumer
5160,CUST107763,james jackson,consumer
5161,CUST107764,danielle delacruz,consumer
5162,CUST107765,wendy jones,consumer
5163,CUST107766,kim nicholson,corporate
5164,CUST107767,kimberly ayers,consumer
5165,CUST107768,lori johnson,consumer
5166,CUST107772,amy miller,small business
5167,CUST107773,danielle reynolds,consumer
5168,CUST107774,brenda bryan,consumer
5169,CUST107775,eric clark,consumer
5170,CUST107776,rebecca mccarthy,corporate
5171,CUST107777,ryan king,consumer
5172,CUST107778,jane thompson,consumer
5173,CUST107779,david young,corporate
5174,CUST107780,anthony peterson,consumer
5175,CUST107781,michael bryant,small business
5176,CUST107782,monique acosta,corporate
5177,CUST107784,kelsey burton,consumer
5178,CUST107785,mary williams,corporate
5179,CUST107786,shelia garcia,small business
5180,CUST107787,amy wilson,consumer
5181,CUST107790,john haley,consumer
5182,CUST107795,debra barber,consumer
5183,CUST107796,lisa cole,consumer
5184,CUST107797,jonathan dominguez,consumer
5185,CUST107799,angela braun,corporate
5186,CUST107800,christopher williams,consumer
5187,CUST107801,derek crosby,small business
5188,CUST107802,jasmin garcia,consumer
5189,CUST107805,richard may,consumer
5190,CUST107807,sandra bishop,small business
5191,CUST107808,alison grimes,corporate
5192,CUST107810,mary hart,small business
5193,CUST107811,patrick booth,consumer
5194,CUST107812,travis rivers,consumer
5195,CUST107816,michelle lawrence,consumer
5196,CUST107817,david hunt,corporate
5197,CUST107818,theresa kent,consumer
5198,CUST107819,erica chen,consumer
5199,CUST107820,antonio chen,corporate
5200,CUST107821,alicia barker,consumer
5201,CUST107823,deborah henderson,corporate
5202,CUST107825,natasha rodriguez,consumer
5203,CUST107826,brandon robinson,corporate
5204,CUST107828,victor adams,small business
5205,CUST107829,mercedes tucker dds,consumer
5206,CUST107830,shaun fitzgerald,consumer
5207,CUST107832,shawn brown,consumer
5208,CUST107833,elizabeth lozano,consumer
5209,CUST107835,monica thompson,consumer
5210,CUST107836,alexander hill,consumer
5211,CUST107837,kyle cruz,consumer
5212,CUST107838,mark beasley,corporate
5213,CUST107839,anthony wilson,corporate
5214,CUST107840,nicole christensen,consumer
5215,CUST107841,jessica ortiz,consumer
5216,CUST107842,andrew smith,corporate
5217,CUST107843,monica young,consumer
5218,CUST107844,sheila howell,consumer
5219,CUST107847,sarah delgado,consumer
5220,CUST107848,tyler peterson,small business
5221,CUST107850,tom young md,consumer
5222,CUST107851,philip smith,consumer
5223,CUST107854,david mcgrath,corporate
5224,CUST107855,christina fitzgerald,small business
5225,CUST107857,sarah jones md,consumer
5226,CUST107858,joseph robinson,consumer
5227,CUST107859,sandra ferguson,consumer
5228,CUST107860,erica diaz,consumer
5229,CUST107861,peter underwood,small business
5230,CUST107862,marilyn martin,corporate
5231,CUST107863,jay solis,consumer
5232,CUST107864,kristen park,consumer
5233,CUST107866,maureen jones,corporate
5234,CUST107867,ronnie anderson,corporate
5235,CUST107868,aaron morse,consumer
5236,CUST107869,rebecca sanchez,consumer
5237,CUST107871,joel gomez,consumer
5238,CUST107873,kenneth meyer,corporate
5239,CUST107875,mr. matthew rodriguez,small business
5240,CUST107876,jennifer sanchez,consumer
5241,CUST107877,daniel mitchell,consumer
5242,CUST107878,jacob reyes,consumer
5243,CUST107882,brian robinson,consumer
5244,CUST107883,carl campbell,corporate
5245,CUST107884,victoria kim,consumer
5246,CUST107885,ronald robinson,corporate
5247,CUST107886,richard harvey,consumer
5248,CUST107887,yolanda maldonado,small business
5249,CUST107889,danielle black,consumer
5250,CUST107890,rachel bradley,consumer
5251,CUST107891,phillip meadows,consumer
5252,CUST107892,victor proctor,consumer
5253,CUST107893,daniel ruiz,corporate
5254,CUST107894,jasmine rivera,consumer
5255,CUST107897,brian jenkins,consumer
5256,CUST107898,maria dunn,consumer
5257,CUST107900,raven edwards,consumer
5258,CUST107901,christina nguyen,consumer
5259,CUST107902,jessica payne,consumer
5260,CUST107905,rodney fitzgerald,small business
5261,CUST107907,jacob martin,consumer
5262,CUST107908,justin norris,consumer
5263,CUST107910,michele bauer,consumer
5264,CUST107911,jaclyn wilson,consumer
5265,CUST107912,danielle johnson,corporate
5266,CUST107913,albert mercado,corporate
5267,CUST107914,sarah steele,small business
5268,CUST107915,bradley bennett,small business
5269,CUST107918,penny james md,corporate
5270,CUST107920,diane garcia,consumer
5271,CUST107921,ashley wolfe,consumer
5272,CUST107923,john aguilar,corporate
5273,CUST107924,ariana roberts dvm,consumer
5274,CUST107925,anthony jordan dds,consumer
5275,CUST107926,mark smith,corporate
5276,CUST107928,brian fry,small business
5277,CUST107930,stacie davis,small business
5278,CUST107931,jonathan smith,consumer
5279,CUST107932,timothy adams,consumer
5280,CUST107933,angel moreno,consumer
5281,CUST107934,james owens,small business
5282,CUST107937,dominic morrison,small business
5283,CUST107939,brett chambers,corporate
5284,CUST107941,christopher foley,consumer
5285,CUST107942,michael holden,corporate
5286,CUST107943,mrs. megan reed,small business
5287,CUST107944,troy keller,consumer
5288,CUST107945,jackie castaneda,consumer
5289,CUST107948,robert williams,consumer
5290,CUST107949,kimberly strickland,consumer
5291,CUST107950,jennifer santos,small business
5292,CUST107953,mason tyler,consumer
5293,CUST107955,jon arellano,small business
5294,CUST107957,bradley oliver,consumer
5295,CUST107958,noah singleton,corporate
5296,CUST107959,courtney steele,corporate
5297,CUST107960,mary carlson,consumer
5298,CUST107961,penny barnes,consumer
5299,CUST107962,cathy williams,corporate
5300,CUST107964,lisa miller,corporate
5301,CUST107966,natalie collins,consumer
5302,CUST107968,david barnett,consumer
5303,CUST107970,john turner,consumer
5304,CUST107971,alexander hale,consumer
5305,CUST107972,megan lambert,small business
5306,CUST107975,joseph adams,consumer
5307,CUST107976,brittany moore,small business
5308,CUST107977,amy coleman,corporate
5309,CUST107979,william torres,consumer
5310,CUST107980,laura williams,small business
5311,CUST107981,ruben burnett,consumer
5312,CUST107984,christopher walsh,small business
5313,CUST107986,leslie white,consumer
5314,CUST107989,madeline bell,consumer
5315,CUST107990,stephanie brown,consumer
5316,CUST107991,carla williams,consumer
5317,CUST107992,alexander barnes,consumer
5318,CUST107993,ariana weiss,small business
5319,CUST107995,daniel sanchez,corporate
5320,CUST107996,maxwell freeman,consumer
5321,CUST107997,anthony meza,corporate
5322,CUST107998,jeremy wong,consumer
5323,CUST108000,madison carlson,consumer
5324,CUST108001,chelsea peterson,consumer
5325,CUST108002,richard farley,small business
5326,CUST108003,tanya taylor,consumer
5327,CUST108004,rachel robinson,consumer
5328,CUST108006,jacqueline jones,consumer
5329,CUST108007,stephanie chapman,corporate
5330,CUST108008,corey chapman,consumer
5331,CUST108009,scott huynh,small business
5332,CUST108010,heather guzman,consumer
5333,CUST108016,marcia herrera,corporate
5334,CUST108018,jessica campos,consumer
5335,CUST108019,shawn hill,consumer
5336,CUST108021,cassandra dunn,corporate
5337,CUST108023,amanda rodriguez,consumer
5338,CUST108025,amy rodriguez,corporate
5339,CUST108026,jesse wood,corporate
5340,CUST108027,christopher johnston,consumer
5341,CUST108028,vincent miles,consumer
5342,CUST108030,timothy wright,consumer
5343,CUST108031,brittany simmons,consumer
5344,CUST108032,jimmy tran md,corporate
5345,CUST108033,martha wright,corporate
5346,CUST108035,rebecca dickerson,consumer
5347,CUST108036,christy newman,consumer
5348,CUST108038,maria green,small business
5349,CUST108039,matthew clay,consumer
5350,CUST108040,theresa harrell,small business
5351,CUST108041,dan ortiz,consumer
5352,CUST108042,nathan lowe,small business
5353,CUST108043,stephanie moore,consumer
5354,CUST108044,eric douglas,consumer
5355,CUST108045,angelica phillips,consumer
5356,CUST108047,aaron ford,consumer
5357,CUST108048,scott richardson,small business
5358,CUST108049,kristi cisneros,consumer
5359,CUST108050,matthew rios,consumer
5360,CUST108052,caroline day,consumer
5361,CUST108053,erica taylor,consumer
5362,CUST108057,william mcdonald,consumer
5363,CUST108059,frederick holland,consumer
5364,CUST108060,emily carey,consumer
5365,CUST108061,john carlson,corporate
5366,CUST108062,christopher ochoa,consumer
5367,CUST108063,jason ramirez,consumer
5368,CUST108064,julie horn md,consumer
5369,CUST108065,ricky kirk dds,consumer
5370,CUST108067,bradley wiley,corporate
5371,CUST108068,michael santana,consumer
5372,CUST108071,justin meyers,small business
5373,CUST108073,preston hart,consumer
5374,CUST108074,robert curry,corporate
5375,CUST108076,david scott,consumer
5376,CUST108077,william bishop,consumer
5377,CUST108078,julie horn,consumer
5378,CUST108079,barbara maddox,small business
5379,CUST108080,christopher nichols,consumer
5380,CUST108081,crystal holder,consumer
5381,CUST108082,steven bailey,consumer
5382,CUST108084,erin forbes,consumer
5383,CUST108085,victoria guerrero,corporate
5384,CUST108088,charles davis,small business
5385,CUST108089,shaun schroeder,consumer
5386,CUST108091,lisa edwards,consumer
5387,CUST108092,rachel harvey,corporate
5388,CUST108093,mrs. megan pope dds,consumer
5389,CUST108094,vincent owens,consumer
5390,CUST108097,randall phillips,consumer
5391,CUST108098,melissa burton,corporate
5392,CUST108099,kyle snow,consumer
5393,CUST108101,carol watson,consumer
5394,CUST108102,benjamin oneill,consumer
5395,CUST108104,jeffrey jones,small business
5396,CUST108105,william lane,consumer
5397,CUST108106,joshua rowland,corporate
5398,CUST108109,sarah wood,consumer
5399,CUST108110,kimberly simon,corporate
5400,CUST108111,allison wolfe,small business
5401,CUST108112,jennifer li,small business
5402,CUST108113,samuel harmon,small business
5403,CUST108114,christopher dillon,consumer
5404,CUST108115,nicole reed,corporate
5405,CUST108116,allen nash,consumer
5406,CUST108117,william lambert,consumer
5407,CUST108118,dylan ortega,consumer
5408,CUST108120,john williams,consumer
5409,CUST108121,heather erickson,corporate
5410,CUST108122,shaun reynolds,small business
5411,CUST108125,alan hansen,consumer
5412,CUST108126,sarah campbell,corporate
5413,CUST108128,stephanie brady,corporate
5414,CUST108132,nicholas bass,consumer
5415,CUST108136,steven brown,corporate
5416,CUST108138,douglas wilson,consumer
5417,CUST108139,sarah hernandez,consumer
5418,CUST108140,billy wood,corporate
5419,CUST108141,judy burns,corporate
5420,CUST108142,ashley johnson,small business
5421,CUST108145,patricia ramos,consumer
5422,CUST108146,daniel roberts,small business
5423,CUST108147,jennifer chavez,consumer
5424,CUST108148,debbie patel md,small business
5425,CUST108149,james gordon,corporate
5426,CUST108150,thomas brown,consumer
5427,CUST108151,sandra ibarra,corporate
5428,CUST108152,michael farmer,consumer
5429,CUST108155,william keith,corporate
5430,CUST108157,kenneth diaz,corporate
5431,CUST108158,tracy coleman,consumer
5432,CUST108160,andrea moore,consumer
5433,CUST108161,benjamin perez,small business
5434,CUST108163,mary callahan,consumer
5435,CUST108164,gregory rogers md,corporate
5436,CUST108167,joseph white,consumer
5437,CUST108168,amy buck,consumer
5438,CUST108169,monica thompson,corporate
5439,CUST108170,danielle jimenez,consumer
5440,CUST108171,ricky mendez,consumer
5441,CUST108172,roy pugh,small business
5442,CUST108175,james terrell,consumer
5443,CUST108177,jeffrey olsen,corporate
5444,CUST108179,jessica hill,consumer
5445,CUST108180,tracy bartlett,consumer
5446,CUST108181,jacob owens,consumer
5447,CUST108182,tami hunter,consumer
5448,CUST108183,steven kelly,consumer
5449,CUST108184,brian larsen,consumer
5450,CUST108186,andrew fisher,consumer
5451,CUST108187,nicholas andrews,consumer
5452,CUST108190,howard reilly,consumer
5453,CUST108191,john hopkins,corporate
5454,CUST108192,rachel simmons,consumer
5455,CUST108193,kristine smith,corporate
5456,CUST108194,natalie caldwell,consumer
5457,CUST108197,paul miller,consumer
5458,CUST108200,suzanne mclean,consumer
5459,CUST108201,derek gentry,consumer
5460,CUST108202,jennifer howell,corporate
5461,CUST108203,rebecca conway,corporate
5462,CUST108204,matthew carr,consumer
5463,CUST108205,stephanie harper,consumer
5464,CUST108206,james herman,consumer
5465,CUST108208,joseph walker,consumer
5466,CUST108211,karen mueller,small business
5467,CUST108214,shannon mitchell,consumer
5468,CUST108215,jeffery bell,small business
5469,CUST108216,kristopher kelly,consumer
5470,CUST108217,james duncan,consumer
5471,CUST108218,christopher schmidt,corporate
5472,CUST108219,ariel garza,corporate
5473,CUST108221,tiffany barber,corporate
5474,CUST108222,kara butler,consumer
5475,CUST108223,roy rios,consumer
5476,CUST108225,marvin jones,consumer
5477,CUST108228,joshua berry,consumer
5478,CUST108230,joseph thomas,consumer
5479,CUST108231,nathan wilson,consumer
5480,CUST108232,leah hunt,consumer
5481,CUST108233,david hull,consumer
5482,CUST108234,robert ellis,consumer
5483,CUST108236,lindsay haynes,consumer
5484,CUST108237,leslie blevins,consumer
5485,CUST108239,david jensen,consumer
5486,CUST108241,michael werner,consumer
5487,CUST108243,danny brown,corporate
5488,CUST108244,jessica sanchez,corporate
5489,CUST108247,daniel solomon,consumer
5490,CUST108250,shelley patterson,consumer
5491,CUST108251,kristin bates,corporate
5492,CUST108252,justin sutton,consumer
5493,CUST108253,ashley hernandez,small business
5494,CUST108254,tracy wolfe,consumer
5495,CUST108257,katherine newman,consumer
5496,CUST108258,daniel crawford,small business
5497,CUST108259,michael stewart,consumer
5498,CUST108261,lori mckenzie,consumer
5499,CUST108262,mark castillo,corporate
5500,CUST108263,david williams,consumer
5501,CUST108265,philip morris,consumer
5502,CUST108266,brian cuevas,corporate
5503,CUST108267,mr. joel white md,consumer
5504,CUST108268,destiny henson,small business
5505,CUST108269,christina hamilton,corporate
5506,CUST108270,anthony franklin,small business
5507,CUST108271,gabriela romero,small business
5508,CUST108272,courtney williams,consumer
5509,CUST108273,jamie roberts,corporate
5510,CUST108274,lori mathews,consumer
5511,CUST108275,erin fitzpatrick,corporate
5512,CUST108276,anita casey,consumer
5513,CUST108277,brittany stephenson,small business
5514,CUST108279,april reynolds,consumer
5515,CUST108282,robert andrade,corporate
5516,CUST108283,kelly richmond,corporate
5517,CUST108284,ashley atkinson,consumer
5518,CUST108285,tiffany jones,consumer
5519,CUST108286,frances ward,corporate
5520,CUST108287,amber roth,small business
5521,CUST108288,mario miller,consumer
5522,CUST108289,william vargas,consumer
5523,CUST108290,sharon hall,consumer
5524,CUST108291,hannah duncan,small business
5525,CUST108293,jennifer adams,consumer
5526,CUST108294,andrew benton,corporate
5527,CUST108295,nancy mcdonald,consumer
5528,CUST108296,amanda rodriguez,small business
5529,CUST108298,richard gonzalez,small business
5530,CUST108299,samuel casey,consumer
5531,CUST108300,corey gray,consumer
5532,CUST108301,joshua taylor,consumer
5533,CUST108304,mathew figueroa,consumer
5534,CUST108305,allison wilson,consumer
5535,CUST108306,tammy ponce,small business
5536,CUST108307,elijah baker,corporate
5537,CUST108308,gerald richards,consumer
5538,CUST108309,gregory ibarra,consumer
5539,CUST108310,tina hamilton,consumer
5540,CUST108311,kelli english,corporate
5541,CUST108312,andrew johnston,consumer
5542,CUST108316,carrie owen,corporate
5543,CUST108317,derrick underwood md,small business
5544,CUST108321,jennifer bates,consumer
5545,CUST108322,john wheeler,corporate
5546,CUST108323,julia hughes,consumer
5547,CUST108324,melvin holmes md,consumer
5548,CUST108326,heather baker,corporate
5549,CUST108327,rhonda brown,consumer
5550,CUST108329,alexander olson,consumer
5551,CUST108331,shannon ruiz,small business
5552,CUST108332,jennifer lopez,consumer
5553,CUST108334,ashley swanson,small business
5554,CUST108335,jessica luna,consumer
5555,CUST108338,tara brown,consumer
5556,CUST108339,robert long,corporate
5557,CUST108340,randy mills,consumer
5558,CUST108341,timothy martinez,corporate
5559,CUST108343,michael duran,consumer
5560,CUST108345,allison walker,consumer
5561,CUST108346,benjamin roman,consumer
5562,CUST108347,jason bennett,corporate
5563,CUST108348,nicholas farrell,consumer
5564,CUST108349,tom boone,consumer
5565,CUST108351,melissa hayes,corporate
5566,CUST108356,brett bowen,corporate
5567,CUST108358,megan shaw,consumer
5568,CUST108359,jamie porter,consumer
5569,CUST108360,melissa mendoza,consumer
5570,CUST108361,heather roberts,consumer
5571,CUST108365,christopher shaw,consumer
5572,CUST108366,alexis moore,consumer
5573,CUST108368,michael martin,small business
5574,CUST108369,kaitlyn murphy,small business
5575,CUST108370,mrs. kathryn holden,consumer
5576,CUST108373,jennifer gordon,small business
5577,CUST108374,brittany evans,consumer
5578,CUST108375,james sexton,consumer
5579,CUST108378,alyssa johnson,small business
5580,CUST108379,robert peck,corporate
5581,CUST108381,stephanie sanchez,consumer
5582,CUST108382,natalie mitchell,consumer
5583,CUST108383,nathaniel rice,corporate
5584,CUST108384,karl rodgers,corporate
5585,CUST108385,adrian morgan,consumer
5586,CUST108386,mrs. jacqueline chase,small business
5587,CUST108387,angela kirk,consumer
5588,CUST108388,brent long,consumer
5589,CUST108389,miss patricia wall,consumer
5590,CUST108390,shirley walters,consumer
5591,CUST108394,christopher thomas,consumer
5592,CUST108395,allison romero,consumer
5593,CUST108396,melanie marsh,consumer
5594,CUST108399,james oconnor,consumer
5595,CUST108400,heather thornton,small business
5596,CUST108401,michelle velazquez,consumer
5597,CUST108403,joe pollard,small business
5598,CUST108406,marvin long,consumer
5599,CUST108407,jordan jones,corporate
5600,CUST108408,scott stone,consumer
5601,CUST108409,michelle ho,consumer
5602,CUST108411,terry ferguson,small business
5603,CUST108413,adam brooks,corporate
5604,CUST108414,gregory brown,consumer
5605,CUST108415,donald roberts,consumer
5606,CUST108419,christina moon,consumer
5607,CUST108420,laura thompson,consumer
5608,CUST108421,samantha simon,corporate
5609,CUST108422,paul white,consumer
5610,CUST108423,stephen swanson,consumer
5611,CUST108424,megan stafford,consumer
5612,CUST108425,brenda abbott,consumer
5613,CUST108426,misty martinez,consumer
5614,CUST108428,leslie elliott,small business
5615,CUST108429,mercedes hernandez,consumer
5616,CUST108430,john marsh,consumer
5617,CUST108432,debra sellers,consumer
5618,CUST108434,travis andersen,consumer
5619,CUST108435,steven palmer,small business
5620,CUST108436,pamela turner,consumer
5621,CUST108437,ashley heath,corporate
5622,CUST108438,vanessa weber,consumer
5623,CUST108439,kyle marsh,consumer
5624,CUST108442,anthony ramirez,corporate
5625,CUST108446,ronald phillips,consumer
5626,CUST108447,chelsea lam,corporate
5627,CUST108448,amanda osborn,consumer
5628,CUST108449,kyle stanley,corporate
5629,CUST108450,jeremy tanner,consumer
5630,CUST108451,keith wyatt,consumer
5631,CUST108452,robin richard,consumer
5632,CUST108453,patrick ball,corporate
5633,CUST108456,cody martin,consumer
5634,CUST108459,brian nelson,consumer
5635,CUST108460,dr. margaret martinez,corporate
5636,CUST108462,brian gill,corporate
5637,CUST108465,michelle parks,corporate
5638,CUST108466,lisa brown,corporate
5639,CUST108467,kevin stephens,corporate
5640,CUST108468,kelli taylor,small business
5641,CUST108472,thomas petty,consumer
5642,CUST108473,emily suarez,corporate
5643,CUST108474,kaylee strickland,corporate
5644,CUST108475,matthew rodriguez,consumer
5645,CUST108478,jasmine price md,consumer
5646,CUST108479,michael roberson,corporate
5647,CUST108481,david sanders,corporate
5648,CUST108482,tara cuevas,small business
5649,CUST108483,aaron hall,consumer
5650,CUST108486,maria diaz,consumer
5651,CUST108487,christopher mcdonald,corporate
5652,CUST108488,barbara carey phd,small business
5653,CUST108489,cindy munoz,consumer
5654,CUST108490,jeremy obrien,corporate
5655,CUST108492,jeffery watts,consumer
5656,CUST108493,nicholas leon,corporate
5657,CUST108494,joshua montoya,consumer
5658,CUST108495,kim vargas,consumer
5659,CUST108496,brandon torres,small business
5660,CUST108499,catherine pollard,consumer
5661,CUST108500,kathleen roach,corporate
5662,CUST108503,matthew morales,small business
5663,CUST108504,brandi edwards,consumer
5664,CUST108505,anthony carrillo,consumer
5665,CUST108506,victoria hall,small business
5666,CUST108508,zachary freeman,small business
5667,CUST108509,kevin jensen,consumer
5668,CUST108512,jeffery richardson,consumer
5669,CUST108513,barbara york,consumer
5670,CUST108514,jennifer atkins,consumer
5671,CUST108520,christine cook,consumer
5672,CUST108521,brett cox,small business
5673,CUST108523,paul young,small business
5674,CUST108524,ronald contreras,consumer
5675,CUST108525,heather tran,consumer
5676,CUST108526,austin walters,consumer
5677,CUST108527,thomas garza,corporate
5678,CUST108528,deanna hernandez,consumer
5679,CUST108529,david barrett,consumer
5680,CUST108530,benjamin lopez,consumer
5681,CUST108531,roy martin,small business
5682,CUST108532,judy smith,consumer
5683,CUST108533,jason mosley,consumer
5684,CUST108534,joseph hill,corporate
5685,CUST108535,sandra brown,consumer
5686,CUST108536,amber smith,consumer
5687,CUST108540,linda frank,small business
5688,CUST108541,matthew alexander,consumer
5689,CUST108543,shawn smith,consumer
5690,CUST108545,melissa rodriguez,corporate
5691,CUST108546,jessica young,consumer
5692,CUST108547,franklin christian,consumer
5693,CUST108548,jessica evans,consumer
5694,CUST108549,tara davis,corporate
5695,CUST108550,karen tanner,corporate
5696,CUST108551,chad henson,corporate
5697,CUST108553,wendy campbell,small business
5698,CUST108554,vanessa osborne,consumer
5699,CUST108556,alexandra patterson,corporate
5700,CUST108557,jasmine colon,consumer
5701,CUST108559,alex stout,consumer
5702,CUST108560,john moore,consumer
5703,CUST108561,emily johnson,consumer
5704,CUST108562,jasmine holden,corporate
5705,CUST108563,robert johnson,consumer
5706,CUST108565,scott clay,consumer
5707,CUST108566,elizabeth beck,consumer
5708,CUST108568,crystal webb,corporate
5709,CUST108569,terry williams,consumer
5710,CUST108570,andrew phillips,small business
5711,CUST108571,michelle davila,consumer
5712,CUST108573,amanda shannon,consumer
5713,CUST108574,brandon stone,consumer
5714,CUST108575,haley montgomery,corporate
5715,CUST108576,shane todd,small business
5716,CUST108577,jeffrey fields,consumer
5717,CUST108580,susan estrada,consumer
5718,CUST108581,crystal allen md,consumer
5719,CUST108582,marissa munoz,consumer
5720,CUST108583,stephanie lambert,corporate
5721,CUST108584,gary wheeler,corporate
5722,CUST108585,monique pruitt,consumer
5723,CUST108586,emily abbott,corporate
5724,CUST108588,douglas washington,corporate
5725,CUST108589,tanya moon,corporate
5726,CUST108590,kyle garrison,consumer
5727,CUST108591,brenda mcdonald,corporate
5728,CUST108593,victor alvarez,consumer
5729,CUST108594,manuel cook,corporate
5730,CUST108595,jaime baker,consumer
5731,CUST108598,david riley,corporate
5732,CUST108600,danielle aguilar,consumer
5733,CUST108601,marcus dominguez,consumer
5734,CUST108602,julie foster,small business
5735,CUST108603,sherry collier,small business
5736,CUST108604,billy ford,small business
5737,CUST108605,dr. tina baker,consumer
5738,CUST108609,lauren martin,small business
5739,CUST108610,laura davis,small business
5740,CUST108612,lacey johnston,consumer
5741,CUST108615,daniel ramos,small business
5742,CUST108616,emily glenn,consumer
5743,CUST108617,stacy schultz,consumer
5744,CUST108618,stacy nichols,consumer
5745,CUST108619,nicole hill,corporate
5746,CUST108621,steven williamson,consumer
5747,CUST108622,rachael ramos,consumer
5748,CUST108623,cody hooper,small business
5749,CUST108624,melissa beck,corporate
5750,CUST108625,rickey mclaughlin,small business
5751,CUST108626,steven friedman,consumer
5752,CUST108627,glenn gaines,consumer
5753,CUST108628,heather wallace,consumer
5754,CUST108630,susan stephenson,consumer
5755,CUST108631,christian brown,consumer
5756,CUST108632,mary briggs,consumer
5757,CUST108633,natalie vincent,corporate
5758,CUST108635,tina watson,consumer
5759,CUST108636,steven gordon,small business
5760,CUST108638,jonathan smith,consumer
5761,CUST108639,cynthia mcbride,consumer
5762,CUST108640,laura mcgrath,consumer
5763,CUST108641,heather garcia,small business
5764,CUST108642,michael mclaughlin,consumer
5765,CUST108644,michael nichols,small business
5766,CUST108645,kelly hall,consumer
5767,CUST108648,crystal owens,consumer
5768,CUST108650,kenneth thompson,consumer
5769,CUST108652,matthew anderson,consumer
5770,CUST108653,shelia johnson,consumer
5771,CUST108655,timothy davis dds,consumer
5772,CUST108657,anthony rocha,consumer
5773,CUST108658,patrick thompson,corporate
5774,CUST108659,craig woods,consumer
5775,CUST108660,daniel romero,consumer
5776,CUST108661,joseph allen,small business
5777,CUST108662,jennifer sullivan,corporate
5778,CUST108663,angela moore,small business
5779,CUST108665,tyler simon,corporate
5780,CUST108666,matthew thompson,corporate
5781,CUST108668,miranda jensen,consumer
5782,CUST108669,nicholas smith,consumer
5783,CUST108670,samantha taylor dvm,consumer
5784,CUST108671,dean hodges,consumer
5785,CUST108672,chad mitchell,small business
5786,CUST108673,kenneth ramirez,consumer
5787,CUST108676,kelly tucker,consumer
5788,CUST108677,jessica hernandez,consumer
5789,CUST108678,brad richmond,consumer
5790,CUST108681,michelle lee,consumer
5791,CUST108682,shane murray,small business
5792,CUST108684,karen roy,consumer
5793,CUST108686,mark mason,consumer
5794,CUST108689,michelle bridges,consumer
5795,CUST108690,joshua martin,consumer
5796,CUST108692,michael garcia,corporate
5797,CUST108693,tammy williams,consumer
5798,CUST108695,jacob arnold,small business
5799,CUST108696,dr. sarah krause md,consumer
5800,CUST108697,jesse miller,consumer
5801,CUST108698,heidi brown,small business
5802,CUST108699,james holmes,consumer
5803,CUST108700,tiffany blackwell,small business
5804,CUST108703,laura haley,consumer
5805,CUST108704,diana martin,consumer
5806,CUST108705,christopher gillespie,corporate
5807,CUST108706,steven patel,consumer
5808,CUST108707,elizabeth leonard,consumer
5809,CUST108708,jacob schaefer,consumer
5810,CUST108709,kelly ford md,consumer
5811,CUST108711,karen powell,consumer
5812,CUST108712,carmen house,consumer
5813,CUST108713,nicole holt,consumer
5814,CUST108714,elizabeth ross,corporate
5815,CUST108715,ruben evans,consumer
5816,CUST108716,andrew richardson,corporate
5817,CUST108717,andrew alvarez,consumer
5818,CUST108720,rebecca snow,consumer
5819,CUST108721,robert ortiz,consumer
5820,CUST108723,cheryl davis,consumer
5821,CUST108724,frank lewis,consumer
5822,CUST108726,harold compton,consumer
5823,CUST108727,danny trevino,small business
5824,CUST108729,carla wood,consumer
5825,CUST108730,sherri whitehead,small business
5826,CUST108731,scott waters,consumer
5827,CUST108734,jason rogers,consumer
5828,CUST108738,nicholas washington,small business
5829,CUST108739,gary roman,corporate
5830,CUST108742,james harrell,consumer
5831,CUST108743,robert jacobson,corporate
5832,CUST108744,raymond reyes,consumer
5833,CUST108746,laurie malone,small business
5834,CUST108748,mrs. jamie smith,consumer
5835,CUST108749,pamela smith,corporate
5836,CUST108750,anthony campbell,corporate
5837,CUST108751,david garcia,consumer
5838,CUST108752,deborah gonzalez,consumer
5839,CUST108753,javier mcdonald,consumer
5840,CUST108754,timothy williamson,small business
5841,CUST108757,joshua harris,consumer
5842,CUST108758,andrew garcia,consumer
5843,CUST108760,jonathan anderson,consumer
5844,CUST108761,jeff jones,small business
5845,CUST108762,colleen sanchez,consumer
5846,CUST108763,lindsey james,consumer
5847,CUST108764,jesus diaz,corporate
5848,CUST108767,michael mays,consumer
5849,CUST108772,kathleen pierce,consumer
5850,CUST108773,jessica flynn,consumer
5851,CUST108774,hannah ramirez,consumer
5852,CUST108775,carol flores,consumer
5853,CUST108776,micheal walton,consumer
5854,CUST108777,george guerrero,small business
5855,CUST108778,beth carter dvm,consumer
5856,CUST108779,christopher davis,consumer
5857,CUST108780,rebecca atkinson,corporate
5858,CUST108782,justin tanner,consumer
5859,CUST108783,michael coleman,consumer
5860,CUST108784,teresa fleming,corporate
5861,CUST108785,carmen thomas,consumer
5862,CUST108786,grace sherman,consumer
5863,CUST108787,joe parker,corporate
5864,CUST108788,kimberly adams,consumer
5865,CUST108789,jessica cantu,consumer
5866,CUST108790,christopher baker,corporate
5867,CUST108791,brandi meyer,corporate
5868,CUST108792,rebecca wallace,corporate
5869,CUST108793,daniel reynolds,consumer
5870,CUST108794,kimberly lowery,consumer
5871,CUST108795,michael turner,consumer
5872,CUST108797,derrick wilson,corporate
5873,CUST108798,michael hanson,corporate
5874,CUST108800,johnathan houston,consumer
5875,CUST108801,james gentry,consumer
5876,CUST108803,dominique robinson,consumer
5877,CUST108806,susan cox,corporate
5878,CUST108808,teresa howard,corporate
5879,CUST108809,kimberly gray,consumer
5880,CUST108810,mr. alex luna jr.,consumer
5881,CUST108812,bonnie rice,corporate
5882,CUST108814,michael davis,consumer
5883,CUST108815,jennifer pena,corporate
5884,CUST108816,alvin sullivan,consumer
5885,CUST108817,steven taylor,consumer
5886,CUST108818,sabrina edwards,consumer
5887,CUST108819,alejandro hardy,corporate
5888,CUST108820,sean hill,corporate
5889,CUST108821,sarah cruz,consumer
5890,CUST108822,tiffany lee,consumer
5891,CUST108823,brooke contreras,consumer
5892,CUST108824,dr. steven martin,small business
5893,CUST108826,chad bradley,corporate
5894,CUST108829,brian ramirez,consumer
5895,CUST108833,zachary washington,consumer
5896,CUST108834,chris carroll,consumer
5897,CUST108835,jennifer lynch,consumer
5898,CUST108836,nathaniel oconnell,corporate
5899,CUST108837,andrea daniels,consumer
5900,CUST108838,michael stephenson,consumer
5901,CUST108840,sarah hall,corporate
5902,CUST108843,tyler medina,consumer
5903,CUST108844,natalie cole,corporate
5904,CUST108845,zachary stevenson,consumer
5905,CUST108846,kenneth johnson,corporate
5906,CUST108847,austin farmer,consumer
5907,CUST108848,kimberly myers,consumer
5908,CUST108849,joseph johnson,small business
5909,CUST108850,jennifer white,corporate
5910,CUST108851,travis gardner,corporate
5911,CUST108853,eddie lang,small business
5912,CUST108854,timothy thomas,consumer
5913,CUST108855,rachel parker,corporate
5914,CUST108856,samuel peterson,corporate
5915,CUST108857,morgan smith,corporate
5916,CUST108858,joseph ramirez,corporate
5917,CUST108859,james lam,consumer
5918,CUST108860,robert rodriguez,consumer
5919,CUST108861,michael alexander,small business
5920,CUST108862,peter hawkins,consumer
5921,CUST108863,rebecca thomas,corporate
5922,CUST108866,charles castro,consumer
5923,CUST108867,jeremy stevens,corporate
5924,CUST108869,christopher hughes,corporate
5925,CUST108870,erica rodriguez,consumer
5926,CUST108872,anita richard,corporate
5927,CUST108873,tina zavala,consumer
5928,CUST108874,sarah leon,consumer
5929,CUST108878,justin johnson,corporate
5930,CUST108880,donald oconnor,consumer
5931,CUST108881,jordan hinton,consumer
5932,CUST108882,jeremy briggs,corporate
5933,CUST108884,andrew schultz,corporate
5934,CUST108885,rebekah francis,consumer
5935,CUST108886,loretta barry,corporate
5936,CUST108889,dylan hernandez dvm,consumer
5937,CUST108892,eileen patrick,consumer
5938,CUST108893,steven cox,corporate
5939,CUST108894,susan shannon,corporate
5940,CUST108895,jennifer graham,consumer
5941,CUST108896,lori adams,consumer
5942,CUST108897,jeanette jordan,corporate
5943,CUST108898,suzanne lopez,small business
5944,CUST108899,ronnie orozco,consumer
5945,CUST108900,austin burke,consumer
5946,CUST108901,brenda lawrence,consumer
5947,CUST108902,mary curtis,corporate
5948,CUST108903,melissa watts,small business
5949,CUST108904,joshua skinner,corporate
5950,CUST108906,katherine webb,small business
5951,CUST108907,brittney reid,consumer
5952,CUST108911,wendy gonzalez,corporate
5953,CUST108913,danny alexander,corporate
5954,CUST108914,valerie harris,consumer
5955,CUST108916,ronald valdez,consumer
5956,CUST108918,steven sanchez,consumer
5957,CUST108921,donald tate,consumer
5958,CUST108922,brian greene,consumer
5959,CUST108923,jennifer medina,consumer
5960,CUST108925,todd cohen,small business
5961,CUST108927,carolyn gonzalez,consumer
5962,CUST108928,mrs. dana young,consumer
5963,CUST108929,nicholas erickson,corporate
5964,CUST108931,anthony clark,corporate
5965,CUST108932,gary johnson,corporate
5966,CUST108934,miguel davis,corporate
5967,CUST108935,mrs. nicole fowler phd,consumer
5968,CUST108936,heather anderson,corporate
5969,CUST108937,patricia diaz,consumer
5970,CUST108938,wendy gibson,consumer
5971,CUST108940,daniel stone,corporate
5972,CUST108941,matthew miller,consumer
5973,CUST108942,lisa diaz,consumer
5974,CUST108943,jerry shelton,consumer
5975,CUST108945,jamie gutierrez,consumer
5976,CUST108947,cristian cook,small business
5977,CUST108948,peggy armstrong,corporate
5978,CUST108951,mary francis,consumer
5979,CUST108953,donald spencer,consumer
5980,CUST108956,curtis cooper,consumer
5981,CUST108957,diana johnson,consumer
5982,CUST108958,brittany smith,consumer
5983,CUST108960,hailey turner,small business
5984,CUST108961,garrett thomas,corporate
5985,CUST108962,david cummings,consumer
5986,CUST108963,holly cruz,consumer
5987,CUST108966,jennifer riddle,consumer
5988,CUST108968,mrs. donna cross,corporate
5989,CUST108971,anthony clark,consumer
5990,CUST108972,monica torres,consumer
5991,CUST108973,ashley guzman,consumer
5992,CUST108974,denise johnson,consumer
5993,CUST108975,katherine meyer,consumer
5994,CUST108976,mr. jordan terry,corporate
5995,CUST108981,amber johnson,small business
5996,CUST108982,stephanie tucker,consumer
5997,CUST108983,paul jacobs,corporate
5998,CUST108985,cameron mason,corporate
5999,CUST108986,hannah wright,corporate
6000,CUST108987,kristin phelps,small business
6001,CUST108988,william owens,consumer
6002,CUST108989,sara rios,consumer
6003,CUST108991,jonathan bryant,consumer
6004,CUST108993,francis calhoun,corporate
6005,CUST108994,marc taylor,corporate
6006,CUST108995,lauren beard,consumer
6007,CUST108996,michelle campbell,consumer
6008,CUST108998,hayley evans,consumer
6009,CUST108999,dale hawkins,consumer
6010,CUST109000,amanda young,consumer
6011,CUST109001,sean yates,consumer
6012,CUST109003,samuel willis,consumer
6013,CUST109004,brian adams,consumer
6014,CUST109006,todd vargas,consumer
6015,CUST109007,peter schneider,consumer
6016,CUST109008,scott wiley,small business
6017,CUST109009,keith valencia,small business
6018,CUST109012,donald lynch,consumer
6019,CUST109014,john johnson,consumer
6020,CUST109016,dustin yu,consumer
6021,CUST109017,victoria owen,consumer
6022,CUST109018,kimberly suarez,consumer
6023,CUST109020,gloria robinson,consumer
6024,CUST109021,daniel flores,corporate
6025,CUST109024,ronnie contreras,corporate
6026,CUST109025,jeremy may,corporate
6027,CUST109028,charles grimes,small business
6028,CUST109029,antonio yu,corporate
6029,CUST109030,steven gardner,consumer
6030,CUST109031,ryan moore,consumer
6031,CUST109032,connie lewis,consumer
6032,CUST109034,eric miller,consumer
6033,CUST109038,lisa mcdonald,consumer
6034,CUST109039,amy elliott,corporate
6035,CUST109040,john kim,consumer
6036,CUST109041,jennifer clarke,corporate
6037,CUST109045,david pena,consumer
6038,CUST109046,jordan burns,corporate
6039,CUST109047,kenneth carpenter,corporate
6040,CUST109049,erin nichols,consumer
6041,CUST109051,shawn moore,small business
6042,CUST109052,john murray,corporate
6043,CUST109053,mr. nathaniel reyes,small business
6044,CUST109054,laura glover,consumer
6045,CUST109055,brittany berg,consumer
6046,CUST109057,pamela carter,consumer
6047,CUST109058,duane lewis,consumer
6048,CUST109059,roberta hogan,small business
6049,CUST109060,sara noble,small business
6050,CUST109063,robin robertson,consumer
6051,CUST109064,david chaney,consumer
6052,CUST109065,adam doyle,corporate
6053,CUST109066,alex weiss,corporate
6054,CUST109067,stacy scott,consumer
6055,CUST109068,nathan callahan,consumer
6056,CUST109069,kevin white,consumer
6057,CUST109072,holly gibson,consumer
6058,CUST109073,stanley henderson,consumer
6059,CUST109075,richard cruz,corporate
6060,CUST109076,anna ibarra,corporate
6061,CUST109077,jenna henderson,corporate
6062,CUST109078,laurie lee,consumer
6063,CUST109079,cathy wong,consumer
6064,CUST109080,stefanie valenzuela,corporate
6065,CUST109081,miss danielle martin md,consumer
6066,CUST109082,robin jackson,consumer
6067,CUST109083,angela moran,consumer
6068,CUST109085,frank hoffman,small business
6069,CUST109086,krista heath,corporate
6070,CUST109088,randy evans,consumer
6071,CUST109089,joseph townsend,consumer
6072,CUST109090,heather espinoza,small business
6073,CUST109091,timothy daniel,consumer
6074,CUST109094,wayne cabrera,corporate
6075,CUST109095,carl alvarez,corporate
6076,CUST109096,jennifer lindsey,consumer
6077,CUST109098,jennifer walker,consumer
6078,CUST109100,jon marshall,consumer
6079,CUST109101,william baxter,corporate
6080,CUST109102,jillian myers,consumer
6081,CUST109103,michael atkins,consumer
6082,CUST109104,shane brown,consumer
6083,CUST109108,patricia adams,consumer
6084,CUST109111,laura hanson,small business
6085,CUST109112,shelby thompson,consumer
6086,CUST109114,michael moore,consumer
6087,CUST109115,patricia scott,consumer
6088,CUST109116,stephanie crane,consumer
6089,CUST109117,john miles,consumer
6090,CUST109118,mary martinez,consumer
6091,CUST109122,joshua santiago,consumer
6092,CUST109123,brett fry,corporate
6093,CUST109124,miguel lopez,consumer
6094,CUST109125,katie morris,consumer
6095,CUST109126,robin conner,small business
6096,CUST109127,jose brennan,consumer
6097,CUST109128,joshua harvey,small business
6098,CUST109129,kathryn moore,corporate
6099,CUST109131,erin coleman,small business
6100,CUST109132,amy malone,consumer
6101,CUST109133,jillian valencia,consumer
6102,CUST109134,bonnie watts,small business
6103,CUST109135,jose nixon,corporate
6104,CUST109136,joshua greer,consumer
6105,CUST109137,dr. lisa henson,consumer
6106,CUST109138,gabrielle anderson,consumer
6107,CUST109139,vanessa waters,consumer
6108,CUST109140,kelly saunders,corporate
6109,CUST109142,jessica young,consumer
6110,CUST109143,kevin glover,small business
6111,CUST109145,mark stephens,small business
6112,CUST109146,jenna rodriguez,consumer
6113,CUST109148,elizabeth watson,corporate
6114,CUST109150,timothy perez md,corporate
6115,CUST109151,jeffrey lynn,consumer
6116,CUST109153,timothy nicholson,corporate
6117,CUST109155,nancy montgomery,consumer
6118,CUST109156,brandy montgomery,corporate
6119,CUST109157,daniel maldonado,corporate
6120,CUST109158,christopher ponce,consumer
6121,CUST109159,albert garrett,consumer
6122,CUST109160,sydney garcia,consumer
6123,CUST109163,david french,small business
6124,CUST109164,kevin simpson,consumer
6125,CUST109165,kyle robbins,consumer
6126,CUST109167,stephanie ramos,consumer
6127,CUST109169,laura york,consumer
6128,CUST109171,johnathan warren,consumer
6129,CUST109172,jessica gill,small business
6130,CUST109174,tyler reyes,corporate
6131,CUST109175,melissa harris,consumer
6132,CUST109176,timothy ramos,consumer
6133,CUST109177,frank smith,consumer
6134,CUST109178,dawn rodriguez,small business
6135,CUST109181,christopher fuller,corporate
6136,CUST109182,christopher cabrera,corporate
6137,CUST109183,james rojas,consumer
6138,CUST109184,monique navarro,consumer
6139,CUST109185,justin norman,corporate
6140,CUST109186,erin cobb,corporate
6141,CUST109187,john buck,consumer
6142,CUST109188,dana martin,small business
6143,CUST109189,amber baker,consumer
6144,CUST109190,jaime robbins,small business
6145,CUST109191,ashley maldonado,small business
6146,CUST109195,kylie serrano,consumer
6147,CUST109196,mitchell james,consumer
6148,CUST109198,nathaniel smith,consumer
6149,CUST109199,eugene deleon,consumer
6150,CUST109200,sandra fowler,consumer
6151,CUST109201,matthew martinez,consumer
6152,CUST109202,heather mccoy,corporate
6153,CUST109203,bridget gates,consumer
6154,CUST109204,erica dillon,corporate
6155,CUST109205,tanya ryan,small business
6156,CUST109206,sarah davis,consumer
6157,CUST109208,michael jenkins,corporate
6158,CUST109210,jeffrey mccarty,small business
6159,CUST109211,amanda white,consumer
6160,CUST109213,tiffany rodriguez,consumer
6161,CUST109215,carla taylor,consumer
6162,CUST109218,james armstrong,small business
6163,CUST109219,christopher harris,consumer
6164,CUST109220,angela wilkerson dvm,consumer
6165,CUST109222,brenda archer,consumer
6166,CUST109223,luis suarez,consumer
6167,CUST109224,casey beck,corporate
6168,CUST109225,joseph moreno dds,consumer
6169,CUST109226,david bowman,consumer
6170,CUST109227,michelle hunt,consumer
6171,CUST109228,amber malone,consumer
6172,CUST109229,deborah espinoza,small business
6173,CUST109231,ashley martin,consumer
6174,CUST109233,heather green,consumer
6175,CUST109234,julie smith,consumer
6176,CUST109235,melissa moore,corporate
6177,CUST109236,david clark,small business
6178,CUST109237,paul ramos,small business
6179,CUST109239,bryce parker,consumer
6180,CUST109240,donald cole,corporate
6181,CUST109241,kevin mitchell,consumer
6182,CUST109242,christopher larson,corporate
6183,CUST109246,matthew small,consumer
6184,CUST109247,michael taylor,corporate
6185,CUST109251,stacy zamora,consumer
6186,CUST109252,holly henry,consumer
6187,CUST109253,james dawson,consumer
6188,CUST109255,vanessa hernandez,corporate
6189,CUST109258,vickie contreras,consumer
6190,CUST109259,michelle nelson,consumer
6191,CUST109260,destiny williams dds,small business
6192,CUST109261,robert murray,small business
6193,CUST109264,kimberly vance,consumer
6194,CUST109267,debra beltran,small business
6195,CUST109268,kathryn martinez,consumer
6196,CUST109269,daniel brooks,consumer
6197,CUST109270,joshua rodriguez,consumer
6198,CUST109271,cynthia jones,consumer
6199,CUST109272,caroline smith,corporate
6200,CUST109276,kayla trevino,corporate
6201,CUST109278,colin klein,consumer
6202,CUST109280,stephen gardner,consumer
6203,CUST109281,chris wolfe,small business
6204,CUST109286,nicholas mcmillan,consumer
6205,CUST109290,sarah smith,consumer
6206,CUST109291,aaron lin,consumer
6207,CUST109292,kyle lewis,small business
6208,CUST109294,meghan young,consumer
6209,CUST109295,richard wallace,consumer
6210,CUST109296,kayla olson,small business
6211,CUST109297,cindy jones,consumer
6212,CUST109298,anthony ford,corporate
6213,CUST109299,alexis johnson,consumer
6214,CUST109300,sharon martin,consumer
6215,CUST109301,abigail moore,small business
6216,CUST109302,andrew martinez,consumer
6217,CUST109304,travis clark,corporate
6218,CUST109305,nicole williams,consumer
6219,CUST109307,anthony perez,corporate
6220,CUST109308,rebecca smith,consumer
6221,CUST109309,kimberly rodriguez,corporate
6222,CUST109311,denise flowers,small business
6223,CUST109312,keith barnett,corporate
6224,CUST109313,lauren rogers,consumer
6225,CUST109314,richard payne,small business
6226,CUST109315,mark garza,consumer
6227,CUST109318,eric adams,consumer
6228,CUST109319,james bailey,consumer
6229,CUST109320,leslie gutierrez,consumer
6230,CUST109321,nicholas osborn,corporate
6231,CUST109323,linda oliver,consumer
6232,CUST109324,marco frederick,small business
6233,CUST109325,karen ramsey,corporate
6234,CUST109326,carrie smith,consumer
6235,CUST109328,joseph tran,corporate
6236,CUST109330,michael ayers,consumer
6237,CUST109332,david patterson,corporate
6238,CUST109333,ashley robinson,consumer
6239,CUST109334,mr. troy gordon dds,consumer
6240,CUST109339,nathaniel wright,consumer
6241,CUST109340,victoria wright,consumer
6242,CUST109341,teresa stephens,consumer
6243,CUST109342,chad mendoza,small business
6244,CUST109345,julia webster,corporate
6245,CUST109346,melissa murphy,corporate
6246,CUST109348,linda rivas,corporate
6247,CUST109349,elizabeth ayala,consumer
6248,CUST109350,bridget duran,corporate
6249,CUST109351,miss karen schultz,corporate
6250,CUST109352,rachel sweeney,corporate
6251,CUST109353,melissa madden,small business
6252,CUST109355,charlene owens,consumer
6253,CUST109356,stephanie lowery,small business
6254,CUST109357,thomas smith,corporate
6255,CUST109358,bobby ruiz,consumer
6256,CUST109360,joseph hahn,small business
6257,CUST109361,kelly bailey,small business
6258,CUST109362,jessica meadows,consumer
6259,CUST109363,michele vazquez,consumer
6260,CUST109364,christina deleon,corporate
6261,CUST109365,javier hale,small business
6262,CUST109366,william brown,small business
6263,CUST109367,nicole reid,corporate
6264,CUST109368,brad contreras,corporate
6265,CUST109369,vanessa shannon,corporate
6266,CUST109370,christine hendrix,consumer
6267,CUST109373,douglas adams,consumer
6268,CUST109375,jessica hays,consumer
6269,CUST109376,laura clay,consumer
6270,CUST109378,angel moore,corporate
6271,CUST109379,carl scott,small business
6272,CUST109381,noah jones,small business
6273,CUST109383,roberto russell,consumer
6274,CUST109385,kaitlyn mcdowell,small business
6275,CUST109386,ronald coleman,consumer
6276,CUST109387,billy medina,small business
6277,CUST109389,shannon campbell,consumer
6278,CUST109391,hannah ayala md,consumer
6279,CUST109392,jasmine horn,consumer
6280,CUST109393,albert james,consumer
6281,CUST109396,john kelly,consumer
6282,CUST109397,sarah davis,consumer
6283,CUST109398,allen lawrence,corporate
6284,CUST109399,brian gill,small business
6285,CUST109400,gary davis,consumer
6286,CUST109401,brianna morris,consumer
6287,CUST109406,tara rich,consumer
6288,CUST109407,pamela gregory,small business
6289,CUST109408,catherine ochoa,corporate
6290,CUST109409,cynthia crawford,consumer
6291,CUST109410,andrew townsend,consumer
6292,CUST109411,jeffrey mills,consumer
6293,CUST109412,janet marshall,consumer
6294,CUST109413,rebecca vazquez,small business
6295,CUST109415,mark smith,consumer
6296,CUST109416,tyler dean,corporate
6297,CUST109417,carla hoffman,consumer
6298,CUST109420,tammy hill,corporate
6299,CUST109421,daniel kennedy,consumer
6300,CUST109422,jordan barr,corporate
6301,CUST109423,alyssa gomez,small business
6302,CUST109424,cindy garcia,small business
6303,CUST109425,eddie ortega,consumer
6304,CUST109427,casey wise,consumer
6305,CUST109428,james zimmerman,consumer
6306,CUST109429,christopher flores,consumer
6307,CUST109430,alexandria owens,small business
6308,CUST109431,tammy bell,consumer
6309,CUST109432,shannon cunningham,consumer
6310,CUST109433,angela barnett,corporate
6311,CUST109434,megan lawson,corporate
6312,CUST109435,joshua king,corporate
6313,CUST109436,ashley mcgrath,consumer
6314,CUST109439,angelica burns,consumer
6315,CUST109440,katie carroll,consumer
6316,CUST109446,jonathan morales,consumer
6317,CUST109447,nicholas ritter dds,consumer
6318,CUST109448,kim rivera,corporate
6319,CUST109450,annette carpenter,consumer
6320,CUST109451,trevor jones,consumer
6321,CUST109453,diana martinez,consumer
6322,CUST109455,megan rosario,consumer
6323,CUST109460,jeffrey king,corporate
6324,CUST109461,hannah mills,corporate
6325,CUST109465,jasmine williams,consumer
6326,CUST109466,brittany moreno,corporate
6327,CUST109467,rachel baker,consumer
6328,CUST109469,juan alvarez,consumer
6329,CUST109470,gary garcia,consumer
6330,CUST109473,tina lowe,consumer
6331,CUST109476,jason fritz,corporate
6332,CUST109477,jason henderson,small business
6333,CUST109478,william cummings,consumer
6334,CUST109479,jonathan larson,corporate
6335,CUST109483,sandra faulkner,corporate
6336,CUST109484,william morgan,consumer
6337,CUST109485,bryan walsh,small business
6338,CUST109486,rachel ortiz,consumer
6339,CUST109487,justin james,consumer
6340,CUST109488,amy wright,consumer
6341,CUST109489,michelle pollard,corporate
6342,CUST109490,heather wilson,consumer
6343,CUST109491,ryan burns,small business
6344,CUST109492,charlotte lopez,consumer
6345,CUST109493,gabrielle leblanc,consumer
6346,CUST109494,tammy adams,consumer
6347,CUST109496,katherine long,consumer
6348,CUST109498,deborah ewing,consumer
6349,CUST109499,ethan porter,consumer
6350,CUST109500,william robinson,corporate
6351,CUST109501,cindy mendoza,consumer
6352,CUST109502,juan perez,corporate
6353,CUST109503,andrew sandoval,corporate
6354,CUST109504,karen ortiz,corporate
6355,CUST109505,amy hunter,consumer
6356,CUST109507,victoria brown,corporate
6357,CUST109508,russell martinez,consumer
6358,CUST109510,angel young,small business
6359,CUST109512,mark rojas,small business
6360,CUST109513,rebecca rowe,consumer
6361,CUST109514,alexa warner,consumer
6362,CUST109515,michael beard,corporate
6363,CUST109516,leonard brown,consumer
6364,CUST109518,robert norris,corporate
6365,CUST109520,robert crawford,small business
6366,CUST109521,catherine cordova,consumer
6367,CUST109522,susan smith,consumer
6368,CUST109523,jeffrey grimes,consumer
6369,CUST109526,connie gill,corporate
6370,CUST109527,ana smith,corporate
6371,CUST109528,joshua romero,consumer
6372,CUST109531,spencer hernandez,consumer
6373,CUST109534,dr. craig taylor,consumer
6374,CUST109535,nicole arias,consumer
6375,CUST109536,regina perry,consumer
6376,CUST109538,aaron chandler,consumer
6377,CUST109539,karen espinoza,corporate
6378,CUST109540,sydney sellers,consumer
6379,CUST109541,isaac gonzales,consumer
6380,CUST109542,jill ford,consumer
6381,CUST109543,ryan blair,consumer
6382,CUST109544,beth evans,consumer
6383,CUST109545,crystal lucas,consumer
6384,CUST109547,kathryn everett,consumer
6385,CUST109548,kyle ramsey,consumer
6386,CUST109549,lisa flowers,consumer
6387,CUST109553,sandra bradford,consumer
6388,CUST109555,rebecca mclaughlin,consumer
6389,CUST109556,samuel yoder,consumer
6390,CUST109563,andrew dixon,consumer
6391,CUST109564,benjamin wallace,consumer
6392,CUST109567,daniel estrada,consumer
6393,CUST109568,stephanie austin,consumer
6394,CUST109569,daniel pierce,consumer
6395,CUST109570,troy bautista,consumer
6396,CUST109573,jennifer hanson,consumer
6397,CUST109575,sara mckee,consumer
6398,CUST109576,christopher richards,consumer
6399,CUST109578,charlotte blackwell,small business
6400,CUST109579,kayla perry,consumer
6401,CUST109581,vanessa jenkins,consumer
6402,CUST109587,christopher gonzales,consumer
6403,CUST109588,emma morgan,corporate
6404,CUST109589,patricia mcpherson,consumer
6405,CUST109590,melissa bauer,corporate
6406,CUST109592,heather hawkins,consumer
6407,CUST109593,linda perez,corporate
6408,CUST109594,albert abbott,corporate
6409,CUST109595,karen holmes,corporate
6410,CUST109596,mr. larry jones dds,consumer
6411,CUST109598,mary guzman,small business
6412,CUST109599,natalie murray,corporate
6413,CUST109600,joshua matthews,consumer
6414,CUST109602,david moore,consumer
6415,CUST109604,jeffrey castro,consumer
6416,CUST109606,lindsay jones,consumer
6417,CUST109607,laura oliver,consumer
6418,CUST109608,adam francis,consumer
6419,CUST109610,mrs. carol roberts,small business
6420,CUST109611,erica cobb,corporate
6421,CUST109613,steven huynh,consumer
6422,CUST109614,matthew hale,small business
6423,CUST109615,kyle porter,consumer
6424,CUST109616,mr. david green,consumer
6425,CUST109617,brianna leon,consumer
6426,CUST109619,scott schmidt,consumer
6427,CUST109621,brianna foster,small business
6428,CUST109623,james dean,small business
6429,CUST109624,judy mcdonald,consumer
6430,CUST109627,brandon torres,small business
6431,CUST109628,kelsey serrano,corporate
6432,CUST109629,joshua williams,corporate
6433,CUST109630,mr. christopher dunn,corporate
6434,CUST109633,deborah gonzalez,corporate
6435,CUST109635,william nash,consumer
6436,CUST109636,barbara allen,consumer
6437,CUST109637,brent black,consumer
6438,CUST109640,william white,consumer
6439,CUST109642,jonathan mcmahon,consumer
6440,CUST109644,kristen evans,consumer
6441,CUST109645,travis frazier,consumer
6442,CUST109646,felicia baker,consumer
6443,CUST109647,kevin murray,consumer
6444,CUST109648,jeffery chan,consumer
6445,CUST109649,brian bryant,consumer
6446,CUST109650,mr. zachary lloyd,consumer
6447,CUST109651,john johnston,small business
6448,CUST109652,brandy mcdaniel,corporate
6449,CUST109653,tonya smith,consumer
6450,CUST109654,charles lopez,consumer
6451,CUST109656,james williams,consumer
6452,CUST109658,dominic montes,consumer
6453,CUST109659,monique nelson,consumer
6454,CUST109660,christopher white jr.,consumer
6455,CUST109661,samantha ware,corporate
6456,CUST109663,jonathan cardenas,small business
6457,CUST109665,sean johnson,consumer
6458,CUST109666,mary west,consumer
6459,CUST109667,katherine wallace,consumer
6460,CUST109668,kirk james,consumer
6461,CUST109670,john smith,consumer
6462,CUST109671,anne lee,corporate
6463,CUST109672,maria sanders,consumer
6464,CUST109673,laura lee,consumer
6465,CUST109674,deborah chavez,consumer
6466,CUST109675,tina garcia,consumer
6467,CUST109676,spencer martinez,corporate
6468,CUST109677,vincent martin,consumer
6469,CUST109679,joshua brewer,corporate
6470,CUST109683,jacob patel,corporate
6471,CUST109685,jeff hughes,small business
6472,CUST109687,natalie perkins,consumer
6473,CUST109688,elizabeth schneider,consumer
6474,CUST109690,daniel buck,corporate
6475,CUST109691,sharon frye,corporate
6476,CUST109692,robert nichols,consumer
6477,CUST109693,samantha griffith,small business
6478,CUST109694,kyle watts,small business
6479,CUST109696,steven jensen,consumer
6480,CUST109697,amy thomas,consumer
6481,CUST109699,melody jacobson,small business
6482,CUST109700,erica patterson,consumer
6483,CUST109701,michael walker,corporate
6484,CUST109702,david kelly,consumer
6485,CUST109703,nina rodriguez,corporate
6486,CUST109704,brenda waters dvm,consumer
6487,CUST109707,tracey green,small business
6488,CUST109709,chad buckley,corporate
6489,CUST109710,scott miller,consumer
6490,CUST109711,brian ford,consumer
6491,CUST109713,mike davis,consumer
6492,CUST109714,cheryl thomas md,small business
6493,CUST109715,brandon burke,consumer
6494,CUST109716,melissa morrow,consumer
6495,CUST109717,connie lowery,consumer
6496,CUST109718,ethan mcclain,consumer
6497,CUST109721,chelsea russell,consumer
6498,CUST109722,tom molina,small business
6499,CUST109723,christine garza,consumer
6500,CUST109724,kevin riley,consumer
6501,CUST109725,christy moore,corporate
6502,CUST109726,leslie gibson,consumer
6503,CUST109727,dominique hall,consumer
6504,CUST109728,ashley jones,corporate
6505,CUST109731,jessica lambert,consumer
6506,CUST109732,jessica jones,corporate
6507,CUST109734,jacqueline morris,corporate
6508,CUST109735,angela obrien,consumer
6509,CUST109736,robert cole,small business
6510,CUST109739,robert oneill,corporate
6511,CUST109741,monica mccullough,corporate
6512,CUST109742,carol rodriguez,corporate
6513,CUST109743,ryan mcdonald,corporate
6514,CUST109744,edward meadows,corporate
6515,CUST109748,peggy garcia,corporate
6516,CUST109749,peter green,small business
6517,CUST109750,rebecca smith,consumer
6518,CUST109752,tiffany johnson,consumer
6519,CUST109754,carla marshall,corporate
6520,CUST109755,robert strong,consumer
6521,CUST109757,michael may,small business
6522,CUST109758,daniel gonzalez,consumer
6523,CUST109759,terri martin,consumer
6524,CUST109760,sara allen,consumer
6525,CUST109761,lisa hayes,consumer
6526,CUST109762,david jones,consumer
6527,CUST109763,laura rojas,consumer
6528,CUST109765,sheila porter,consumer
6529,CUST109768,patrick moore,small business
6530,CUST109770,ashley davis,consumer
6531,CUST109771,kristin contreras,consumer
6532,CUST109773,ross aguilar,consumer
6533,CUST109774,alyssa mcdonald,corporate
6534,CUST109775,tyrone jones,consumer
6535,CUST109777,nicolas baxter,consumer
6536,CUST109778,sierra cox,consumer
6537,CUST109779,heather gray,consumer
6538,CUST109780,maria anderson,corporate
6539,CUST109781,courtney bruce,consumer
6540,CUST109782,helen chandler,consumer
6541,CUST109783,dr. roy vincent,small business
6542,CUST109784,kelsey lambert,consumer
6543,CUST109785,jose chan,corporate
6544,CUST109786,margaret roberts,consumer
6545,CUST109788,jeffrey khan,corporate
6546,CUST109789,brooke taylor,corporate
6547,CUST109791,mario padilla,consumer
6548,CUST109794,sarah sosa,consumer
6549,CUST109796,kimberly flores,consumer
6550,CUST109797,john thomas,consumer
6551,CUST109798,amanda hinton,consumer
6552,CUST109801,brittany mayer,consumer
6553,CUST109802,desiree rios,consumer
6554,CUST109803,carrie ford,consumer
6555,CUST109804,heather herrera,consumer
6556,CUST109805,mr. michael singleton,consumer
6557,CUST109806,steven chavez,consumer
6558,CUST109807,joe williams,consumer
6559,CUST109809,michael torres,corporate
6560,CUST109810,amber brown,consumer
6561,CUST109812,michael murphy,corporate
6562,CUST109813,robert lowe,consumer
6563,CUST109814,jacob adams,consumer
6564,CUST109815,justin henderson,consumer
6565,CUST109816,christopher hoover,consumer
6566,CUST109817,vanessa lara,corporate
6567,CUST109820,nancy reynolds,corporate
6568,CUST109821,linda jacobs,small business
6569,CUST109823,robin duffy,consumer
6570,CUST109824,kelsey madden,corporate
6571,CUST109825,melissa pope,consumer
6572,CUST109826,bryan tran,corporate
6573,CUST109828,cassie woods,small business
6574,CUST109829,teresa turner,corporate
6575,CUST109830,victor scott,small business
6576,CUST109831,brenda ortiz,consumer
6577,CUST109833,allison wade,small business
6578,CUST109834,amanda green,consumer
6579,CUST109836,veronica brown,small business
6580,CUST109837,alan bush,consumer
6581,CUST109838,marvin henry,consumer
6582,CUST109840,jesus wood,consumer
6583,CUST109841,robin rodriguez,consumer
6584,CUST109842,hannah taylor,small business
6585,CUST109843,melody james,consumer
6586,CUST109845,austin jones,corporate
6587,CUST109846,ryan green,consumer
6588,CUST109848,april stevenson,consumer
6589,CUST109849,kevin wilson,corporate
6590,CUST109851,cynthia norris,consumer
6591,CUST109852,keith orozco,consumer
6592,CUST109853,bianca mckenzie,consumer
6593,CUST109854,janice underwood dds,consumer
6594,CUST109857,james williams,corporate
6595,CUST109859,alison robinson,consumer
6596,CUST109862,mark case,consumer
6597,CUST109863,stanley hernandez,consumer
6598,CUST109864,phyllis miller,small business
6599,CUST109865,noah tran,consumer
6600,CUST109866,michael johnson,consumer
6601,CUST109868,lauren jackson,consumer
6602,CUST109870,dr. joseph roach,consumer
6603,CUST109871,megan long,small business
6604,CUST109874,miss jennifer willis,consumer
6605,CUST109876,ian reed,consumer
6606,CUST109878,eric fields,consumer
6607,CUST109879,james hartman,consumer
6608,CUST109880,mary watson,consumer
6609,CUST109881,linda poole,small business
6610,CUST109883,michael esparza,small business
6611,CUST109884,melissa villa,consumer
6612,CUST109886,sandra velez,consumer
6613,CUST109889,makayla george,consumer
6614,CUST109891,sarah reed,consumer
6615,CUST109893,angel stevenson,consumer
6616,CUST109894,kristina ware,small business
6617,CUST109896,amy cross,consumer
6618,CUST109897,maurice miller jr.,consumer
6619,CUST109898,jennifer smith,consumer
6620,CUST109899,raymond wilson,consumer
6621,CUST109902,emily howard,corporate
6622,CUST109903,tyler lam,consumer
6623,CUST109904,bradley riggs,corporate
6624,CUST109906,steven baker,consumer
6625,CUST109907,jamie jackson,consumer
6626,CUST109909,cassandra tanner,consumer
6627,CUST109910,gregory brown,consumer
6628,CUST109911,reginald garcia,corporate
6629,CUST109912,stephen orr,consumer
6630,CUST109913,calvin nelson,consumer
6631,CUST109914,april mills,corporate
6632,CUST109915,andre jones,corporate
6633,CUST109919,rita frazier,consumer
6634,CUST109920,benjamin sullivan,small business
6635,CUST109922,sarah davis,corporate
6636,CUST109923,samantha collins,consumer
6637,CUST109924,martin wise,corporate
6638,CUST109926,alexandra perez,consumer
6639,CUST109927,bruce hernandez,consumer
6640,CUST109930,gregory park,small business
6641,CUST109931,holly nguyen,corporate
6642,CUST109934,anthony mccarthy,consumer
6643,CUST109935,vanessa logan,consumer
6644,CUST109936,erica mclean,corporate
6645,CUST109937,nicole thompson,corporate
6646,CUST109938,vicki henry,corporate
6647,CUST109939,sherri harris,small business
6648,CUST109940,john smith,small business
6649,CUST109942,glenn bishop,small business
6650,CUST109945,brent lopez,small business
6651,CUST109946,cynthia martinez,small business
6652,CUST109947,darren harrison,consumer
6653,CUST109948,thomas mason,consumer
6654,CUST109949,amanda sawyer,consumer
6655,CUST109950,stephanie stout dvm,corporate
6656,CUST109951,david anderson,consumer
6657,CUST109953,courtney cunningham,consumer
6658,CUST109955,stephanie webb,consumer
6659,CUST109956,ronald holder,corporate
6660,CUST109957,ryan ortiz,consumer
6661,CUST109958,frank coleman,consumer
6662,CUST109959,rachel salas,corporate
6663,CUST109960,brian vazquez,corporate
6664,CUST109961,stephanie walters,consumer
6665,CUST109962,ashley hall,small business
6666,CUST109964,tina rios,consumer
6667,CUST109965,annette velez,corporate
6668,CUST109966,anna tanner,consumer
6669,CUST109967,mr. hunter barrera,corporate
6670,CUST109968,dr. robert morgan ii,consumer
6671,CUST109969,meredith roy,consumer
6672,CUST109970,tiffany bauer,consumer
6673,CUST109971,erica valdez,consumer
6674,CUST109972,joshua mosley,small business
6675,CUST109973,kevin mullins,consumer
6676,CUST109974,dalton scott,corporate
6677,CUST109975,stacey frank,consumer
6678,CUST109977,kristen bailey,corporate
6679,CUST109979,michelle garcia,corporate
6680,CUST109980,lynn vazquez,consumer
6681,CUST109981,jenny gutierrez,consumer
6682,CUST109982,justin chen dvm,small business
6683,CUST109983,donna lewis,corporate
6684,CUST109984,amy decker,small business
6685,CUST109985,tammie leonard,consumer
6686,CUST109986,sean werner,corporate
6687,CUST109987,brittney hensley,consumer
6688,CUST109988,brian sanders,corporate
6689,CUST109989,robert peterson,corporate
6690,CUST109991,james silva,consumer
6691,CUST109993,kristina edwards,corporate
6692,CUST109996,ryan goodman,small business
6693,CUST109999,nicole sanders,consumer
6694,CUST110000,sandy maddox,corporate
6695,CUST110004,marilyn mills,corporate
6696,CUST110006,blake mccarthy,consumer
6697,CUST110008,dr. sean jackson jr.,consumer
6698,CUST110009,stacey wright,corporate
6699,CUST110010,jessica shepherd,corporate
6700,CUST110011,jerry wolfe,consumer
6701,CUST110012,cheryl castillo,consumer
6702,CUST110013,vanessa weaver,consumer
6703,CUST110014,tyler green,consumer
6704,CUST110015,lisa hale,small business
6705,CUST110017,joshua mathews,consumer
6706,CUST110018,robert moon,consumer
6707,CUST110020,carlos larson,consumer
6708,CUST110022,adam mills,consumer
6709,CUST110023,michael gutierrez,consumer
6710,CUST110024,danny george,corporate
6711,CUST110025,ronald jones,small business
6712,CUST110026,rachel deleon,consumer
6713,CUST110030,lee williams,consumer
6714,CUST110031,jocelyn scott,consumer
6715,CUST110034,michael joseph,consumer
6716,CUST110035,amanda bates,consumer
6717,CUST110036,angel kelly,consumer
6718,CUST110039,jacob williams,consumer
6719,CUST110040,mr. timothy fleming,consumer
6720,CUST110045,brandon crane,small business
6721,CUST110046,harold zuniga,consumer
6722,CUST110051,stacy myers,consumer
6723,CUST110052,allen thomas,consumer
6724,CUST110053,tracy vasquez,consumer
6725,CUST110054,elizabeth harris,consumer
6726,CUST110056,roberta hall,consumer
6727,CUST110057,theodore bryant,consumer
6728,CUST110058,scott sandoval,small business
6729,CUST110059,shelly choi,consumer
6730,CUST110060,samuel davis,consumer
6731,CUST110062,anthony foster,consumer
6732,CUST110063,shannon petersen,consumer
6733,CUST110064,mrs. rachel thompson,small business
6734,CUST110065,stephanie brown,consumer
6735,CUST110066,paul brown,corporate
6736,CUST110067,lisa miller,consumer
6737,CUST110068,jeffrey walton,small business
6738,CUST110069,robert rosario,small business
6739,CUST110070,christopher johnson,corporate
6740,CUST110072,alicia ochoa,consumer
6741,CUST110074,rebecca noble,small business
6742,CUST110075,bradley singleton,small business
6743,CUST110078,kristen kline,consumer
6744,CUST110080,jaclyn crawford,consumer
6745,CUST110081,brittany esparza,small business
6746,CUST110083,heather jones,corporate
6747,CUST110084,frank lee,consumer
6748,CUST110085,james ramirez,consumer
6749,CUST110086,jonathon harris,consumer
6750,CUST110087,mark walker,consumer
6751,CUST110088,kim smith,consumer
6752,CUST110089,elizabeth jordan,corporate
6753,CUST110090,jessica cooper,consumer
6754,CUST110091,mackenzie gonzales,consumer
6755,CUST110092,caleb bailey,consumer
6756,CUST110093,larry casey,corporate
6757,CUST110094,david howe,consumer
6758,CUST110096,ian ellis,consumer
6759,CUST110097,laura pope,consumer
6760,CUST110098,jay stephens,corporate
6761,CUST110099,kenneth fox,corporate
6762,CUST110100,brittany edwards,consumer
6763,CUST110101,larry taylor,corporate
6764,CUST110102,sarah salinas,small business
6765,CUST110106,daniel walker,consumer
6766,CUST110108,donald howard,consumer
6767,CUST110110,james rodriguez,consumer
6768,CUST110111,lee bridges,consumer
6769,CUST110112,meagan woodward,corporate
6770,CUST110113,lisa davis,consumer
6771,CUST110114,carol burns,corporate
6772,CUST110116,hailey lynch,small business
6773,CUST110117,william johnson,consumer
6774,CUST110118,nicholas ball,consumer
6775,CUST110121,michael clark,corporate
6776,CUST110122,jason stewart,corporate
6777,CUST110123,katie lewis,corporate
6778,CUST110124,amy hamilton,consumer
6779,CUST110126,samantha costa,consumer
6780,CUST110127,caitlin gonzalez,consumer
6781,CUST110128,linda haas,consumer
6782,CUST110130,alyssa myers,consumer
6783,CUST110131,patricia merritt,corporate
6784,CUST110132,joseph butler md,corporate
6785,CUST110133,jay kelly,consumer
6786,CUST110135,mr. norman ramirez,consumer
6787,CUST110136,steve meyer,corporate
6788,CUST110140,james suarez,corporate
6789,CUST110141,rick taylor,consumer
6790,CUST110142,jake oliver,consumer
6791,CUST110143,casey wilson,consumer
6792,CUST110145,julie walker,consumer
6793,CUST110146,gloria crane,consumer
6794,CUST110147,james ingram,consumer
6795,CUST110148,kevin price,consumer
6796,CUST110149,emily thompson,corporate
6797,CUST110150,felicia jackson,small business
6798,CUST110151,james james,consumer
6799,CUST110153,andrew riddle,consumer
6800,CUST110154,zachary phillips,small business
6801,CUST110156,jason barrett,consumer
6802,CUST110158,jennifer young,corporate
6803,CUST110159,tammy baker,consumer
6804,CUST110160,sheryl lewis,consumer
6805,CUST110161,yolanda hernandez,consumer
6806,CUST110165,lisa campos,consumer
6807,CUST110166,kathleen lawrence,small business
6808,CUST110167,jeremy kelly,consumer
6809,CUST110168,mark schwartz,consumer
6810,CUST110169,john brooks,corporate
6811,CUST110170,glenn martinez,consumer
6812,CUST110176,glen gonzales,consumer
6813,CUST110177,henry moore,consumer
6814,CUST110179,carolyn carter,consumer
6815,CUST110180,james chung,small business
6816,CUST110181,lawrence maddox,consumer
6817,CUST110183,wendy parker,consumer
6818,CUST110184,daisy miller,small business
6819,CUST110187,ernest galvan,consumer
6820,CUST110189,katie zuniga,consumer
6821,CUST110190,gregory guzman,consumer
6822,CUST110191,paul allen,consumer
6823,CUST110192,robert ross,consumer
6824,CUST110195,ryan gibson,consumer
6825,CUST110196,courtney white,small business
6826,CUST110197,kevin thompson,small business
6827,CUST110199,ruth richards,corporate
6828,CUST110201,samantha thomas,corporate
6829,CUST110203,tara mueller,consumer
6830,CUST110204,krista white,corporate
6831,CUST110207,jodi mills,consumer
6832,CUST110208,beverly stone,consumer
6833,CUST110209,jerry ferguson,consumer
6834,CUST110210,joshua jones,consumer
6835,CUST110211,sheena brown,corporate
6836,CUST110214,james castro,corporate
6837,CUST110215,daniel king,consumer
6838,CUST110216,heather rodriguez,small business
6839,CUST110217,melissa perez,consumer
6840,CUST110218,julie nelson,corporate
6841,CUST110219,amy frazier,corporate
6842,CUST110220,john sparks,small business
6843,CUST110221,jeffery james,consumer
6844,CUST110222,cody dickerson,consumer
6845,CUST110223,jennifer vega,small business
6846,CUST110224,christopher morgan,corporate
6847,CUST110225,karen glass,consumer
6848,CUST110226,daniel johnson,consumer
6849,CUST110227,michael roth,consumer
6850,CUST110228,valerie kaufman,consumer
6851,CUST110229,stephanie gibson,consumer
6852,CUST110230,joseph sweeney,consumer
6853,CUST110231,nicole brown,consumer
6854,CUST110232,margaret garcia,consumer
6855,CUST110234,jessica lopez,consumer
6856,CUST110235,craig jarvis,consumer
6857,CUST110236,jennifer williams,consumer
6858,CUST110237,tara king,corporate
6859,CUST110238,christopher clark,corporate
6860,CUST110240,sharon brewer,consumer
6861,CUST110241,lindsey bullock,corporate
6862,CUST110242,robert hoffman,consumer
6863,CUST110244,patrick lawson,corporate
6864,CUST110245,corey rangel,consumer
6865,CUST110246,ashley graham,corporate
6866,CUST110247,natalie williams,corporate
6867,CUST110248,joe gardner,consumer
6868,CUST110249,peter jones,corporate
6869,CUST110250,jeffrey anderson,consumer
6870,CUST110253,daniel wheeler,corporate
6871,CUST110256,vanessa walls,consumer
6872,CUST110257,matthew richards,consumer
6873,CUST110259,joshua bradley,consumer
6874,CUST110260,meghan bell,consumer
6875,CUST110261,whitney molina,corporate
6876,CUST110264,jacob morris,consumer
6877,CUST110266,juan ruiz,consumer
6878,CUST110267,nicole brady,corporate
6879,CUST110268,howard tapia,small business
6880,CUST110269,stacy wallace,consumer
6881,CUST110270,ashley white,corporate
6882,CUST110272,cody smith,consumer
6883,CUST110273,dennis jennings,consumer
6884,CUST110274,jeffrey beck,consumer
6885,CUST110275,david michael,corporate
6886,CUST110276,frank vang,corporate
6887,CUST110278,jacob davis,consumer
6888,CUST110282,tyler brown md,corporate
6889,CUST110283,kathleen baker,consumer
6890,CUST110285,bonnie booth,small business
6891,CUST110289,jorge bates,corporate
6892,CUST110291,arthur daniels,consumer
6893,CUST110293,benjamin boone,consumer
6894,CUST110295,dr. kayla thomas,consumer
6895,CUST110296,robert curtis,consumer
6896,CUST110298,anthony jackson,consumer
6897,CUST110300,melissa andrews,small business
6898,CUST110301,roger allen,small business
6899,CUST110303,suzanne long,consumer
6900,CUST110305,megan collier,consumer
6901,CUST110306,robert johnson,consumer
6902,CUST110311,tony hodges,consumer
6903,CUST110312,rebecca meadows,corporate
6904,CUST110313,william brown,consumer
6905,CUST110314,erik richard,consumer
6906,CUST110315,molly jordan,corporate
6907,CUST110316,jerry walsh,corporate
6908,CUST110317,randall dickerson,consumer
6909,CUST110321,carrie salas,consumer
6910,CUST110322,emily smith,consumer
6911,CUST110323,alexis wallace,small business
6912,CUST110324,jesse simpson,consumer
6913,CUST110325,ivan erickson,consumer
6914,CUST110326,roger white,small business
6915,CUST110327,thomas lewis,consumer
6916,CUST110329,debbie walker,corporate
6917,CUST110331,daniel nguyen,consumer
6918,CUST110335,regina tucker,corporate
6919,CUST110336,deanna miles,corporate
6920,CUST110337,lauren lawrence,small business
6921,CUST110338,norma williams,consumer
6922,CUST110339,kevin hernandez,consumer
6923,CUST110343,susan wallace,small business
6924,CUST110344,gregory miller,corporate
6925,CUST110345,cheryl richards,consumer
6926,CUST110346,kerry schmidt,consumer
6927,CUST110347,ashley woods,consumer
6928,CUST110348,heidi bailey,consumer
6929,CUST110350,nathaniel smith,consumer
6930,CUST110353,corey johnson,consumer
6931,CUST110357,isabella wright,corporate
6932,CUST110358,joann simpson,small business
6933,CUST110359,summer chan,consumer
6934,CUST110360,william shaw,small business
6935,CUST110362,robert brewer,small business
6936,CUST110364,thomas wallace,small business
6937,CUST110365,peter galvan,consumer
6938,CUST110366,christopher hudson,corporate
6939,CUST110367,barry west,consumer
6940,CUST110369,joshua mcgrath,consumer
6941,CUST110370,brenda ramirez,corporate
6942,CUST110372,jane rivera,small business
6943,CUST110375,jeffrey heath,consumer
6944,CUST110377,caitlin carter,small business
6945,CUST110378,maria warren,small business
6946,CUST110379,tyler stone,consumer
6947,CUST110381,kevin ramsey,consumer
6948,CUST110383,shawn sherman,consumer
6949,CUST110384,jacob thomas,corporate
6950,CUST110386,crystal salas,consumer
6951,CUST110387,calvin mcmillan,consumer
6952,CUST110388,keith larson,corporate
6953,CUST110389,albert cardenas,corporate
6954,CUST110390,jeffrey rice,consumer
6955,CUST110391,kaitlyn garner,small business
6956,CUST110392,william rogers,consumer
6957,CUST110393,shari coleman,consumer
6958,CUST110397,ryan holmes,consumer
6959,CUST110399,matthew ramos,corporate
6960,CUST110400,tami castro,corporate
6961,CUST110402,katherine carlson,consumer
6962,CUST110403,stephanie johnson,consumer
6963,CUST110405,krista chase,consumer
6964,CUST110407,monica scott,consumer
6965,CUST110408,aaron dennis,consumer
6966,CUST110409,allison alvarez md,corporate
6967,CUST110410,stephen brown,consumer
6968,CUST110411,stacy brown,corporate
6969,CUST110413,jacob campbell,consumer
6970,CUST110414,christopher robles,corporate
6971,CUST110415,matthew johnson dds,corporate
6972,CUST110416,jessica wheeler,consumer
6973,CUST110417,angela bailey,small business
6974,CUST110419,cole hooper,corporate
6975,CUST110420,danielle winters,corporate
6976,CUST110423,jacqueline noble,consumer
6977,CUST110424,nicholas perry,corporate
6978,CUST110425,terry matthews,consumer
6979,CUST110428,bobby andrews,corporate
6980,CUST110429,john serrano,consumer
6981,CUST110430,richard hunter,corporate
6982,CUST110431,kevin perry,corporate
6983,CUST110434,matthew henry,consumer
6984,CUST110435,jillian baker,consumer
6985,CUST110436,matthew sparks,corporate
6986,CUST110437,sara johnson,consumer
6987,CUST110438,jacob welch,small business
6988,CUST110439,justin williamson,consumer
6989,CUST110441,dr. samantha cummings,consumer
6990,CUST110442,michael bruce,consumer
6991,CUST110443,eduardo evans,consumer
6992,CUST110444,amy fields,consumer
6993,CUST110445,kenneth hurley,small business
6994,CUST110446,timothy travis,consumer
6995,CUST110447,michelle franco,consumer
6996,CUST110449,johnny todd,corporate
6997,CUST110451,tracy beasley,corporate
6998,CUST110452,adam sandoval,small business
6999,CUST110454,john moreno,corporate
7000,CUST110455,tracy duncan,consumer
7001,CUST110457,ronald willis,consumer
7002,CUST110458,benjamin greer,consumer
7003,CUST110461,daniel freeman,consumer
7004,CUST110464,sandra avila,consumer
7005,CUST110465,laura hamilton,consumer
7006,CUST110466,lisa rodriguez,consumer
7007,CUST110468,stacey miller,corporate
7008,CUST110470,mrs. judy mendoza,small business
7009,CUST110471,justin martinez,corporate
7010,CUST110473,ashley daniels,small business
7011,CUST110474,heather villarreal,corporate
7012,CUST110475,amy green,small business
7013,CUST110477,matthew rush,small business
7014,CUST110478,claudia martin,consumer
7015,CUST110479,darren davis,corporate
7016,CUST110480,daniel morgan,consumer
7017,CUST110483,gabriela stewart,consumer
7018,CUST110484,christina jackson,consumer
7019,CUST110485,lori fitzgerald,corporate
7020,CUST110487,thomas johnson,corporate
7021,CUST110488,crystal paul,consumer
7022,CUST110489,thomas hodges,consumer
7023,CUST110490,ruben stephens,consumer
7024,CUST110493,carmen johnson,consumer
7025,CUST110496,robert pena,consumer
7026,CUST110497,kelly prince,small business
7027,CUST110498,david garza,consumer
7028,CUST110499,david wright,consumer
7029,CUST110500,sydney wang,consumer
7030,CUST110501,hannah ramos,corporate
7031,CUST110502,emily hebert,small business
7032,CUST110503,richard lewis,consumer
7033,CUST110504,zachary romero,corporate
7034,CUST110505,jessica haley,consumer
7035,CUST110510,kathryn orozco,corporate
7036,CUST110511,brett cohen,corporate
7037,CUST110512,alison davis,consumer
7038,CUST110514,meghan gutierrez,consumer
7039,CUST110516,christopher nelson,corporate
7040,CUST110517,devon malone,consumer
7041,CUST110518,kelly hanson,corporate
7042,CUST110520,brenda garcia,consumer
7043,CUST110522,angela tran,small business
7044,CUST110523,barbara campos,consumer
7045,CUST110524,anthony williamson,small business
7046,CUST110525,jason walsh,corporate
7047,CUST110526,mark keller,consumer
7048,CUST110527,joseph ramirez,consumer
7049,CUST110528,katherine hill,corporate
7050,CUST110531,diane stout,consumer
7051,CUST110534,crystal harding,small business
7052,CUST110535,jonathan donaldson,corporate
7053,CUST110537,shawn bell,consumer
7054,CUST110538,taylor taylor,consumer
7055,CUST110539,christian hays,consumer
7056,CUST110540,kimberly graham,small business
7057,CUST110541,robert hernandez,consumer
7058,CUST110542,jacob mcclain,consumer
7059,CUST110544,dr. ronald smith,small business
7060,CUST110548,jose allen,consumer
7061,CUST110549,jenny neal phd,consumer
7062,CUST110550,jeffrey gates,corporate
7063,CUST110551,tiffany carson,consumer
7064,CUST110553,casey jones,corporate
7065,CUST110554,aaron fletcher md,consumer
7066,CUST110555,jillian white,consumer
7067,CUST110556,marisa curtis,corporate
7068,CUST110562,mary hickman,consumer
7069,CUST110563,charles galvan,consumer
7070,CUST110565,jay johnson,consumer
7071,CUST110567,dana ellis,consumer
7072,CUST110568,ryan english,consumer
7073,CUST110569,breanna hahn dds,small business
7074,CUST110570,richard wilcox,corporate
7075,CUST110571,joseph logan,consumer
7076,CUST110572,stephanie johnson,corporate
7077,CUST110573,danny crawford,corporate
7078,CUST110574,taylor banks,consumer
7079,CUST110575,lauren garcia,corporate
7080,CUST110576,krystal decker,small business
7081,CUST110578,john swanson,consumer
7082,CUST110579,david buchanan,consumer
7083,CUST110580,christopher smith,consumer
7084,CUST110581,willie johnson,consumer
7085,CUST110584,david torres,consumer
7086,CUST110585,michael berg,consumer
7087,CUST110587,maureen walls,corporate
7088,CUST110588,alexander jones,corporate
7089,CUST110589,heather walsh,consumer
7090,CUST110590,kimberly foster phd,consumer
7091,CUST110591,sierra rodriguez,corporate
7092,CUST110594,scott ho md,consumer
7093,CUST110595,anthony garcia,consumer
7094,CUST110598,randall smith,consumer
7095,CUST110600,phillip russo,consumer
7096,CUST110601,michael mccarty,small business
7097,CUST110603,joshua lewis,consumer
7098,CUST110604,darryl jones,consumer
7099,CUST110605,joseph morales,corporate
7100,CUST110606,james mckee,consumer
7101,CUST110607,craig roberts,consumer
7102,CUST110608,sabrina gross,corporate
7103,CUST110609,terri estrada,consumer
7104,CUST110610,christopher frost,small business
7105,CUST110611,richard martin,consumer
7106,CUST110612,daniel valenzuela,consumer
7107,CUST110614,jason charles,small business
7108,CUST110615,brian ewing,corporate
7109,CUST110618,robert huffman,consumer
7110,CUST110619,erin robles,consumer
7111,CUST110620,michelle gallagher,corporate
7112,CUST110621,christopher smith,consumer
7113,CUST110625,anthony joyce,consumer
7114,CUST110626,samantha thomas,consumer
7115,CUST110627,amanda ferguson,consumer
7116,CUST110629,michele mitchell,consumer
7117,CUST110630,nicholas mccall,consumer
7118,CUST110631,heather leblanc,consumer
7119,CUST110633,jodi greer,consumer
7120,CUST110634,sean smith,consumer
7121,CUST110636,rachel sanders,consumer
7122,CUST110638,ryan bennett,consumer
7123,CUST110640,gordon dixon,consumer
7124,CUST110642,alicia ingram,small business
7125,CUST110644,michelle welch,corporate
7126,CUST110645,dr. jonathan espinoza jr.,corporate
7127,CUST110647,judith kirby,corporate
7128,CUST110651,sarah johnson,corporate
7129,CUST110653,timothy brown,consumer
7130,CUST110655,mitchell page,small business
7131,CUST110657,andrew wiggins,consumer
7132,CUST110659,gail potter,consumer
7133,CUST110660,mary price,consumer
7134,CUST110661,zachary carter,consumer
7135,CUST110662,aaron ball,consumer
7136,CUST110665,jessica brown,consumer
7137,CUST110666,douglas huang,corporate
7138,CUST110667,sherry carroll,corporate
7139,CUST110668,lauren good,corporate
7140,CUST110669,patricia bailey,consumer
7141,CUST110671,jason guzman,consumer
7142,CUST110672,brooke bell,small business
7143,CUST110673,kimberly gould,consumer
7144,CUST110677,donald smith,corporate
7145,CUST110679,teresa wright,consumer
7146,CUST110681,jeffrey long,small business
7147,CUST110682,james perry,consumer
7148,CUST110684,joseph austin,corporate
7149,CUST110685,kelly martin,consumer
7150,CUST110686,david frey,consumer
7151,CUST110688,amanda pham,consumer
7152,CUST110692,derek white,small business
7153,CUST110693,andrea walker,corporate
7154,CUST110694,joshua lopez,consumer
7155,CUST110697,holly drake,corporate
7156,CUST110698,benjamin fox,consumer
7157,CUST110699,caleb jones,corporate
7158,CUST110705,natasha buck,corporate
7159,CUST110706,christine fisher,consumer
7160,CUST110707,kristina white,consumer
7161,CUST110709,scott baker,consumer
7162,CUST110710,sandra smith dds,consumer
7163,CUST110711,marie sawyer,consumer
7164,CUST110714,mark thompson,consumer
7165,CUST110717,mary young,consumer
7166,CUST110718,angela tanner,small business
7167,CUST110720,yvette rogers,consumer
7168,CUST110721,laura hoffman,small business
7169,CUST110723,amber williamson,corporate
7170,CUST110724,kyle pierce,consumer
7171,CUST110725,cynthia weaver,consumer
7172,CUST110726,kenneth glover,corporate
7173,CUST110727,devon cox,corporate
7174,CUST110728,emily reed,small business
7175,CUST110729,jacob lee,small business
7176,CUST110731,margaret wise,corporate
7177,CUST110732,robert becker,consumer
7178,CUST110733,danielle lloyd,consumer
7179,CUST110734,carrie rojas,consumer
7180,CUST110739,mark atkins,consumer
7181,CUST110740,timothy ramos,consumer
7182,CUST110743,natalie padilla,small business
7183,CUST110744,megan key,corporate
7184,CUST110745,jacqueline fuller,consumer
7185,CUST110746,brett stark,corporate
7186,CUST110747,david long,consumer
7187,CUST110749,richard carter,consumer
7188,CUST110750,diane white,consumer
7189,CUST110752,brent green,corporate
7190,CUST110753,peter nichols,small business
7191,CUST110754,rebekah spencer,consumer
7192,CUST110755,michael kelly,small business
7193,CUST110756,kimberly olson,consumer
7194,CUST110757,amanda harris,consumer
7195,CUST110758,debbie best,consumer
7196,CUST110759,april johnson,small business
7197,CUST110761,laura cole,consumer
7198,CUST110762,james skinner,consumer
7199,CUST110767,alexander miller,consumer
7200,CUST110768,john phelps,small business
7201,CUST110769,amanda brown,consumer
7202,CUST110771,kristine gutierrez,consumer
7203,CUST110772,jared rodriguez,consumer
7204,CUST110773,laura smith,consumer
7205,CUST110774,monica vargas,consumer
7206,CUST110775,laurie luna,corporate
7207,CUST110776,chad bradford jr.,consumer
7208,CUST110778,william willis,consumer
7209,CUST110779,jennifer benson,consumer
7210,CUST110781,laura stephens,consumer
7211,CUST110784,brian kim,consumer
7212,CUST110785,leah johnston,small business
7213,CUST110786,barbara davis,consumer
7214,CUST110787,stephanie thompson,small business
7215,CUST110790,patricia ramirez,consumer
7216,CUST110791,kenneth hancock,consumer
7217,CUST110792,clinton adams,corporate
7218,CUST110793,anita nguyen,corporate
7219,CUST110795,angel chavez,consumer
7220,CUST110796,jeffery smith,corporate
7221,CUST110798,sarah turner,corporate
7222,CUST110799,aaron everett,consumer
7223,CUST110800,zachary jones,small business
7224,CUST110801,dr. danielle kelly,consumer
7225,CUST110803,brian hunter,corporate
7226,CUST110805,amanda barnes,corporate
7227,CUST110806,cheryl blevins,consumer
7228,CUST110807,christine rodriguez,consumer
7229,CUST110808,anthony becker,consumer
7230,CUST110809,christopher luna,corporate
7231,CUST110810,michael vargas,consumer
7232,CUST110811,heather sanchez,small business
7233,CUST110812,devin garcia,small business
7234,CUST110813,lynn wilson,small business
7235,CUST110814,yolanda chavez,consumer
7236,CUST110815,oscar bryant dvm,consumer
7237,CUST110816,adam scott,consumer
7238,CUST110817,heidi adams,consumer
7239,CUST110820,wendy mcmillan,consumer
7240,CUST110821,faith reed,consumer
7241,CUST110822,terry white,consumer
7242,CUST110823,julia howell,consumer
7243,CUST110824,kimberly ruiz,small business
7244,CUST110825,melissa colon,consumer
7245,CUST110826,james stevens,small business
7246,CUST110827,edward sellers,consumer
7247,CUST110829,bianca garcia,consumer
7248,CUST110830,michelle brown,consumer
7249,CUST110831,tanya martinez,consumer
7250,CUST110832,john valenzuela,corporate
7251,CUST110833,robert butler,small business
7252,CUST110836,stephanie bowers,consumer
7253,CUST110837,tracey green,consumer
7254,CUST110840,stefanie reese,corporate
7255,CUST110843,madison chang,consumer
7256,CUST110844,lisa williamson,consumer
7257,CUST110845,carlos patterson,consumer
7258,CUST110846,sean campbell,corporate
7259,CUST110848,andrew anthony,corporate
7260,CUST110854,brian sosa,consumer
7261,CUST110856,mary soto,consumer
7262,CUST110857,brooke clayton,consumer
7263,CUST110859,brenda porter,corporate
7264,CUST110861,christina peterson dvm,consumer
7265,CUST110862,kelly glover,consumer
7266,CUST110864,darlene williams,consumer
7267,CUST110865,shelley mccarthy,consumer
7268,CUST110869,kimberly brooks,consumer
7269,CUST110871,sherry smith,corporate
7270,CUST110872,shannon rodriguez dds,corporate
7271,CUST110873,jesse bailey,consumer
7272,CUST110876,robert davis,small business
7273,CUST110877,ryan buck,consumer
7274,CUST110878,alexa garcia,consumer
7275,CUST110880,paula garner,corporate
7276,CUST110881,alyssa castillo,small business
7277,CUST110883,richard lang,consumer
7278,CUST110884,daniel garcia,consumer
7279,CUST110887,paige ramos,small business
7280,CUST110888,pamela shah,consumer
7281,CUST110889,michele hall,consumer
7282,CUST110891,christopher pearson,consumer
7283,CUST110892,christopher woodward,consumer
7284,CUST110893,curtis dalton,corporate
7285,CUST110894,jasmine bryant,consumer
7286,CUST110895,evan booth,corporate
7287,CUST110898,darlene buckley,small business
7288,CUST110900,rebecca cochran,consumer
7289,CUST110901,sarah olsen,consumer
7290,CUST110902,jamie cochran,small business
7291,CUST110903,bryan garrett,consumer
7292,CUST110906,miss patty bright,small business
7293,CUST110907,brian young,small business
7294,CUST110909,terry garcia,consumer
7295,CUST110910,michael mullins,consumer
7296,CUST110911,michelle patterson,consumer
7297,CUST110912,john farrell,consumer
7298,CUST110913,michael ortiz,corporate
7299,CUST110915,donna garcia,consumer
7300,CUST110918,donald martinez,consumer
7301,CUST110919,dr. ashley miller,corporate
7302,CUST110921,james love,consumer
7303,CUST110922,roger schmidt,consumer
7304,CUST110924,jessica sutton,consumer
7305,CUST110925,jason chaney,consumer
7306,CUST110926,brandy berry,small business
7307,CUST110927,carlos harrison,consumer
7308,CUST110928,jason guerrero,consumer
7309,CUST110929,emily hill,consumer
7310,CUST110930,lindsey phillips,consumer
7311,CUST110932,anna thomas,corporate
7312,CUST110935,steven carter,consumer
7313,CUST110936,melissa davis,corporate
7314,CUST110937,amanda wolfe,consumer
7315,CUST110938,matthew shaw,consumer
7316,CUST110940,amy johnson,corporate
7317,CUST110941,kevin chen,corporate
7318,CUST110942,mark camacho,consumer
7319,CUST110944,michael moreno md,consumer
7320,CUST110946,monica ramsey,consumer
7321,CUST110947,joseph rice,consumer
7322,CUST110949,kristina welch,consumer
7323,CUST110951,melanie short,consumer
7324,CUST110952,eric wilson,consumer
7325,CUST110954,vanessa gray,corporate
7326,CUST110955,kurt simmons,consumer
7327,CUST110956,regina mora,consumer
7328,CUST110957,christina hall,consumer
7329,CUST110958,reginald williams,consumer
7330,CUST110960,jennifer stephens,consumer
7331,CUST110961,scott bailey,consumer
7332,CUST110963,jason tran,consumer
7333,CUST110964,ana cobb,corporate
7334,CUST110965,edward schmidt,corporate
7335,CUST110969,richard walker,corporate
7336,CUST110970,jennifer browning md,corporate
7337,CUST110971,eric stanley,consumer
7338,CUST110973,vanessa thompson,small business
7339,CUST110974,shannon scott,corporate
7340,CUST110975,austin lewis,corporate
7341,CUST110976,sydney calhoun,small business
7342,CUST110978,kelsey carr,consumer
7343,CUST110979,christopher jones,consumer
7344,CUST110980,nina parker,corporate
7345,CUST110981,joseph harris,consumer
7346,CUST110983,steven shelton,consumer
7347,CUST110984,amanda padilla,corporate
7348,CUST110986,robert navarro,consumer
7349,CUST110987,mr. robert nunez,consumer
7350,CUST110988,marcus li,consumer
7351,CUST110989,brittany black,consumer
7352,CUST110991,terrence joseph,consumer
7353,CUST110992,daniel fisher,consumer
7354,CUST110993,lisa nunez,consumer
7355,CUST110995,miss lauren gomez,corporate
7356,CUST110997,david young,consumer
7357,CUST110998,kristi gonzalez,corporate
7358,CUST110999,joshua collins,consumer
7359,CUST111000,daniel wolfe,consumer
7360,CUST111001,derek frank,small business
7361,CUST111002,kathy sawyer,corporate
7362,CUST111003,kathy lee,consumer
7363,CUST111005,john morrison,consumer
7364,CUST111006,michael smith,consumer
7365,CUST111007,morgan willis,corporate
7366,CUST111008,michael peterson,consumer
7367,CUST111009,katherine mason,consumer
7368,CUST111011,brooke kelley,small business
7369,CUST111012,jesse hinton,consumer
7370,CUST111013,linda thomas,consumer
7371,CUST111016,megan herrera,consumer
7372,CUST111017,roy carter,corporate
7373,CUST111019,andrew simmons,consumer
7374,CUST111020,kimberly berry,consumer
7375,CUST111022,katherine stewart,corporate
7376,CUST111023,stephanie ellis,consumer
7377,CUST111024,mr. gregg arias,corporate
7378,CUST111025,christopher webb,small business
7379,CUST111026,leslie wilson,corporate
7380,CUST111029,kevin campbell,consumer
7381,CUST111030,kimberly pitts,consumer
7382,CUST111031,ethan sanchez,corporate
7383,CUST111032,daisy morris,consumer
7384,CUST111033,aaron scott,consumer
7385,CUST111034,charles silva,consumer
7386,CUST111035,amber callahan,small business
7387,CUST111036,samantha potter,corporate
7388,CUST111037,thomas castillo,consumer
7389,CUST111038,alex smith,consumer
7390,CUST111039,corey wright,corporate
7391,CUST111042,laura cooper,consumer
7392,CUST111043,jon carr,consumer
7393,CUST111044,laura zimmerman,consumer
7394,CUST111045,zachary silva,corporate
7395,CUST111046,wayne roberts,consumer
7396,CUST111049,henry proctor,corporate
7397,CUST111050,anthony wilkins,corporate
7398,CUST111051,jeffrey white,corporate
7399,CUST111052,cindy rodriguez,consumer
7400,CUST111053,casey smith,small business
7401,CUST111055,barbara hudson,consumer
7402,CUST111056,lisa kelly,corporate
7403,CUST111057,alexander maxwell,consumer
7404,CUST111058,robert torres,consumer
7405,CUST111059,madison fisher,corporate
7406,CUST111061,juan cook,consumer
7407,CUST111062,thomas williams,consumer
7408,CUST111063,diana peters,corporate
7409,CUST111064,michael castaneda,consumer
7410,CUST111065,julie williams,consumer
7411,CUST111066,michael snyder,consumer
7412,CUST111068,ashley thompson,consumer
7413,CUST111069,hayden stephens,consumer
7414,CUST111070,jeffrey mitchell,corporate
7415,CUST111073,kathleen duncan,consumer
7416,CUST111075,meredith robertson,consumer
7417,CUST111076,kaylee delacruz,small business
7418,CUST111077,david lopez,consumer
7419,CUST111078,erin vega,consumer
7420,CUST111079,jennifer roberts,consumer
7421,CUST111083,carlos barber,consumer
7422,CUST111084,miranda warren,corporate
7423,CUST111086,elizabeth jacobs,consumer
7424,CUST111087,jeffrey francis,corporate
7425,CUST111089,allison miller,small business
7426,CUST111092,manuel nixon,consumer
7427,CUST111093,victoria smith phd,consumer
7428,CUST111096,stacey poole,consumer
7429,CUST111097,lisa robertson,corporate
7430,CUST111098,linda vasquez,consumer
7431,CUST111101,james valdez,corporate
7432,CUST111104,ronald tanner,corporate
7433,CUST111105,april powell,small business
7434,CUST111106,brian aguirre,corporate
7435,CUST111107,marisa rodriguez,corporate
7436,CUST111108,sherry erickson,corporate
7437,CUST111109,james richards,consumer
7438,CUST111110,john thomas,consumer
7439,CUST111111,michael roy,consumer
7440,CUST111112,brandon wood,consumer
7441,CUST111114,christopher hahn,consumer
7442,CUST111117,angela lloyd,consumer
7443,CUST111118,miss kathleen jenkins,corporate
7444,CUST111120,william watkins,corporate
7445,CUST111121,susan schmidt,consumer
7446,CUST111124,keith hebert,consumer
7447,CUST111125,curtis gallagher,consumer
7448,CUST111126,amanda leon,consumer
7449,CUST111127,jennifer williams,consumer
7450,CUST111128,jessica neal,corporate
7451,CUST111129,alan martin,consumer
7452,CUST111130,danielle brown,small business
7453,CUST111134,ryan johnson,consumer
7454,CUST111136,nancy woodward,consumer
7455,CUST111137,john garcia,consumer
7456,CUST111139,nancy michael,corporate
7457,CUST111140,gary parker,consumer
7458,CUST111142,victoria lewis,consumer
7459,CUST111143,amanda kennedy,consumer
7460,CUST111144,ryan bush,consumer
7461,CUST111145,steven rodriguez md,corporate
7462,CUST111146,donald hudson,small business
7463,CUST111148,mark huffman,consumer
7464,CUST111150,christine thompson,consumer
7465,CUST111151,jonathan howard,consumer
7466,CUST111153,earl davis,consumer
7467,CUST111154,ms. gloria allen,consumer
7468,CUST111155,desiree sanders,consumer
7469,CUST111157,zachary paul,small business
7470,CUST111159,christina sawyer,consumer
7471,CUST111160,sean ortiz,consumer
7472,CUST111163,daniel walker,consumer
7473,CUST111164,tina smith,consumer
7474,CUST111165,annette moran,corporate
7475,CUST111167,rachel cobb,consumer
7476,CUST111169,amy eaton,corporate
7477,CUST111171,shannon barron,corporate
7478,CUST111172,william rodriguez,consumer
7479,CUST111173,amanda peters,corporate
7480,CUST111174,angela robinson,consumer
7481,CUST111175,robert everett,consumer
7482,CUST111176,desiree romero,small business
7483,CUST111177,benjamin peterson,consumer
7484,CUST111178,taylor mendoza,consumer
7485,CUST111180,randy murillo,corporate
7486,CUST111181,lisa kim,small business
7487,CUST111182,paula greer,consumer
7488,CUST111183,cheryl johnson,corporate
7489,CUST111184,austin hodge,consumer
7490,CUST111185,jared campbell,consumer
7491,CUST111187,chris schroeder,corporate
7492,CUST111188,kimberly jordan,consumer
7493,CUST111189,laurie mathis,consumer
7494,CUST111190,deborah miller,small business
7495,CUST111191,benjamin madden,consumer
7496,CUST111194,michael gibson,consumer
7497,CUST111195,david terrell,corporate
7498,CUST111196,alexandra taylor,consumer
7499,CUST111198,adam fuentes,small business
7500,CUST111199,michael webster,consumer
7501,CUST111200,derek anderson,small business
7502,CUST111202,ruth medina,consumer
7503,CUST111206,sandy avila,consumer
7504,CUST111208,george cruz,corporate
7505,CUST111210,nathaniel thomas,consumer
7506,CUST111211,mercedes shaffer,corporate
7507,CUST111212,christopher hall,corporate
7508,CUST111213,amanda clark,consumer
7509,CUST111214,stacey kane,corporate
7510,CUST111215,melissa reed,consumer
7511,CUST111216,emily alvarado,consumer
7512,CUST111217,jessica howell,consumer
7513,CUST111218,michael meyer,consumer
7514,CUST111219,alexander lee,corporate
7515,CUST111222,george randolph,consumer
7516,CUST111224,justin cunningham,consumer
7517,CUST111225,alicia randall,corporate
7518,CUST111227,jordan thomas,corporate
7519,CUST111228,stephanie fernandez,corporate
7520,CUST111229,donna roberts,consumer
7521,CUST111230,david williams,corporate
7522,CUST111232,david newman,consumer
7523,CUST111233,james moore,consumer
7524,CUST111235,danielle cox,small business
7525,CUST111236,sheri mcpherson,small business
7526,CUST111237,hannah watson,corporate
7527,CUST111238,heather johnson,consumer
7528,CUST111239,danielle foster,consumer
7529,CUST111240,arthur holmes,consumer
7530,CUST111241,brittany gilmore,consumer
7531,CUST111242,tammy smith,corporate
7532,CUST111245,cheryl schneider,consumer
7533,CUST111246,dr. amanda rodriguez dds,consumer
7534,CUST111247,david vaughan,corporate
7535,CUST111248,michael davis,corporate
7536,CUST111249,derrick simmons,consumer
7537,CUST111250,thomas garcia,corporate
7538,CUST111251,thomas dorsey,consumer
7539,CUST111253,kayla wilson,corporate
7540,CUST111254,george allen,corporate
7541,CUST111256,timothy moore,consumer
7542,CUST111257,christopher daniel,consumer
7543,CUST111258,charles torres,consumer
7544,CUST111259,connor reyes,consumer
7545,CUST111260,raymond russell,small business
7546,CUST111261,david thomas,small business
7547,CUST111262,alan moore,consumer
7548,CUST111264,lindsay thomas,corporate
7549,CUST111268,brandon brown,small business
7550,CUST111269,jamie lewis,small business
7551,CUST111272,joseph navarro,consumer
7552,CUST111274,mrs. jasmine barnett,small business
7553,CUST111276,sharon espinoza,consumer
7554,CUST111277,patricia cox,consumer
7555,CUST111278,chad martin,corporate
7556,CUST111280,travis sanders,corporate
7557,CUST111281,douglas sharp,small business
7558,CUST111282,emily brown,consumer
7559,CUST111284,susan payne,consumer
7560,CUST111287,patricia vazquez,small business
7561,CUST111288,linda brooks,corporate
7562,CUST111289,sarah walker,consumer
7563,CUST111293,glenn santana,consumer
7564,CUST111294,patrick jones,consumer
7565,CUST111295,pamela dunn,consumer
7566,CUST111297,paul freeman,consumer
7567,CUST111298,anthony hill,consumer
7568,CUST111300,john herrera,small business
7569,CUST111302,cameron dougherty,consumer
7570,CUST111303,karen snyder,consumer
7571,CUST111304,keith patrick,consumer
7572,CUST111305,brenda martinez,small business
7573,CUST111306,nancy alexander,consumer
7574,CUST111307,desiree taylor,consumer
7575,CUST111308,michelle newman,consumer
7576,CUST111309,gina guerrero,consumer
7577,CUST111310,robert jacobs,corporate
7578,CUST111312,michael mason,corporate
7579,CUST111314,howard evans,small business
7580,CUST111315,mr. charles benjamin,consumer
7581,CUST111316,joel mcintosh,consumer
7582,CUST111318,kenneth powell,consumer
7583,CUST111319,charles watkins,consumer
7584,CUST111320,diana smith,consumer
7585,CUST111324,adam reynolds,consumer
7586,CUST111325,jerry graham,consumer
7587,CUST111326,brittany king,consumer
7588,CUST111327,craig smith,corporate
7589,CUST111328,tiffany stewart,consumer
7590,CUST111329,christopher flores,corporate
7591,CUST111330,mr. matthew marks,corporate
7592,CUST111331,lisa turner,consumer
7593,CUST111333,tyler greene,small business
7594,CUST111335,sylvia reed,corporate
7595,CUST111336,john dennis,consumer
7596,CUST111337,jason haley,corporate
7597,CUST111338,mikayla acevedo,consumer
7598,CUST111340,mr. jonathan harris,consumer
7599,CUST111341,susan gutierrez,corporate
7600,CUST111342,charles pineda,consumer
7601,CUST111343,mr. robert turner,consumer
7602,CUST111344,gregory rivera,corporate
7603,CUST111347,arthur dominguez,small business
7604,CUST111348,joseph morgan,consumer
7605,CUST111349,rebecca king,corporate
7606,CUST111350,christy george,small business
7607,CUST111352,jill gross,consumer
7608,CUST111353,jessica reynolds dds,corporate
7609,CUST111354,steven branch,corporate
7610,CUST111355,shawn velazquez,consumer
7611,CUST111356,william lopez,consumer
7612,CUST111357,james white,consumer
7613,CUST111359,patricia allen,consumer
7614,CUST111361,joshua singleton,corporate
7615,CUST111362,jill jenkins,consumer
7616,CUST111364,emily lee,small business
7617,CUST111367,billy rosario,corporate
7618,CUST111368,dana greene,consumer
7619,CUST111372,ethan johnson,consumer
7620,CUST111373,tracy cox,small business
7621,CUST111374,kristina mclaughlin,consumer
7622,CUST111375,sarah barnett,consumer
7623,CUST111376,joseph chavez,consumer
7624,CUST111378,charlene li,consumer
7625,CUST111379,franklin rice,consumer
7626,CUST111381,john sullivan,consumer
7627,CUST111383,megan brown,consumer
7628,CUST111385,michael oneal,consumer
7629,CUST111387,stephanie miller,corporate
7630,CUST111392,amanda bishop,consumer
7631,CUST111393,tyler johnson,consumer
7632,CUST111395,jared jordan,consumer
7633,CUST111396,linda horne,corporate
7634,CUST111397,sarah taylor,consumer
7635,CUST111399,benjamin christensen,consumer
7636,CUST111401,ronald sanchez,small business
7637,CUST111402,jessica day,consumer
7638,CUST111403,mark lewis,consumer
7639,CUST111404,jeffrey rodriguez,consumer
7640,CUST111407,thomas dudley,consumer
7641,CUST111408,joseph garrett,consumer
7642,CUST111410,angela west,consumer
7643,CUST111411,kristen gill,corporate
7644,CUST111412,michael brewer,consumer
7645,CUST111413,matthew barry,consumer
7646,CUST111416,karen williams,consumer
7647,CUST111417,glenn collins,corporate
7648,CUST111419,lisa hernandez,consumer
7649,CUST111420,mrs. chelsey shelton md,small business
7650,CUST111421,kevin west,corporate
7651,CUST111422,anthony wilson,consumer
7652,CUST111424,anita neal,small business
7653,CUST111425,christopher walton,consumer
7654,CUST111426,robert davis,consumer
7655,CUST111429,sierra hines,consumer
7656,CUST111430,jason lyons,consumer
7657,CUST111431,lee lopez,small business
7658,CUST111432,laura jordan,small business
7659,CUST111434,rhonda cameron,small business
7660,CUST111436,mario lewis,consumer
7661,CUST111438,alexander mcguire dvm,consumer
7662,CUST111439,kenneth castillo,consumer
7663,CUST111442,daniel lam,corporate
7664,CUST111443,donna prince,corporate
7665,CUST111444,kara reyes,small business
7666,CUST111446,michael walker,corporate
7667,CUST111447,laura fuller,consumer
7668,CUST111450,amanda miller,consumer
7669,CUST111452,sherry schmidt,consumer
7670,CUST111453,jose beck,corporate
7671,CUST111454,kenneth davenport,consumer
7672,CUST111455,jordan jones,consumer
7673,CUST111457,john wilson,small business
7674,CUST111458,anthony sutton,corporate
7675,CUST111459,brandon miles,corporate
7676,CUST111460,emily johnson,small business
7677,CUST111461,lauren ayala,consumer
7678,CUST111463,renee martinez,small business
7679,CUST111464,julian smith,consumer
7680,CUST111466,paul sanchez,consumer
7681,CUST111467,billy long,consumer
7682,CUST111470,taylor brown,small business
7683,CUST111471,kenneth fisher,small business
7684,CUST111472,ashley butler,small business
7685,CUST111473,miranda stone,small business
7686,CUST111476,angel mccarty,corporate
7687,CUST111478,jerry baxter,corporate
7688,CUST111481,kelsey moreno,corporate
7689,CUST111482,gloria hall,consumer
7690,CUST111485,michael wilson,small business
7691,CUST111487,linda hughes,consumer
7692,CUST111488,jennifer jones,consumer
7693,CUST111489,deborah oconnor,corporate
7694,CUST111490,michael martin,consumer
7695,CUST111491,jose may,consumer
7696,CUST111493,jane palmer,consumer
7697,CUST111494,susan riddle,small business
7698,CUST111495,ashley davis,consumer
7699,CUST111496,susan norris,corporate
7700,CUST111497,courtney lucas,consumer
7701,CUST111502,melissa silva,corporate
7702,CUST111503,amanda perez,corporate
7703,CUST111506,valerie ramos,small business
7704,CUST111507,haley carter,consumer
7705,CUST111508,kelly ramos,consumer
7706,CUST111509,thomas martin,small business
7707,CUST111510,jennifer wilson,consumer
7708,CUST111512,marissa becker,small business
7709,CUST111515,kelly nash,corporate
7710,CUST111516,alexander perry,corporate
7711,CUST111517,william haley,consumer
7712,CUST111519,christopher baldwin,consumer
7713,CUST111520,ryan hopkins,consumer
7714,CUST111521,amanda smith,consumer
7715,CUST111522,john ramirez,small business
7716,CUST111524,phillip edwards,consumer
7717,CUST111525,john french,consumer
7718,CUST111526,david salas,consumer
7719,CUST111527,gregory morgan,consumer
7720,CUST111528,nathan burch md,consumer
7721,CUST111529,kimberly harrison,consumer
7722,CUST111532,jamie peterson,consumer
7723,CUST111534,caitlin knight,consumer
7724,CUST111535,shawn rivera,consumer
7725,CUST111536,kaitlyn jacobson,small business
7726,CUST111537,eric taylor,small business
7727,CUST111538,eric fisher,consumer
7728,CUST111539,anne howard,consumer
7729,CUST111540,miranda avila,small business
7730,CUST111541,victoria rowe,consumer
7731,CUST111542,michael donovan,corporate
7732,CUST111543,leslie lane,consumer
7733,CUST111545,maria clayton,small business
7734,CUST111546,tyler english,consumer
7735,CUST111547,samuel browning,small business
7736,CUST111550,donna armstrong,corporate
7737,CUST111551,george morse,small business
7738,CUST111553,katherine montgomery,corporate
7739,CUST111554,peter olson,consumer
7740,CUST111555,john johnson,corporate
7741,CUST111556,denise reyes,consumer
7742,CUST111557,kim scott,corporate
7743,CUST111558,kara graham,consumer
7744,CUST111559,david guerrero,consumer
7745,CUST111560,stephanie johnson,consumer
7746,CUST111561,alan williams,corporate
7747,CUST111562,michael porter,consumer
7748,CUST111563,jonathan martin,corporate
7749,CUST111564,joseph ramirez,consumer
7750,CUST111566,lisa wilson,consumer
7751,CUST111567,johnny clark,corporate
7752,CUST111568,nicole snyder,consumer
7753,CUST111569,nicole wilson,corporate
7754,CUST111570,brandy phillips,consumer
7755,CUST111572,sara warren,corporate
7756,CUST111573,derek turner,consumer
7757,CUST111574,jill hernandez,small business
7758,CUST111576,michael gonzalez jr.,corporate
7759,CUST111577,stacy decker,consumer
7760,CUST111579,amanda hardy,consumer
7761,CUST111581,chris gilmore,consumer
7762,CUST111582,kristin knight,consumer
7763,CUST111584,andrew adams,small business
7764,CUST111585,jason meyer,corporate
7765,CUST111586,megan young,consumer
7766,CUST111587,mallory jordan,corporate
7767,CUST111588,bryan paul,consumer
7768,CUST111591,erin lewis,consumer
7769,CUST111593,julie hardin,small business
7770,CUST111594,dennis tanner,consumer
7771,CUST111596,jason johnson,consumer
7772,CUST111597,michael white,corporate
7773,CUST111599,tonya duarte,consumer
7774,CUST111600,dawn david,corporate
7775,CUST111602,kayla williams,consumer
7776,CUST111604,david diaz,small business
7777,CUST111607,jennifer hays,consumer
7778,CUST111609,julia jones,corporate
7779,CUST111611,jeremy fields,consumer
7780,CUST111612,julie cervantes,small business
7781,CUST111613,melissa davidson,consumer
7782,CUST111614,george rivera,small business
7783,CUST111615,lance smith dvm,small business
7784,CUST111616,katie cooper,corporate
7785,CUST111619,susan roberts,consumer
7786,CUST111622,alison galloway,consumer
7787,CUST111624,ashley reed,consumer
7788,CUST111625,stephen clark,consumer
7789,CUST111626,jamie adams,small business
7790,CUST111628,jesse kane,consumer
7791,CUST111630,robert pollard,small business
7792,CUST111631,michael diaz,corporate
7793,CUST111632,pedro morton,consumer
7794,CUST111633,deanna adams,corporate
7795,CUST111634,debra bolton,consumer
7796,CUST111635,taylor thomas,corporate
7797,CUST111636,patrick reyes,consumer
7798,CUST111637,curtis simmons,corporate
7799,CUST111638,regina davis,small business
7800,CUST111639,lisa cameron,small business
7801,CUST111640,yolanda carlson,corporate
7802,CUST111642,michael todd,corporate
7803,CUST111644,dustin crane,small business
7804,CUST111646,anthony blanchard,small business
7805,CUST111650,ashley alvarado,consumer
7806,CUST111651,cindy hernandez,consumer
7807,CUST111653,mary fernandez,small business
7808,CUST111657,dwayne graham,small business
7809,CUST111658,timothy collins,small business
7810,CUST111659,carl christensen,consumer
7811,CUST111660,anthony tucker,consumer
7812,CUST111661,paul jennings,consumer
7813,CUST111662,cindy anderson,consumer
7814,CUST111663,christine johnson,consumer
7815,CUST111664,matthew green,consumer
7816,CUST111665,ronald woods,corporate
7817,CUST111667,jonathan clark,consumer
7818,CUST111668,dillon parker,consumer
7819,CUST111671,charles lewis,consumer
7820,CUST111672,ricky mack,consumer
7821,CUST111673,arthur jordan,consumer
7822,CUST111675,benjamin holt,small business
7823,CUST111677,karen camacho,consumer
7824,CUST111678,maria walters,corporate
7825,CUST111679,marcus moon,consumer
7826,CUST111682,jessica shaffer,consumer
7827,CUST111684,sarah nolan,consumer
7828,CUST111686,michael reyes,corporate
7829,CUST111687,joe morales,corporate
7830,CUST111690,bruce dawson,corporate
7831,CUST111691,angela walker,consumer
7832,CUST111692,joshua crawford,corporate
7833,CUST111693,justin hughes,consumer
7834,CUST111694,jamie fleming,corporate
7835,CUST111695,shawn hill,consumer
7836,CUST111696,brooke wilson,consumer
7837,CUST111698,steven evans,small business
7838,CUST111699,james martinez,consumer
7839,CUST111702,cindy burgess,corporate
7840,CUST111703,jason west,small business
7841,CUST111704,claudia murphy,consumer
7842,CUST111705,tanner thompson,consumer
7843,CUST111706,raymond travis,consumer
7844,CUST111708,leslie adams,consumer
7845,CUST111709,jake martinez,consumer
7846,CUST111711,susan floyd,corporate
7847,CUST111713,dr. andrew torres,corporate
7848,CUST111714,cassandra sanchez,consumer
7849,CUST111717,bill moody,consumer
7850,CUST111718,danny richardson,small business
7851,CUST111720,linda powers,small business
7852,CUST111721,amanda carrillo,small business
7853,CUST111723,luke thomas,small business
7854,CUST111724,nancy simmons,consumer
7855,CUST111725,denise walker,corporate
7856,CUST111726,jessica fletcher,consumer
7857,CUST111727,jamie schmidt,consumer
7858,CUST111728,alyssa jackson,corporate
7859,CUST111730,anthony smith,consumer
7860,CUST111731,marissa chang,corporate
7861,CUST111732,samuel medina,consumer
7862,CUST111733,alison rios,consumer
7863,CUST111734,rebecca lara,consumer
7864,CUST111735,edward jefferson,consumer
7865,CUST111739,scott jones,corporate
7866,CUST111740,troy wright,consumer
7867,CUST111744,perry olsen,consumer
7868,CUST111745,sherry clay,consumer
7869,CUST111746,cheryl meyer,consumer
7870,CUST111749,jeffrey hart,corporate
7871,CUST111750,vanessa harris,consumer
7872,CUST111751,jeffrey tucker,consumer
7873,CUST111752,michael murray,consumer
7874,CUST111754,joseph jones,corporate
7875,CUST111755,charles stevens,small business
7876,CUST111756,zachary baker,corporate
7877,CUST111757,jason burns,consumer
7878,CUST111758,kimberly jones,small business
7879,CUST111761,timothy ferguson,consumer
7880,CUST111762,angelica powell,consumer
7881,CUST111763,jeffery tran,consumer
7882,CUST111764,zachary evans,consumer
7883,CUST111765,amanda sanchez,consumer
7884,CUST111766,stacy becker,corporate
7885,CUST111767,elizabeth turner,consumer
7886,CUST111770,brandi owens,consumer
7887,CUST111771,rhonda ford,consumer
7888,CUST111773,chelsea watkins,consumer
7889,CUST111775,rita pugh,corporate
7890,CUST111776,melissa alvarez,corporate
7891,CUST111777,timothy stevens,small business
7892,CUST111778,jose calderon phd,small business
7893,CUST111779,debbie snyder,corporate
7894,CUST111780,katie decker,consumer
7895,CUST111782,tami schwartz,consumer
7896,CUST111784,miss autumn gray,consumer
7897,CUST111785,erik mills,corporate
7898,CUST111786,david torres,corporate
7899,CUST111787,kimberly williams,corporate
7900,CUST111789,william steele,consumer
7901,CUST111791,kayla mckee,consumer
7902,CUST111792,jose freeman,consumer
7903,CUST111793,derrick harris,consumer
7904,CUST111794,mr. brian vasquez,corporate
7905,CUST111796,linda garcia,consumer
7906,CUST111798,craig best,consumer
7907,CUST111799,jamie martin,consumer
7908,CUST111800,gerald greer,consumer
7909,CUST111801,yvonne sullivan dvm,small business
7910,CUST111802,samuel molina,consumer
7911,CUST111803,madison schmidt,small business
7912,CUST111804,austin edwards,small business
7913,CUST111807,jose lopez,consumer
7914,CUST111808,julian hawkins,consumer
7915,CUST111810,alexis english,small business
7916,CUST111813,johnny barnett,consumer
7917,CUST111814,rebecca eaton,corporate
7918,CUST111815,jay ayala,small business
7919,CUST111816,christopher johnson,consumer
7920,CUST111817,patrick brown,consumer
7921,CUST111818,aaron bell,small business
7922,CUST111819,john lozano,corporate
7923,CUST111821,dr. laura coffey,consumer
7924,CUST111823,mark mason,consumer
7925,CUST111824,amy bailey,consumer
7926,CUST111826,joseph keith,consumer
7927,CUST111827,ryan martin,consumer
7928,CUST111828,megan moore,corporate
7929,CUST111829,brian williams,consumer
7930,CUST111830,amanda allen,small business
7931,CUST111832,jennifer stone,consumer
7932,CUST111834,stephanie flores,consumer
7933,CUST111835,bryan whitaker,consumer
7934,CUST111836,jamie barrett,small business
7935,CUST111838,ricky schultz,consumer
7936,CUST111839,gerald rich,corporate
7937,CUST111842,michael odonnell,consumer
7938,CUST111843,richard johnson,corporate
7939,CUST111844,christopher johnson,corporate
7940,CUST111845,carl fox,consumer
7941,CUST111846,roger campbell,consumer
7942,CUST111847,brandon jordan,consumer
7943,CUST111848,christina hernandez,corporate
7944,CUST111849,jessica burton,consumer
7945,CUST111851,jason miller,consumer
7946,CUST111852,norma gill,small business
7947,CUST111853,jonathan smith,consumer
7948,CUST111854,brandy owens,consumer
7949,CUST111856,felicia payne,small business
7950,CUST111857,anthony johnson,small business
7951,CUST111858,marc nelson,small business
7952,CUST111859,scott garza,corporate
7953,CUST111862,jonathan bauer dds,consumer
7954,CUST111863,autumn jones,consumer
7955,CUST111864,david vaughan,consumer
7956,CUST111866,keith russell,consumer
7957,CUST111867,dustin pope,consumer
7958,CUST111868,laura adams,consumer
7959,CUST111869,mark watson,consumer
7960,CUST111871,ashley randolph,consumer
7961,CUST111874,matthew morrison,corporate
7962,CUST111875,elizabeth hahn,small business
7963,CUST111877,larry watkins,consumer
7964,CUST111881,billy morris,consumer
7965,CUST111882,joseph wagner,consumer
7966,CUST111883,lindsay frey,consumer
7967,CUST111884,alicia cortez,consumer
7968,CUST111887,stacey ramos,corporate
7969,CUST111888,amy shepard,consumer
7970,CUST111891,andrea smith,small business
7971,CUST111893,steven torres,corporate
7972,CUST111894,eileen logan,small business
7973,CUST111895,alyssa carney,corporate
7974,CUST111896,ryan french,consumer
7975,CUST111899,ryan buckley,consumer
7976,CUST111902,jonathan huerta,consumer
7977,CUST111903,david ruiz,consumer
7978,CUST111905,kevin hayes,corporate
7979,CUST111909,mary whitehead,consumer
7980,CUST111910,henry frye,corporate
7981,CUST111912,jennifer dean,small business
7982,CUST111915,matthew villegas,small business
7983,CUST111916,donna hughes,consumer
7984,CUST111917,ellen taylor,consumer
7985,CUST111918,david tran,consumer
7986,CUST111919,brian oliver,small business
7987,CUST111920,ray smith,consumer
7988,CUST111921,sara reed,corporate
7989,CUST111922,mark francis,small business
7990,CUST111926,rachel thomas,corporate
7991,CUST111927,amber palmer,consumer
7992,CUST111930,edwin henderson,consumer
7993,CUST111931,hannah castro,corporate
7994,CUST111932,tammy chambers,consumer
7995,CUST111933,melissa smith,consumer
7996,CUST111936,lauren bowen,consumer
7997,CUST111937,thomas lee,small business
7998,CUST111939,todd woods,consumer
7999,CUST111943,michael jensen,corporate
8000,CUST111950,valerie wagner,consumer
8001,CUST111951,daisy miller,consumer
8002,CUST111952,andrew king,consumer
8003,CUST111953,sean henson,consumer
8004,CUST111955,erik smith,consumer
8005,CUST111956,timothy davila,corporate
8006,CUST111957,cody waller,corporate
8007,CUST111958,jeff pierce,small business
8008,CUST111959,robert fox,small business
8009,CUST111960,kimberly walsh,small business
8010,CUST111961,tiffany brown,small business
8011,CUST111963,melissa hernandez,consumer
8012,CUST111965,shannon leon,small business
8013,CUST111967,rebecca carter,consumer
8014,CUST111968,duane jones,consumer
8015,CUST111969,tammy bryant,consumer
8016,CUST111971,elizabeth smith,corporate
8017,CUST111972,amanda werner,corporate
8018,CUST111973,lisa mercado,small business
8019,CUST111974,matthew wade,corporate
8020,CUST111977,elizabeth chambers,small business
8021,CUST111980,monica rhodes,consumer
8022,CUST111982,debbie fitzpatrick,small business
8023,CUST111983,jason cook,small business
8024,CUST111987,elizabeth griffin,consumer
8025,CUST111988,steven mccarty,corporate
8026,CUST111991,connor nielsen,corporate
8027,CUST111994,ralph diaz md,corporate
8028,CUST111995,david nelson,small business
8029,CUST111996,raymond harrison,consumer
8030,CUST111998,melissa lopez,consumer
8031,CUST111999,jack cuevas,consumer
8032,CUST112000,anthony ellis,corporate
8033,CUST112001,kelly woods,consumer
8034,CUST112005,brenda diaz,consumer
8035,CUST112006,andres oconnor,consumer
8036,CUST112008,kenneth schultz,corporate
8037,CUST112009,adam perez,consumer
8038,CUST112010,rachel schmidt,consumer
8039,CUST112011,linda moore,corporate
8040,CUST112013,jordan white,consumer
8041,CUST112014,kara conner,consumer
8042,CUST112015,brandon page,consumer
8043,CUST112016,carla hill,consumer
8044,CUST112018,william franklin,consumer
8045,CUST112019,raymond smith,small business
8046,CUST112022,kristin johnson,corporate
8047,CUST112023,daniel bennett,consumer
8048,CUST112024,gerald love,small business
8049,CUST112028,jason campbell,consumer
8050,CUST112030,james atkins,consumer
8051,CUST112031,jonathan odom,consumer
8052,CUST112032,lawrence mcdonald,consumer
8053,CUST112033,drew webb,consumer
8054,CUST112034,donna shelton,corporate
8055,CUST112035,monica figueroa,corporate
8056,CUST112037,beverly gonzalez,corporate
8057,CUST112038,kathryn ramirez,consumer
8058,CUST112039,nathaniel smith,small business
8059,CUST112041,anthony miller,consumer
8060,CUST112042,aaron burns,corporate
8061,CUST112044,rebecca little,corporate
8062,CUST112045,daniel wells,small business
8063,CUST112047,jamie bowers,consumer
8064,CUST112050,ashley mahoney,consumer
8065,CUST112052,michelle dougherty,consumer
8066,CUST112053,jennifer nguyen,consumer
8067,CUST112054,mandy garner,small business
8068,CUST112055,kelly richardson,corporate
8069,CUST112056,tammy dunlap,corporate
8070,CUST112058,erin leblanc,consumer
8071,CUST112061,erika terry md,consumer
8072,CUST112062,corey diaz,small business
8073,CUST112064,christy moreno,consumer
8074,CUST112073,timothy johnson,corporate
8075,CUST112074,michael wise,consumer
8076,CUST112076,daniel wallace,consumer
8077,CUST112077,cristina hubbard,corporate
8078,CUST112078,katrina bailey,small business
8079,CUST112079,megan patel,consumer
8080,CUST112080,sarah clark,consumer
8081,CUST112082,dana sutton,consumer
8082,CUST112083,latoya clark,consumer
8083,CUST112084,erin bennett,corporate
8084,CUST112085,katherine jones,small business
8085,CUST112089,daniel brooks,corporate
8086,CUST112090,aaron smith,corporate
8087,CUST112091,lisa cox dds,consumer
8088,CUST112092,caitlin johnson,consumer
8089,CUST112093,vanessa juarez,corporate
8090,CUST112095,rachel wheeler,consumer
8091,CUST112097,brian gonzales,consumer
8092,CUST112098,amanda brooks,corporate
8093,CUST112099,brett martinez,small business
8094,CUST112100,douglas taylor,small business
8095,CUST112102,tracy cole,small business
8096,CUST112103,alice hunter,consumer
8097,CUST112104,sherri vargas,consumer
8098,CUST112105,sheila santos,small business
8099,CUST112106,karen stevens,consumer
8100,CUST112109,jeffrey garcia,consumer
8101,CUST112110,gregory perry,corporate
8102,CUST112111,ms. sandra kramer phd,consumer
8103,CUST112113,william contreras,consumer
8104,CUST112114,rachel dunn,consumer
8105,CUST112115,troy green,consumer
8106,CUST112116,nathan adams,consumer
8107,CUST112117,derek blackburn,consumer
8108,CUST112118,mary snyder,consumer
8109,CUST112119,jeffrey gibbs,consumer
8110,CUST112120,colin chapman,consumer
8111,CUST112123,lisa davis,corporate
8112,CUST112128,wesley norris,corporate
8113,CUST112129,stephanie smith,consumer
8114,CUST112131,philip hernandez,corporate
8115,CUST112132,kim daniel,consumer
8116,CUST112133,emily santiago,corporate
8117,CUST112134,ashley johnson,corporate
8118,CUST112136,randy price,consumer
8119,CUST112137,lisa welch,consumer
8120,CUST112138,tina williams,consumer
8121,CUST112139,lee davis,consumer
8122,CUST112142,matthew parker,small business
8123,CUST112144,aaron hansen,corporate
8124,CUST112145,steven richardson,consumer
8125,CUST112146,john johnson,consumer
8126,CUST112148,scott keller,consumer
8127,CUST112149,eric hubbard,consumer
8128,CUST112150,kevin knox,consumer
8129,CUST112151,joseph scott,consumer
8130,CUST112152,mrs. alexis barnes,consumer
8131,CUST112154,tyler hayes,corporate
8132,CUST112155,randy ellison,corporate
8133,CUST112157,jordan west,consumer
8134,CUST112161,laura duke,corporate
8135,CUST112162,joshua rose,corporate
8136,CUST112163,michelle mullins,consumer
8137,CUST112164,kelly roberts,corporate
8138,CUST112166,timothy lowery,corporate
8139,CUST112168,sara gonzalez,small business
8140,CUST112169,terry aguilar,consumer
8141,CUST112170,john martinez,corporate
8142,CUST112173,joseph henderson,small business
8143,CUST112174,rebecca brown,corporate
8144,CUST112175,richard hernandez,corporate
8145,CUST112178,mike parker,consumer
8146,CUST112179,debbie nguyen,consumer
8147,CUST112181,jacqueline bailey,small business
8148,CUST112183,sean russell,small business
8149,CUST112184,jessica parsons,consumer
8150,CUST112185,rodney george,small business
8151,CUST112186,thomas greer,small business
8152,CUST112187,ana bullock,consumer
8153,CUST112188,eric coffey,consumer
8154,CUST112189,emily steele,consumer
8155,CUST112190,shaun hawkins,small business
8156,CUST112191,paul james,consumer
8157,CUST112193,jason cox,consumer
8158,CUST112194,barry king,consumer
8159,CUST112195,tina spears,small business
8160,CUST112197,tabitha barajas,consumer
8161,CUST112198,stephanie allen,consumer
8162,CUST112201,shannon charles,corporate
8163,CUST112202,sean brown,consumer
8164,CUST112203,micheal wiggins,corporate
8165,CUST112204,felicia atkins,consumer
8166,CUST112205,edward yang,consumer
8167,CUST112206,jessica cortez,corporate
8168,CUST112208,samantha moyer,corporate
8169,CUST112210,jenny harper,small business
8170,CUST112212,jessica schultz,corporate
8171,CUST112213,amanda riddle,small business
8172,CUST112214,dustin ramos,consumer
8173,CUST112217,ashley powers,consumer
8174,CUST112218,justin garcia,corporate
8175,CUST112219,william kelley,small business
8176,CUST112220,hannah tucker,corporate
8177,CUST112221,annette benton md,consumer
8178,CUST112222,brandon beck,consumer
8179,CUST112223,jonathan boone,small business
8180,CUST112224,justin daugherty,consumer
8181,CUST112225,samantha lyons,consumer
8182,CUST112227,raymond martin,consumer
8183,CUST112228,jennifer david,corporate
8184,CUST112229,christopher ross,consumer
8185,CUST112230,troy cunningham,consumer
8186,CUST112231,ms. elizabeth valdez,corporate
8187,CUST112232,kevin sanders,consumer
8188,CUST112233,sarah anderson,small business
8189,CUST112234,kevin ramos,corporate
8190,CUST112235,jonathan castaneda,consumer
8191,CUST112236,debbie strong,corporate
8192,CUST112237,paul smith,small business
8193,CUST112238,christopher allen,corporate
8194,CUST112239,cody henry,corporate
8195,CUST112240,jessica davis,small business
8196,CUST112241,heather ryan,consumer
8197,CUST112242,jennifer warren,corporate
8198,CUST112247,melissa knight,consumer
8199,CUST112248,mrs. jenna gonzalez,corporate
8200,CUST112249,michael smith,consumer
8201,CUST112251,robert porter,small business
8202,CUST112252,lisa luna,consumer
8203,CUST112253,darryl aguilar,consumer
8204,CUST112254,amanda mahoney,consumer
8205,CUST112258,rebecca watts md,corporate
8206,CUST112260,jillian henry,corporate
8207,CUST112261,john kaufman,corporate
8208,CUST112263,jasmine green,small business
8209,CUST112265,andrew lucas,consumer
8210,CUST112267,mr. edward mercer,consumer
8211,CUST112268,michelle herring,corporate
8212,CUST112269,danny lowery md,corporate
8213,CUST112270,mandy gibson,consumer
8214,CUST112271,susan walker,consumer
8215,CUST112275,peter buckley,consumer
8216,CUST112278,tracy hall,small business
8217,CUST112279,nicholas villanueva,consumer
8218,CUST112280,steven bradford,small business
8219,CUST112282,david ryan,consumer
8220,CUST112283,mariah king,consumer
8221,CUST112284,karen brown,consumer
8222,CUST112285,timothy armstrong,consumer
8223,CUST112286,janice williams,small business
8224,CUST112287,linda smith,consumer
8225,CUST112289,cole walker,consumer
8226,CUST112292,mr. paul young,consumer
8227,CUST112293,jose castillo,corporate
8228,CUST112294,tina spencer,corporate
8229,CUST112295,joseph white,corporate
8230,CUST112296,robert frazier,small business
8231,CUST112297,patricia smith,corporate
8232,CUST112298,bradley davidson,corporate
8233,CUST112299,marilyn obrien,consumer
8234,CUST112300,gary dixon,corporate
8235,CUST112301,lisa goodwin,consumer
8236,CUST112303,david anderson,consumer
8237,CUST112304,judy garcia,consumer
8238,CUST112306,brenda garcia,consumer
8239,CUST112308,kevin miller,consumer
8240,CUST112309,michael duran jr.,consumer
8241,CUST112310,sara marshall,consumer
8242,CUST112312,lisa ryan,corporate
8243,CUST112313,james mcgee,consumer
8244,CUST112315,aaron murray,small business
8245,CUST112316,javier dudley,consumer
8246,CUST112317,william chavez,corporate
8247,CUST112318,monique ortiz,small business
8248,CUST112319,mr. benjamin rodriguez,consumer
8249,CUST112321,robert davis,corporate
8250,CUST112322,amanda robinson,consumer
8251,CUST112324,janice wilson,consumer
8252,CUST112325,melissa martinez,consumer
8253,CUST112326,sandy bentley,corporate
8254,CUST112327,terry campbell,consumer
8255,CUST112330,michael williams,consumer
8256,CUST112331,anthony barrera,corporate
8257,CUST112334,sarah garcia,consumer
8258,CUST112336,jeffrey horn,consumer
8259,CUST112338,lisa kidd,consumer
8260,CUST112340,edward hayes,corporate
8261,CUST112342,kimberly meyer,small business
8262,CUST112343,connor james,consumer
8263,CUST112344,kathryn sanchez,consumer
8264,CUST112346,kelly cunningham,corporate
8265,CUST112347,samuel arroyo,corporate
8266,CUST112349,taylor jackson dds,small business
8267,CUST112350,destiny eaton,corporate
8268,CUST112351,andrea parks,consumer
8269,CUST112352,edward norton,consumer
8270,CUST112353,michael case,consumer
8271,CUST112354,gregory james,consumer
8272,CUST112357,stephanie boone,corporate
8273,CUST112358,steven griffin,small business
8274,CUST112359,ian hill,consumer
8275,CUST112361,john harris,corporate
8276,CUST112362,michelle smith,consumer
8277,CUST112366,tina obrien,consumer
8278,CUST112367,tamara young,consumer
8279,CUST112369,cameron reid,consumer
8280,CUST112370,lisa wolf,consumer
8281,CUST112371,destiny osborn,consumer
8282,CUST112372,brittany moore,small business
8283,CUST112374,jennifer wood,corporate
8284,CUST112375,matthew lewis,corporate
8285,CUST112376,christopher durham,corporate
8286,CUST112377,brianna moore dds,consumer
8287,CUST112378,shaun patton,corporate
8288,CUST112379,kenneth welch,corporate
8289,CUST112381,laura richard,consumer
8290,CUST112383,renee johnson,consumer
8291,CUST112384,katie morrison,small business
8292,CUST112385,sharon reilly,consumer
8293,CUST112386,cynthia landry md,consumer
8294,CUST112389,dwayne lester,consumer
8295,CUST112390,jeremy rasmussen,small business
8296,CUST112395,paul huang,consumer
8297,CUST112396,jennifer davis,consumer
8298,CUST112397,mike duarte,consumer
8299,CUST112400,charles erickson,consumer
8300,CUST112401,travis thornton,corporate
8301,CUST112403,mary taylor,corporate
8302,CUST112404,candice harris,corporate
8303,CUST112405,brandon cannon,small business
8304,CUST112406,scott warren,small business
8305,CUST112407,jacob howe,consumer
8306,CUST112408,rachel davis,consumer
8307,CUST112409,tina guerrero,consumer
8308,CUST112410,elizabeth rhodes,corporate
8309,CUST112411,brett pugh,corporate
8310,CUST112412,richard smith,consumer
8311,CUST112413,mrs. rachel bell,consumer
8312,CUST112415,michael dean,consumer
8313,CUST112416,alicia gillespie,consumer
8314,CUST112418,david lewis,consumer
8315,CUST112419,joshua hayden,consumer
8316,CUST112420,lauren nguyen,corporate
8317,CUST112421,margaret rogers,consumer
8318,CUST112425,veronica rice,consumer
8319,CUST112427,richard owens,corporate
8320,CUST112428,laura hansen,corporate
8321,CUST112432,nathaniel barnes,corporate
8322,CUST112433,kimberly meadows,consumer
8323,CUST112434,scott romero,corporate
8324,CUST112436,sara hardin,consumer
8325,CUST112437,christopher martin,consumer
8326,CUST112438,selena wright,corporate
8327,CUST112439,victoria weber,consumer
8328,CUST112444,carla walters,corporate
8329,CUST112445,ryan smith,consumer
8330,CUST112446,elizabeth gibson,small business
8331,CUST112447,matthew johnson,consumer
8332,CUST112449,stephen pollard,corporate
8333,CUST112450,jean jones,consumer
8334,CUST112451,audrey smith,consumer
8335,CUST112453,kayla morrison,small business
8336,CUST112455,christian brown,consumer
8337,CUST112456,michael frazier,corporate
8338,CUST112457,ronald mitchell,small business
8339,CUST112458,steven webb,consumer
8340,CUST112459,donna barnes,small business
8341,CUST112462,timothy edwards,consumer
8342,CUST112463,amy young,consumer
8343,CUST112464,andrew hill,consumer
8344,CUST112465,christina montgomery,consumer
8345,CUST112466,mr. alex wilkerson,corporate
8346,CUST112467,alexandra horton,consumer
8347,CUST112468,kelly pierce,consumer
8348,CUST112469,christopher king,consumer
8349,CUST112470,kimberly barton,consumer
8350,CUST112471,charles ryan,corporate
8351,CUST112472,john hurst,consumer
8352,CUST112474,deanna stewart,corporate
8353,CUST112479,chris patrick,corporate
8354,CUST112480,john rose,consumer
8355,CUST112481,ernest smith,consumer
8356,CUST112482,michael bishop,consumer
8357,CUST112483,rebecca peters,corporate
8358,CUST112484,monica davis,corporate
8359,CUST112486,melissa cain,consumer
8360,CUST112488,kathleen brandt,consumer
8361,CUST112490,alexis carter,corporate
8362,CUST112491,clayton benson,consumer
8363,CUST112492,caleb mcgrath,corporate
8364,CUST112493,adam owens,consumer
8365,CUST112495,caitlin lucas,consumer
8366,CUST112496,ashley green,consumer
8367,CUST112498,melissa rogers,corporate
8368,CUST112499,dwayne bell,corporate
8369,CUST112502,regina hardy,corporate
8370,CUST112503,sarah newman,small business
8371,CUST112504,john summers,corporate
8372,CUST112505,william schmidt,consumer
8373,CUST112506,kristin garcia,small business
8374,CUST112507,cheryl lindsey,corporate
8375,CUST112508,kelly ford,consumer
8376,CUST112509,colton foster,corporate
8377,CUST112511,ronald trujillo,consumer
8378,CUST112512,bill baker,consumer
8379,CUST112514,jennifer ellis,corporate
8380,CUST112516,john ward,small business
8381,CUST112517,valerie nguyen,corporate
8382,CUST112519,jacqueline johnson,consumer
8383,CUST112521,arthur graham,small business
8384,CUST112522,derek phillips,consumer
8385,CUST112524,gary brown,corporate
8386,CUST112525,justin frey,small business
8387,CUST112526,lauren schmitt,corporate
8388,CUST112528,michael nguyen jr.,consumer
8389,CUST112529,mark lopez,consumer
8390,CUST112530,james schultz,consumer
8391,CUST112531,courtney snyder,consumer
8392,CUST112532,christine turner,corporate
8393,CUST112533,mark alexander,small business
8394,CUST112536,bradley chambers,consumer
8395,CUST112538,christine johnson,small business
8396,CUST112539,david smith,consumer
8397,CUST112540,regina mckinney,consumer
8398,CUST112543,joshua francis,small business
8399,CUST112544,nathan miller,corporate
8400,CUST112546,christopher downs,consumer
8401,CUST112547,amanda lopez,consumer
8402,CUST112550,charlene johnson,consumer
8403,CUST112552,kevin mcdonald,consumer
8404,CUST112553,michael livingston,small business
8405,CUST112554,ann mills,small business
8406,CUST112556,derrick pennington,small business
8407,CUST112559,stephanie smith,consumer
8408,CUST112560,taylor kennedy,consumer
8409,CUST112561,rebecca fletcher,small business
8410,CUST112562,susan nicholson,corporate
8411,CUST112565,richard wilson,consumer
8412,CUST112566,anthony miller,consumer
8413,CUST112567,jamie barnes,consumer
8414,CUST112569,rebecca dunn,consumer
8415,CUST112571,megan mcintyre,corporate
8416,CUST112573,alison johnson,corporate
8417,CUST112574,haley watson,corporate
8418,CUST112576,mark roberts,consumer
8419,CUST112577,andrea garcia,consumer
8420,CUST112578,cynthia johnson,consumer
8421,CUST112579,kathy perez,consumer
8422,CUST112581,donald walker,small business
8423,CUST112582,matthew cole,corporate
8424,CUST112583,robert moore,consumer
8425,CUST112584,james lewis,corporate
8426,CUST112585,natalie mcdaniel,small business
8427,CUST112586,mrs. joann boyd md,consumer
8428,CUST112587,john harris,consumer
8429,CUST112590,brandon brady,corporate
8430,CUST112591,courtney martinez,consumer
8431,CUST112593,joseph simpson,corporate
8432,CUST112595,bruce ward,consumer
8433,CUST112597,courtney harris,small business
8434,CUST112600,justin gonzalez,consumer
8435,CUST112601,eileen roberts,consumer
8436,CUST112602,heather pham,corporate
8437,CUST112603,april wilson md,corporate
8438,CUST112605,brian curry,corporate
8439,CUST112606,jason johnson,consumer
8440,CUST112608,pamela case md,consumer
8441,CUST112609,travis henderson,corporate
8442,CUST112612,amber best,consumer
8443,CUST112613,donald stephens,consumer
8444,CUST112615,mr. robert brown,consumer
8445,CUST112616,jennifer orr,consumer
8446,CUST112618,susan dougherty,consumer
8447,CUST112619,richard wallace,small business
8448,CUST112620,cindy long,consumer
8449,CUST112622,taylor barrett,corporate
8450,CUST112623,natalie fox,consumer
8451,CUST112624,barbara kim,consumer
8452,CUST112626,stacy brooks,consumer
8453,CUST112627,anna anderson,small business
8454,CUST112629,david diaz,small business
8455,CUST112632,crystal adams,consumer
8456,CUST112634,ian williams,corporate
8457,CUST112635,leah brown,consumer
8458,CUST112636,jennifer brown,consumer
8459,CUST112639,jeffery perez,consumer
8460,CUST112640,jeffrey brooks,corporate
8461,CUST112641,samuel roberts,consumer
8462,CUST112642,zachary wallace,consumer
8463,CUST112644,leonard smith,consumer
8464,CUST112645,randy rivera,corporate
8465,CUST112646,victoria cox,consumer
8466,CUST112647,allison tapia,consumer
8467,CUST112648,michelle nixon,corporate
8468,CUST112650,jose harrington,small business
8469,CUST112651,todd hill,small business
8470,CUST112652,jeffery tucker,small business
8471,CUST112654,linda keller,corporate
8472,CUST112655,deanna miller,corporate
8473,CUST112657,amanda henderson,consumer
8474,CUST112658,william hatfield,consumer
8475,CUST112659,nicole hall,corporate
8476,CUST112660,cynthia trevino,consumer
8477,CUST112661,vanessa robertson md,corporate
8478,CUST112662,kathryn ryan,consumer
8479,CUST112663,beth wright,consumer
8480,CUST112665,jeremiah king,consumer
8481,CUST112666,joseph wells,corporate
8482,CUST112668,jonathan gonzalez,consumer
8483,CUST112669,ryan torres,small business
8484,CUST112670,brian hunter,small business
8485,CUST112671,paul hicks,consumer
8486,CUST112672,kara allen,consumer
8487,CUST112673,lee mitchell,consumer
8488,CUST112674,lisa wells,corporate
8489,CUST112676,nicole hampton,corporate
8490,CUST112677,ricky moyer,consumer
8491,CUST112678,daniel calhoun,corporate
8492,CUST112679,george lamb,consumer
8493,CUST112680,sandra robbins,small business
8494,CUST112682,christopher bell,corporate
8495,CUST112683,paul tyler,corporate
8496,CUST112684,nicholas hernandez,corporate
8497,CUST112687,diana martinez,consumer
8498,CUST112689,jessica wilson,corporate
8499,CUST112690,randy carroll,consumer
8500,CUST112691,mary middleton,consumer
8501,CUST112692,stephanie holloway md,consumer
8502,CUST112694,jose jones,consumer
8503,CUST112695,michelle holt,consumer
8504,CUST112698,jodi ramirez,small business
8505,CUST112699,robert morales,corporate
8506,CUST112700,amanda brown,small business
8507,CUST112704,lawrence lopez,small business
8508,CUST112706,pamela ware,consumer
8509,CUST112707,melissa rowe,small business
8510,CUST112709,jonathan jacobson,consumer
8511,CUST112710,cameron pratt,consumer
8512,CUST112711,jonathan tucker,consumer
8513,CUST112712,gary bennett,corporate
8514,CUST112714,lauren porter,consumer
8515,CUST112715,natalie rodriguez,corporate
8516,CUST112716,mrs. penny perez,consumer
8517,CUST112719,gerald taylor,small business
8518,CUST112721,jennifer maldonado,consumer
8519,CUST112722,angel butler,consumer
8520,CUST112723,justin swanson,small business
8521,CUST112725,sherri shaw,small business
8522,CUST112727,michelle hernandez,small business
8523,CUST112728,david flores,consumer
8524,CUST112729,sarah mitchell,consumer
8525,CUST112731,robert goodman,small business
8526,CUST112732,gina reeves,corporate
8527,CUST112735,daniel romero,corporate
8528,CUST112736,justin patterson,consumer
8529,CUST112737,margaret ramos,corporate
8530,CUST112738,andrea daniels,consumer
8531,CUST112740,scott schmidt,consumer
8532,CUST112741,shawn lucas,consumer
8533,CUST112742,justin dunn,corporate
8534,CUST112743,jason johnson,small business
8535,CUST112745,matthew wilson,corporate
8536,CUST112746,theresa hawkins,consumer
8537,CUST112747,tammy walker,consumer
8538,CUST112749,valerie moreno,consumer
8539,CUST112751,christopher webb,corporate
8540,CUST112754,eugene hanson,consumer
8541,CUST112757,douglas ashley,corporate
8542,CUST112759,roger white,small business
8543,CUST112760,billy walls,consumer
8544,CUST112762,alisha roberson,corporate
8545,CUST112763,brandy miller,small business
8546,CUST112764,mikayla long,consumer
8547,CUST112765,kathy vazquez,consumer
8548,CUST112766,michael dunn,corporate
8549,CUST112768,steven fischer,corporate
8550,CUST112770,patrick gill,consumer
8551,CUST112771,mario walker,consumer
8552,CUST112772,theresa kennedy,corporate
8553,CUST112774,crystal mueller,consumer
8554,CUST112776,shawn lopez,consumer
8555,CUST112777,caleb stone,small business
8556,CUST112779,megan kelley,corporate
8557,CUST112780,brian foster,corporate
8558,CUST112781,amy ayers,small business
8559,CUST112783,brooke robbins,small business
8560,CUST112784,matthew kaufman,corporate
8561,CUST112785,jonathan reynolds,corporate
8562,CUST112786,maxwell meadows,consumer
8563,CUST112787,derek olson,consumer
8564,CUST112788,john lopez,consumer
8565,CUST112789,jose malone,small business
8566,CUST112790,kristen taylor,consumer
8567,CUST112793,brian smith,corporate
8568,CUST112795,joshua jackson,small business
8569,CUST112797,miss danielle johnson,corporate
8570,CUST112799,heidi jenkins,consumer
8571,CUST112802,adam hunter,consumer
8572,CUST112804,abigail hayes,consumer
8573,CUST112805,sara thomas,consumer
8574,CUST112807,maria sherman,consumer
8575,CUST112808,kelly brown,consumer
8576,CUST112809,charles saunders,small business
8577,CUST112810,brenda romero,corporate
8578,CUST112811,phyllis kane,corporate
8579,CUST112812,anna phillips,corporate
8580,CUST112813,jason higgins,corporate
8581,CUST112814,james sexton,corporate
8582,CUST112815,william webb,consumer
8583,CUST112816,robert nichols,consumer
8584,CUST112818,curtis rowe,consumer
8585,CUST112820,kelly adams,consumer
8586,CUST112821,julia kirby,consumer
8587,CUST112823,darrell ortega,corporate
8588,CUST112824,jenny graves,consumer
8589,CUST112825,walter james,corporate
8590,CUST112826,anna phillips,consumer
8591,CUST112829,sonya richardson,consumer
8592,CUST112830,joseph flores,corporate
8593,CUST112831,jennifer jones,consumer
8594,CUST112832,gabrielle thompson,consumer
8595,CUST112833,stacey coleman,small business
8596,CUST112834,cassandra reid,consumer
8597,CUST112835,mary ortiz,consumer
8598,CUST112836,robert garcia,consumer
8599,CUST112838,brandon johnson,consumer
8600,CUST112839,barbara tate,small business
8601,CUST112840,brian richardson,corporate
8602,CUST112842,stephanie moss,consumer
8603,CUST112844,alexis king,corporate
8604,CUST112845,lauren boyd,consumer
8605,CUST112846,andrew reyes,corporate
8606,CUST112848,john benson,corporate
8607,CUST112849,jesus salazar,corporate
8608,CUST112850,holly strickland,small business
8609,CUST112851,michele simpson,corporate
8610,CUST112852,matthew olsen,consumer
8611,CUST112854,desiree wong,small business
8612,CUST112855,jason giles,small business
8613,CUST112856,nathaniel young,corporate
8614,CUST112858,amber huang,small business
8615,CUST112859,christina morris,consumer
8616,CUST112861,michael strong,consumer
8617,CUST112862,anna watts,corporate
8618,CUST112863,gina johns,consumer
8619,CUST112864,brett ramirez,consumer
8620,CUST112865,paula chung,consumer
8621,CUST112868,jennifer moore,consumer
8622,CUST112870,robert sawyer,consumer
8623,CUST112871,michaela foley,corporate
8624,CUST112872,william smith,consumer
8625,CUST112873,dennis smith,corporate
8626,CUST112875,andrew thomas,consumer
8627,CUST112876,tiffany myers,consumer
8628,CUST112877,michael fleming,consumer
8629,CUST112880,tonya murphy,corporate
8630,CUST112881,timothy wilson dds,small business
8631,CUST112884,ryan price,consumer
8632,CUST112887,gregory carney,small business
8633,CUST112888,jose armstrong,corporate
8634,CUST112889,sally thomas,consumer
8635,CUST112890,joshua taylor,consumer
8636,CUST112891,sarah frey,consumer
8637,CUST112893,tom padilla,small business
8638,CUST112894,carolyn smith,consumer
8639,CUST112895,beth black,corporate
8640,CUST112898,jesse foley,consumer
8641,CUST112899,zachary ashley,small business
8642,CUST112900,veronica perez,consumer
8643,CUST112901,jamie sanchez,consumer
8644,CUST112905,john wilson,consumer
8645,CUST112906,eddie mccormick,consumer
8646,CUST112907,mark carpenter,small business
8647,CUST112908,ralph shaw,consumer
8648,CUST112909,karen fowler,consumer
8649,CUST112910,james morales,consumer
8650,CUST112913,george roberson,corporate
8651,CUST112914,kenneth mccarthy,consumer
8652,CUST112916,danny atkins,corporate
8653,CUST112918,alexandria campbell dvm,corporate
8654,CUST112920,aaron davis,consumer
8655,CUST112922,stephanie sanchez,consumer
8656,CUST112923,gavin white,corporate
8657,CUST112925,andrew osborne,small business
8658,CUST112926,susan garrett,small business
8659,CUST112927,brett perkins,consumer
8660,CUST112928,james hernandez,corporate
8661,CUST112930,sarah newman,consumer
8662,CUST112932,joseph holland,consumer
8663,CUST112933,jennifer murphy,consumer
8664,CUST112934,angela marshall,corporate
8665,CUST112936,stephen miranda,consumer
8666,CUST112940,james gutierrez,consumer
8667,CUST112941,javier smith,consumer
8668,CUST112943,michael patrick,consumer
8669,CUST112944,robert castillo,small business
8670,CUST112945,caitlin rodgers,consumer
8671,CUST112946,melinda wilson,small business
8672,CUST112950,richard lee,corporate
8673,CUST112951,craig weber,small business
8674,CUST112953,victoria abbott,consumer
8675,CUST112954,ian chang,corporate
8676,CUST112955,nichole howard,small business
8677,CUST112956,mrs. erica novak,corporate
8678,CUST112959,mackenzie moran,small business
8679,CUST112960,kayla perez,corporate
8680,CUST112962,mary nichols,corporate
8681,CUST112963,heather vasquez,corporate
8682,CUST112964,kimberly foley,consumer
8683,CUST112965,rodney hodges,consumer
8684,CUST112966,teresa bishop,consumer
8685,CUST112967,robert calhoun,corporate
8686,CUST112968,michael wheeler,consumer
8687,CUST112970,william smith,consumer
8688,CUST112971,jamie flynn,corporate
8689,CUST112973,leah hicks,consumer
8690,CUST112974,angela phillips,corporate
8691,CUST112975,rebecca hawkins,consumer
8692,CUST112976,erica weber,consumer
8693,CUST112977,susan morgan,consumer
8694,CUST112980,richard stanley,consumer
8695,CUST112981,charles brown,small business
8696,CUST112983,andrew drake,consumer
8697,CUST112984,alice king,small business
8698,CUST112985,sara ashley,consumer
8699,CUST112989,amanda bryant,small business
8700,CUST112991,stephanie howell,corporate
8701,CUST112993,william wright,consumer
8702,CUST112994,jennifer johnson,consumer
8703,CUST112996,veronica floyd,consumer
8704,CUST112999,jane anderson,consumer
8705,CUST113002,sheila hunt,consumer
8706,CUST113003,drew carey,small business
8707,CUST113004,erica west,consumer
8708,CUST113005,catherine johnson,corporate
8709,CUST113006,mitchell watson,consumer
8710,CUST113007,victoria houston,consumer
8711,CUST113009,ryan acosta,consumer
8712,CUST113010,philip mckinney,corporate
8713,CUST113012,robert sanchez,corporate
8714,CUST113014,thomas lane,consumer
8715,CUST113015,kathleen smith,consumer
8716,CUST113016,william hancock,consumer
8717,CUST113018,jason bell,corporate
8718,CUST113019,courtney white,consumer
8719,CUST113020,melissa rhodes,small business
8720,CUST113021,angela ali,consumer
8721,CUST113022,melissa collins,corporate
8722,CUST113023,angela jackson,consumer
8723,CUST113024,kaitlyn marshall,corporate
8724,CUST113025,jeremy martin,consumer
8725,CUST113026,james taylor,consumer
8726,CUST113031,david short,consumer
8727,CUST113032,brandon khan,consumer
8728,CUST113033,mark miranda,consumer
8729,CUST113036,karen garcia,corporate
8730,CUST113037,joseph taylor md,small business
8731,CUST113039,nathaniel hartman,corporate
8732,CUST113040,thomas aguilar,small business
8733,CUST113041,mrs. betty salazar md,consumer
8734,CUST113042,christopher finley,consumer
8735,CUST113043,ronald richards,corporate
8736,CUST113044,donald pratt,consumer
8737,CUST113045,meagan wood,consumer
8738,CUST113046,dr. monica stout,corporate
8739,CUST113047,sara carter,consumer
8740,CUST113048,christopher murray,corporate
8741,CUST113049,katie myers md,consumer
8742,CUST113050,candace chavez dds,small business
8743,CUST113051,stephanie sellers,consumer
8744,CUST113052,christine johnson,consumer
8745,CUST113054,sarah contreras,small business
8746,CUST113055,david wheeler,consumer
8747,CUST113057,stephen johnson dvm,consumer
8748,CUST113058,bridget mcpherson,consumer
8749,CUST113059,angela young,corporate
8750,CUST113060,meagan rivera,corporate
8751,CUST113062,shannon stevenson,consumer
8752,CUST113063,mike lang,consumer
8753,CUST113064,sharon griffin,consumer
8754,CUST113066,kimberly johnson,small business
8755,CUST113068,steven hill,consumer
8756,CUST113070,joanna smith,consumer
8757,CUST113071,janet rodriguez,small business
8758,CUST113072,elizabeth alvarez,consumer
8759,CUST113073,christine nguyen,consumer
8760,CUST113075,wendy bean,small business
8761,CUST113076,david rodriguez,consumer
8762,CUST113078,erika maldonado,corporate
8763,CUST113079,carrie griffin,corporate
8764,CUST113081,jessica pennington,small business
8765,CUST113084,craig yoder,corporate
8766,CUST113086,william thomas,consumer
8767,CUST113087,samantha parrish,consumer
8768,CUST113088,anne golden,corporate
8769,CUST113089,erika bell,consumer
8770,CUST113090,benjamin mckay,consumer
8771,CUST113091,jose bradley,consumer
8772,CUST113092,david trujillo,consumer
8773,CUST113093,karen mccall,consumer
8774,CUST113094,brendan arnold,consumer
8775,CUST113096,kenneth thompson,corporate
8776,CUST113097,larry huerta,corporate
8777,CUST113100,alexis solomon,corporate
8778,CUST113101,emily pollard,small business
8779,CUST113103,desiree jones,consumer
8780,CUST113104,mark soto,corporate
8781,CUST113105,david evans,consumer
8782,CUST113107,mr. craig sanders,consumer
8783,CUST113109,charlene haynes,consumer
8784,CUST113110,travis hunter,consumer
8785,CUST113111,christina jackson,consumer
8786,CUST113112,andrew davis,corporate
8787,CUST113113,amanda cox,small business
8788,CUST113114,james martin,consumer
8789,CUST113115,susan russell,consumer
8790,CUST113116,thomas powell,consumer
8791,CUST113118,tracy campbell,consumer
8792,CUST113119,jamie owen,corporate
8793,CUST113120,rodney collier,small business
8794,CUST113122,alyssa turner,small business
8795,CUST113126,lindsey morgan,consumer
8796,CUST113128,diamond king,consumer
8797,CUST113129,sherry costa,small business
8798,CUST113130,sara shepherd dds,small business
8799,CUST113131,david wagner,consumer
8800,CUST113132,tammy harris,consumer
8801,CUST113134,megan walter,consumer
8802,CUST113135,ms. heidi marquez dds,consumer
8803,CUST113136,abigail baxter,corporate
8804,CUST113137,linda ramos,consumer
8805,CUST113140,melissa white,corporate
8806,CUST113145,kathryn martinez,small business
8807,CUST113147,kristy young,consumer
8808,CUST113148,mrs. tracy lowe,consumer
8809,CUST113150,carolyn foster,consumer
8810,CUST113153,kelly webster,small business
8811,CUST113154,erin stanton,consumer
8812,CUST113156,veronica james,consumer
8813,CUST113157,nancy rose,consumer
8814,CUST113158,robert vaughn,consumer
8815,CUST113159,andrea burns,small business
8816,CUST113160,ashley tyler,consumer
8817,CUST113161,sally williams,consumer
8818,CUST113163,diane schultz,consumer
8819,CUST113164,jimmy stephens,consumer
8820,CUST113166,jared lyons,small business
8821,CUST113168,lori rodriguez,consumer
8822,CUST113170,michelle ward,corporate
8823,CUST113171,gina torres,small business
8824,CUST113172,krystal forbes,corporate
8825,CUST113173,zachary dean,consumer
8826,CUST113174,robert white,consumer
8827,CUST113175,brian sanchez,corporate
8828,CUST113176,elizabeth jones,corporate
8829,CUST113177,stacey thomas,corporate
8830,CUST113178,james garcia,corporate
8831,CUST113181,tyler cooke,corporate
8832,CUST113182,kyle hanna,corporate
8833,CUST113183,derek coleman,consumer
8834,CUST113185,gerald maldonado,corporate
8835,CUST113186,jesus chan,consumer
8836,CUST113188,vicki cox,corporate
8837,CUST113189,michael hodge,consumer
8838,CUST113191,grant daniels,corporate
8839,CUST113192,hannah odom,consumer
8840,CUST113193,mr. george haney,consumer
8841,CUST113194,stephen dorsey,corporate
8842,CUST113196,john le,consumer
8843,CUST113197,stephen long,consumer
8844,CUST113198,michael mills,consumer
8845,CUST113199,dennis williams,consumer
8846,CUST113200,mr. michael walters,consumer
8847,CUST113203,todd alvarez,small business
8848,CUST113204,michael williams,consumer
8849,CUST113205,benjamin caldwell,corporate
8850,CUST113206,wayne smith,consumer
8851,CUST113208,adam davis,consumer
8852,CUST113209,erika anderson,consumer
8853,CUST113210,sarah stevens,consumer
8854,CUST113211,jesus ward,consumer
8855,CUST113213,alyssa martinez,corporate
8856,CUST113214,lacey rodriguez,corporate
8857,CUST113215,tracy massey,corporate
8858,CUST113216,rebecca mcintyre,consumer
8859,CUST113217,robert stevens,consumer
8860,CUST113219,cassandra dunn dvm,corporate
8861,CUST113220,brenda roberts,consumer
8862,CUST113221,tiffany lee,consumer
8863,CUST113224,erin washington,small business
8864,CUST113225,benjamin torres,consumer
8865,CUST113226,amy peters,consumer
8866,CUST113227,leah rodriguez,consumer
8867,CUST113228,james landry,consumer
8868,CUST113229,rodney fuller,consumer
8869,CUST113231,heather mcintosh,small business
8870,CUST113232,matthew sanders,consumer
8871,CUST113233,keith gross,consumer
8872,CUST113235,joshua fields,consumer
8873,CUST113237,karen tate,consumer
8874,CUST113239,jacqueline stewart,corporate
8875,CUST113240,nancy turner,consumer
8876,CUST113241,bryan romero,consumer
8877,CUST113242,mark oconnor,consumer
8878,CUST113243,dr. steven barnes,consumer
8879,CUST113245,marisa chavez,corporate
8880,CUST113246,logan bennett,small business
8881,CUST113247,victoria harper,consumer
8882,CUST113248,karen pena,corporate
8883,CUST113249,ronald garrison,consumer
8884,CUST113250,joe lee,consumer
8885,CUST113251,christopher stanton,consumer
8886,CUST113254,david christensen,corporate
8887,CUST113256,caleb price,consumer
8888,CUST113258,ryan hall,small business
8889,CUST113259,tammy martin,small business
8890,CUST113260,lisa nicholson,consumer
8891,CUST113262,margaret harris,corporate
8892,CUST113263,mark pratt,consumer
8893,CUST113265,william beck,consumer
8894,CUST113266,joseph lozano,corporate
8895,CUST113269,thomas baker,consumer
8896,CUST113270,james stein,consumer
8897,CUST113271,kenneth guzman,consumer
8898,CUST113273,sabrina anderson,consumer
8899,CUST113274,jennifer wade,consumer
8900,CUST113276,vanessa ramirez,consumer
8901,CUST113277,brandon kim,small business
8902,CUST113278,daniel johnson,small business
8903,CUST113279,jessica hoover,consumer
8904,CUST113280,nathaniel obrien,small business
8905,CUST113281,ms. vickie weaver,consumer
8906,CUST113282,elizabeth moses,corporate
8907,CUST113283,matthew welch,consumer
8908,CUST113284,michael thompson,small business
8909,CUST113285,zachary white,consumer
8910,CUST113286,linda glass,consumer
8911,CUST113287,jose daniel,corporate
8912,CUST113288,jerry fox,consumer
8913,CUST113289,anthony kelley,consumer
8914,CUST113293,hannah cochran,consumer
8915,CUST113294,ashley holden,corporate
8916,CUST113295,robert hall,consumer
8917,CUST113296,matthew carter,consumer
8918,CUST113297,brandy suarez,consumer
8919,CUST113298,matthew jimenez,consumer
8920,CUST113299,jordan trujillo,consumer
8921,CUST113300,clifford randall,consumer
8922,CUST113301,brian davis,consumer
8923,CUST113302,gregory smith,corporate
8924,CUST113303,christopher gonzales,consumer
8925,CUST113304,tyler conrad,corporate
8926,CUST113305,william boyd,consumer
8927,CUST113307,michelle thomas,consumer
8928,CUST113308,erik gibson phd,consumer
8929,CUST113309,kristy padilla,corporate
8930,CUST113311,richard scott,small business
8931,CUST113315,jordan wood,corporate
8932,CUST113316,katrina lee,small business
8933,CUST113317,cindy thomas,consumer
8934,CUST113320,lucas jones,corporate
8935,CUST113321,jessica schwartz,consumer
8936,CUST113322,angel woodard,corporate
8937,CUST113324,christine duran,corporate
8938,CUST113326,heather terry,corporate
8939,CUST113328,ryan guzman,small business
8940,CUST113330,melissa barker,consumer
8941,CUST113331,seth sanchez,corporate
8942,CUST113333,kurt lewis md,consumer
8943,CUST113334,suzanne anthony,corporate
8944,CUST113335,sarah ortega,consumer
8945,CUST113336,dawn potts,small business
8946,CUST113337,ryan duffy,consumer
8947,CUST113338,megan frye,consumer
8948,CUST113341,brenda nguyen,consumer
8949,CUST113344,aimee ramirez,corporate
8950,CUST113345,kathleen larsen,corporate
8951,CUST113346,april reilly,consumer
8952,CUST113348,angela jones,small business
8953,CUST113349,stacy patterson,consumer
8954,CUST113351,andrea hubbard,consumer
8955,CUST113352,alfred gregory,consumer
8956,CUST113353,mary bradshaw,consumer
8957,CUST113354,diane lopez,corporate
8958,CUST113355,james roberts,corporate
8959,CUST113356,kristen larson,consumer
8960,CUST113357,frances lopez,consumer
8961,CUST113358,stephanie owens,consumer
8962,CUST113359,mary smith,corporate
8963,CUST113360,jessica cooley,small business
8964,CUST113361,james riley,consumer
8965,CUST113362,scott coleman,corporate
8966,CUST113364,wendy adkins,corporate
8967,CUST113365,heather ritter,consumer
8968,CUST113367,kathy burgess,consumer
8969,CUST113368,megan farley,corporate
8970,CUST113370,amber herrera,corporate
8971,CUST113371,joshua harding,consumer
8972,CUST113373,guy higgins,small business
8973,CUST113376,laura perez dvm,consumer
8974,CUST113377,richard anderson,small business
8975,CUST113378,john figueroa,corporate
8976,CUST113381,garrett perez,consumer
8977,CUST113382,kyle snyder,consumer
8978,CUST113383,harry barrett,small business
8979,CUST113387,herbert yoder,consumer
8980,CUST113388,jessica moran,corporate
8981,CUST113389,alyssa johnson,consumer
8982,CUST113390,veronica pena,consumer
8983,CUST113391,maria conner,consumer
8984,CUST113392,amanda weaver,consumer
8985,CUST113393,deborah williams,corporate
8986,CUST113394,benjamin valdez,consumer
8987,CUST113396,rachael brown,consumer
8988,CUST113397,alexandra le,consumer
8989,CUST113399,danielle gonzalez,corporate
8990,CUST113400,nina warner,corporate
8991,CUST113401,angela dominguez,consumer
8992,CUST113402,jacqueline clark,consumer
8993,CUST113403,michael bradley,consumer
8994,CUST113404,richard cruz,consumer
8995,CUST113405,rebecca lewis,consumer
8996,CUST113406,charles gonzalez,consumer
8997,CUST113407,david davis,corporate
8998,CUST113408,todd lee,consumer
8999,CUST113410,stephanie crawford,corporate
9000,CUST113411,jessica farmer,consumer
9001,CUST113414,lynn perez,corporate
9002,CUST113415,heather frey,small business
9003,CUST113416,gary hill,small business
9004,CUST113418,colin butler,consumer
9005,CUST113419,donald ramirez,consumer
9006,CUST113420,charles parks,corporate
9007,CUST113422,ashley harmon,small business
9008,CUST113423,yvonne murillo,consumer
9009,CUST113424,renee carter,corporate
9010,CUST113425,mark green,consumer
9011,CUST113427,taylor graham,corporate
9012,CUST113428,mr. todd daniels,consumer
9013,CUST113431,ashley cobb,corporate
9014,CUST113432,justin moyer,consumer
9015,CUST113433,felicia bridges,small business
9016,CUST113435,sharon wolfe,small business
9017,CUST113436,sean hall,consumer
9018,CUST113437,anthony anthony,consumer
9019,CUST113438,tina rios,consumer
9020,CUST113440,cathy stewart,corporate
9021,CUST113441,kathy phillips,consumer
9022,CUST113442,taylor ford,consumer
9023,CUST113444,jeremy jenkins,consumer
9024,CUST113445,brandon lynch,consumer
9025,CUST113447,donald perez,corporate
9026,CUST113448,sandra riley,consumer
9027,CUST113450,shannon green,consumer
9028,CUST113453,dr. richard hunter,consumer
9029,CUST113454,christopher hernandez,consumer
9030,CUST113455,kelli ward,consumer
9031,CUST113456,heather williams,consumer
9032,CUST113457,maria hernandez,corporate
9033,CUST113458,valerie white,consumer
9034,CUST113459,tina boyer,small business
9035,CUST113461,ashley baker,consumer
9036,CUST113462,melissa miller,consumer
9037,CUST113463,allison phillips,consumer
9038,CUST113466,timothy swanson,consumer
9039,CUST113467,virginia kelly,small business
9040,CUST113469,william harris,corporate
9041,CUST113470,carlos gray,corporate
9042,CUST113471,nichole salazar,corporate
9043,CUST113472,scott smith,corporate
9044,CUST113473,dr. craig summers,consumer
9045,CUST113474,jessica johnson,consumer
9046,CUST113475,zachary garcia,corporate
9047,CUST113477,christopher wolf,consumer
9048,CUST113478,lisa johnson,corporate
9049,CUST113480,william phillips,consumer
9050,CUST113481,robert little,consumer
9051,CUST113482,connor perez,corporate
9052,CUST113483,tyler peters,consumer
9053,CUST113485,karen meyers,corporate
9054,CUST113488,dalton meyer,consumer
9055,CUST113489,susan young,corporate
9056,CUST113491,victoria baker,consumer
9057,CUST113492,michael wong,corporate
9058,CUST113493,mr. justin nash jr.,corporate
9059,CUST113495,christopher nguyen,consumer
9060,CUST113496,logan kemp,consumer
9061,CUST113497,tammy richmond,small business
9062,CUST113500,charles cook,consumer
9063,CUST113503,keith mata,consumer
9064,CUST113504,shirley rivera,consumer
9065,CUST113505,maria nguyen,small business
9066,CUST113507,catherine olson,corporate
9067,CUST113508,kevin thompson,consumer
9068,CUST113509,jeremy dixon,consumer
9069,CUST113511,joshua parks,corporate
9070,CUST113513,craig carroll,consumer
9071,CUST113514,brittany bates,small business
9072,CUST113515,melissa owen,small business
9073,CUST113520,albert brown,consumer
9074,CUST113521,robert ramirez,consumer
9075,CUST113523,nichole wright,consumer
9076,CUST113524,michael smith,consumer
9077,CUST113525,linda gomez,consumer
9078,CUST113528,austin guzman,consumer
9079,CUST113529,jacob newman,consumer
9080,CUST113530,gary phillips,consumer
9081,CUST113531,rebecca alvarado,small business
9082,CUST113532,roy fox,small business
9083,CUST113534,timothy warner,corporate
9084,CUST113536,richard adams,consumer
9085,CUST113537,amy smith,consumer
9086,CUST113539,ernest buchanan,consumer
9087,CUST113540,angela buckley,corporate
9088,CUST113541,brenda lewis,small business
9089,CUST113548,david mason,consumer
9090,CUST113549,kimberly shaw,consumer
9091,CUST113552,sarah campbell,consumer
9092,CUST113553,chelsea hall,corporate
9093,CUST113555,william faulkner,consumer
9094,CUST113556,ryan robinson,consumer
9095,CUST113557,lindsey perez,consumer
9096,CUST113558,valerie bullock,consumer
9097,CUST113559,anthony garcia,consumer
9098,CUST113560,hannah morris dds,consumer
9099,CUST113564,nicholas perez,consumer
9100,CUST113565,justin rodriguez,consumer
9101,CUST113567,mark blair,consumer
9102,CUST113569,thomas thompson,consumer
9103,CUST113570,zachary hunter,corporate
9104,CUST113573,joanne salazar,small business
9105,CUST113577,kelly collins,consumer
9106,CUST113579,eric mccoy,consumer
9107,CUST113581,nichole hoffman,consumer
9108,CUST113582,kevin gray,consumer
9109,CUST113585,rodney patrick,corporate
9110,CUST113586,julian smith,small business
9111,CUST113587,alexandra whitehead,consumer
9112,CUST113589,isabella cooper,corporate
9113,CUST113591,sandra porter,small business
9114,CUST113593,todd ritter,corporate
9115,CUST113594,thomas hunt,consumer
9116,CUST113595,janet winters,corporate
9117,CUST113597,lindsey johnson,consumer
9118,CUST113598,christina chapman,consumer
9119,CUST113601,thomas stephens,consumer
9120,CUST113603,lance arroyo,corporate
9121,CUST113605,brittany bradford,consumer
9122,CUST113606,zachary allen,small business
9123,CUST113607,jordan waller,corporate
9124,CUST113610,david whitney,consumer
9125,CUST113611,scott robinson,consumer
9126,CUST113612,crystal williams,corporate
9127,CUST113613,scott thomas,corporate
9128,CUST113615,james sullivan,consumer
9129,CUST113616,michael frazier,consumer
9130,CUST113617,lisa flores,consumer
9131,CUST113620,daniel walton,small business
9132,CUST113621,jeffery brown,consumer
9133,CUST113623,jonathan walls,consumer
9134,CUST113624,erin wilson,small business
9135,CUST113626,mary perry,corporate
9136,CUST113628,brandi melendez,corporate
9137,CUST113629,danielle martin,consumer
9138,CUST113632,kayla thompson,small business
9139,CUST113633,maurice coleman,consumer
9140,CUST113634,dennis mooney,corporate
9141,CUST113635,jaclyn campos,consumer
9142,CUST113636,mr. david short,corporate
9143,CUST113637,gabrielle dickson,consumer
9144,CUST113638,laura black,consumer
9145,CUST113642,stephen church,consumer
9146,CUST113645,max parker,consumer
9147,CUST113646,christian horton,consumer
9148,CUST113647,dawn fox,corporate
9149,CUST113648,joseph cline,consumer
9150,CUST113649,maurice rios,consumer
9151,CUST113650,erika hansen,corporate
9152,CUST113652,karen dennis,consumer
9153,CUST113654,dana howard,corporate
9154,CUST113655,thomas cox,small business
9155,CUST113656,misty elliott,consumer
9156,CUST113658,tyrone williams,consumer
9157,CUST113660,andrea harris,consumer
9158,CUST113661,shelley becker,consumer
9159,CUST113662,larry morton,corporate
9160,CUST113665,sheila castillo,consumer
9161,CUST113666,michael carey,consumer
9162,CUST113667,rachel carroll,corporate
9163,CUST113670,jennifer green,consumer
9164,CUST113672,travis joseph,corporate
9165,CUST113674,madeline taylor,consumer
9166,CUST113675,grace garcia,consumer
9167,CUST113677,makayla jones,corporate
9168,CUST113678,sarah allen,small business
9169,CUST113679,scott estrada,consumer
9170,CUST113680,kevin garcia,consumer
9171,CUST113681,jared jackson,consumer
9172,CUST113682,matthew white,consumer
9173,CUST113683,misty bowman,small business
9174,CUST113684,amy taylor,consumer
9175,CUST113685,christina savage,consumer
9176,CUST113686,ronald ford,small business
9177,CUST113688,pamela jensen,consumer
9178,CUST113689,heather cole,small business
9179,CUST113690,dustin davis,consumer
9180,CUST113693,casey diaz,small business
9181,CUST113695,daniel maxwell,consumer
9182,CUST113696,bruce daniels,corporate
9183,CUST113698,dawn lewis,consumer
9184,CUST113699,tina ellis,consumer
9185,CUST113700,emily oconnor,small business
9186,CUST113703,alexandria evans,corporate
9187,CUST113706,stephanie gonzales,consumer
9188,CUST113707,heidi chambers,consumer
9189,CUST113708,pamela owens,corporate
9190,CUST113709,adam mejia,corporate
9191,CUST113710,paul williams,corporate
9192,CUST113711,holly ruiz,consumer
9193,CUST113713,joshua bryant,consumer
9194,CUST113714,james moore,corporate
9195,CUST113715,jasmine willis,consumer
9196,CUST113716,victoria suarez,consumer
9197,CUST113717,joel reese,corporate
9198,CUST113718,carl smith,corporate
9199,CUST113719,paula cortez,consumer
9200,CUST113723,madison campbell,consumer
9201,CUST113724,danielle hill,corporate
9202,CUST113725,jenny ayala,consumer
9203,CUST113726,karina stevens,consumer
9204,CUST113727,cory powell dds,corporate
9205,CUST113728,jessica clements,corporate
9206,CUST113730,kristen jones,small business
9207,CUST113732,adam gibson,corporate
9208,CUST113734,ryan martinez,consumer
9209,CUST113735,laura anderson,consumer
9210,CUST113736,kathryn zuniga,consumer
9211,CUST113738,bianca jones,consumer
9212,CUST113739,michael martin,consumer
9213,CUST113743,joseph dean,small business
9214,CUST113744,heather jones,consumer
9215,CUST113746,megan williams,consumer
9216,CUST113747,jason olson,consumer
9217,CUST113749,jonathan smith,consumer
9218,CUST113750,paula hughes,small business
9219,CUST113752,scott anderson,corporate
9220,CUST113755,jonathan baker,consumer
9221,CUST113757,edward jones,consumer
9222,CUST113758,jesus brown,consumer
9223,CUST113759,harold hayes,consumer
9224,CUST113761,wendy berry,corporate
9225,CUST113762,damon thomas,consumer
9226,CUST113764,vincent walls,consumer
9227,CUST113765,brandy evans,consumer
9228,CUST113767,devon jones,small business
9229,CUST113768,glenn jones,consumer
9230,CUST113769,joseph cohen,consumer
9231,CUST113770,jennifer taylor,consumer
9232,CUST113773,carrie hamilton,corporate
9233,CUST113774,daniel campbell,consumer
9234,CUST113776,colleen smith,consumer
9235,CUST113780,roger larson,consumer
9236,CUST113781,troy hunt,consumer
9237,CUST113782,noah jones,consumer
9238,CUST113784,monica moore,small business
9239,CUST113785,brian moon,consumer
9240,CUST113786,brenda murray,small business
9241,CUST113787,aaron wallace,consumer
9242,CUST113789,jaime johnston,consumer
9243,CUST113790,joseph sutton,consumer
9244,CUST113791,james kelly,corporate
9245,CUST113792,lisa hernandez,small business
9246,CUST113793,jennifer perez,corporate
9247,CUST113795,jillian pham,corporate
9248,CUST113796,lisa wright,corporate
9249,CUST113797,jessica mitchell,small business
9250,CUST113798,christine hines,small business
9251,CUST113799,christopher moran,consumer
9252,CUST113800,kendra gonzalez,small business
9253,CUST113801,sherry young,consumer
9254,CUST113803,elizabeth price,consumer
9255,CUST113805,herbert powell,corporate
9256,CUST113806,john martin,corporate
9257,CUST113807,christopher allen,corporate
9258,CUST113808,sandra nguyen,consumer
9259,CUST113810,anthony long,consumer
9260,CUST113811,john turner,corporate
9261,CUST113813,kristen marshall,corporate
9262,CUST113815,jackie perry,consumer
9263,CUST113817,karen bowen,corporate
9264,CUST113819,michael page,consumer
9265,CUST113821,wayne davis,corporate
9266,CUST113822,sarah galloway,consumer
9267,CUST113824,jason sparks,consumer
9268,CUST113826,rachel hicks,consumer
9269,CUST113828,brandon duffy,consumer
9270,CUST113829,brandon mcfarland,consumer
9271,CUST113830,john davis,consumer
9272,CUST113831,victor meyer,consumer
9273,CUST113832,janet nelson,small business
9274,CUST113835,joshua suarez,corporate
9275,CUST113837,ariana brown,small business
9276,CUST113838,brittney valdez,consumer
9277,CUST113839,terry davis,consumer
9278,CUST113840,todd gonzales,small business
9279,CUST113841,melissa hudson,corporate
9280,CUST113843,julie johnston,consumer
9281,CUST113845,michelle edwards,consumer
9282,CUST113846,amber thompson,consumer
9283,CUST113847,jennifer walsh,consumer
9284,CUST113849,kevin gentry,small business
9285,CUST113851,teresa church,corporate
9286,CUST113852,patricia mitchell,consumer
9287,CUST113853,jessica johnson,consumer
9288,CUST113854,brianna rose,consumer
9289,CUST113855,lori ewing dvm,consumer
9290,CUST113857,courtney lam,small business
9291,CUST113858,alexander rowe,small business
9292,CUST113860,elizabeth wright,consumer
9293,CUST113862,jesse gordon,corporate
9294,CUST113863,luis jefferson,consumer
9295,CUST113864,donald gordon,consumer
9296,CUST113865,david quinn,consumer
9297,CUST113866,jake strickland,consumer
9298,CUST113867,valerie brown,corporate
9299,CUST113869,johnny gates,corporate
9300,CUST113870,karen meyer,consumer
9301,CUST113873,kathy wilson,consumer
9302,CUST113874,zachary green,consumer
9303,CUST113875,ian crawford,consumer
9304,CUST113876,melanie mcdonald,consumer
9305,CUST113879,xavier cameron,corporate
9306,CUST113880,steven wells,consumer
9307,CUST113884,emily rodriguez,consumer
9308,CUST113885,tamara martin,consumer
9309,CUST113886,frank garcia,corporate
9310,CUST113887,robert garrett,consumer
9311,CUST113888,ashlee welch,consumer
9312,CUST113890,michael byrd,consumer
9313,CUST113891,carrie anderson,corporate
9314,CUST113892,caitlin cole,consumer
9315,CUST113893,brittney roberts,consumer
9316,CUST113894,eddie powell,consumer
9317,CUST113895,katherine clark,small business
9318,CUST113896,jennifer larson,consumer
9319,CUST113897,hayley fischer,consumer
9320,CUST113898,william serrano,consumer
9321,CUST113899,joanna swanson,consumer
9322,CUST113901,tim stokes,small business
9323,CUST113902,catherine wallace,consumer
9324,CUST113904,natalie turner,consumer
9325,CUST113905,mark mills,consumer
9326,CUST113907,curtis wright,corporate
9327,CUST113908,nina ford,consumer
9328,CUST113911,kevin grant,consumer
9329,CUST113912,scott monroe,consumer
9330,CUST113914,eric turner,consumer
9331,CUST113916,rebecca gonzalez,consumer
9332,CUST113917,lauren casey,consumer
9333,CUST113919,lisa contreras,consumer
9334,CUST113920,brittany king,consumer
9335,CUST113921,brad berger,consumer
9336,CUST113923,paul white,consumer
9337,CUST113924,cory scott,corporate
9338,CUST113925,martin torres,consumer
9339,CUST113926,tracy hernandez,small business
9340,CUST113927,madeline fisher,consumer
9341,CUST113928,jeffery tyler,consumer
9342,CUST113929,nathan peters,small business
9343,CUST113930,lisa anderson,consumer
9344,CUST113932,mario aguirre,small business
9345,CUST113933,diane green,corporate
9346,CUST113934,melissa peterson,consumer
9347,CUST113935,amy chang,consumer
9348,CUST113936,george perry,consumer
9349,CUST113939,anthony turner,corporate
9350,CUST113940,anthony mcdonald,consumer
9351,CUST113942,lisa whitaker,consumer
9352,CUST113943,michael vargas,corporate
9353,CUST113948,timothy carpenter,corporate
9354,CUST113949,tammy gray,corporate
9355,CUST113952,jimmy rodriguez,corporate
9356,CUST113953,jennifer odom,consumer
9357,CUST113955,christina mitchell,small business
9358,CUST113956,catherine poole,corporate
9359,CUST113957,sean moore,corporate
9360,CUST113960,brenda parker,consumer
9361,CUST113961,brenda gomez,consumer
9362,CUST113962,jennifer martin,small business
9363,CUST113963,julia carr,corporate
9364,CUST113966,deborah medina,corporate
9365,CUST113968,jane davis,consumer
9366,CUST113969,doris fitzgerald,small business
9367,CUST113970,matthew jones,corporate
9368,CUST113972,james torres,consumer
9369,CUST113973,sean clark,consumer
9370,CUST113975,benjamin castro,corporate
9371,CUST113976,whitney warren,small business
9372,CUST113978,mr. michael ferguson dvm,consumer
9373,CUST113979,danielle jones,consumer
9374,CUST113980,jennifer rogers,consumer
9375,CUST113981,bobby newman,consumer
9376,CUST113983,cynthia anderson,consumer
9377,CUST113984,daniel guerra,corporate
9378,CUST113988,mackenzie frank,consumer
9379,CUST113989,phillip harvey,consumer
9380,CUST113990,john dixon,consumer
9381,CUST113991,calvin lambert,corporate
9382,CUST113992,thomas moore,consumer
9383,CUST113994,anthony glenn,corporate
9384,CUST113995,christina gonzalez,consumer
9385,CUST113996,gary vazquez,consumer
9386,CUST113997,jermaine nelson,consumer
9387,CUST113998,amber graham,corporate
9388,CUST113999,lindsey lucas,consumer
9389,CUST114000,eric yates,consumer
9390,CUST114001,steven hampton,corporate
9391,CUST114002,melissa love,small business
9392,CUST114003,elizabeth ross,small business
9393,CUST114004,vanessa schultz,consumer
9394,CUST114006,glenda santos,consumer
9395,CUST114008,daryl harvey,small business
9396,CUST114009,jessica perez,corporate
9397,CUST114011,jordan jenkins dds,consumer
9398,CUST114012,vanessa keith,corporate
9399,CUST114013,tyler carroll,small business
9400,CUST114014,summer everett,consumer
9401,CUST114016,evelyn reyes,consumer
9402,CUST114017,david figueroa,corporate
9403,CUST114018,gregory mcgee,small business
9404,CUST114019,keith tran,consumer
9405,CUST114020,andrew wright,consumer
9406,CUST114021,sara wells,consumer
9407,CUST114024,cindy price,consumer
9408,CUST114026,richard griffin,small business
9409,CUST114028,jeffery diaz,small business
9410,CUST114029,tamara johnson,small business
9411,CUST114030,kristin henderson,corporate
9412,CUST114032,sarah cox,consumer
9413,CUST114034,steven hudson,corporate
9414,CUST114037,mark reese,consumer
9415,CUST114038,david compton,consumer
9416,CUST114039,tammy price,small business
9417,CUST114040,george chavez,consumer
9418,CUST114041,tony meadows,consumer
9419,CUST114042,megan turner,corporate
9420,CUST114043,john davis,consumer
9421,CUST114044,leah payne,small business
9422,CUST114045,daniel mccormick,consumer
9423,CUST114046,chase bernard phd,consumer
9424,CUST114047,joshua wilson,consumer
9425,CUST114048,ashley bush,consumer
9426,CUST114050,kaitlyn scott,consumer
9427,CUST114051,patrick clark,consumer
9428,CUST114052,eric morrow,consumer
9429,CUST114053,daisy thompson,corporate
9430,CUST114054,kimberly bates,small business
9431,CUST114055,kathy thompson,consumer
9432,CUST114057,janet bailey,consumer
9433,CUST114058,stephanie wallace,consumer
9434,CUST114059,james taylor,consumer
9435,CUST114060,aaron bennett,small business
9436,CUST114061,kyle perkins,corporate
9437,CUST114064,julia patterson,consumer
9438,CUST114065,scott shah,consumer
9439,CUST114066,matthew sellers,consumer
9440,CUST114067,richard carter,consumer
9441,CUST114068,michele hanna,corporate
9442,CUST114069,christopher scott,small business
9443,CUST114071,carl perez,consumer
9444,CUST114073,claudia perez,consumer
9445,CUST114074,catherine houston,small business
9446,CUST114076,justin jones,small business
9447,CUST114077,donald williams,small business
9448,CUST114078,amanda velasquez,consumer
9449,CUST114079,kathleen fuller,small business
9450,CUST114080,daniel saunders,consumer
9451,CUST114081,jennifer yang,corporate
9452,CUST114083,erin potts,consumer
9453,CUST114085,shane taylor,consumer
9454,CUST114086,wanda miller,consumer
9455,CUST114088,christine cardenas,corporate
9456,CUST114089,heather gonzalez,consumer
9457,CUST114090,jennifer humphrey,corporate
9458,CUST114091,paul black,small business
9459,CUST114092,kevin zhang,consumer
9460,CUST114096,lisa kirk,consumer
9461,CUST114097,krystal roberts,consumer
9462,CUST114099,amy ramos,consumer
9463,CUST114100,dale hamilton,corporate
9464,CUST114101,kirsten gibbs,corporate
9465,CUST114103,luis miller,corporate
9466,CUST114104,kathy powell,small business
9467,CUST114105,terri gilbert,consumer
9468,CUST114106,melanie griffin,corporate
9469,CUST114107,michelle lucas,corporate
9470,CUST114109,tracy waller,corporate
9471,CUST114110,ashley butler,consumer
9472,CUST114111,jamie norman,small business
9473,CUST114113,paul mccall,consumer
9474,CUST114116,joseph burnett,consumer
9475,CUST114118,william lewis,consumer
9476,CUST114119,shelby mckinney,consumer
9477,CUST114120,christina wright,consumer
9478,CUST114122,john cooke,small business
9479,CUST114123,cole estrada,corporate
9480,CUST114125,jose bailey,consumer
9481,CUST114126,rachel williamson,corporate
9482,CUST114127,carlos gonzales,consumer
9483,CUST114129,david cruz,corporate
9484,CUST114130,daniel jackson,consumer
9485,CUST114131,margaret tucker,consumer
9486,CUST114133,rebecca clark,corporate
9487,CUST114136,aaron flynn,consumer
9488,CUST114139,amanda weber,small business
9489,CUST114140,timothy bryant,small business
9490,CUST114141,anthony padilla,consumer
9491,CUST114142,christopher murray,consumer
9492,CUST114143,amanda davidson,consumer
9493,CUST114145,leonard holder,consumer
9494,CUST114146,angela james,corporate
9495,CUST114149,alyssa grant,corporate
9496,CUST114151,mary meyer,consumer
9497,CUST114152,julie watson,corporate
9498,CUST114155,thomas barr,small business
9499,CUST114156,ricardo turner,consumer
9500,CUST114157,jade henderson dds,consumer
9501,CUST114158,danielle young,consumer
9502,CUST114160,tyler morgan,consumer
9503,CUST114161,janice ramos,consumer
9504,CUST114162,julie browning,consumer
9505,CUST114163,daniel murphy,consumer
9506,CUST114165,joan blackwell,small business
9507,CUST114166,kathleen sherman,consumer
9508,CUST114167,john mitchell,consumer
9509,CUST114169,shannon ferguson,consumer
9510,CUST114170,adam curtis,small business
9511,CUST114172,joann fleming,consumer
9512,CUST114173,kyle orozco,small business
9513,CUST114175,russell smith,consumer
9514,CUST114176,brandon villa,small business
9515,CUST114177,beth greer,consumer
9516,CUST114178,kaitlin snyder,consumer
9517,CUST114179,mary ross,consumer
9518,CUST114180,stephanie stewart,small business
9519,CUST114181,patricia jackson,corporate
9520,CUST114185,daniel brown,corporate
9521,CUST114187,stephanie garcia,consumer
9522,CUST114188,kristy diaz,consumer
9523,CUST114189,joseph stewart,small business
9524,CUST114190,maria perez,consumer
9525,CUST114194,james villanueva,corporate
9526,CUST114196,kirsten james,consumer
9527,CUST114197,christopher sanders,consumer
9528,CUST114199,david daniels,corporate
9529,CUST114200,randall adams,corporate
9530,CUST114201,jackie carpenter,consumer
9531,CUST114202,michael stark,consumer
9532,CUST114204,shannon moore,small business
9533,CUST114205,joshua garcia,small business
9534,CUST114207,aaron vincent,consumer
9535,CUST114208,victoria hall,consumer
9536,CUST114209,john norris,consumer
9537,CUST114210,bailey wagner,consumer
9538,CUST114212,chad johnson,corporate
9539,CUST114213,danny jones,consumer
9540,CUST114215,joshua ford,consumer
9541,CUST114216,anna douglas,corporate
9542,CUST114218,gerald randolph,corporate
9543,CUST114219,rebecca mcclure,consumer
9544,CUST114220,melissa jordan,corporate
9545,CUST114223,jessica rodriguez,consumer
9546,CUST114224,melissa harmon,consumer
9547,CUST114225,cindy fletcher,consumer
9548,CUST114227,renee allen,corporate
9549,CUST114230,david harris,consumer
9550,CUST114232,robert mays,consumer
9551,CUST114233,laura brown,small business
9552,CUST114234,kimberly scott,consumer
9553,CUST114236,barbara green,consumer
9554,CUST114240,jose perez,consumer
9555,CUST114241,emily moore,small business
9556,CUST114242,shannon beck,corporate
9557,CUST114243,jessica bailey,corporate
9558,CUST114245,andrea porter,small business
9559,CUST114246,katrina mcgrath,consumer
9560,CUST114248,leah hayes,consumer
9561,CUST114250,jerry macias,small business
9562,CUST114252,patrick freeman,corporate
9563,CUST114253,lindsey munoz,consumer
9564,CUST114254,leslie tucker,corporate
9565,CUST114256,desiree henson,consumer
9566,CUST114257,cheryl spears,consumer
9567,CUST114259,jeremy conway,corporate
9568,CUST114260,kimberly luna,small business
9569,CUST114262,robert miller,consumer
9570,CUST114265,kathryn marshall md,consumer
9571,CUST114266,elizabeth hughes,consumer
9572,CUST114267,matthew richards,consumer
9573,CUST114268,kurt escobar,corporate
9574,CUST114269,brianna nelson,consumer
9575,CUST114271,ashley ross,consumer
9576,CUST114272,roberto arias,small business
9577,CUST114273,grant moore,consumer
9578,CUST114274,ms. victoria williamson,consumer
9579,CUST114276,james duke,corporate
9580,CUST114277,dennis reese,corporate
9581,CUST114278,james davis,small business
9582,CUST114279,david zamora,corporate
9583,CUST114280,brett wilson,corporate
9584,CUST114281,eric romero,corporate
9585,CUST114282,amanda dorsey,small business
9586,CUST114283,lauren gomez,consumer
9587,CUST114284,jennifer elliott,consumer
9588,CUST114285,christina jimenez,consumer
9589,CUST114286,robert buckley,consumer
9590,CUST114288,jennifer hicks,consumer
9591,CUST114290,corey taylor,consumer
9592,CUST114291,travis ramirez,consumer
9593,CUST114292,amanda lee,consumer
9594,CUST114293,todd roberts md,small business
9595,CUST114295,stanley smith,corporate
9596,CUST114296,jerome callahan,corporate
9597,CUST114297,michael washington,corporate
9598,CUST114298,brian watkins,small business
9599,CUST114299,eric johnson,consumer
9600,CUST114301,heather vincent,consumer
9601,CUST114302,kristy rivers,consumer
9602,CUST114303,rebecca adkins,consumer
9603,CUST114304,timothy davis,consumer
9604,CUST114306,denise lawson,small business
9605,CUST114307,maria dunn,consumer
9606,CUST114308,erin ho,corporate
9607,CUST114312,regina hall,corporate
9608,CUST114315,charles lane,consumer
9609,CUST114316,james barrett,consumer
9610,CUST114318,robert keller,corporate
9611,CUST114319,jamie shaw,consumer
9612,CUST114321,richard gray,corporate
9613,CUST114323,amanda williams,consumer
9614,CUST114324,gavin simpson,corporate
9615,CUST114325,jordan ramirez,consumer
9616,CUST114326,charles gallegos,consumer
9617,CUST114327,kimberly hill,consumer
9618,CUST114328,david alvarez,small business
9619,CUST114331,kyle ryan,consumer
9620,CUST114332,jacqueline fox,consumer
9621,CUST114334,donald lopez,consumer
9622,CUST114335,sheila vaughn,corporate
9623,CUST114336,bobby gonzalez,corporate
9624,CUST114338,heather villanueva,consumer
9625,CUST114339,jessica moran,corporate
9626,CUST114340,chad smith,consumer
9627,CUST114341,jaclyn richards,consumer
9628,CUST114345,patricia lambert,consumer
9629,CUST114346,victor mccullough,small business
9630,CUST114348,alex brock,consumer
9631,CUST114349,sandra diaz,consumer
9632,CUST114350,anna schneider,consumer
9633,CUST114352,judith sexton,consumer
9634,CUST114354,andrea fisher,corporate
9635,CUST114356,william mahoney,consumer
9636,CUST114359,christine keller dds,corporate
9637,CUST114361,brenda sanford,consumer
9638,CUST114362,leslie mcdaniel,consumer
9639,CUST114363,adrian padilla,corporate
9640,CUST114364,karen hale,corporate
9641,CUST114365,amber mendez,small business
9642,CUST114367,aaron davis,corporate
9643,CUST114368,john foster,consumer
9644,CUST114370,mr. steven lucas,consumer
9645,CUST114371,david butler,consumer
9646,CUST114372,mercedes williams,consumer
9647,CUST114373,james lopez,consumer
9648,CUST114375,crystal moran,corporate
9649,CUST114376,andrea baker,consumer
9650,CUST114377,john burch,small business
9651,CUST114379,dawn cochran,consumer
9652,CUST114380,nicole crawford,small business
9653,CUST114381,terry rich dvm,consumer
9654,CUST114383,timothy welch,consumer
9655,CUST114384,peter jones,small business
9656,CUST114385,david gomez,consumer
9657,CUST114388,vanessa wright,consumer
9658,CUST114394,paula johnson,consumer
9659,CUST114395,eric kim,corporate
9660,CUST114397,christine mendoza,consumer
9661,CUST114398,karina donovan,consumer
9662,CUST114401,heather hunt,corporate
9663,CUST114402,shannon miller,small business
9664,CUST114403,renee mitchell,consumer
9665,CUST114404,toni reyes,corporate
9666,CUST114405,peter palmer,consumer
9667,CUST114407,tiffany white,corporate
9668,CUST114409,dalton weaver,consumer
9669,CUST114410,francis johnson,corporate
9670,CUST114413,sarah brown,consumer
9671,CUST114415,monica lee,consumer
9672,CUST114416,kathleen holder,consumer
9673,CUST114417,nancy bailey,consumer
9674,CUST114418,john harris,small business
9675,CUST114419,deborah bowers,consumer
9676,CUST114421,emily grant,consumer
9677,CUST114422,johnny scott,corporate
9678,CUST114424,matthew duncan,consumer
9679,CUST114425,patrick carr,consumer
9680,CUST114426,sarah dawson,corporate
9681,CUST114428,jacob strong,corporate
9682,CUST114430,jorge martin,corporate
9683,CUST114431,alyssa nash,corporate
9684,CUST114433,tyrone fowler,consumer
9685,CUST114434,sarah sims,consumer
9686,CUST114436,lisa palmer,small business
9687,CUST114437,andrew ramsey,consumer
9688,CUST114439,cristina gonzalez,consumer
9689,CUST114442,patrick wilson,consumer
9690,CUST114443,ashley espinoza,small business
9691,CUST114445,david berry,consumer
9692,CUST114449,charles bowers,consumer
9693,CUST114450,jessica scott,corporate
9694,CUST114452,stephen hicks,consumer
9695,CUST114453,patricia hardin,consumer
9696,CUST114454,shelly mercer,corporate
9697,CUST114455,david davis,consumer
9698,CUST114457,gloria perez,corporate
9699,CUST114459,michele west,consumer
9700,CUST114460,caroline hicks,consumer
9701,CUST114461,makayla johnson,corporate
9702,CUST114462,ryan shields,small business
9703,CUST114464,brett gray,small business
9704,CUST114466,frank glenn,small business
9705,CUST114467,katie murillo,consumer
9706,CUST114470,elizabeth williams,small business
9707,CUST114472,sara pierce,corporate
9708,CUST114474,noah norton,corporate
9709,CUST114475,brittney huang,consumer
9710,CUST114476,rebecca branch,consumer
9711,CUST114478,keith massey,consumer
9712,CUST114479,erin roberts,consumer
9713,CUST114481,sherry palmer,consumer
9714,CUST114482,ronald morris,corporate
9715,CUST114483,john lane,consumer
9716,CUST114485,edgar reese,small business
9717,CUST114487,john cruz,consumer
9718,CUST114489,christine sosa,consumer
9719,CUST114490,victor morris,corporate
9720,CUST114491,rebecca greene,small business
9721,CUST114492,todd murray,corporate
9722,CUST114493,robert white,consumer
9723,CUST114495,mrs. samantha sherman,consumer
9724,CUST114496,rebecca walker,consumer
9725,CUST114497,mr. brian king dds,consumer
9726,CUST114499,debra best,consumer
9727,CUST114500,james mitchell,consumer
9728,CUST114502,chad hunter,consumer
9729,CUST114504,cheryl jenkins,consumer
9730,CUST114506,pamela reese,consumer
9731,CUST114507,thomas horne,consumer
9732,CUST114509,alice ferrell,consumer
9733,CUST114511,jamie smith,consumer
9734,CUST114512,scott waters,small business
9735,CUST114513,johnathan page,consumer
9736,CUST114514,deanna farmer,consumer
9737,CUST114515,larry phillips,consumer
9738,CUST114516,rachel bryant,small business
9739,CUST114517,kevin webb,consumer
9740,CUST114518,renee luna,corporate
9741,CUST114519,matthew walker,consumer
9742,CUST114520,alexander clarke,small business
9743,CUST114521,rachel roberts,small business
9744,CUST114522,david miller,consumer
9745,CUST114523,nicholas martinez,consumer
9746,CUST114524,megan jenkins,consumer
9747,CUST114525,david jones,small business
9748,CUST114526,nicole holland,corporate
9749,CUST114527,linda ramos,consumer
9750,CUST114529,peter santos,small business
9751,CUST114530,craig sanders,corporate
9752,CUST114531,tracy lozano,corporate
9753,CUST114532,todd ray,corporate
9754,CUST114534,shawn archer,consumer
9755,CUST114535,patrick weaver,consumer
9756,CUST114536,craig casey,corporate
9757,CUST114537,travis allen,corporate
9758,CUST114538,chad mercado,consumer
9759,CUST114539,donald schultz,corporate
9760,CUST114540,latoya gonzalez,small business
9761,CUST114541,mrs. jenna lynch,corporate
9762,CUST114542,benjamin ortiz,corporate
9763,CUST114545,dale bass,small business
9764,CUST114548,caitlin humphrey,small business
9765,CUST114549,zachary wilson,consumer
9766,CUST114550,cassidy cross md,consumer
9767,CUST114552,christine long,small business
9768,CUST114553,roy baker,consumer
9769,CUST114554,alexis velazquez,consumer
9770,CUST114555,amanda scott,consumer
9771,CUST114558,frederick ortiz,consumer
9772,CUST114560,crystal gilbert,consumer
9773,CUST114561,sabrina woodard,consumer
9774,CUST114562,derrick williams,corporate
9775,CUST114565,michael garcia,consumer
9776,CUST114568,jacob mcdaniel,corporate
9777,CUST114571,keith matthews,small business
9778,CUST114572,gregory bush,corporate
9779,CUST114573,benjamin hernandez,consumer
9780,CUST114575,adam fitzgerald,consumer
9781,CUST114577,samantha norton,small business
9782,CUST114579,james harris,consumer
9783,CUST114580,thomas donovan,consumer
9784,CUST114582,tammy melton,consumer
9785,CUST114583,larry weiss,small business
9786,CUST114585,sarah miller,consumer
9787,CUST114586,carolyn riley,corporate
9788,CUST114587,jennifer meadows,consumer
9789,CUST114589,dustin williams,corporate
9790,CUST114591,angela wright,corporate
9791,CUST114592,maria young,corporate
9792,CUST114593,colleen tran,corporate
9793,CUST114594,victoria lambert,consumer
9794,CUST114595,jason oneill,consumer
9795,CUST114596,michael morgan,small business
9796,CUST114597,cynthia mendez dds,corporate
9797,CUST114598,douglas ward,consumer
9798,CUST114599,rickey arias,corporate
9799,CUST114602,john kelley,corporate
9800,CUST114603,amy quinn,consumer
9801,CUST114604,justin conner,consumer
9802,CUST114605,mark barnes,corporate
9803,CUST114606,james wright,consumer
9804,CUST114607,jeffrey cunningham,corporate
9805,CUST114608,justin riley,corporate
9806,CUST114609,sarah knox,small business
9807,CUST114610,lauren mccarty,consumer
9808,CUST114611,jackson hopkins,small business
9809,CUST114612,mrs. catherine thompson,consumer
9810,CUST114613,diana richard,consumer
9811,CUST114615,penny key,small business
9812,CUST114616,donna johnson,corporate
9813,CUST114617,dr. janice mills,consumer
9814,CUST114618,kathryn zimmerman,small business
9815,CUST114619,sherri morales phd,consumer
9816,CUST114621,fred velez,small business
9817,CUST114622,alexis cervantes,small business
9818,CUST114623,robert clark,consumer
9819,CUST114625,michelle mills,consumer
9820,CUST114627,xavier kramer,consumer
9821,CUST114628,daniel smith,consumer
9822,CUST114629,jennifer patterson,consumer
9823,CUST114630,samantha cobb,consumer
9824,CUST114632,johnathan wood,consumer
9825,CUST114633,jonathan phillips,consumer
9826,CUST114636,craig franklin,consumer
9827,CUST114637,ashley andrews,consumer
9828,CUST114638,nicole reynolds,consumer
9829,CUST114639,jennifer deleon,consumer
9830,CUST114640,willie rogers,small business
9831,CUST114642,james smith,consumer
9832,CUST114643,christopher chase,consumer
9833,CUST114646,rachel garza,consumer
9834,CUST114647,christine hoffman,consumer
9835,CUST114648,paul velasquez,consumer
9836,CUST114649,eric russell,consumer
9837,CUST114650,jasmin cox,consumer
9838,CUST114652,henry young,consumer
9839,CUST114653,elizabeth lucero,consumer
9840,CUST114654,colleen ponce,consumer
9841,CUST114656,cheryl berg,consumer
9842,CUST114661,lisa watson,consumer
9843,CUST114662,cameron lewis,consumer
9844,CUST114665,brian smith,small business
9845,CUST114666,daniel brown,consumer
9846,CUST114667,steven scott,corporate
9847,CUST114668,kelli holden,consumer
9848,CUST114669,alexandra wilson,consumer
9849,CUST114672,maria chung,consumer
9850,CUST114673,jason joyce,consumer
9851,CUST114674,dylan mclaughlin,consumer
9852,CUST114678,joseph rose,consumer
9853,CUST114681,jennifer duffy,consumer
9854,CUST114682,roy figueroa,small business
9855,CUST114683,jason yang,consumer
9856,CUST114684,mario lane,consumer
9857,CUST114685,colleen robinson md,consumer
9858,CUST114686,madison mills,corporate
9859,CUST114688,christina black,consumer
9860,CUST114689,daniel bass,small business
9861,CUST114690,christopher daniel,consumer
9862,CUST114691,caitlin howell,consumer
9863,CUST114692,sara richard,consumer
9864,CUST114693,mr. ricky finley,consumer
9865,CUST114694,patrick wilson,consumer
9866,CUST114695,roberto dawson phd,consumer
9867,CUST114696,michael hubbard,consumer
9868,CUST114697,robert preston,small business
9869,CUST114698,maria robinson,consumer
9870,CUST114703,james rice,corporate
9871,CUST114704,robert leonard,consumer
9872,CUST114705,jamie poole,consumer
9873,CUST114706,christopher chan,corporate
9874,CUST114708,michael sanders,consumer
9875,CUST114710,justin murray,consumer
9876,CUST114712,gary walton,corporate
9877,CUST114717,holly hernandez,consumer
9878,CUST114718,dr. travis lee,consumer
9879,CUST114719,michaela howard,consumer
9880,CUST114720,virginia bell,consumer
9881,CUST114722,travis ortiz,corporate
9882,CUST114724,lisa thomas,small business
9883,CUST114726,jasmine webb,corporate
9884,CUST114727,trevor cruz,consumer
9885,CUST114728,david shields,consumer
9886,CUST114729,joshua miller,consumer
9887,CUST114730,elizabeth hall,corporate
9888,CUST114731,jeffrey le,consumer
9889,CUST114732,stephen watts,consumer
9890,CUST114733,carrie bailey,consumer
9891,CUST114734,sabrina diaz,consumer
9892,CUST114735,alexis hartman,consumer
9893,CUST114738,nancy allison,small business
9894,CUST114739,jennifer horn md,corporate
9895,CUST114741,randall hunt,consumer
9896,CUST114742,gary carr,corporate
9897,CUST114743,tina moore,consumer
9898,CUST114744,courtney west,consumer
9899,CUST114745,daniel king,consumer
9900,CUST114746,amy meyer,corporate
9901,CUST114749,keith cisneros,consumer
9902,CUST114751,henry simpson,consumer
9903,CUST114753,kristina underwood,small business
9904,CUST114759,joseph rivera,small business
9905,CUST114760,kimberly woods,consumer
9906,CUST114762,jason bishop,small business
9907,CUST114764,nicole cole,consumer
9908,CUST114765,chelsea gutierrez dvm,consumer
9909,CUST114768,miss jennifer french md,consumer
9910,CUST114770,thomas clark,small business
9911,CUST114772,amanda chavez,consumer
9912,CUST114773,latoya herrera,consumer
9913,CUST114774,cheryl hebert,consumer
9914,CUST114775,james turner,consumer
9915,CUST114776,jordan ruiz,consumer
9916,CUST114777,michael walker,corporate
9917,CUST114778,emily olson,consumer
9918,CUST114781,james hurst,consumer
9919,CUST114782,jacqueline dawson,small business
9920,CUST114783,rebecca wells,consumer
9921,CUST114784,austin young,corporate
9922,CUST114787,fred jones,corporate
9923,CUST114788,michael hogan,corporate
9924,CUST114789,mrs. angel lopez,small business
9925,CUST114790,jeffrey fuller,corporate
9926,CUST114791,sydney rowe,corporate
9927,CUST114793,george gonzalez,corporate
9928,CUST114795,heather black,consumer
9929,CUST114796,benjamin duran,small business
9930,CUST114797,peter reynolds,consumer
9931,CUST114798,tyrone guerrero,consumer
9932,CUST114799,dr. gerald burns,consumer
9933,CUST114801,taylor rodriguez jr.,consumer
9934,CUST114802,paul burns,corporate
9935,CUST114803,robert terry,consumer
9936,CUST114805,sandra padilla,consumer
9937,CUST114806,james wilcox,small business
9938,CUST114807,julie hart,small business
9939,CUST114808,kevin russell,consumer
9940,CUST114810,sean thompson,corporate
9941,CUST114811,patrick patel,small business
9942,CUST114813,nicholas mathis,consumer
9943,CUST114815,jonathon martin,corporate
9944,CUST114817,shannon palmer,consumer
9945,CUST114818,crystal henry,consumer
9946,CUST114820,jennifer harris,consumer
9947,CUST114823,michael phillips,small business
9948,CUST114824,tyler mckenzie,consumer
9949,CUST114825,mitchell davis,consumer
9950,CUST114827,kevin graves,consumer
9951,CUST114828,alison moore,corporate
9952,CUST114830,julie gomez,corporate
9953,CUST114832,evelyn nelson,consumer
9954,CUST114835,heather mclean,consumer
9955,CUST114836,mary sims,consumer
9956,CUST114837,lori mccarty,corporate
9957,CUST114838,jeffery price,consumer
9958,CUST114839,destiny cooper,consumer
9959,CUST114840,dr. ryan jennings,small business
9960,CUST114841,glen hickman,consumer
9961,CUST114842,timothy martinez,small business
9962,CUST114844,michelle kemp,consumer
9963,CUST114846,kara ramsey,consumer
9964,CUST114847,matthew johnson,small business
9965,CUST114850,mariah rodriguez,consumer
9966,CUST114851,john gutierrez,consumer
9967,CUST114852,victoria collins,consumer
9968,CUST114853,john harrell,consumer
9969,CUST114854,kathleen martin,consumer
9970,CUST114855,mr. jason gibson,consumer
9971,CUST114856,rachel brown,consumer
9972,CUST114858,larry alexander,corporate
9973,CUST114859,erin taylor,small business
9974,CUST114860,jessica davis,consumer
9975,CUST114861,anita smith,consumer
9976,CUST114862,larry perez,small business
9977,CUST114863,daryl howard,small business
9978,CUST114865,alejandro hart,consumer
9979,CUST114866,anthony morris,corporate
9980,CUST114867,charlene short,consumer
9981,CUST114869,johnathan melendez,corporate
9982,CUST114870,brittany burke,corporate
9983,CUST114871,matthew vargas,consumer
9984,CUST114873,michael clark,consumer
9985,CUST114875,matthew wallace,corporate
9986,CUST114877,ryan hall,small business
9987,CUST114878,melissa sandoval,small business
9988,CUST114879,bailey brown,consumer
9989,CUST114880,william wilson,consumer
9990,CUST114881,eric fox,consumer
9991,CUST114884,michael carr,small business
9992,CUST114885,glenda neal,corporate
9993,CUST114886,laura nguyen,consumer
9994,CUST114887,frances edwards,corporate
9995,CUST114888,william andrews,small business
9996,CUST114889,oscar johnson,consumer
9997,CUST114890,kelly cummings,corporate
9998,CUST114891,denise king,consumer
9999,CUST114892,christopher travis,consumer
10000,CUST114893,danielle meyer,consumer
10001,CUST114894,jill ruiz,consumer
10002,CUST114896,renee lyons,consumer
10003,CUST114897,larry dunn,corporate
10004,CUST114898,robert gomez,consumer
10005,CUST114901,renee collins,consumer
10006,CUST114903,ashley french,consumer
10007,CUST114904,kristin marquez,consumer
10008,CUST114905,jackie reeves,consumer
10009,CUST114907,jason miller,corporate
10010,CUST114908,heather chavez,small business
10011,CUST114910,marcia barton dds,consumer
10012,CUST114913,debbie deleon,consumer
10013,CUST114914,rodney gordon,consumer
10014,CUST114918,jennifer sanders,small business
10015,CUST114919,christian hernandez,consumer
10016,CUST114920,natalie kline,consumer
10017,CUST114921,patricia morris,consumer
10018,CUST114923,rachel simpson,consumer
10019,CUST114926,joanne taylor,consumer
10020,CUST114927,samuel preston,corporate
10021,CUST114928,melanie johnston,consumer
10022,CUST114929,megan jordan,consumer
10023,CUST114930,patrick campbell,consumer
10024,CUST114931,justin black,consumer
10025,CUST114932,krista english,consumer
10026,CUST114933,james nguyen,small business
10027,CUST114937,cristina ferguson,consumer
10028,CUST114938,marisa savage,small business
10029,CUST114939,gary garrett,consumer
10030,CUST114941,james lawrence,consumer
10031,CUST114942,betty stewart,consumer
10032,CUST114943,kelly ramirez,small business
10033,CUST114946,jason jones,corporate
10034,CUST114947,kayla sullivan,corporate
10035,CUST114949,emily oconnor,consumer
10036,CUST114951,tyler rhodes,consumer
10037,CUST114952,deborah travis,consumer
10038,CUST114954,felicia nelson,corporate
10039,CUST114955,amanda barnes,corporate
10040,CUST114956,veronica henson,corporate
10041,CUST114957,rachel simpson,consumer
10042,CUST114958,amanda buckley,corporate
10043,CUST114959,christopher mckenzie,consumer
10044,CUST114960,dustin guzman,small business
10045,CUST114961,toni bradley,consumer
10046,CUST114962,gary cohen,consumer
10047,CUST114967,michele davis,consumer
10048,CUST114969,kenneth lopez,corporate
10049,CUST114971,mrs. lisa pope dvm,corporate
10050,CUST114972,jessica king,consumer
10051,CUST114973,ricardo gomez,consumer
10052,CUST114974,michael friedman,consumer
10053,CUST114975,jamie morgan,consumer
10054,CUST114976,robert hernandez,consumer
10055,CUST114978,rachael moss,small business
10056,CUST114980,carly campbell,small business
10057,CUST114981,dr. elizabeth freeman,consumer
10058,CUST114982,brittany jennings,corporate
10059,CUST114983,logan hernandez,consumer
10060,CUST114985,sarah moreno,consumer
10061,CUST114987,daniel lutz,consumer
10062,CUST114989,sydney estrada,consumer
10063,CUST114991,felicia morgan,corporate
10064,CUST114992,lori barker,corporate
10065,CUST114993,katherine martinez,consumer
10066,CUST114994,mrs. stacey edwards,corporate
10067,CUST114995,sarah hill,consumer
10068,CUST114996,kyle terry,consumer
10069,CUST114998,nicholas hopkins,consumer
10070,CUST115000,stacie mitchell,consumer
10071,CUST115001,michelle long,consumer
10072,CUST115002,nathan andersen,consumer
10073,CUST115006,mr. brandon johnson,consumer
10074,CUST115007,denise clark,corporate
10075,CUST115008,justin graves,consumer
10076,CUST115009,susan lyons,corporate
10077,CUST115011,kelly irwin,small business
10078,CUST115012,caleb chan,consumer
10079,CUST115013,ashley jones,consumer
10080,CUST115014,nicholas white,corporate
10081,CUST115015,donna morales md,consumer
10082,CUST115017,veronica powell,consumer
10083,CUST115018,johnny jones,consumer
10084,CUST115021,martin white,corporate
10085,CUST115022,amy khan,small business
10086,CUST115023,matthew beasley,consumer
10087,CUST115024,alexander kim,small business
10088,CUST115025,antonio brock,corporate
10089,CUST115028,kevin smith,corporate
10090,CUST115030,terry ruiz,consumer
10091,CUST115031,suzanne hensley,corporate
10092,CUST115032,travis dickson,consumer
10093,CUST115035,katherine paul,small business
10094,CUST115038,alvin austin,consumer
10095,CUST115041,joseph lara,consumer
10096,CUST115042,roger johnson,consumer
10097,CUST115045,max williams,consumer
10098,CUST115047,joshua richardson,consumer
10099,CUST115048,jonathan brown,small business
10100,CUST115049,erika harris,consumer
10101,CUST115051,amber smith,small business
10102,CUST115052,shannon kennedy,consumer
10103,CUST115053,alexander bright,consumer
10104,CUST115055,charles mitchell,corporate
10105,CUST115056,amy boyd,consumer
10106,CUST115057,rachel howell,corporate
10107,CUST115062,christopher wilson,consumer
10108,CUST115064,alicia collins,small business
10109,CUST115069,daniel sherman,corporate
10110,CUST115070,craig keller,corporate
10111,CUST115071,catherine anderson,consumer
10112,CUST115072,carlos williams,consumer
10113,CUST115073,andrew thomas,consumer
10114,CUST115075,patricia morrison dvm,small business
10115,CUST115076,veronica davidson,consumer
10116,CUST115079,wayne ramirez,small business
10117,CUST115080,david oneill,consumer
10118,CUST115081,linda white,corporate
10119,CUST115084,kelsey frazier,small business
10120,CUST115085,robert marshall,consumer
10121,CUST115086,sarah bradley,corporate
10122,CUST115088,emily shea,corporate
10123,CUST115090,kim irwin,consumer
10124,CUST115091,jessica obrien,consumer
10125,CUST115092,jon pruitt,corporate
10126,CUST115093,mariah lewis,consumer
10127,CUST115094,sheryl bradley,small business
10128,CUST115095,michael alvarez,consumer
10129,CUST115096,melissa ellis,consumer
10130,CUST115100,emily wilson,consumer
10131,CUST115101,jonathan ellis,corporate
10132,CUST115102,meagan riley,small business
10133,CUST115103,michelle williams,corporate
10134,CUST115104,karen collins,consumer
10135,CUST115105,kristin ramsey,consumer
10136,CUST115106,adrienne faulkner phd,small business
10137,CUST115107,michael smith,corporate
10138,CUST115109,daniel mcdaniel,corporate
10139,CUST115112,darrell gordon,consumer
10140,CUST115114,christina brooks,small business
10141,CUST115116,michelle lawson,small business
10142,CUST115117,thomas nicholson,consumer
10143,CUST115118,amanda williams,consumer
10144,CUST115119,gregory mora,consumer
10145,CUST115120,julia bates,small business
10146,CUST115123,daniel brown,small business
10147,CUST115124,james johnson,small business
10148,CUST115126,jennifer cameron,consumer
10149,CUST115127,brian conrad,consumer
10150,CUST115129,jonathan williams,corporate
10151,CUST115131,tracy clark,consumer
10152,CUST115132,taylor thompson,consumer
10153,CUST115136,tina hayes,corporate
10154,CUST115137,sean reyes,consumer
10155,CUST115138,tim rodriguez,consumer
10156,CUST115139,barbara ruiz,consumer
10157,CUST115140,joshua warner,small business
10158,CUST115141,lisa floyd,corporate
10159,CUST115143,ashley gibbs,small business
10160,CUST115144,brianna gallagher,small business
10161,CUST115145,nicole booth,consumer
10162,CUST115146,dr. gina brown,consumer
10163,CUST115147,melissa levine,consumer
10164,CUST115148,christian stephens,consumer
10165,CUST115149,michael nelson,consumer
10166,CUST115151,daniel scott,consumer
10167,CUST115152,susan wilson,consumer
10168,CUST115154,cameron jackson,consumer
10169,CUST115155,monique tran,consumer
10170,CUST115156,james barrett,consumer
10171,CUST115157,anthony stone,consumer
10172,CUST115158,jennifer wood,consumer
10173,CUST115159,michael luna,consumer
10174,CUST115160,trevor moore,corporate
10175,CUST115161,kent fields,consumer
10176,CUST115162,jeffrey williams,corporate
10177,CUST115163,donald stephens,consumer
10178,CUST115164,amy mclean,consumer
10179,CUST115169,jocelyn robertson,consumer
10180,CUST115170,matthew morrow,consumer
10181,CUST115171,dennis harris,consumer
10182,CUST115172,john calderon,consumer
10183,CUST115173,kathleen hernandez,small business
10184,CUST115174,angela chapman,corporate
10185,CUST115175,christopher martinez,consumer
10186,CUST115176,stacey jenkins,small business
10187,CUST115177,debbie ware,corporate
10188,CUST115178,linda rodriguez,corporate
10189,CUST115179,derek carpenter,corporate
10190,CUST115180,jonathon benson,corporate
10191,CUST115181,cynthia scott,consumer
10192,CUST115183,rebecca wheeler,consumer
10193,CUST115184,rachel carroll,consumer
10194,CUST115185,melanie haas,consumer
10195,CUST115186,joseph guerrero,consumer
10196,CUST115187,rebecca brown,corporate
10197,CUST115188,jacob williams,consumer
10198,CUST115189,lauren brown,consumer
10199,CUST115190,elizabeth harmon,consumer
10200,CUST115191,joel walton,consumer
10201,CUST115192,lauren collins,corporate
10202,CUST115194,kenneth torres,consumer
10203,CUST115195,regina kelley,consumer
10204,CUST115196,william trujillo,consumer
10205,CUST115197,leonard hardin,consumer
10206,CUST115198,ashley martinez,consumer
10207,CUST115199,jordan sutton,consumer
10208,CUST115202,jeffrey harmon,small business
10209,CUST115203,christopher alvarado,consumer
10210,CUST115204,omar carey,corporate
10211,CUST115205,diane johns,consumer
10212,CUST115207,maria pace,corporate
10213,CUST115208,courtney serrano dds,consumer
10214,CUST115209,lawrence huynh,consumer
10215,CUST115210,terri cervantes,consumer
10216,CUST115212,allison barber,consumer
10217,CUST115213,christopher carpenter,consumer
10218,CUST115215,elizabeth howard,consumer
10219,CUST115217,stephanie grant,consumer
10220,CUST115219,ernest burns,consumer
10221,CUST115221,donald gonzalez,small business
10222,CUST115222,john burton,consumer
10223,CUST115224,thomas taylor,consumer
10224,CUST115225,kimberly moore,small business
10225,CUST115226,debbie russell,consumer
10226,CUST115228,catherine porter,consumer
10227,CUST115231,cynthia strong,consumer
10228,CUST115232,monica patterson,consumer
10229,CUST115233,alex wilson,consumer
10230,CUST115234,shannon hart,consumer
10231,CUST115235,jeff frazier,consumer
10232,CUST115236,christopher olsen,consumer
10233,CUST115237,katie huber,consumer
10234,CUST115238,luke carroll,small business
10235,CUST115239,dylan hoffman,corporate
10236,CUST115240,rachel hill,consumer
10237,CUST115241,catherine hernandez,consumer
10238,CUST115242,tamara brown,small business
10239,CUST115243,joseph white,corporate
10240,CUST115244,edward parker,consumer
10241,CUST115249,daniel hunt,corporate
10242,CUST115251,geoffrey burns,consumer
10243,CUST115252,angela phillips,consumer
10244,CUST115253,aaron stokes,consumer
10245,CUST115255,mrs. tiffany johnson,consumer
10246,CUST115259,lisa bauer,consumer
10247,CUST115260,natalie rose,corporate
10248,CUST115261,charles henry,consumer
10249,CUST115262,julie nelson,corporate
10250,CUST115263,samantha baker,corporate
10251,CUST115264,laura paul,consumer
10252,CUST115265,nicholas lopez,consumer
10253,CUST115266,austin black,consumer
10254,CUST115268,michael reynolds,small business
10255,CUST115269,ashley pratt,consumer
10256,CUST115270,kimberly miller,consumer
10257,CUST115271,tammy diaz,small business
10258,CUST115272,dr. philip miller md,consumer
10259,CUST115273,jesus garza,consumer
10260,CUST115275,mark gross,corporate
10261,CUST115279,stephanie scott,consumer
10262,CUST115280,ashley johnson,corporate
10263,CUST115283,jeremiah hall,consumer
10264,CUST115284,christopher kennedy,consumer
10265,CUST115285,tiffany davis,small business
10266,CUST115286,rebecca washington,corporate
10267,CUST115288,catherine mitchell,corporate
10268,CUST115289,jessica scott,corporate
10269,CUST115290,jamie estrada,small business
10270,CUST115291,clinton lamb,consumer
10271,CUST115292,james dennis,consumer
10272,CUST115293,marie harris,consumer
10273,CUST115294,christine silva,corporate
10274,CUST115297,steven kim,consumer
10275,CUST115298,steven gordon,consumer
10276,CUST115299,mark dyer,corporate
10277,CUST115300,amber james md,corporate
10278,CUST115301,robert york,consumer
10279,CUST115302,michele little,small business
10280,CUST115303,michael martin,small business
10281,CUST115304,jake williams,corporate
10282,CUST115305,alexis tran,corporate
10283,CUST115306,cheryl burns dds,small business
10284,CUST115307,mario hancock,consumer
10285,CUST115308,emma schneider,consumer
10286,CUST115310,bryan williams,consumer
10287,CUST115311,joseph smith,consumer
10288,CUST115312,amanda carter,consumer
10289,CUST115313,gary rivers,small business
10290,CUST115315,mark aguilar,corporate
10291,CUST115316,tricia coleman,small business
10292,CUST115319,michael meadows,consumer
10293,CUST115321,michelle cortez,consumer
10294,CUST115322,theresa lin,consumer
10295,CUST115323,theresa williams,consumer
10296,CUST115327,laurie anderson,consumer
10297,CUST115328,natasha wilson,consumer
10298,CUST115329,dr. brandon reed,corporate
10299,CUST115330,elizabeth lyons,consumer
10300,CUST115331,philip dean,corporate
10301,CUST115332,tiffany leon,consumer
10302,CUST115335,nathaniel jacobs,corporate
10303,CUST115337,michael bentley,consumer
10304,CUST115338,william bryant,corporate
10305,CUST115339,tonya mccormick,consumer
10306,CUST115340,kyle lowe,consumer
10307,CUST115342,kimberly white,small business
10308,CUST115343,michael padilla,small business
10309,CUST115344,james haynes,small business
10310,CUST115345,cathy parker,corporate
10311,CUST115346,jacqueline underwood,corporate
10312,CUST115347,ronnie thomas,corporate
10313,CUST115348,kristina kelly,consumer
10314,CUST115349,amanda alexander,consumer
10315,CUST115350,jeremiah luna,consumer
10316,CUST115351,brandon moore,consumer
10317,CUST115352,william cordova,corporate
10318,CUST115353,janet escobar,consumer
10319,CUST115354,jacqueline neal,consumer
10320,CUST115358,rebecca mendoza,consumer
10321,CUST115359,brett figueroa,consumer
10322,CUST115360,timothy holmes,small business
10323,CUST115361,amanda bradley,corporate
10324,CUST115362,amy ashley,small business
10325,CUST115366,emma jones,consumer
10326,CUST115367,isaiah hicks,corporate
10327,CUST115368,kimberly cruz,corporate
10328,CUST115369,tommy kaufman,consumer
10329,CUST115370,melissa bonilla,small business
10330,CUST115372,tyrone smith,consumer
10331,CUST115373,dawn odonnell,consumer
10332,CUST115374,dustin king,small business
10333,CUST115375,ross wood,consumer
10334,CUST115377,michael smith,small business
10335,CUST115378,daniel alvarez,consumer
10336,CUST115379,mr. rick brown dvm,small business
10337,CUST115380,jennifer moore,consumer
10338,CUST115382,roger meadows,consumer
10339,CUST115384,jonathan jones,corporate
10340,CUST115385,matthew boyd,consumer
10341,CUST115386,henry garcia,small business
10342,CUST115387,christina giles,consumer
10343,CUST115388,brandon mann,consumer
10344,CUST115394,sandra robles,small business
10345,CUST115397,bobby gibson,consumer
10346,CUST115398,jacob alvarez,corporate
10347,CUST115400,stephanie gibson,small business
10348,CUST115402,steven adams,corporate
10349,CUST115403,andrea anderson,consumer
10350,CUST115404,mark turner,corporate
10351,CUST115405,reginald simon,consumer
10352,CUST115406,jason doyle,corporate
10353,CUST115408,gabriella robinson,corporate
10354,CUST115409,brandon rodgers,small business
10355,CUST115410,anna chapman,consumer
10356,CUST115411,joseph palmer,consumer
10357,CUST115412,wesley mclean,consumer
10358,CUST115413,john bolton,corporate
10359,CUST115414,holly taylor,consumer
10360,CUST115417,garrett jackson,consumer
10361,CUST115419,thomas hammond,consumer
10362,CUST115420,natalie anderson,consumer
10363,CUST115423,anita walter,consumer
10364,CUST115424,carrie golden,consumer
10365,CUST115425,lisa taylor,consumer
10366,CUST115426,lisa ayala,consumer
10367,CUST115428,jason wells,small business
10368,CUST115429,karen nelson,small business
10369,CUST115431,laura wilson,small business
10370,CUST115435,shannon edwards,consumer
10371,CUST115436,lisa parks,corporate
10372,CUST115438,kristen riley,consumer
10373,CUST115439,james wilson,small business
10374,CUST115440,courtney schultz,consumer
10375,CUST115441,deanna higgins,consumer
10376,CUST115442,mary parker,consumer
10377,CUST115443,veronica morris,consumer
10378,CUST115444,michele jackson,consumer
10379,CUST115445,teresa adams,consumer
10380,CUST115446,abigail sparks,consumer
10381,CUST115449,kayla munoz,small business
10382,CUST115451,tonya sanchez,corporate
10383,CUST115452,manuel marks,consumer
10384,CUST115453,kimberly thompson,consumer
10385,CUST115454,karl rosario,small business
10386,CUST115455,jennifer navarro,corporate
10387,CUST115456,patricia thompson,consumer
10388,CUST115457,olivia barron,corporate
10389,CUST115458,nicholas love,consumer
10390,CUST115461,john peters,corporate
10391,CUST115463,sherry sanchez,consumer
10392,CUST115464,teresa bennett,consumer
10393,CUST115467,megan lucas,consumer
10394,CUST115468,christina reyes,consumer
10395,CUST115469,samuel oconnor,consumer
10396,CUST115471,stephanie price,consumer
10397,CUST115473,sarah little,corporate
10398,CUST115474,jason hernandez,consumer
10399,CUST115476,denise henry,consumer
10400,CUST115477,katrina young,small business
10401,CUST115479,leah moss,corporate
10402,CUST115480,bradley walker,small business
10403,CUST115481,joshua lee,corporate
10404,CUST115482,christopher brown,consumer
10405,CUST115484,jillian ross,consumer
10406,CUST115485,david parker,consumer
10407,CUST115487,jason shaw,consumer
10408,CUST115488,elizabeth wood,corporate
10409,CUST115489,jessica wagner,corporate
10410,CUST115490,kathleen strong,consumer
10411,CUST115491,angela vargas,small business
10412,CUST115494,monique gutierrez,corporate
10413,CUST115495,amber george,consumer
10414,CUST115496,seth spears,corporate
10415,CUST115497,jason morales,consumer
10416,CUST115499,christopher tucker,consumer
10417,CUST115500,wendy green,consumer
10418,CUST115501,philip stevens,corporate
10419,CUST115502,barry strickland,corporate
10420,CUST115504,mikayla miller,consumer
10421,CUST115505,crystal king,consumer
10422,CUST115506,johnny guerrero,small business
10423,CUST115507,elizabeth rice md,corporate
10424,CUST115508,mark gardner,consumer
10425,CUST115511,benjamin rodriguez,consumer
10426,CUST115512,maureen rivera,consumer
10427,CUST115513,brittany boyd,corporate
10428,CUST115516,angela brown,consumer
10429,CUST115517,tanya torres,corporate
10430,CUST115521,ruth hansen,consumer
10431,CUST115522,hannah mcdonald,small business
10432,CUST115523,reginald hopkins,corporate
10433,CUST115526,amber conley,consumer
10434,CUST115527,stephanie allen,consumer
10435,CUST115528,richard nelson,consumer
10436,CUST115529,william hayes,consumer
10437,CUST115530,tanya thompson,consumer
10438,CUST115533,leah martin,small business
10439,CUST115535,kristen green,consumer
10440,CUST115537,sandra wheeler,consumer
10441,CUST115538,anthony martinez,consumer
10442,CUST115539,mark yates,consumer
10443,CUST115540,matthew morris,corporate
10444,CUST115541,robert mcfarland,small business
10445,CUST115542,james hill,consumer
10446,CUST115546,tracy beck,small business
10447,CUST115547,robert anderson,consumer
10448,CUST115548,jeffrey choi,consumer
10449,CUST115549,gabriel johnson,consumer
10450,CUST115552,matthew oconnor,consumer
10451,CUST115553,joseph robertson,corporate
10452,CUST115555,kathleen barrett,consumer
10453,CUST115556,joshua brown,consumer
10454,CUST115557,karen anthony,consumer
10455,CUST115558,robert brown,consumer
10456,CUST115559,frances cole,consumer
10457,CUST115560,logan lynch,consumer
10458,CUST115562,jeffrey sullivan,consumer
10459,CUST115565,suzanne garrett,small business
10460,CUST115567,christine perry,consumer
10461,CUST115568,allen walker,consumer
10462,CUST115569,paul macdonald,consumer
10463,CUST115570,ryan barber,corporate
10464,CUST115571,shannon cross,consumer
10465,CUST115572,angela short,consumer
10466,CUST115574,lisa beasley,consumer
10467,CUST115577,evan williamson,consumer
10468,CUST115578,arthur martin,consumer
10469,CUST115579,devin jones,consumer
10470,CUST115581,stephanie peterson,small business
10471,CUST115582,jeffrey robles,consumer
10472,CUST115583,bryce park,consumer
10473,CUST115585,gregory pitts,consumer
10474,CUST115587,james wright,consumer
10475,CUST115588,lisa reeves,consumer
10476,CUST115589,sarah reed dvm,corporate
10477,CUST115590,kathryn parsons,corporate
10478,CUST115591,lindsay flores,corporate
10479,CUST115592,nathan craig,consumer
10480,CUST115593,charles sullivan,consumer
10481,CUST115595,william chapman,consumer
10482,CUST115596,kent rogers,consumer
10483,CUST115599,tina decker,small business
10484,CUST115601,brian cook,consumer
10485,CUST115602,paul ramsey,small business
10486,CUST115603,michael taylor,consumer
10487,CUST115604,sandra brown,corporate
10488,CUST115605,tyler lee,consumer
10489,CUST115606,joseph kennedy,consumer
10490,CUST115607,jeremy wolf,corporate
10491,CUST115608,yolanda gamble,consumer
10492,CUST115610,patrick rush,consumer
10493,CUST115611,thomas good,small business
10494,CUST115612,terry hicks,consumer
10495,CUST115615,ellen morris,consumer
10496,CUST115616,jimmy palmer,small business
10497,CUST115619,michael fry,corporate
10498,CUST115620,jessica dixon,consumer
10499,CUST115621,gregory taylor,consumer
10500,CUST115623,katherine jensen,consumer
10501,CUST115624,pamela rogers,corporate
10502,CUST115625,diane jefferson,consumer
10503,CUST115626,daniel thomas,consumer
10504,CUST115628,diana wright,consumer
10505,CUST115629,jasmine marquez,consumer
10506,CUST115630,clinton brooks,consumer
10507,CUST115631,danny bush,corporate
10508,CUST115632,cody gilmore,consumer
10509,CUST115636,travis daniels,consumer
10510,CUST115637,sara flores,consumer
10511,CUST115638,james hunt,consumer
10512,CUST115639,terry branch,consumer
10513,CUST115640,erin patterson,consumer
10514,CUST115641,kathy perez,consumer
10515,CUST115642,rhonda bryant,consumer
10516,CUST115643,alexis jones,consumer
10517,CUST115646,amy smith,consumer
10518,CUST115648,deanna reed,consumer
10519,CUST115650,chad campbell,small business
10520,CUST115651,gregory carson,consumer
10521,CUST115652,cynthia jackson,consumer
10522,CUST115654,darlene bullock,consumer
10523,CUST115656,william cox,consumer
10524,CUST115658,kelsey cooke,consumer
10525,CUST115659,stephen gibson,corporate
10526,CUST115662,brandon boyd,consumer
10527,CUST115663,christopher fowler,corporate
10528,CUST115664,christine edwards,corporate
10529,CUST115666,mark bryant,consumer
10530,CUST115667,martin sutton,small business
10531,CUST115668,lori koch,consumer
10532,CUST115670,sarah porter,consumer
10533,CUST115671,jacqueline leach,corporate
10534,CUST115673,kyle dixon,corporate
10535,CUST115675,michael dominguez,corporate
10536,CUST115676,eric velasquez,consumer
10537,CUST115677,lee tran,consumer
10538,CUST115678,samantha benson,consumer
10539,CUST115679,diane page,consumer
10540,CUST115681,amy young,consumer
10541,CUST115682,stephanie gonzalez,consumer
10542,CUST115683,jonathan roberts,consumer
10543,CUST115684,donald martin,corporate
10544,CUST115685,tristan adams,consumer
10545,CUST115686,jacqueline hensley,small business
10546,CUST115687,steven walton,small business
10547,CUST115688,adam jackson,consumer
10548,CUST115690,michael thomas,consumer
10549,CUST115692,jordan li,consumer
10550,CUST115693,nichole davis,corporate
10551,CUST115694,benjamin johnson,consumer
10552,CUST115695,dr. lisa delgado,consumer
10553,CUST115697,robert mcbride,small business
10554,CUST115698,lacey barrett,corporate
10555,CUST115699,james horton,corporate
10556,CUST115701,sarah white,consumer
10557,CUST115702,patricia smith,consumer
10558,CUST115703,jeremy smith,corporate
10559,CUST115704,brian jacobs,corporate
10560,CUST115705,patricia mcdaniel,corporate
10561,CUST115706,brian paul,corporate
10562,CUST115707,tony stephens,small business
10563,CUST115708,jorge gray,consumer
10564,CUST115709,brittany jackson,consumer
10565,CUST115710,carol clarke,small business
10566,CUST115711,christina winters,corporate
10567,CUST115712,bryan thomas,small business
10568,CUST115713,brandon young,consumer
10569,CUST115714,kristin shah,corporate
10570,CUST115715,kenneth dalton,corporate
10571,CUST115716,shelia blair,corporate
10572,CUST115717,adam gutierrez,corporate
10573,CUST115718,stephanie riley,corporate
10574,CUST115721,paul ayers,corporate
10575,CUST115723,robert gonzalez,corporate
10576,CUST115724,angela scott,consumer
10577,CUST115725,robin terry,consumer
10578,CUST115727,colleen webb,consumer
10579,CUST115729,victoria thornton,consumer
10580,CUST115731,christopher hays,small business
10581,CUST115732,brenda sanchez,corporate
10582,CUST115733,stacy campbell,consumer
10583,CUST115734,mary oconnor,consumer
10584,CUST115735,sherry forbes,consumer
10585,CUST115736,sarah burns,corporate
10586,CUST115738,omar smith,consumer
10587,CUST115740,darius wilkins,consumer
10588,CUST115741,james figueroa,consumer
10589,CUST115743,valerie smith,consumer
10590,CUST115744,jeremy douglas,consumer
10591,CUST115746,warren mcclure,corporate
10592,CUST115747,bryan martin,consumer
10593,CUST115749,francisco young,consumer
10594,CUST115750,sarah english,consumer
10595,CUST115751,jennifer lynch,consumer
10596,CUST115756,angela jenkins,consumer
10597,CUST115762,antonio fisher,consumer
10598,CUST115766,keith williams,corporate
10599,CUST115770,hunter martin,consumer
10600,CUST115771,vanessa wilkinson,consumer
10601,CUST115773,tina sexton,small business
10602,CUST115774,andre clay,small business
10603,CUST115775,samantha allen,consumer
10604,CUST115777,susan king,consumer
10605,CUST115779,cody massey,consumer
10606,CUST115780,melissa ortiz,corporate
10607,CUST115781,thomas kim,consumer
10608,CUST115782,samuel russell,consumer
10609,CUST115784,timothy jones,consumer
10610,CUST115785,jessica ruiz,corporate
10611,CUST115786,cathy mcknight,corporate
10612,CUST115787,kyle jenkins,corporate
10613,CUST115788,nancy doyle,consumer
10614,CUST115790,carl davis,consumer
10615,CUST115791,ronald gutierrez,consumer
10616,CUST115793,dr. kristina nguyen,small business
10617,CUST115794,philip dixon,corporate
10618,CUST115795,diana lutz,consumer
10619,CUST115796,christopher taylor,corporate
10620,CUST115798,michelle cordova,consumer
10621,CUST115799,mr. david powell,consumer
10622,CUST115800,anthony hopkins,consumer
10623,CUST115801,reginald warner,corporate
10624,CUST115802,michael powell,corporate
10625,CUST115803,james williams,corporate
10626,CUST115804,dr. rebecca rhodes,corporate
10627,CUST115805,michael turner,consumer
10628,CUST115806,cynthia reed,consumer
10629,CUST115808,bruce mack,consumer
10630,CUST115809,kimberly wood,small business
10631,CUST115810,mary day,corporate
10632,CUST115811,denise woodward,consumer
10633,CUST115812,samuel martin,consumer
10634,CUST115813,david turner,consumer
10635,CUST115814,james gonzalez,small business
10636,CUST115817,craig flores,small business
10637,CUST115819,james crane,corporate
10638,CUST115820,gabriella perez dds,consumer
10639,CUST115822,olivia may,small business
10640,CUST115823,edward yates,consumer
10641,CUST115825,michael mendoza,consumer
10642,CUST115826,andrea wiggins,small business
10643,CUST115827,eric kaufman,consumer
10644,CUST115828,jacob smith,consumer
10645,CUST115829,tristan patterson,corporate
10646,CUST115830,christopher davis,corporate
10647,CUST115831,angela maldonado,corporate
10648,CUST115832,dr. jason white,small business
10649,CUST115833,jason gibbs,consumer
10650,CUST115834,kyle wright,corporate
10651,CUST115835,brittany jones,small business
10652,CUST115838,james wilson,corporate
10653,CUST115839,russell fernandez,small business
10654,CUST115840,ian bender,small business
10655,CUST115843,kelly taylor,consumer
10656,CUST115844,julia matthews,small business
10657,CUST115845,clarence shields,consumer
10658,CUST115846,desiree warren,consumer
10659,CUST115847,pamela santiago,corporate
10660,CUST115848,amanda webb,consumer
10661,CUST115850,gloria owens,consumer
10662,CUST115852,joshua wright,consumer
10663,CUST115855,paige adams,consumer
10664,CUST115856,wesley ferguson,consumer
10665,CUST115857,lisa keller,consumer
10666,CUST115859,ann lee,corporate
10667,CUST115860,april baldwin,consumer
10668,CUST115861,kelly hahn,consumer
10669,CUST115862,christine brown,corporate
10670,CUST115865,mr. patrick underwood,consumer
10671,CUST115866,jeffrey patel,small business
10672,CUST115867,nicole castillo,consumer
10673,CUST115868,christopher leonard,consumer
10674,CUST115869,anthony jones,consumer
10675,CUST115870,monica turner,consumer
10676,CUST115871,scott davis,consumer
10677,CUST115872,teresa joseph,consumer
10678,CUST115873,wendy colon,consumer
10679,CUST115874,lori garcia,consumer
10680,CUST115875,jacob fisher,corporate
10681,CUST115876,brian montes,consumer
10682,CUST115878,shawna ferguson,consumer
10683,CUST115879,ricardo donaldson,corporate
10684,CUST115880,danielle harper,consumer
10685,CUST115881,abigail morris,small business
10686,CUST115883,vanessa mitchell,corporate
10687,CUST115884,jessica cohen,consumer
10688,CUST115885,jasmine wallace,consumer
10689,CUST115886,daniel tucker,small business
10690,CUST115887,richard mccarthy,consumer
10691,CUST115889,adam fleming,corporate
10692,CUST115890,kathryn may,consumer
10693,CUST115891,dana lane,consumer
10694,CUST115892,amanda burns,corporate
10695,CUST115893,emily travis,corporate
10696,CUST115894,megan lawrence,corporate
10697,CUST115895,melanie bell,small business
10698,CUST115896,peggy roth,small business
10699,CUST115899,alicia spencer,corporate
10700,CUST115900,ross torres,small business
10701,CUST115901,theresa scott,consumer
10702,CUST115903,bryan diaz,corporate
10703,CUST115904,sydney martinez,consumer
10704,CUST115905,ryan george,small business
10705,CUST115906,denise mcdaniel,consumer
10706,CUST115908,rhonda braun,small business
10707,CUST115912,robert morris,consumer
10708,CUST115913,frank jones,corporate
10709,CUST115914,brooke simon,small business
10710,CUST115915,erika chambers,consumer
10711,CUST115917,heather gonzalez dds,consumer
10712,CUST115919,shawn hunter,small business
10713,CUST115920,christina gomez,corporate
10714,CUST115923,holly johnson,small business
10715,CUST115924,lauren fritz,corporate
10716,CUST115925,teresa garcia,corporate
10717,CUST115926,vanessa barnett,consumer
10718,CUST115927,kenneth martinez,consumer
10719,CUST115928,tara coleman,consumer
10720,CUST115929,elizabeth jackson,consumer
10721,CUST115930,derek levy,consumer
10722,CUST115931,antonio conner,consumer
10723,CUST115933,jennifer mclaughlin,consumer
10724,CUST115934,david rivers,corporate
10725,CUST115935,joshua camacho,consumer
10726,CUST115938,angela velez,consumer
10727,CUST115939,charles ferguson,consumer
10728,CUST115941,brittany bender,consumer
10729,CUST115942,kristen cuevas,corporate
10730,CUST115944,blake carter,consumer
10731,CUST115946,becky sanchez,consumer
10732,CUST115951,samuel cox,small business
10733,CUST115952,kevin roberts,consumer
10734,CUST115953,david smith,small business
10735,CUST115954,richard smith,consumer
10736,CUST115955,jordan christensen,consumer
10737,CUST115956,dana daniels,consumer
10738,CUST115957,catherine oconnor,consumer
10739,CUST115959,samantha turner,consumer
10740,CUST115960,stephanie nguyen,small business
10741,CUST115962,lisa torres,corporate
10742,CUST115963,karina collins,corporate
10743,CUST115965,brittany west,consumer
10744,CUST115966,ashley smith,corporate
10745,CUST115967,nicole williams,small business
10746,CUST115968,john davis,consumer
10747,CUST115969,kaylee williams,consumer
10748,CUST115971,beth harris,consumer
10749,CUST115972,michael watson,consumer
10750,CUST115973,brent davis,consumer
10751,CUST115974,lisa martin,consumer
10752,CUST115975,nicholas anderson,consumer
10753,CUST115976,sherri cruz,corporate
10754,CUST115977,william gonzalez,small business
10755,CUST115978,april houston,consumer
10756,CUST115981,gloria long,consumer
10757,CUST115983,lawrence sullivan,consumer
10758,CUST115984,angelica hammond,small business
10759,CUST115986,brian woods,consumer
10760,CUST115987,kimberly middleton,consumer
10761,CUST115988,daniel rich,corporate
10762,CUST115989,john wagner,consumer
10763,CUST115993,michelle rodriguez,small business
10764,CUST115998,troy williams,consumer
10765,CUST115999,william ho,consumer
10766,CUST116001,sarah smith,consumer
10767,CUST116003,tamara wilson,consumer
10768,CUST116004,jessica morgan,corporate
10769,CUST116005,kenneth kennedy,consumer
10770,CUST116006,garrett porter,consumer
10771,CUST116008,john williams,consumer
10772,CUST116010,kenneth yang,small business
10773,CUST116012,mercedes cantu,consumer
10774,CUST116014,jenny snyder,small business
10775,CUST116019,travis bell,consumer
10776,CUST116021,bryan manning,consumer
10777,CUST116022,ruben price,consumer
10778,CUST116023,derek ramirez,consumer
10779,CUST116025,jennifer lewis,consumer
10780,CUST116027,tristan nelson,small business
10781,CUST116028,angel page,consumer
10782,CUST116029,christina jordan,consumer
10783,CUST116030,kevin khan,consumer
10784,CUST116031,christina brooks,consumer
10785,CUST116032,william leach,corporate
10786,CUST116033,julie brown,small business
10787,CUST116034,haley carrillo,corporate
10788,CUST116035,brandon lewis,consumer
10789,CUST116036,lisa ritter,small business
10790,CUST116037,edward flynn,consumer
10791,CUST116038,elizabeth lee,consumer
10792,CUST116039,jacob harrison,consumer
10793,CUST116041,jacqueline scott,small business
10794,CUST116043,mark hernandez,small business
10795,CUST116044,steven reyes,consumer
10796,CUST116045,susan ramirez,corporate
10797,CUST116047,katherine jimenez,consumer
10798,CUST116049,angela key,small business
10799,CUST116051,scott mckay,small business
10800,CUST116052,kenneth ramirez,corporate
10801,CUST116053,kayla walters,small business
10802,CUST116054,jacob tanner,small business
10803,CUST116055,michael wilson,consumer
10804,CUST116056,allison alexander,consumer
10805,CUST116057,ryan king,consumer
10806,CUST116059,kathryn brady,corporate
10807,CUST116061,george walker,consumer
10808,CUST116063,patrick english,consumer
10809,CUST116065,dana chavez,corporate
10810,CUST116066,andrew alexander,consumer
10811,CUST116068,david douglas,small business
10812,CUST116069,susan dickerson,consumer
10813,CUST116070,melissa smith,small business
10814,CUST116071,mrs. maria snyder,consumer
10815,CUST116072,adam wright,consumer
10816,CUST116073,linda nelson,corporate
10817,CUST116074,richard reyes,consumer
10818,CUST116075,andrew leblanc,corporate
10819,CUST116076,brandon roberts,corporate
10820,CUST116077,joseph ayala,small business
10821,CUST116078,jordan mcbride,corporate
10822,CUST116079,nicole price,consumer
10823,CUST116081,jordan stevenson,corporate
10824,CUST116082,rodney schroeder,consumer
10825,CUST116083,dr. tracey jones md,corporate
10826,CUST116087,cathy jacobs,consumer
10827,CUST116088,alicia fowler,consumer
10828,CUST116089,thomas lucas,corporate
10829,CUST116090,melvin moss,small business
10830,CUST116091,gregory hammond,small business
10831,CUST116092,andrew lewis,consumer
10832,CUST116093,kyle woods,consumer
10833,CUST116094,vincent nelson,small business
10834,CUST116095,nathan haas,corporate
10835,CUST116096,richard miller,consumer
10836,CUST116097,todd cline,consumer
10837,CUST116100,chad gallagher,corporate
10838,CUST116101,joseph keith,consumer
10839,CUST116102,joseph ware,consumer
10840,CUST116105,margaret robinson,consumer
10841,CUST116109,jamie johnson,consumer
10842,CUST116111,luke ray,consumer
10843,CUST116113,jennifer moreno,corporate
10844,CUST116114,amanda campbell,consumer
10845,CUST116115,anthony stewart,consumer
10846,CUST116117,michael hardy,consumer
10847,CUST116118,brittany anderson,corporate
10848,CUST116121,kelsey wilson,consumer
10849,CUST116122,eric martin,corporate
10850,CUST116123,jerry fox,corporate
10851,CUST116124,brianna herman,consumer
10852,CUST116125,jacqueline smith,consumer
10853,CUST116126,kristopher hamilton,corporate
10854,CUST116127,kaylee rivera,corporate
10855,CUST116128,diane jordan,corporate
10856,CUST116131,john clark,consumer
10857,CUST116133,nicholas mendez,small business
10858,CUST116136,megan davis,consumer
10859,CUST116137,toni snyder,consumer
10860,CUST116140,jessica grant,consumer
10861,CUST116142,dean murphy,corporate
10862,CUST116143,ms. samantha dillon md,consumer
10863,CUST116144,dale young,consumer
10864,CUST116149,dan dominguez md,consumer
10865,CUST116150,tammy ayala,corporate
10866,CUST116154,jared bradley,small business
10867,CUST116155,jennifer kennedy,consumer
10868,CUST116156,regina gillespie,corporate
10869,CUST116157,andrea boyer,corporate
10870,CUST116158,stephen mitchell,consumer
10871,CUST116159,david perez,small business
10872,CUST116160,mark nguyen,consumer
10873,CUST116161,cynthia sanchez,consumer
10874,CUST116162,patrick martinez,corporate
10875,CUST116163,emma banks,consumer
10876,CUST116164,tina miller,small business
10877,CUST116165,laura tate,small business
10878,CUST116166,jeffrey reeves,small business
10879,CUST116167,charles harris,small business
10880,CUST116168,brett martin,consumer
10881,CUST116169,megan woodard,consumer
10882,CUST116172,stephanie wood,consumer
10883,CUST116173,emily gross,consumer
10884,CUST116174,john merritt,consumer
10885,CUST116175,mr. derek massey,corporate
10886,CUST116176,victoria fuentes,consumer
10887,CUST116178,victor wilkins,consumer
10888,CUST116179,andre valencia,consumer
10889,CUST116180,adam lutz,consumer
10890,CUST116181,kayla thomas,corporate
10891,CUST116184,david mann,consumer
10892,CUST116186,rhonda shelton,consumer
10893,CUST116190,cody brown,small business
10894,CUST116193,paul alvarez,corporate
10895,CUST116194,robert hopkins,consumer
10896,CUST116195,michael hill,corporate
10897,CUST116196,marissa rodriguez,consumer
10898,CUST116197,glenn foster,consumer
10899,CUST116199,julie powell,consumer
10900,CUST116202,heather walker,consumer
10901,CUST116203,brian simmons,small business
10902,CUST116205,anthony mccarthy,consumer
10903,CUST116206,tiffany arroyo,consumer
10904,CUST116209,seth schmidt,small business
10905,CUST116210,robert white,consumer
10906,CUST116211,andrew gibson,consumer
10907,CUST116212,denise david,consumer
10908,CUST116214,ian berger,consumer
10909,CUST116215,timothy johnson,consumer
10910,CUST116216,nathan jones,consumer
10911,CUST116217,jessica kim,consumer
10912,CUST116219,rebecca flores,small business
10913,CUST116220,robert sanchez,corporate
10914,CUST116221,daniel howell,consumer
10915,CUST116222,jennifer poole,consumer
10916,CUST116225,willie carroll,consumer
10917,CUST116226,alexis ponce,consumer
10918,CUST116227,zachary lee,corporate
10919,CUST116230,susan hogan,consumer
10920,CUST116231,marc clements,consumer
10921,CUST116232,juan li,consumer
10922,CUST116234,rachel johnson,consumer
10923,CUST116235,elizabeth butler,consumer
10924,CUST116237,kaitlyn love,consumer
10925,CUST116239,jamie johnson,corporate
10926,CUST116240,frank gentry,corporate
10927,CUST116241,nicole cole,consumer
10928,CUST116242,allen robertson,consumer
10929,CUST116243,jon webb,small business
10930,CUST116244,michael russell,small business
10931,CUST116246,kevin cruz,consumer
10932,CUST116247,donald sullivan,consumer
10933,CUST116249,timothy harris,small business
10934,CUST116251,sandra mcdonald,consumer
10935,CUST116252,margaret anderson,consumer
10936,CUST116253,robert duran,consumer
10937,CUST116255,jennifer webb,corporate
10938,CUST116256,daniel bryant,consumer
10939,CUST116258,samantha garcia,consumer
10940,CUST116260,joshua brown,corporate
10941,CUST116261,eric weeks,consumer
10942,CUST116262,derek frye,consumer
10943,CUST116263,phyllis forbes,consumer
10944,CUST116265,martha smith,consumer
10945,CUST116268,brenda jones,small business
10946,CUST116273,leslie gray,small business
10947,CUST116275,dr. jennifer singh dvm,consumer
10948,CUST116276,jonathan gonzales,consumer
10949,CUST116277,paul moore,consumer
10950,CUST116278,jacqueline thomas,consumer
10951,CUST116279,madison tapia,corporate
10952,CUST116282,james lopez,consumer
10953,CUST116283,phillip gillespie,consumer
10954,CUST116285,juan savage,corporate
10955,CUST116287,daniel jordan,consumer
10956,CUST116288,frances garcia,small business
10957,CUST116289,susan hayes,consumer
10958,CUST116290,monica foster,consumer
10959,CUST116291,joel stokes,corporate
10960,CUST116292,elizabeth dodson,small business
10961,CUST116293,laura wilson,corporate
10962,CUST116295,david garcia,corporate
10963,CUST116296,ronnie hartman,consumer
10964,CUST116297,barbara bailey,corporate
10965,CUST116298,leslie reeves,corporate
10966,CUST116299,tracy andrews,consumer
10967,CUST116300,chelsea duran,consumer
10968,CUST116302,katie smith,corporate
10969,CUST116310,jacob king,consumer
10970,CUST116311,christopher gonzalez,consumer
10971,CUST116312,randall washington,consumer
10972,CUST116313,paul hodges,consumer
10973,CUST116314,jacob potter,small business
10974,CUST116315,cameron chapman,consumer
10975,CUST116316,brandon jones,consumer
10976,CUST116317,nancy moore,consumer
10977,CUST116319,haley hansen,corporate
10978,CUST116320,craig chapman,consumer
10979,CUST116321,kathleen thomas,consumer
10980,CUST116324,joseph adams,consumer
10981,CUST116326,mr. kyle romero,consumer
10982,CUST116327,james young,consumer
10983,CUST116328,david ayala,small business
10984,CUST116329,robin duncan,corporate
10985,CUST116330,raymond west,consumer
10986,CUST116333,isaac torres,corporate
10987,CUST116334,joanne king,consumer
10988,CUST116338,christopher brooks,corporate
10989,CUST116341,karen schneider,consumer
10990,CUST116342,carlos glenn,small business
10991,CUST116343,christian summers,corporate
10992,CUST116345,daniel adkins,consumer
10993,CUST116346,karen espinoza,corporate
10994,CUST116347,laura clayton,consumer
10995,CUST116348,carrie thomas,consumer
10996,CUST116349,cindy wright,consumer
10997,CUST116350,sarah sanders,corporate
10998,CUST116351,rachel walker,small business
10999,CUST116352,sherri lawrence,small business
11000,CUST116353,catherine miller,consumer
11001,CUST116354,adam hawkins,corporate
11002,CUST116357,jonathan walker,consumer
11003,CUST116358,sandra wilson,consumer
11004,CUST116359,dawn sheppard,consumer
11005,CUST116361,sabrina ware,consumer
11006,CUST116364,david porter,consumer
11007,CUST116366,jasmine jones,consumer
11008,CUST116367,susan key,consumer
11009,CUST116368,spencer buchanan,consumer
11010,CUST116370,kelly crosby,consumer
11011,CUST116371,scott marks,consumer
11012,CUST116372,jeffrey anderson,consumer
11013,CUST116373,renee jones,consumer
11014,CUST116374,leah mitchell,small business
11015,CUST116375,aaron jackson,corporate
11016,CUST116376,jamie castillo,consumer
11017,CUST116377,gary powell,corporate
11018,CUST116378,harry rose,small business
11019,CUST116381,erin ellison,small business
11020,CUST116382,aaron shelton,corporate
11021,CUST116383,julia allen,corporate
11022,CUST116384,michelle wilson,consumer
11023,CUST116387,kevin lopez,corporate
11024,CUST116389,tyler townsend,corporate
11025,CUST116390,james barrett,small business
11026,CUST116391,john taylor,corporate
11027,CUST116393,james richard,consumer
11028,CUST116395,howard bennett,consumer
11029,CUST116396,james turner,corporate
11030,CUST116398,kathy stewart,corporate
11031,CUST116399,jamie rivera md,consumer
11032,CUST116400,joseph johnson,consumer
11033,CUST116401,isaiah day,consumer
11034,CUST116402,elizabeth curry,consumer
11035,CUST116403,lance merritt,consumer
11036,CUST116404,anna espinoza,corporate
11037,CUST116405,taylor ritter,consumer
11038,CUST116406,gabriela johnson,consumer
11039,CUST116407,matthew hood,consumer
11040,CUST116408,tammy bradshaw,consumer
11041,CUST116409,daniel henderson,small business
11042,CUST116411,charles gutierrez jr.,corporate
11043,CUST116412,mrs. rhonda turner,consumer
11044,CUST116413,richard robinson,consumer
11045,CUST116414,mrs. karen white,corporate
11046,CUST116415,jamie austin,consumer
11047,CUST116416,amanda bradley,consumer
11048,CUST116417,roy hammond,corporate
11049,CUST116421,jeffery dominguez,consumer
11050,CUST116422,matthew alvarez,consumer
11051,CUST116424,molly patterson,consumer
11052,CUST116425,edward walker,consumer
11053,CUST116426,ashley johnson,consumer
11054,CUST116428,karen johnson,corporate
11055,CUST116429,roger robertson,consumer
11056,CUST116430,norma smith,corporate
11057,CUST116431,linda hunter,corporate
11058,CUST116432,amy hendricks,small business
11059,CUST116433,jaclyn dixon,consumer
11060,CUST116435,patricia welch,consumer
11061,CUST116436,shane martinez,small business
11062,CUST116437,johnny cunningham,corporate
11063,CUST116441,christopher ramsey,small business
11064,CUST116442,nicole benson,consumer
11065,CUST116445,craig burns,consumer
11066,CUST116446,philip simpson,consumer
11067,CUST116447,daniel peterson,consumer
11068,CUST116450,christine conway,consumer
11069,CUST116453,darlene evans,consumer
11070,CUST116455,todd rivera,corporate
11071,CUST116456,manuel murray,consumer
11072,CUST116458,willie oliver,consumer
11073,CUST116459,henry blackwell,corporate
11074,CUST116460,christina fischer,consumer
11075,CUST116461,charles johnson,consumer
11076,CUST116463,katrina anderson,consumer
11077,CUST116464,joshua drake,consumer
11078,CUST116465,laurie mckinney,consumer
11079,CUST116466,stephanie coleman,small business
11080,CUST116467,thomas buck,corporate
11081,CUST116468,bradley miller,consumer
11082,CUST116469,stacy boyd,small business
11083,CUST116472,kathy sharp,small business
11084,CUST116473,yvette lambert,small business
11085,CUST116474,michael hicks,consumer
11086,CUST116476,peter lee,consumer
11087,CUST116477,elizabeth fox,corporate
11088,CUST116478,tiffany wyatt,corporate
11089,CUST116479,william briggs,consumer
11090,CUST116480,matthew allen,small business
11091,CUST116481,stephanie parsons,corporate
11092,CUST116482,adrienne brown,consumer
11093,CUST116483,karla ray,consumer
11094,CUST116484,shaun daniels,corporate
11095,CUST116485,laura carter,consumer
11096,CUST116486,carl ramirez,consumer
11097,CUST116487,mrs. kim hodges,consumer
11098,CUST116488,robert brown,consumer
11099,CUST116489,timothy simpson,consumer
11100,CUST116491,linda velasquez,consumer
11101,CUST116492,whitney cabrera,small business
11102,CUST116493,michael berger,consumer
11103,CUST116494,tiffany guerrero,small business
11104,CUST116497,kelly moon,consumer
11105,CUST116498,tiffany sullivan,consumer
11106,CUST116500,brandy banks,consumer
11107,CUST116501,ryan golden,small business
11108,CUST116502,melissa warren,small business
11109,CUST116503,jose mccullough,small business
11110,CUST116504,ryan norton,small business
11111,CUST116505,gregory stewart,corporate
11112,CUST116506,patricia hall,consumer
11113,CUST116508,nicole monroe,small business
11114,CUST116510,jeffrey tran,consumer
11115,CUST116511,dana kent,consumer
11116,CUST116513,melinda rogers,corporate
11117,CUST116514,jesse blankenship,corporate
11118,CUST116516,nicole jones,small business
11119,CUST116517,richard carpenter,consumer
11120,CUST116518,daniel horne,consumer
11121,CUST116520,henry griffin,consumer
11122,CUST116522,stephanie graves,corporate
11123,CUST116523,james norman,corporate
11124,CUST116524,cory hernandez,corporate
11125,CUST116525,roy knight,corporate
11126,CUST116526,michael burke,corporate
11127,CUST116527,mary smith,corporate
11128,CUST116529,meghan bennett,consumer
11129,CUST116530,david newman,small business
11130,CUST116531,valerie spencer,corporate
11131,CUST116532,sherri beasley,corporate
11132,CUST116533,matthew ruiz,consumer
11133,CUST116537,walter saunders,corporate
11134,CUST116538,jessica green,small business
11135,CUST116539,brandon nunez,consumer
11136,CUST116540,matthew gordon,consumer
11137,CUST116542,xavier carr,consumer
11138,CUST116543,angie scott,consumer
11139,CUST116544,megan evans,consumer
11140,CUST116547,peter johnston,consumer
11141,CUST116548,jonathan clark md,consumer
11142,CUST116549,david cooper,consumer
11143,CUST116551,kathryn campbell,consumer
11144,CUST116552,christopher ryan,corporate
11145,CUST116554,jennifer davis,consumer
11146,CUST116556,charles mclean,small business
11147,CUST116559,robert graham,consumer
11148,CUST116562,juan wells,consumer
11149,CUST116563,jeffery hayes,consumer
11150,CUST116564,johnathan bell,consumer
11151,CUST116569,lawrence miller,consumer
11152,CUST116570,michael williams,consumer
11153,CUST116571,crystal reed md,consumer
11154,CUST116573,john richardson,corporate
11155,CUST116574,danny edwards,corporate
11156,CUST116575,nicole ortiz,corporate
11157,CUST116576,glen ali,consumer
11158,CUST116577,sheila clark,consumer
11159,CUST116578,jeremy franklin,consumer
11160,CUST116584,sarah gordon,consumer
11161,CUST116586,michael martin,corporate
11162,CUST116587,denise pittman,consumer
11163,CUST116589,noah blackwell,corporate
11164,CUST116590,andrew smith,corporate
11165,CUST116593,glenn griffin,consumer
11166,CUST116594,anthony gordon,corporate
11167,CUST116595,colton garza,consumer
11168,CUST116596,aaron cochran,small business
11169,CUST116597,kathleen hooper,corporate
11170,CUST116600,michael mitchell,consumer
11171,CUST116601,johnny mills,consumer
11172,CUST116604,dwayne rhodes,corporate
11173,CUST116607,kyle snyder,consumer
11174,CUST116608,christina campbell,consumer
11175,CUST116609,michael harper,corporate
11176,CUST116610,vanessa johnson,consumer
11177,CUST116613,lynn wells,consumer
11178,CUST116614,john williams,consumer
11179,CUST116615,marc park,small business
11180,CUST116618,stephanie chapman,consumer
11181,CUST116622,mr. sean jacobs,corporate
11182,CUST116623,lori lewis,corporate
11183,CUST116624,christopher rasmussen,consumer
11184,CUST116625,regina blackwell,consumer
11185,CUST116631,ashley paul,corporate
11186,CUST116632,martin small,corporate
11187,CUST116634,beth evans,consumer
11188,CUST116635,wendy lee,corporate
11189,CUST116637,susan martin,consumer
11190,CUST116638,james pearson,small business
11191,CUST116640,jessica white,small business
11192,CUST116641,karen solis,corporate
11193,CUST116642,jesse parker,corporate
11194,CUST116644,jeffrey smith,consumer
11195,CUST116645,darrell cooper,consumer
11196,CUST116647,kara spencer,consumer
11197,CUST116648,christina barber,consumer
11198,CUST116649,david gray,consumer
11199,CUST116650,dr. dominique flores,corporate
11200,CUST116652,james rivera,corporate
11201,CUST116653,devin ramirez,consumer
11202,CUST116654,angela richardson,consumer
11203,CUST116656,hannah ellis,consumer
11204,CUST116658,scott brown,consumer
11205,CUST116659,judith anderson,consumer
11206,CUST116660,kristi elliott,consumer
11207,CUST116661,tonya mendoza,consumer
11208,CUST116662,jamie peterson,consumer
11209,CUST116666,steven hudson,small business
11210,CUST116667,jessica sanchez,consumer
11211,CUST116669,carol johnson,corporate
11212,CUST116670,amanda kelly,small business
11213,CUST116671,joseph white,consumer
11214,CUST116674,eric farmer,corporate
11215,CUST116675,laurie li,corporate
11216,CUST116676,eric charles,corporate
11217,CUST116677,robert nixon,small business
11218,CUST116679,john frost,consumer
11219,CUST116681,patricia davis,consumer
11220,CUST116682,elizabeth graham,consumer
11221,CUST116683,thomas price,consumer
11222,CUST116684,judith carter,corporate
11223,CUST116685,ms. darlene hartman md,consumer
11224,CUST116686,erica frank,consumer
11225,CUST116687,brian ferguson,consumer
11226,CUST116689,gloria stevenson,consumer
11227,CUST116691,brandon adams,consumer
11228,CUST116693,sharon neal,consumer
11229,CUST116694,peter bell,consumer
11230,CUST116695,david goodman,corporate
11231,CUST116696,casey rodriguez,small business
11232,CUST116697,kenneth brock,consumer
11233,CUST116698,heather short,corporate
11234,CUST116699,alyssa thompson,consumer
11235,CUST116702,angelica goodman,consumer
11236,CUST116703,sarah turner,corporate
11237,CUST116704,eric white,small business
11238,CUST116706,carla henderson,corporate
11239,CUST116707,david hansen,small business
11240,CUST116708,samuel young,consumer
11241,CUST116710,susan hicks,consumer
11242,CUST116712,joseph harrell,small business
11243,CUST116713,jason garcia,corporate
11244,CUST116714,alexandra crawford,consumer
11245,CUST116716,heather lynn,corporate
11246,CUST116718,beth meyer,consumer
11247,CUST116719,jessica hernandez,consumer
11248,CUST116720,danielle hart,consumer
11249,CUST116721,christopher hanson,consumer
11250,CUST116722,steven jenkins,consumer
11251,CUST116723,jessica hamilton,consumer
11252,CUST116725,todd lin,corporate
11253,CUST116726,william juarez,consumer
11254,CUST116727,heather wright,consumer
11255,CUST116728,john lawson,consumer
11256,CUST116729,andrew ramirez dds,corporate
11257,CUST116730,stephanie gonzalez,corporate
11258,CUST116732,kara beard,consumer
11259,CUST116733,jonathan lopez,consumer
11260,CUST116735,cole weber,small business
11261,CUST116736,carla baldwin,consumer
11262,CUST116737,rebecca robinson,consumer
11263,CUST116738,daniel flores,corporate
11264,CUST116739,leah moore dds,consumer
11265,CUST116742,jason dominguez,corporate
11266,CUST116744,terri wilson,consumer
11267,CUST116745,jillian eaton,consumer
11268,CUST116746,jasmin wilson,small business
11269,CUST116749,angie castillo,small business
11270,CUST116750,sheila holmes,consumer
11271,CUST116751,todd caldwell,consumer
11272,CUST116753,justin gutierrez,consumer
11273,CUST116754,glenn horn,small business
11274,CUST116756,theodore bennett,small business
11275,CUST116758,sarah hodge,consumer
11276,CUST116759,taylor barrett,corporate
11277,CUST116760,wesley wells,corporate
11278,CUST116762,amy hughes,corporate
11279,CUST116764,tammy fitzpatrick,corporate
11280,CUST116766,leon choi,consumer
11281,CUST116767,william romero,corporate
11282,CUST116768,kevin perez dds,small business
11283,CUST116769,mr. warren bishop dds,consumer
11284,CUST116771,jessica anderson,consumer
11285,CUST116772,jeffrey luna,small business
11286,CUST116773,bailey evans,consumer
11287,CUST116774,nicholas walter,small business
11288,CUST116775,sarah hernandez,consumer
11289,CUST116777,john nelson,consumer
11290,CUST116778,teresa rodgers,consumer
11291,CUST116780,natalie williams,consumer
11292,CUST116781,carlos dawson,consumer
11293,CUST116782,sherry reed,corporate
11294,CUST116783,mark sexton,corporate
11295,CUST116784,bradley ruiz,consumer
11296,CUST116786,brenda walker,consumer
11297,CUST116787,jason gibson,consumer
11298,CUST116788,albert perkins,consumer
11299,CUST116790,keith savage,corporate
11300,CUST116794,megan andrews,consumer
11301,CUST116795,kimberly scott,corporate
11302,CUST116796,thomas thompson,consumer
11303,CUST116798,jessica campbell,consumer
11304,CUST116799,john meza,corporate
11305,CUST116801,joshua baker,corporate
11306,CUST116802,jeffrey perez,consumer
11307,CUST116803,hayden ortega,consumer
11308,CUST116804,amy thomas,consumer
11309,CUST116805,mark nelson,corporate
11310,CUST116806,jane smith,consumer
11311,CUST116807,tamara vaughan,corporate
11312,CUST116808,joshua morris,consumer
11313,CUST116809,kevin stone,small business
11314,CUST116810,april rogers,consumer
11315,CUST116811,catherine williams,small business
11316,CUST116813,chelsea holt,consumer
11317,CUST116814,greg archer,consumer
11318,CUST116815,bobby adams,consumer
11319,CUST116816,lindsey rodriguez,corporate
11320,CUST116817,joseph dorsey,consumer
11321,CUST116818,megan robinson,corporate
11322,CUST116819,timothy colon,consumer
11323,CUST116820,kenneth henry,consumer
11324,CUST116822,brittany lee,consumer
11325,CUST116823,victor brooks,consumer
11326,CUST116824,michael bowman,small business
11327,CUST116825,juan davidson,small business
11328,CUST116826,kenneth campbell,consumer
11329,CUST116828,tara taylor,consumer
11330,CUST116830,jennifer weber,small business
11331,CUST116831,joseph thomas,corporate
11332,CUST116835,george acosta,consumer
11333,CUST116838,angela liu,consumer
11334,CUST116839,monica christensen,consumer
11335,CUST116840,jesse young,consumer
11336,CUST116842,ryan ball,corporate
11337,CUST116843,matthew davis,corporate
11338,CUST116844,paul hodge,corporate
11339,CUST116845,jonathan carpenter,consumer
11340,CUST116847,stephanie perez,small business
11341,CUST116848,kevin barron,corporate
11342,CUST116849,richard lang,consumer
11343,CUST116851,colton parker,consumer
11344,CUST116852,scott hart,consumer
11345,CUST116854,samantha collins,consumer
11346,CUST116855,cassandra duran,consumer
11347,CUST116857,daniel williams,consumer
11348,CUST116858,jessica oliver,small business
11349,CUST116859,rhonda rogers,consumer
11350,CUST116860,ana schmidt,small business
11351,CUST116861,clinton hall,corporate
11352,CUST116863,kevin hunter,corporate
11353,CUST116866,debra romero,consumer
11354,CUST116867,brandon aguilar,corporate
11355,CUST116870,sandra nelson,consumer
11356,CUST116871,michael kane,consumer
11357,CUST116873,chad horne,consumer
11358,CUST116875,monica hamilton,corporate
11359,CUST116876,stephen reyes,corporate
11360,CUST116877,shelley anderson,consumer
11361,CUST116878,ryan hines,consumer
11362,CUST116881,matthew smith,consumer
11363,CUST116882,lindsay wyatt,corporate
11364,CUST116883,thomas robinson,consumer
11365,CUST116884,lori humphrey,corporate
11366,CUST116888,brooke hart,consumer
11367,CUST116890,ann williams,consumer
11368,CUST116891,dr. victor smith md,corporate
11369,CUST116892,david harvey,consumer
11370,CUST116893,elizabeth jordan,corporate
11371,CUST116894,katherine collins,consumer
11372,CUST116895,jennifer fisher,consumer
11373,CUST116899,micheal guzman,small business
11374,CUST116901,cynthia monroe,small business
11375,CUST116903,jennifer mcknight,consumer
11376,CUST116905,timothy norman,corporate
11377,CUST116906,diana wood,consumer
11378,CUST116907,sara morgan,consumer
11379,CUST116908,phillip ball,consumer
11380,CUST116909,john vazquez,consumer
11381,CUST116911,tyler maddox,consumer
11382,CUST116913,shannon gutierrez,consumer
11383,CUST116914,peter wallace,small business
11384,CUST116915,amy harris,consumer
11385,CUST116916,william mills,corporate
11386,CUST116917,emily mckenzie,small business
11387,CUST116918,jennifer swanson,small business
11388,CUST116919,anthony oneal,small business
11389,CUST116921,sarah mason,small business
11390,CUST116922,william hobbs,corporate
11391,CUST116923,rebecca tucker,consumer
11392,CUST116925,beth douglas,consumer
11393,CUST116926,taylor fowler,consumer
11394,CUST116928,michael porter,consumer
11395,CUST116929,morgan tucker,small business
11396,CUST116930,whitney garcia,consumer
11397,CUST116932,cassandra woodward,corporate
11398,CUST116933,jessica robinson,consumer
11399,CUST116934,brittney spencer,consumer
11400,CUST116936,brandon charles,consumer
11401,CUST116937,keith rivera,corporate
11402,CUST116939,benjamin cherry,consumer
11403,CUST116941,patrick dunlap,consumer
11404,CUST116945,john liu,small business
11405,CUST116948,michelle wright,consumer
11406,CUST116949,dr. matthew taylor ii,consumer
11407,CUST116950,timothy rodgers,corporate
11408,CUST116951,mrs. margaret knight,corporate
11409,CUST116953,sandra gonzalez,corporate
11410,CUST116954,jennifer perry,corporate
11411,CUST116956,charles roberts,consumer
11412,CUST116957,william stewart,small business
11413,CUST116958,barbara turner,consumer
11414,CUST116959,tina martin,consumer
11415,CUST116960,robert stephens,consumer
11416,CUST116961,shirley perry,corporate
11417,CUST116962,jonathan lamb,small business
11418,CUST116963,anna santos,consumer
11419,CUST116964,christopher marquez,consumer
11420,CUST116966,timothy evans,consumer
11421,CUST116967,jasmine lopez,consumer
11422,CUST116968,jacqueline turner,consumer
11423,CUST116969,cathy palmer,consumer
11424,CUST116971,karen campbell,consumer
11425,CUST116972,jaime conway,small business
11426,CUST116973,janice aguilar,corporate
11427,CUST116974,shirley sullivan,consumer
11428,CUST116975,cassandra parsons,consumer
11429,CUST116977,sarah hill,small business
11430,CUST116978,amanda thompson,consumer
11431,CUST116979,matthew lewis,consumer
11432,CUST116980,robert jacobson,consumer
11433,CUST116981,pamela singleton,consumer
11434,CUST116982,jose hancock,consumer
11435,CUST116983,lauren schroeder,corporate
11436,CUST116984,judith day,consumer
11437,CUST116985,paul smith,corporate
11438,CUST116986,tony wyatt,corporate
11439,CUST116988,lisa ware,consumer
11440,CUST116989,james martinez jr.,consumer
11441,CUST116990,michael barrera,corporate
11442,CUST116991,daniel gill,consumer
11443,CUST116992,elizabeth flores,corporate
11444,CUST116994,lance waters,consumer
11445,CUST117000,caitlyn smith,consumer
11446,CUST117002,mrs. maria murphy md,consumer
11447,CUST117003,carol smith,consumer
11448,CUST117005,shawna gray,small business
11449,CUST117006,chelsea rodriguez,corporate
11450,CUST117007,jessica norris,corporate
11451,CUST117009,kenneth griffith,consumer
11452,CUST117010,heather jimenez,consumer
11453,CUST117011,terry roberts,consumer
11454,CUST117012,amy richard,consumer
11455,CUST117014,daniel lloyd,corporate
11456,CUST117015,lauren ramirez,consumer
11457,CUST117016,dr. deanna hampton,consumer
11458,CUST117017,thomas ryan,consumer
11459,CUST117019,jake shea,consumer
11460,CUST117020,alexander bowman,small business
11461,CUST117021,tristan fox,consumer
11462,CUST117022,michelle harris,consumer
11463,CUST117023,samantha gordon,corporate
11464,CUST117024,erin saunders,consumer
11465,CUST117029,colleen fisher,consumer
11466,CUST117030,brian snyder,consumer
11467,CUST117031,oscar garcia,small business
11468,CUST117032,michael goodman,consumer
11469,CUST117033,peter leblanc,consumer
11470,CUST117034,david lucas,consumer
11471,CUST117035,lisa wall,consumer
11472,CUST117039,stephanie johnson,corporate
11473,CUST117041,mary gutierrez,small business
11474,CUST117042,jessica maxwell,consumer
11475,CUST117045,mrs. candace mathis md,consumer
11476,CUST117046,sierra smith,consumer
11477,CUST117047,mark taylor,consumer
11478,CUST117048,kimberly clark,consumer
11479,CUST117049,joel trevino,corporate
11480,CUST117050,mary jacobson,consumer
11481,CUST117053,julia blankenship,consumer
11482,CUST117054,jeff alvarado,corporate
11483,CUST117056,anthony edwards,consumer
11484,CUST117057,christopher bishop,consumer
11485,CUST117059,nicholas figueroa,consumer
11486,CUST117062,erika hendrix,corporate
11487,CUST117063,debbie parker,corporate
11488,CUST117065,kimberly nielsen,corporate
11489,CUST117066,danny lopez,consumer
11490,CUST117067,kim simpson,consumer
11491,CUST117069,natasha gonzalez,corporate
11492,CUST117070,jim moore,consumer
11493,CUST117071,tiffany soto,corporate
11494,CUST117072,richard patrick,corporate
11495,CUST117073,gina thomas,corporate
11496,CUST117075,brianna robertson,consumer
11497,CUST117076,martin robinson,corporate
11498,CUST117077,lisa hall,consumer
11499,CUST117078,larry thompson,consumer
11500,CUST117080,bradley barton,consumer
11501,CUST117081,vincent grant,small business
11502,CUST117083,brett bass md,consumer
11503,CUST117084,brett robinson,consumer
11504,CUST117085,joseph rivera,consumer
11505,CUST117086,jennifer long,consumer
11506,CUST117087,janet farrell,small business
11507,CUST117090,david hernandez,consumer
11508,CUST117091,wanda brooks,corporate
11509,CUST117092,erin parker md,corporate
11510,CUST117093,jeremiah richardson,corporate
11511,CUST117094,zoe stokes,corporate
11512,CUST117096,janet perry,consumer
11513,CUST117097,melanie garcia,small business
11514,CUST117098,john mosley,consumer
11515,CUST117099,christopher munoz,corporate
11516,CUST117100,eric scott,corporate
11517,CUST117103,william bowen,consumer
11518,CUST117104,ricardo willis,consumer
11519,CUST117106,brianna scott dds,consumer
11520,CUST117107,brittany garrison,small business
11521,CUST117108,thomas lopez,consumer
11522,CUST117109,lindsay wilson,consumer
11523,CUST117111,jonathan irwin,consumer
11524,CUST117112,mason evans,consumer
11525,CUST117113,jeremiah hayes,corporate
11526,CUST117114,erica harris,corporate
11527,CUST117115,joseph allen,corporate
11528,CUST117117,kaitlyn clark,small business
11529,CUST117120,jessica stephens,consumer
11530,CUST117121,charles stevens,consumer
11531,CUST117125,stephen murillo,corporate
11532,CUST117126,christopher fuller,consumer
11533,CUST117127,john salas,consumer
11534,CUST117128,gregory bell,corporate
11535,CUST117130,tara delacruz,small business
11536,CUST117131,dale price,consumer
11537,CUST117134,shane moses,corporate
11538,CUST117135,jonathan gardner,corporate
11539,CUST117138,jeremy harding,consumer
11540,CUST117139,aaron hogan,small business
11541,CUST117140,tammy mann,small business
11542,CUST117141,john robinson,consumer
11543,CUST117142,tina nelson,consumer
11544,CUST117144,tonya smith,consumer
11545,CUST117146,christopher knight,consumer
11546,CUST117147,chelsea roman,consumer
11547,CUST117148,alexander jackson,consumer
11548,CUST117150,dylan cole,consumer
11549,CUST117151,brian walsh,consumer
11550,CUST117152,michael brooks,consumer
11551,CUST117153,lacey gutierrez,corporate
11552,CUST117154,pamela mercer,consumer
11553,CUST117157,mr. francisco porter,consumer
11554,CUST117158,nancy wilcox,corporate
11555,CUST117160,pamela hill,consumer
11556,CUST117161,dr. brittany phillips,consumer
11557,CUST117162,mark rodriguez,consumer
11558,CUST117163,nancy lopez,consumer
11559,CUST117165,mary collins,consumer
11560,CUST117167,judy schneider,consumer
11561,CUST117169,gary harrison,consumer
11562,CUST117170,mallory norman,consumer
11563,CUST117171,nichole ward,consumer
11564,CUST117172,rachel meyers,consumer
11565,CUST117173,erin huff,consumer
11566,CUST117175,james bass,consumer
11567,CUST117178,aaron watson,corporate
11568,CUST117180,gavin vasquez,consumer
11569,CUST117181,kristen lindsey,consumer
11570,CUST117182,timothy miller,consumer
11571,CUST117184,michael watson,consumer
11572,CUST117185,paul schultz,small business
11573,CUST117186,karen pitts,small business
11574,CUST117187,ethan ramirez,consumer
11575,CUST117188,justin thomas jr.,consumer
11576,CUST117190,jason johnson,consumer
11577,CUST117191,thomas stewart,consumer
11578,CUST117193,joe stephenson,consumer
11579,CUST117196,david klein,consumer
11580,CUST117197,erin carlson,consumer
11581,CUST117198,abigail hester,corporate
11582,CUST117199,thomas allen,consumer
11583,CUST117201,cynthia austin,corporate
11584,CUST117202,jacob williams,consumer
11585,CUST117203,holly williams,consumer
11586,CUST117205,matthew williamson,small business
11587,CUST117207,joshua tucker,consumer
11588,CUST117208,rhonda blevins,consumer
11589,CUST117209,pam hansen,corporate
11590,CUST117210,brianna thompson,consumer
11591,CUST117211,kimberly thornton,small business
11592,CUST117212,christine rich,corporate
11593,CUST117213,hayley powell,corporate
11594,CUST117214,john ruiz,consumer
11595,CUST117215,james rowe,corporate
11596,CUST117216,pamela griffin,consumer
11597,CUST117217,vanessa jackson,consumer
11598,CUST117218,mr. andrew johnston jr.,consumer
11599,CUST117219,darlene romero,consumer
11600,CUST117220,jacob garcia,corporate
11601,CUST117221,rhonda hancock,consumer
11602,CUST117225,julia mack,consumer
11603,CUST117228,angel mitchell,consumer
11604,CUST117229,mr. john davis jr.,consumer
11605,CUST117230,stephanie sheppard,small business
11606,CUST117233,john richardson,consumer
11607,CUST117234,michael pacheco,corporate
11608,CUST117235,erica whitehead,small business
11609,CUST117236,kenneth howard,consumer
11610,CUST117237,tonya campbell,small business
11611,CUST117238,stephanie richardson,corporate
11612,CUST117239,richard wright,small business
11613,CUST117240,vanessa reilly,consumer
11614,CUST117241,matthew avila,consumer
11615,CUST117242,eddie padilla,corporate
11616,CUST117243,shawn graham,consumer
11617,CUST117244,julie hernandez,consumer
11618,CUST117245,paul watson iii,small business
11619,CUST117247,robert jennings,small business
11620,CUST117249,jonathon carrillo,consumer
11621,CUST117250,matthew clark,corporate
11622,CUST117251,mark cowan,consumer
11623,CUST117252,kim yoder,consumer
11624,CUST117253,angelica smith,consumer
11625,CUST117254,daniel cole,consumer
11626,CUST117257,jasmin murphy,small business
11627,CUST117258,martha hill,consumer
11628,CUST117263,tommy baker,consumer
11629,CUST117264,holly silva,consumer
11630,CUST117265,dr. jeffrey mcmillan,consumer
11631,CUST117266,stephanie thompson,consumer
11632,CUST117267,danielle diaz,consumer
11633,CUST117268,douglas martinez,corporate
11634,CUST117269,kenneth garcia,consumer
11635,CUST117270,brittany walker,corporate
11636,CUST117271,jessica woodward,consumer
11637,CUST117272,vincent silva,consumer
11638,CUST117273,brian rose,consumer
11639,CUST117276,michael green,small business
11640,CUST117279,barbara lane,consumer
11641,CUST117280,daniel pace,consumer
11642,CUST117283,morgan parker,corporate
11643,CUST117284,carly dickson,small business
11644,CUST117285,nicholas matthews,consumer
11645,CUST117286,maria hall,corporate
11646,CUST117291,valerie sanders,consumer
11647,CUST117292,penny reynolds,corporate
11648,CUST117294,william mullins,corporate
11649,CUST117296,jasmine villarreal,corporate
11650,CUST117300,kristy johnson,consumer
11651,CUST117302,lindsey romero,consumer
11652,CUST117303,joseph price,consumer
11653,CUST117307,tina smith,consumer
11654,CUST117309,logan best,consumer
11655,CUST117310,nicole stone,corporate
11656,CUST117311,angel levy,consumer
11657,CUST117312,jerry hutchinson,consumer
11658,CUST117313,devin vaughan,corporate
11659,CUST117314,jesus jensen,consumer
11660,CUST117315,billy bryant,small business
11661,CUST117316,john pacheco,consumer
11662,CUST117317,patricia jordan,corporate
11663,CUST117318,paul bowman md,consumer
11664,CUST117319,michelle hopkins,corporate
11665,CUST117320,james trevino,consumer
11666,CUST117321,christian carr,consumer
11667,CUST117322,tammy shields,consumer
11668,CUST117323,amy rogers,small business
11669,CUST117324,chris sullivan,corporate
11670,CUST117326,emily lee,consumer
11671,CUST117329,kari robinson,consumer
11672,CUST117330,maria bush,consumer
11673,CUST117332,carlos boyer,consumer
11674,CUST117333,rebecca avila,small business
11675,CUST117334,christine carrillo,small business
11676,CUST117336,lauren ramsey,corporate
11677,CUST117338,jennifer martin,consumer
11678,CUST117341,sherry lucas,consumer
11679,CUST117342,maria smith,corporate
11680,CUST117344,joseph ray,corporate
11681,CUST117345,kimberly smith,small business
11682,CUST117346,david garcia,consumer
11683,CUST117348,alexander donovan,small business
11684,CUST117353,corey meyer,consumer
11685,CUST117354,denise campbell,corporate
11686,CUST117355,jonathan cox,consumer
11687,CUST117356,pam underwood,small business
11688,CUST117357,brenda mejia,small business
11689,CUST117360,lisa harris,small business
11690,CUST117361,brent rubio,consumer
11691,CUST117362,deanna brandt,consumer
11692,CUST117363,timothy mathis,consumer
11693,CUST117364,edward welch,consumer
11694,CUST117365,sarah hutchinson,corporate
11695,CUST117366,michelle woodard,consumer
11696,CUST117367,william marshall,small business
11697,CUST117368,mariah gomez,consumer
11698,CUST117369,johnny boone,corporate
11699,CUST117371,david carter,consumer
11700,CUST117372,edward bennett,consumer
11701,CUST117373,karl smith,consumer
11702,CUST117375,tamara cannon,consumer
11703,CUST117376,mary rivera,consumer
11704,CUST117378,wanda fox,corporate
11705,CUST117381,tony wise,consumer
11706,CUST117384,george carter,consumer
11707,CUST117386,gloria williams,consumer
11708,CUST117387,danielle bennett,consumer
11709,CUST117388,julian ruiz,consumer
11710,CUST117390,christopher walker,corporate
11711,CUST117391,christopher stewart,consumer
11712,CUST117392,larry porter,consumer
11713,CUST117393,jennifer rollins,consumer
11714,CUST117394,jacob bryant,corporate
11715,CUST117398,alex henson,consumer
11716,CUST117399,mark pope,corporate
11717,CUST117401,christopher tate,consumer
11718,CUST117402,lawrence schmidt,corporate
11719,CUST117404,shane reed,small business
11720,CUST117405,jake gallegos,corporate
11721,CUST117406,dr. kathy colon,consumer
11722,CUST117409,felicia shepherd,consumer
11723,CUST117410,mr. corey white,small business
11724,CUST117411,robert murray,small business
11725,CUST117412,nicholas morrison,consumer
11726,CUST117414,samantha hull,corporate
11727,CUST117415,sydney hamilton,consumer
11728,CUST117417,judith ramos,consumer
11729,CUST117418,michael snyder,corporate
11730,CUST117419,april benitez,consumer
11731,CUST117420,lindsey johnson,consumer
11732,CUST117421,deborah dean,consumer
11733,CUST117422,michele white,consumer
11734,CUST117424,laurie jackson,small business
11735,CUST117426,stephanie palmer,corporate
11736,CUST117428,jennifer nunez,consumer
11737,CUST117429,mark english,consumer
11738,CUST117433,raymond espinoza,corporate
11739,CUST117435,rebecca scott dvm,consumer
11740,CUST117436,theodore bennett,consumer
11741,CUST117437,heather thornton,consumer
11742,CUST117441,erin price,corporate
11743,CUST117442,taylor smith,corporate
11744,CUST117443,caitlin adams,consumer
11745,CUST117444,david bryant,small business
11746,CUST117445,michele brown,consumer
11747,CUST117446,jesse boyd,consumer
11748,CUST117449,sierra underwood,consumer
11749,CUST117451,david miller,small business
11750,CUST117453,kelly castillo,corporate
11751,CUST117456,susan spencer,consumer
11752,CUST117460,hannah smith,corporate
11753,CUST117462,kenneth johnson,small business
11754,CUST117464,andrea harris,corporate
11755,CUST117465,cesar miller,consumer
11756,CUST117466,dennis matthews,corporate
11757,CUST117468,steven miller,corporate
11758,CUST117469,mr. jim hickman,corporate
11759,CUST117470,linda kelly,consumer
11760,CUST117471,alyssa bishop,small business
11761,CUST117472,david vaughn,corporate
11762,CUST117473,justin collins,corporate
11763,CUST117474,marcus palmer,small business
11764,CUST117475,natasha diaz,small business
11765,CUST117476,isaiah jones,corporate
11766,CUST117477,wanda smith,small business
11767,CUST117478,mr. joshua harris,consumer
11768,CUST117480,stephanie contreras,small business
11769,CUST117481,danielle morris,consumer
11770,CUST117483,amanda adkins,consumer
11771,CUST117484,albert smith,consumer
11772,CUST117485,jessica jackson,corporate
11773,CUST117487,kevin gibson,consumer
11774,CUST117488,latasha lindsey,consumer
11775,CUST117489,tina bradley,consumer
11776,CUST117490,cheryl martin,corporate
11777,CUST117493,jeffrey morrison,consumer
11778,CUST117494,kimberly nolan,consumer
11779,CUST117495,larry torres,consumer
11780,CUST117496,nicholas lyons,consumer
11781,CUST117498,joshua ellis,consumer
11782,CUST117499,kyle bradley,small business
11783,CUST117501,samantha garcia,consumer
11784,CUST117502,troy smith,consumer
11785,CUST117504,joshua garcia,corporate
11786,CUST117506,denise white,consumer
11787,CUST117507,thomas ryan,small business
11788,CUST117508,christopher montgomery,consumer
11789,CUST117509,gregory macias,consumer
11790,CUST117511,debra dunn,consumer
11791,CUST117514,christine dunn,corporate
11792,CUST117517,daniel costa,consumer
11793,CUST117518,bobby webster,corporate
11794,CUST117519,frederick edwards,consumer
11795,CUST117520,ruben brooks,corporate
11796,CUST117521,stephanie burgess,corporate
11797,CUST117524,kelly jones,small business
11798,CUST117525,victoria lester,small business
11799,CUST117526,christopher caldwell,small business
11800,CUST117527,amy cordova,consumer
11801,CUST117529,kimberly sullivan,consumer
11802,CUST117530,rachel ryan,consumer
11803,CUST117531,vincent mata,corporate
11804,CUST117533,david leon,consumer
11805,CUST117535,lori burns,consumer
11806,CUST117536,cindy garcia,small business
11807,CUST117538,charles conrad,corporate
11808,CUST117539,laura jimenez,corporate
11809,CUST117541,phillip davis,consumer
11810,CUST117543,sharon cohen,corporate
11811,CUST117544,jeremy ray,small business
11812,CUST117545,cindy mcintosh,consumer
11813,CUST117546,amanda adams,small business
11814,CUST117547,jeffrey hawkins,consumer
11815,CUST117548,jeffrey arnold,consumer
11816,CUST117549,ryan hutchinson,consumer
11817,CUST117552,robert bartlett,corporate
11818,CUST117556,vanessa walker,consumer
11819,CUST117557,scott williams,consumer
11820,CUST117559,colleen jordan,corporate
11821,CUST117560,kristi morris,consumer
11822,CUST117561,brenda morris,consumer
11823,CUST117562,nathan bruce,consumer
11824,CUST117563,jordan coleman,consumer
11825,CUST117564,joseph hardin,consumer
11826,CUST117565,brooke olson,consumer
11827,CUST117566,lisa hebert,consumer
11828,CUST117567,vickie rodriguez,consumer
11829,CUST117568,angela powers,corporate
11830,CUST117569,sara hogan,consumer
11831,CUST117570,crystal green dvm,consumer
11832,CUST117571,william patel,small business
11833,CUST117572,cody chavez,consumer
11834,CUST117573,alexis wang,consumer
11835,CUST117576,rodney kelley,small business
11836,CUST117577,sherry cunningham,small business
11837,CUST117578,thomas reed,corporate
11838,CUST117579,alicia wolf,consumer
11839,CUST117580,lisa ramirez,corporate
11840,CUST117581,lori wyatt,consumer
11841,CUST117583,mr. maurice morris,consumer
11842,CUST117586,michael berry,consumer
11843,CUST117587,christina francis,corporate
11844,CUST117589,abigail williams,corporate
11845,CUST117590,isaac barron,consumer
11846,CUST117591,ann aguilar,consumer
11847,CUST117593,david murphy,consumer
11848,CUST117594,scott miller,corporate
11849,CUST117598,mary adams,corporate
11850,CUST117599,james wright,small business
11851,CUST117600,anthony brown,corporate
11852,CUST117601,denise valenzuela,corporate
11853,CUST117602,robert mayer,consumer
11854,CUST117603,adam tucker,consumer
11855,CUST117604,krystal stevens,small business
11856,CUST117605,matthew braun,consumer
11857,CUST117606,walter anthony,corporate
11858,CUST117609,alyssa bryant,corporate
11859,CUST117611,nancy robinson,corporate
11860,CUST117612,michael reed,consumer
11861,CUST117613,brandi howard,consumer
11862,CUST117615,jason beck,corporate
11863,CUST117617,heidi foster,consumer
11864,CUST117618,bryan owens,consumer
11865,CUST117620,megan thomas,corporate
11866,CUST117621,brenda young dvm,corporate
11867,CUST117622,karla anderson,consumer
11868,CUST117623,timothy garcia,corporate
11869,CUST117624,christopher lowe,consumer
11870,CUST117626,melanie shaffer,consumer
11871,CUST117627,tracy cochran,small business
11872,CUST117630,colton mathis,corporate
11873,CUST117631,thomas sanchez,consumer
11874,CUST117632,eric ray,consumer
11875,CUST117633,ann bishop,corporate
11876,CUST117635,michael rodgers,corporate
11877,CUST117637,amber larsen,small business
11878,CUST117638,valerie harmon,consumer
11879,CUST117639,john werner,consumer
11880,CUST117642,jennifer terry,consumer
11881,CUST117644,michael jackson,corporate
11882,CUST117645,crystal gregory,consumer
11883,CUST117646,timothy bennett,consumer
11884,CUST117648,jennifer travis,consumer
11885,CUST117650,taylor gomez dvm,small business
11886,CUST117652,jimmy lynn,small business
11887,CUST117653,paul carroll,consumer
11888,CUST117654,brooke baker,consumer
11889,CUST117655,joseph wagner,consumer
11890,CUST117656,andrew mckinney,consumer
11891,CUST117657,jacob floyd,consumer
11892,CUST117658,jorge houston,consumer
11893,CUST117660,james butler,consumer
11894,CUST117661,scott burgess,small business
11895,CUST117662,jacqueline joseph,corporate
11896,CUST117664,jeffrey henson,small business
11897,CUST117665,timothy walker,small business
11898,CUST117666,kelly smith,consumer
11899,CUST117667,michelle zhang,small business
11900,CUST117669,natalie coleman,corporate
11901,CUST117671,william smith,consumer
11902,CUST117672,hannah moore,consumer
11903,CUST117674,mikayla anderson,consumer
11904,CUST117675,james johnson,consumer
11905,CUST117676,samuel moore,corporate
11906,CUST117677,darren freeman,corporate
11907,CUST117678,matthew farmer,corporate
11908,CUST117679,charles cook,corporate
11909,CUST117680,john leon,small business
11910,CUST117684,juan adams,consumer
11911,CUST117685,laurie carson,consumer
11912,CUST117686,jared lamb,consumer
11913,CUST117690,austin melton,consumer
11914,CUST117691,cynthia dougherty,consumer
11915,CUST117692,alison johnston,consumer
11916,CUST117693,ariana ballard,consumer
11917,CUST117696,kelly knapp,consumer
11918,CUST117698,bethany macias,corporate
11919,CUST117699,christopher thornton,corporate
11920,CUST117700,tanya lowe,small business
11921,CUST117701,dr. felicia grimes,corporate
11922,CUST117702,lorraine johnson,consumer
11923,CUST117703,jocelyn watson,consumer
11924,CUST117705,edgar long,consumer
11925,CUST117706,maria snyder,corporate
11926,CUST117707,tammy whitaker,corporate
11927,CUST117708,john williams,consumer
11928,CUST117709,teresa johnson,consumer
11929,CUST117710,ronald mcclure,corporate
11930,CUST117713,shelby palmer,small business
11931,CUST117715,lisa turner,small business
11932,CUST117716,ashley irwin,consumer
11933,CUST117717,kevin graham,corporate
11934,CUST117720,phillip phillips,consumer
11935,CUST117722,angela davis,consumer
11936,CUST117723,joseph rivas,consumer
11937,CUST117725,donna smith,consumer
11938,CUST117730,michelle johnson,small business
11939,CUST117731,mark long,consumer
11940,CUST117733,cheryl alexander,consumer
11941,CUST117734,randall herrera,corporate
11942,CUST117735,kim boone,consumer
11943,CUST117738,andrew ayers,consumer
11944,CUST117740,derrick banks,consumer
11945,CUST117741,scott hale,corporate
11946,CUST117742,daniel pennington,consumer
11947,CUST117743,logan edwards,corporate
11948,CUST117745,michael salazar,consumer
11949,CUST117746,mrs. brenda james,corporate
11950,CUST117747,julie long,consumer
11951,CUST117748,christopher harris,consumer
11952,CUST117749,katie knox,consumer
11953,CUST117750,stacy clarke,small business
11954,CUST117751,jennifer goodwin,small business
11955,CUST117752,jade khan,consumer
11956,CUST117753,casey herrera,consumer
11957,CUST117754,shelia davis,consumer
11958,CUST117755,deborah fields,consumer
11959,CUST117760,gabriel graham,consumer
11960,CUST117761,holly diaz,corporate
11961,CUST117764,barbara morton,corporate
11962,CUST117765,mr. paul cooke iii,corporate
11963,CUST117767,dr. howard johnson,corporate
11964,CUST117769,tony morris,corporate
11965,CUST117770,ryan koch,consumer
11966,CUST117771,daniel alvarado,consumer
11967,CUST117772,alex jenkins,consumer
11968,CUST117773,james smith,small business
11969,CUST117774,brian daniels,corporate
11970,CUST117778,darin navarro,consumer
11971,CUST117779,kenneth miller,consumer
11972,CUST117780,jordan ross,consumer
11973,CUST117781,kelly armstrong,consumer
11974,CUST117783,steven montgomery,corporate
11975,CUST117784,kevin anderson,consumer
11976,CUST117786,justin solomon,consumer
11977,CUST117788,donald fitzgerald,consumer
11978,CUST117791,ryan barron,consumer
11979,CUST117794,brittany kemp,consumer
11980,CUST117795,jesse white,consumer
11981,CUST117798,kyle mcdonald,consumer
11982,CUST117800,kristen mcmahon,consumer
11983,CUST117801,maria haas,consumer
11984,CUST117802,harry boyd,consumer
11985,CUST117803,jeremy nguyen,corporate
11986,CUST117804,sherri williams,small business
11987,CUST117805,david henry,consumer
11988,CUST117806,anthony alexander,consumer
11989,CUST117807,claire fitzgerald,consumer
11990,CUST117808,patrick warren,small business
11991,CUST117809,kathleen miles,corporate
11992,CUST117810,phillip wilson,small business
11993,CUST117813,emma miranda,consumer
11994,CUST117814,manuel aguirre,consumer
11995,CUST117815,haley fernandez,small business
11996,CUST117817,jonathan conner,small business
11997,CUST117819,johnathan david,small business
11998,CUST117820,paul williams,consumer
11999,CUST117822,ashley goodwin,consumer
12000,CUST117823,david lynch,consumer
12001,CUST117824,nicole turner,consumer
12002,CUST117825,christine nash,corporate
12003,CUST117827,kimberly davis,consumer
12004,CUST117828,richard gordon,consumer
12005,CUST117830,lisa miller,consumer
12006,CUST117831,denise hays,small business
12007,CUST117832,theodore robertson,corporate
12008,CUST117833,samuel nixon,small business
12009,CUST117834,lisa lewis,corporate
12010,CUST117835,susan mckee,consumer
12011,CUST117836,steven lee,consumer
12012,CUST117837,richard collier,consumer
12013,CUST117838,sara taylor,consumer
12014,CUST117840,adam wong,consumer
12015,CUST117844,robert buck,corporate
12016,CUST117847,tiffany calderon,consumer
12017,CUST117848,jennifer moreno,corporate
12018,CUST117849,taylor barajas,consumer
12019,CUST117850,sarah james,consumer
12020,CUST117852,michael arnold,consumer
12021,CUST117853,aaron hurley,consumer
12022,CUST117854,marc dominguez,consumer
12023,CUST117855,anita jones,consumer
12024,CUST117857,mitchell wyatt,corporate
12025,CUST117859,jessica payne,consumer
12026,CUST117861,david allen,corporate
12027,CUST117862,stephanie hernandez,small business
12028,CUST117863,alejandro mays,consumer
12029,CUST117865,nathan nguyen,corporate
12030,CUST117866,judith mills,consumer
12031,CUST117867,matthew mcdaniel,corporate
12032,CUST117870,barbara spencer,corporate
12033,CUST117871,carrie smith,consumer
12034,CUST117873,nathan luna,small business
12035,CUST117874,susan koch,consumer
12036,CUST117875,amber baker,small business
12037,CUST117877,shelly hutchinson,consumer
12038,CUST117878,tim allen,consumer
12039,CUST117881,angela jimenez,corporate
12040,CUST117882,rebekah tate,corporate
12041,CUST117883,charles johnson,consumer
12042,CUST117884,robert robinson,corporate
12043,CUST117886,kathryn ferguson,small business
12044,CUST117889,john day,corporate
12045,CUST117890,victor gonzalez,consumer
12046,CUST117891,kimberly hill dds,consumer
12047,CUST117892,kristen stewart,consumer
12048,CUST117893,shannon walters,small business
12049,CUST117895,chris white,consumer
12050,CUST117896,robin steele,corporate
12051,CUST117897,jamie ramos,consumer
12052,CUST117898,albert gibson,consumer
12053,CUST117900,amanda martinez,corporate
12054,CUST117901,amanda hansen,corporate
12055,CUST117902,valerie smith,consumer
12056,CUST117903,robert morrison,small business
12057,CUST117904,daniel benitez,consumer
12058,CUST117906,robert mcconnell,consumer
12059,CUST117907,stephen owen,consumer
12060,CUST117908,cindy holt,consumer
12061,CUST117909,joshua bailey,small business
12062,CUST117911,deborah mahoney,corporate
12063,CUST117912,james pearson,small business
12064,CUST117916,emily green,small business
12065,CUST117918,cassandra hays,consumer
12066,CUST117920,lisa wade,small business
12067,CUST117921,bruce clark,consumer
12068,CUST117922,edgar davis,consumer
12069,CUST117924,cindy sheppard,consumer
12070,CUST117925,lisa peterson,corporate
12071,CUST117926,tyler garrett,consumer
12072,CUST117927,vernon gray,consumer
12073,CUST117928,amber graham,small business
12074,CUST117930,kurt bright,consumer
12075,CUST117931,alisha sanchez,consumer
12076,CUST117932,keith butler,consumer
12077,CUST117933,april scott,consumer
12078,CUST117934,michael wright,consumer
12079,CUST117935,christopher knapp,consumer
12080,CUST117936,bruce perez,consumer
12081,CUST117937,samantha davis,consumer
12082,CUST117938,joseph matthews,corporate
12083,CUST117939,deanna johnson,corporate
12084,CUST117940,jeffery williams,small business
12085,CUST117941,nicholas ali,consumer
12086,CUST117943,mrs. pamela moody,consumer
12087,CUST117946,gregory vincent,corporate
12088,CUST117947,jill wright,consumer
12089,CUST117948,colleen briggs,consumer
12090,CUST117949,nathan day,consumer
12091,CUST117950,gregory kelly phd,consumer
12092,CUST117951,james scott,corporate
12093,CUST117952,kelly riddle dds,consumer
12094,CUST117953,joseph rodriguez,small business
12095,CUST117956,ronnie mendoza,consumer
12096,CUST117957,andrew hunt,consumer
12097,CUST117958,michael garrett,corporate
12098,CUST117959,kaitlyn lambert,small business
12099,CUST117961,philip burton,consumer
12100,CUST117962,greg small,small business
12101,CUST117963,julia clark,consumer
12102,CUST117964,james barton,corporate
12103,CUST117965,dr. mark hernandez ii,consumer
12104,CUST117966,christopher lopez,small business
12105,CUST117968,timothy smith,consumer
12106,CUST117969,john green,consumer
12107,CUST117970,andrea lewis,corporate
12108,CUST117972,sharon hinton,consumer
12109,CUST117974,james russell,consumer
12110,CUST117975,ryan warren,consumer
12111,CUST117976,taylor williams,small business
12112,CUST117977,brandon oneill,consumer
12113,CUST117978,jeffrey barnett,consumer
12114,CUST117980,matthew stone,corporate
12115,CUST117981,mr. mark stein,small business
12116,CUST117983,kenneth small,consumer
12117,CUST117984,cynthia macias,small business
12118,CUST117985,cheyenne hall,small business
12119,CUST117986,jason davis,corporate
12120,CUST117988,brian burke,consumer
12121,CUST117989,mark lee,consumer
12122,CUST117991,christopher marsh,consumer
12123,CUST117992,diane jones,corporate
12124,CUST117995,christopher scott,corporate
12125,CUST117997,julie keller,consumer
12126,CUST117998,katelyn lopez,consumer
12127,CUST117999,kevin melton phd,small business
12128,CUST118002,michael sanchez,consumer
12129,CUST118003,terry jones,consumer
12130,CUST118004,mary wilson,consumer
12131,CUST118005,patrick morris,consumer
12132,CUST118006,christine castro,consumer
12133,CUST118007,hannah allen,corporate
12134,CUST118008,mr. michael robbins,consumer
12135,CUST118010,ryan brady,consumer
12136,CUST118011,anthony wade,consumer
12137,CUST118012,wendy meyers,small business
12138,CUST118013,craig martin,corporate
12139,CUST118015,mr. christopher johnson,small business
12140,CUST118016,jackson hudson,consumer
12141,CUST118017,felicia allison,corporate
12142,CUST118018,david baker,consumer
12143,CUST118019,gregory schultz,consumer
12144,CUST118020,michael nelson,consumer
12145,CUST118021,matthew davis,consumer
12146,CUST118023,howard wu,small business
12147,CUST118024,mr. devon miller dds,consumer
12148,CUST118026,cheryl valentine,consumer
12149,CUST118027,tracey cox,consumer
12150,CUST118028,cynthia smith,small business
12151,CUST118030,debbie hunter,consumer
12152,CUST118031,marie johnson,consumer
12153,CUST118032,julie cooper,small business
12154,CUST118034,shannon butler,corporate
12155,CUST118036,danielle weiss,consumer
12156,CUST118037,david gomez,consumer
12157,CUST118039,shawn williams,consumer
12158,CUST118042,george shepard,consumer
12159,CUST118043,sean lawrence md,consumer
12160,CUST118045,joe walker,consumer
12161,CUST118048,cody wallace,consumer
12162,CUST118049,raymond holloway,small business
12163,CUST118050,allison romero,consumer
12164,CUST118051,roger patterson,corporate
12165,CUST118052,ronald jackson,consumer
12166,CUST118053,nathan perry,consumer
12167,CUST118059,toni rogers,corporate
12168,CUST118060,steven gonzalez,consumer
12169,CUST118061,nicole mendoza,consumer
12170,CUST118062,richard ball,corporate
12171,CUST118063,jason sanchez,corporate
12172,CUST118064,george ritter,consumer
12173,CUST118065,danielle hart,corporate
12174,CUST118067,anthony taylor,consumer
12175,CUST118069,jenna dunn,corporate
12176,CUST118070,brandon le,consumer
12177,CUST118071,blake greene,consumer
12178,CUST118072,melissa kelley,consumer
12179,CUST118073,alison griffin,consumer
12180,CUST118075,angela rose,consumer
12181,CUST118077,tina johnson,consumer
12182,CUST118078,kelly tran,consumer
12183,CUST118079,martin gross,small business
12184,CUST118080,brandon brown,consumer
12185,CUST118082,stanley anderson,corporate
12186,CUST118084,matthew guzman,corporate
12187,CUST118085,randall davis,corporate
12188,CUST118088,sharon hernandez,consumer
12189,CUST118089,mary dominguez,corporate
12190,CUST118091,amanda green,corporate
12191,CUST118092,mrs. cheryl douglas,consumer
12192,CUST118093,jesus gutierrez,consumer
12193,CUST118094,victoria torres,corporate
12194,CUST118095,justin simmons,consumer
12195,CUST118096,vanessa mcclain,consumer
12196,CUST118097,aaron george,corporate
12197,CUST118098,dr. amy cooper md,consumer
12198,CUST118099,eugene bowen,consumer
12199,CUST118102,jordan griffin,corporate
12200,CUST118103,carrie clay,small business
12201,CUST118104,kevin ayers,consumer
12202,CUST118105,lisa williams,consumer
12203,CUST118106,thomas reyes,consumer
12204,CUST118107,jesse kirby,consumer
12205,CUST118109,francisco stein,consumer
12206,CUST118110,scott bradshaw,consumer
12207,CUST118112,joshua scott,consumer
12208,CUST118113,joseph ward,consumer
12209,CUST118114,nathan haas,consumer
12210,CUST118116,joseph potter,small business
12211,CUST118119,laura thompson,consumer
12212,CUST118122,christopher ortiz,consumer
12213,CUST118123,keith atkinson,small business
12214,CUST118124,brianna long,consumer
12215,CUST118125,john murphy,small business
12216,CUST118126,cassandra ramos,consumer
12217,CUST118127,john medina,corporate
12218,CUST118130,jessica james,consumer
12219,CUST118131,stephanie jones,corporate
12220,CUST118136,steven martin,consumer
12221,CUST118139,angel doyle,consumer
12222,CUST118140,amy turner,corporate
12223,CUST118142,valerie morris,corporate
12224,CUST118143,jacob maynard,consumer
12225,CUST118145,april mitchell,consumer
12226,CUST118146,beverly williams,consumer
12227,CUST118147,amanda cox,consumer
12228,CUST118148,lauren bell,consumer
12229,CUST118149,karen flores,corporate
12230,CUST118151,daniel thompson,consumer
12231,CUST118153,john sullivan,consumer
12232,CUST118154,maria gardner,corporate
12233,CUST118157,dawn allen,consumer
12234,CUST118158,carmen villegas,consumer
12235,CUST118159,brandy jenkins,corporate
12236,CUST118160,mary terry,corporate
12237,CUST118161,cory willis,consumer
12238,CUST118162,crystal mccoy,consumer
12239,CUST118163,jerome stevenson,consumer
12240,CUST118164,kristin knight,corporate
12241,CUST118165,daniel wilson,corporate
12242,CUST118166,haley bryant,small business
12243,CUST118167,debbie francis,consumer
12244,CUST118168,sonya bond,consumer
12245,CUST118170,sherry robbins,consumer
12246,CUST118171,nicholas cline,corporate
12247,CUST118173,nicole callahan,consumer
12248,CUST118174,eddie burns,consumer
12249,CUST118176,jill murillo,consumer
12250,CUST118177,evelyn jensen,consumer
12251,CUST118179,robert mckinney,consumer
12252,CUST118182,darrell drake,corporate
12253,CUST118183,megan alvarado,consumer
12254,CUST118184,beverly fernandez,consumer
12255,CUST118185,crystal smith,consumer
12256,CUST118186,daniel alvarado,consumer
12257,CUST118188,john henderson md,consumer
12258,CUST118189,nicholas rice,consumer
12259,CUST118190,troy nunez,small business
12260,CUST118193,kimberly hill,small business
12261,CUST118195,kirsten lewis,corporate
12262,CUST118196,adam white,consumer
12263,CUST118199,david guerrero,corporate
12264,CUST118200,tyler miller,small business
12265,CUST118201,benjamin leonard,corporate
12266,CUST118202,keith hernandez,corporate
12267,CUST118203,brian johnson,corporate
12268,CUST118204,stephanie lane,consumer
12269,CUST118205,denise hurst,consumer
12270,CUST118207,connor james,consumer
12271,CUST118208,andrew houston,small business
12272,CUST118209,thomas avila,corporate
12273,CUST118210,michael cox,consumer
12274,CUST118211,erin robinson,corporate
12275,CUST118213,victoria roach,corporate
12276,CUST118214,cheryl dominguez,consumer
12277,CUST118215,phillip mclean,consumer
12278,CUST118217,mark cox,consumer
12279,CUST118219,louis snyder,consumer
12280,CUST118221,ms. mackenzie villarreal,corporate
12281,CUST118222,leslie martin,corporate
12282,CUST118223,angela rodriguez,consumer
12283,CUST118224,thomas dickerson,consumer
12284,CUST118229,jose stephens,consumer
12285,CUST118230,melanie barrera,consumer
12286,CUST118231,amanda rodriguez,small business
12287,CUST118232,steven gonzales,consumer
12288,CUST118235,amber woods,consumer
12289,CUST118236,kelsey wilson,small business
12290,CUST118237,bryan conley,consumer
12291,CUST118239,joseph patterson,consumer
12292,CUST118241,catherine krueger,corporate
12293,CUST118242,pamela ortiz,corporate
12294,CUST118243,john pearson,consumer
12295,CUST118245,matthew clark,consumer
12296,CUST118246,karen li,consumer
12297,CUST118247,michael key,consumer
12298,CUST118251,kevin sawyer,consumer
12299,CUST118252,laura smith,consumer
12300,CUST118253,michael williams,consumer
12301,CUST118254,jonathan figueroa,corporate
12302,CUST118255,sierra weiss,consumer
12303,CUST118256,sabrina hansen,consumer
12304,CUST118259,nathan brennan,small business
12305,CUST118260,michelle ruiz,consumer
12306,CUST118261,colton roberts,small business
12307,CUST118263,dr. dwayne schneider md,corporate
12308,CUST118265,colleen wright,consumer
12309,CUST118266,kevin maynard,consumer
12310,CUST118267,jose rios,small business
12311,CUST118268,ashley swanson,consumer
12312,CUST118269,jonathan hendrix,consumer
12313,CUST118271,jonathan hamilton,consumer
12314,CUST118272,kristi hunt,corporate
12315,CUST118273,dawn rich,corporate
12316,CUST118274,connie johnson,consumer
12317,CUST118275,lisa rich,consumer
12318,CUST118278,john smith,consumer
12319,CUST118279,richard harper,small business
12320,CUST118280,jeffrey ellis,consumer
12321,CUST118281,jason ellis,corporate
12322,CUST118282,shelby beltran,consumer
12323,CUST118283,nicholas murray,consumer
12324,CUST118284,michelle anderson,consumer
12325,CUST118285,michael cabrera,consumer
12326,CUST118286,joy jones md,small business
12327,CUST118287,anthony carr,corporate
12328,CUST118289,richard white,small business
12329,CUST118290,haley ruiz,small business
12330,CUST118291,daniel livingston,consumer
12331,CUST118292,spencer koch,corporate
12332,CUST118293,alexander moss,small business
12333,CUST118294,dr. brian dunn,consumer
12334,CUST118295,barbara reese,consumer
12335,CUST118296,stephanie burns,consumer
12336,CUST118297,robert williams,corporate
12337,CUST118298,kathleen campbell,consumer
12338,CUST118299,vicki wilson,consumer
12339,CUST118300,michael ware,consumer
12340,CUST118302,victoria estes,corporate
12341,CUST118304,joshua hernandez,consumer
12342,CUST118306,michael carpenter,corporate
12343,CUST118308,jake tanner,consumer
12344,CUST118309,brian brown,consumer
12345,CUST118311,corey kirk,consumer
12346,CUST118313,jerry mejia,small business
12347,CUST118314,larry hart,small business
12348,CUST118315,dr. travis butler,consumer
12349,CUST118316,alan mckee,corporate
12350,CUST118317,seth johnson,consumer
12351,CUST118319,carolyn goodwin,consumer
12352,CUST118320,tanya francis,consumer
12353,CUST118322,mario jacobs,consumer
12354,CUST118323,emily ramsey,consumer
12355,CUST118327,jimmy olson,consumer
12356,CUST118328,heather gallegos,consumer
12357,CUST118329,trevor lawson,consumer
12358,CUST118330,jeremiah reese,corporate
12359,CUST118331,suzanne stephens,small business
12360,CUST118333,karen schultz,corporate
12361,CUST118335,christopher cabrera,consumer
12362,CUST118336,jonathan leonard,consumer
12363,CUST118337,joshua norman,small business
12364,CUST118339,holly mendez,consumer
12365,CUST118341,kimberly gomez,consumer
12366,CUST118342,tina valdez,small business
12367,CUST118343,veronica riley,consumer
12368,CUST118344,timothy davis,consumer
12369,CUST118346,kimberly bernard,consumer
12370,CUST118349,michelle white,consumer
12371,CUST118350,eric miller,consumer
12372,CUST118351,larry spencer,consumer
12373,CUST118353,jordan williams,consumer
12374,CUST118355,patricia watson,consumer
12375,CUST118356,jennifer johnson md,consumer
12376,CUST118357,janet jones,small business
12377,CUST118358,megan rice,consumer
12378,CUST118359,brian faulkner,corporate
12379,CUST118360,walter stokes,corporate
12380,CUST118361,joseph johnson,small business
12381,CUST118362,kenneth hurley,corporate
12382,CUST118363,amber khan,consumer
12383,CUST118364,logan thomas,corporate
12384,CUST118366,ann roberts,consumer
12385,CUST118370,christopher carter,consumer
12386,CUST118371,adrian peterson,corporate
12387,CUST118372,william bradshaw,consumer
12388,CUST118373,robert carroll,consumer
12389,CUST118374,jennifer wall,consumer
12390,CUST118375,james edwards,consumer
12391,CUST118376,nancy liu,small business
12392,CUST118377,mike carter,consumer
12393,CUST118380,jimmy lee,consumer
12394,CUST118381,amber blackwell,consumer
12395,CUST118382,mr. jordan pena,consumer
12396,CUST118384,james frye,corporate
12397,CUST118385,angelica griffin,corporate
12398,CUST118387,ashley brown,consumer
12399,CUST118388,cynthia perkins,consumer
12400,CUST118389,christopher schaefer,consumer
12401,CUST118390,mr. david white,consumer
12402,CUST118391,david montgomery,corporate
12403,CUST118392,johnny atkins,consumer
12404,CUST118393,karen rowland,small business
12405,CUST118394,terrence watkins,corporate
12406,CUST118395,bruce lopez,small business
12407,CUST118396,tracy lopez,consumer
12408,CUST118397,zachary mitchell,consumer
12409,CUST118398,joel ruiz,corporate
12410,CUST118399,melissa hutchinson,consumer
12411,CUST118400,gregory flores,small business
12412,CUST118402,maria morris,consumer
12413,CUST118404,benjamin hill,consumer
12414,CUST118405,steven arnold,corporate
12415,CUST118407,samantha gray,consumer
12416,CUST118409,jacqueline moss,consumer
12417,CUST118414,james green,corporate
12418,CUST118415,jason chandler,consumer
12419,CUST118416,steven long,consumer
12420,CUST118418,gabrielle clements,consumer
12421,CUST118419,jeremy moore,corporate
12422,CUST118420,melinda walker,small business
12423,CUST118421,nancy kelly,consumer
12424,CUST118423,brittany shaffer,consumer
12425,CUST118424,mrs. jennifer moore,corporate
12426,CUST118427,melissa cooper,corporate
12427,CUST118428,misty dunn,corporate
12428,CUST118429,suzanne rodriguez,small business
12429,CUST118430,michele white,consumer
12430,CUST118431,matthew gomez,consumer
12431,CUST118432,mrs. roberta taylor,small business
12432,CUST118434,bill daniels,corporate
12433,CUST118438,courtney diaz,consumer
12434,CUST118439,brian johnson,corporate
12435,CUST118440,michael wells,corporate
12436,CUST118441,james johnson,consumer
12437,CUST118442,mark carroll,small business
12438,CUST118443,john gray,consumer
12439,CUST118445,michelle kramer,corporate
12440,CUST118446,tina blake,consumer
12441,CUST118447,jeremy moran,consumer
12442,CUST118448,jay rowe,corporate
12443,CUST118449,jason stevens,consumer
12444,CUST118450,aaron fuller,corporate
12445,CUST118451,jason christensen,corporate
12446,CUST118452,jennifer adams,consumer
12447,CUST118454,mary harrison,small business
12448,CUST118455,joseph stevens,consumer
12449,CUST118456,bruce collier,small business
12450,CUST118457,anthony thomas,consumer
12451,CUST118458,thomas hawkins,consumer
12452,CUST118459,stephanie torres,small business
12453,CUST118461,jeffrey spears,corporate
12454,CUST118462,robert roberts,corporate
12455,CUST118463,craig cohen,small business
12456,CUST118465,paul perez,consumer
12457,CUST118466,timothy russell,consumer
12458,CUST118467,dr. bruce hamilton,small business
12459,CUST118469,hannah hamilton,consumer
12460,CUST118470,brittany brock,consumer
12461,CUST118471,scott fletcher md,small business
12462,CUST118472,larry travis,small business
12463,CUST118473,david vasquez,consumer
12464,CUST118474,jack hoffman,corporate
12465,CUST118476,kimberly carter,corporate
12466,CUST118477,jessica mitchell,consumer
12467,CUST118478,miguel ellison,consumer
12468,CUST118479,michael moss,consumer
12469,CUST118480,tracey padilla,small business
12470,CUST118482,benjamin gordon,consumer
12471,CUST118483,dennis maxwell,consumer
12472,CUST118486,jessica olson,consumer
12473,CUST118489,phillip brown,consumer
12474,CUST118490,cassie gibson,corporate
12475,CUST118491,peter daniel,small business
12476,CUST118493,stephanie lee,corporate
12477,CUST118494,jason orozco,consumer
12478,CUST118495,kathryn nguyen,consumer
12479,CUST118496,trevor lutz,consumer
12480,CUST118499,brian nguyen,consumer
12481,CUST118500,jamie ramirez,corporate
12482,CUST118502,daniel miller,consumer
12483,CUST118504,nancy tate,small business
12484,CUST118505,olivia jones,consumer
12485,CUST118506,jason townsend,consumer
12486,CUST118511,lauren jacobs,corporate
12487,CUST118513,carl dixon,small business
12488,CUST118514,jocelyn kelly,corporate
12489,CUST118515,mary taylor,corporate
12490,CUST118517,brent newton,consumer
12491,CUST118519,dwayne porter,corporate
12492,CUST118520,miss julie miles,consumer
12493,CUST118521,isabella johnson,corporate
12494,CUST118522,paula burnett,consumer
12495,CUST118525,timothy martin,consumer
12496,CUST118526,michael gutierrez,consumer
12497,CUST118527,kelly bullock,corporate
12498,CUST118528,dean little,corporate
12499,CUST118529,daniel griffith,corporate
12500,CUST118532,benjamin casey,consumer
12501,CUST118536,alexis flynn,consumer
12502,CUST118537,timothy stewart,consumer
12503,CUST118538,stacey gonzalez,consumer
12504,CUST118539,stefanie smith,consumer
12505,CUST118541,sue galvan,consumer
12506,CUST118543,elizabeth walker,consumer
12507,CUST118544,tammy higgins,corporate
12508,CUST118545,stephen hale,consumer
12509,CUST118546,jason hernandez,consumer
12510,CUST118548,samuel cortez,consumer
12511,CUST118550,lindsey cox,corporate
12512,CUST118551,vanessa brown,consumer
12513,CUST118552,ashley hale,consumer
12514,CUST118553,tiffany perez,small business
12515,CUST118554,taylor wright,small business
12516,CUST118555,michael jenkins,corporate
12517,CUST118558,allison townsend,small business
12518,CUST118560,zachary mckinney,consumer
12519,CUST118563,vanessa alexander,consumer
12520,CUST118564,andrea ortega,consumer
12521,CUST118566,ashley mckinney,consumer
12522,CUST118567,heather patel,consumer
12523,CUST118568,ivan harper,consumer
12524,CUST118569,lauren chambers,corporate
12525,CUST118572,victoria jennings,consumer
12526,CUST118574,alexandria harper,consumer
12527,CUST118577,james thomas,corporate
12528,CUST118579,marcus lara,small business
12529,CUST118581,dale kim,consumer
12530,CUST118582,elizabeth wall,small business
12531,CUST118587,holly joseph,corporate
12532,CUST118588,lucas jones,consumer
12533,CUST118589,ashley frederick,corporate
12534,CUST118590,daniel buckley,consumer
12535,CUST118591,crystal smith,consumer
12536,CUST118592,courtney munoz,small business
12537,CUST118593,ellen barrett,consumer
12538,CUST118594,jennifer callahan,corporate
12539,CUST118595,carrie sims,consumer
12540,CUST118596,sean hansen,consumer
12541,CUST118597,joseph phillips,corporate
12542,CUST118601,jeremy mora,consumer
12543,CUST118603,dr. andrew hurley,small business
12544,CUST118604,george nelson,small business
12545,CUST118605,charlotte bass,consumer
12546,CUST118606,patrick williams,corporate
12547,CUST118608,stephanie wright,consumer
12548,CUST118610,bobby griffith dds,small business
12549,CUST118611,dr. sarah cannon,consumer
12550,CUST118612,amanda bean,consumer
12551,CUST118613,jason ramos,consumer
12552,CUST118615,judy flores,consumer
12553,CUST118616,joyce miller,corporate
12554,CUST118617,thomas york,consumer
12555,CUST118618,veronica young,corporate
12556,CUST118619,patricia bell,corporate
12557,CUST118622,joshua jones,small business
12558,CUST118624,nicole vaughn,corporate
12559,CUST118625,gregory clay,corporate
12560,CUST118626,stephen franklin,corporate
12561,CUST118629,michael willis,corporate
12562,CUST118630,heather thomas,consumer
12563,CUST118632,kenneth shah,consumer
12564,CUST118634,linda patton,consumer
12565,CUST118635,tammy roman,consumer
12566,CUST118636,sandra vasquez,corporate
12567,CUST118637,william cervantes,consumer
12568,CUST118638,anthony garcia,corporate
12569,CUST118639,michael mcmillan,consumer
12570,CUST118641,jeffrey grant,consumer
12571,CUST118642,kevin johnson,small business
12572,CUST118643,matthew stewart,corporate
12573,CUST118644,william wagner,corporate
12574,CUST118646,paul rodriguez,small business
12575,CUST118649,tricia smith,small business
12576,CUST118650,meghan english,corporate
12577,CUST118651,christine leon,consumer
12578,CUST118652,nicholas decker,corporate
12579,CUST118653,nathaniel perez,consumer
12580,CUST118654,robert castillo,corporate
12581,CUST118655,jason brown,consumer
12582,CUST118656,jacob lambert,corporate
12583,CUST118657,john patton,consumer
12584,CUST118658,melissa zimmerman,consumer
12585,CUST118659,megan heath,consumer
12586,CUST118660,nathan smith,consumer
12587,CUST118662,kevin ayala,small business
12588,CUST118663,robert patrick,corporate
12589,CUST118664,mark johnson,small business
12590,CUST118665,shawna burch,consumer
12591,CUST118666,john olson,consumer
12592,CUST118669,ashlee humphrey,consumer
12593,CUST118671,jacqueline thompson,consumer
12594,CUST118674,todd brown,corporate
12595,CUST118675,sarah allen,small business
12596,CUST118676,tammy morgan,small business
12597,CUST118677,taylor smith,small business
12598,CUST118679,christopher bennett,corporate
12599,CUST118681,john lee,consumer
12600,CUST118683,daryl powers,small business
12601,CUST118684,benjamin hansen dds,small business
12602,CUST118686,david ford,small business
12603,CUST118689,stephen kramer,corporate
12604,CUST118690,mr. ronald mayo,consumer
12605,CUST118692,james johnson,consumer
12606,CUST118696,colton hunter,consumer
12607,CUST118697,jacqueline nielsen,consumer
12608,CUST118698,albert bass,consumer
12609,CUST118699,evan rodriguez,corporate
12610,CUST118700,martin adams,consumer
12611,CUST118701,sabrina johnson,consumer
12612,CUST118702,lisa grant,consumer
12613,CUST118703,gregory mills,small business
12614,CUST118704,daniel williams,consumer
12615,CUST118705,katie king,consumer
12616,CUST118706,andrew sanchez,small business
12617,CUST118707,justin parsons,small business
12618,CUST118709,kristin mcdonald,consumer
12619,CUST118710,wanda taylor,consumer
12620,CUST118712,mark green,consumer
12621,CUST118713,melissa tucker,small business
12622,CUST118716,dr. emma kim,corporate
12623,CUST118717,jacob shaw,consumer
12624,CUST118718,mr. marcus garrett,corporate
12625,CUST118719,benjamin price,consumer
12626,CUST118722,hunter mann,consumer
12627,CUST118725,jordan serrano,consumer
12628,CUST118726,dawn davila,consumer
12629,CUST118727,michael newton,consumer
12630,CUST118730,alisha phillips,corporate
12631,CUST118732,kurt williamson,corporate
12632,CUST118734,george beck,consumer
12633,CUST118735,brian murphy,corporate
12634,CUST118737,samantha nguyen,consumer
12635,CUST118740,crystal shaw,small business
12636,CUST118741,julia allen,consumer
12637,CUST118742,christopher thompson,consumer
12638,CUST118744,lisa rivera,consumer
12639,CUST118745,brent ortiz,corporate
12640,CUST118746,lindsay tate,consumer
12641,CUST118747,joshua reed,consumer
12642,CUST118748,andrea wilson,consumer
12643,CUST118749,richard little,consumer
12644,CUST118750,daniel mcfarland,consumer
12645,CUST118752,benjamin edwards,small business
12646,CUST118754,veronica avila,consumer
12647,CUST118755,michael dickerson,consumer
12648,CUST118756,alexander wright,small business
12649,CUST118759,amanda gardner,consumer
12650,CUST118760,christopher schultz,consumer
12651,CUST118761,morgan simpson,corporate
12652,CUST118762,deanna jones,corporate
12653,CUST118763,cynthia smith,consumer
12654,CUST118764,dominique bailey,consumer
12655,CUST118767,rachel stout,corporate
12656,CUST118768,thomas miller,consumer
12657,CUST118769,christopher hernandez,consumer
12658,CUST118770,jacqueline green,consumer
12659,CUST118771,brandy norton,consumer
12660,CUST118774,donald hill,small business
12661,CUST118775,dr. abigail burton,consumer
12662,CUST118776,david blankenship,corporate
12663,CUST118777,kevin anderson,consumer
12664,CUST118778,patricia lopez,small business
12665,CUST118779,amanda shepard,small business
12666,CUST118780,thomas hicks,consumer
12667,CUST118781,amber hernandez,corporate
12668,CUST118782,john arroyo dds,consumer
12669,CUST118784,crystal salazar,consumer
12670,CUST118785,lisa robles,corporate
12671,CUST118786,eric murray,consumer
12672,CUST118788,roger cabrera,consumer
12673,CUST118790,sarah walker,consumer
12674,CUST118791,jeffrey green,consumer
12675,CUST118794,michelle jackson,consumer
12676,CUST118795,regina beasley,consumer
12677,CUST118796,eric dawson,consumer
12678,CUST118799,margaret rubio,corporate
12679,CUST118801,michelle norris,consumer
12680,CUST118802,joseph walker,consumer
12681,CUST118803,robert frank,consumer
12682,CUST118804,chloe hodges,small business
12683,CUST118805,samantha west,corporate
12684,CUST118806,sean johnson,corporate
12685,CUST118808,alexandria gross,consumer
12686,CUST118810,lisa hansen,consumer
12687,CUST118811,andrew morgan,corporate
12688,CUST118812,lance williams,corporate
12689,CUST118813,ashley thomas,corporate
12690,CUST118814,danielle wheeler,consumer
12691,CUST118815,thomas stark,consumer
12692,CUST118816,sheri mccoy,consumer
12693,CUST118818,john elliott,consumer
12694,CUST118819,tiffany glover,small business
12695,CUST118820,valerie acosta,corporate
12696,CUST118821,kimberly johnson,consumer
12697,CUST118823,john cruz,consumer
12698,CUST118824,douglas west,consumer
12699,CUST118825,george ellis,small business
12700,CUST118828,dawn frazier,corporate
12701,CUST118829,rebecca ellis,consumer
12702,CUST118830,julie miller,consumer
12703,CUST118831,jennifer long,consumer
12704,CUST118832,jill hebert,corporate
12705,CUST118833,michael nelson,corporate
12706,CUST118834,edward wright,consumer
12707,CUST118835,jennifer day,small business
12708,CUST118838,mary gonzalez,consumer
12709,CUST118841,amanda skinner,corporate
12710,CUST118843,allen vargas,consumer
12711,CUST118844,brianna ortiz,consumer
12712,CUST118846,heather brewer,consumer
12713,CUST118847,craig jones,consumer
12714,CUST118848,travis jimenez,consumer
12715,CUST118849,laura west,consumer
12716,CUST118851,amanda espinoza,consumer
12717,CUST118852,brenda wagner,consumer
12718,CUST118854,tonya taylor,consumer
12719,CUST118857,morgan hammond dds,consumer
12720,CUST118859,jeffrey boyd,consumer
12721,CUST118860,dylan callahan,corporate
12722,CUST118863,dustin cannon,consumer
12723,CUST118864,adam walters,consumer
12724,CUST118865,sharon hancock,consumer
12725,CUST118866,michael kelly,consumer
12726,CUST118867,mark fitzgerald,consumer
12727,CUST118868,denise fernandez,consumer
12728,CUST118869,donna potter,corporate
12729,CUST118870,kimberly cruz,consumer
12730,CUST118871,leslie rivera,corporate
12731,CUST118873,chelsey mcintyre,corporate
12732,CUST118874,david osborn,consumer
12733,CUST118875,kelly dawson,corporate
12734,CUST118876,caroline coleman,consumer
12735,CUST118877,anna hoffman,consumer
12736,CUST118879,daniel sosa,consumer
12737,CUST118880,dr. kristen anderson,small business
12738,CUST118881,robert martin,consumer
12739,CUST118882,robert vasquez,corporate
12740,CUST118883,april mcpherson,consumer
12741,CUST118884,richard hall,consumer
12742,CUST118887,rachel williams,corporate
12743,CUST118889,dale morgan,consumer
12744,CUST118890,julie melendez,corporate
12745,CUST118891,donna vasquez,consumer
12746,CUST118892,kevin phillips,small business
12747,CUST118893,james golden,consumer
12748,CUST118894,bryan lewis,consumer
12749,CUST118895,dr. johnny johnson,consumer
12750,CUST118896,paul wells,corporate
12751,CUST118898,ashley quinn md,consumer
12752,CUST118901,erika smith,consumer
12753,CUST118903,maria hall,consumer
12754,CUST118904,adam castillo,corporate
12755,CUST118905,scott mcdaniel,consumer
12756,CUST118906,thomas chambers,consumer
12757,CUST118907,michael foley,consumer
12758,CUST118908,travis wolfe,small business
12759,CUST118909,mike gutierrez,small business
12760,CUST118910,phyllis molina,corporate
12761,CUST118912,nicole dean,corporate
12762,CUST118913,miguel beasley,consumer
12763,CUST118914,dr. anthony wolfe dds,corporate
12764,CUST118915,kevin peters,consumer
12765,CUST118916,peggy hatfield,consumer
12766,CUST118917,james cummings,corporate
12767,CUST118919,kimberly hamilton,consumer
12768,CUST118920,melinda heath,consumer
12769,CUST118921,megan vaughn,corporate
12770,CUST118923,victoria downs,consumer
12771,CUST118929,melissa ramos,consumer
12772,CUST118931,alan morgan,corporate
12773,CUST118932,kimberly gentry,consumer
12774,CUST118933,darren gomez,consumer
12775,CUST118934,warren carroll,consumer
12776,CUST118936,lisa stuart,consumer
12777,CUST118937,steven carrillo,corporate
12778,CUST118938,kristin vasquez,small business
12779,CUST118939,emily anthony,consumer
12780,CUST118943,amanda johnston,small business
12781,CUST118944,april garcia,consumer
12782,CUST118945,dennis miller,consumer
12783,CUST118946,matthew moore,consumer
12784,CUST118947,jacob white,consumer
12785,CUST118948,michelle taylor,corporate
12786,CUST118949,robert tran,consumer
12787,CUST118951,bobby james,corporate
12788,CUST118952,chad bell,consumer
12789,CUST118953,john gomez,consumer
12790,CUST118956,mr. justin davis,small business
12791,CUST118957,natalie brown,consumer
12792,CUST118958,christopher sanchez,corporate
12793,CUST118959,nicole johnson,corporate
12794,CUST118961,eric bowman,consumer
12795,CUST118962,jason mckenzie,consumer
12796,CUST118963,cameron hayes,small business
12797,CUST118964,monique smith,consumer
12798,CUST118965,kayla meyers,consumer
12799,CUST118969,william potter,small business
12800,CUST118971,shannon morales,corporate
12801,CUST118972,gloria lopez,corporate
12802,CUST118975,tyler hart,consumer
12803,CUST118976,robert hernandez,consumer
12804,CUST118978,james thompson,consumer
12805,CUST118979,jasmine burton,consumer
12806,CUST118980,joshua freeman,corporate
12807,CUST118981,carolyn stevens,consumer
12808,CUST118983,susan rose,consumer
12809,CUST118984,john white,corporate
12810,CUST118985,heather hubbard,small business
12811,CUST118988,victor moore,corporate
12812,CUST118989,matthew robinson,consumer
12813,CUST118990,sandra hammond,consumer
12814,CUST118991,jesus jones,consumer
12815,CUST118992,james ford,small business
12816,CUST118994,diana carlson,corporate
12817,CUST118995,lorraine turner,consumer
12818,CUST118997,darius travis,consumer
12819,CUST118998,carlos riddle,consumer
12820,CUST118999,mr. dean williams,consumer
12821,CUST119004,jennifer mcdonald,consumer
12822,CUST119005,mrs. carrie dean md,small business
12823,CUST119007,seth martin,small business
12824,CUST119008,jeff wong,consumer
12825,CUST119009,pamela lopez,corporate
12826,CUST119010,linda mckinney,consumer
12827,CUST119011,kathryn hobbs,consumer
12828,CUST119012,joshua crawford,consumer
12829,CUST119016,ronnie hughes,small business
12830,CUST119017,jose johnson,corporate
12831,CUST119018,erik ware,small business
12832,CUST119019,monica hart,consumer
12833,CUST119020,john cook,consumer
12834,CUST119021,joseph thomas,small business
12835,CUST119022,christina walsh,consumer
12836,CUST119023,veronica nielsen,consumer
12837,CUST119024,andrew anderson,small business
12838,CUST119026,mary walker,consumer
12839,CUST119028,laura jackson,consumer
12840,CUST119029,william jefferson,consumer
12841,CUST119031,ashley hopkins,consumer
12842,CUST119032,donald harrington,consumer
12843,CUST119034,stephanie daniel,corporate
12844,CUST119038,kenneth davila,corporate
12845,CUST119039,paula davis,corporate
12846,CUST119040,melissa collins,consumer
12847,CUST119042,tracy matthews,consumer
12848,CUST119043,jose mayer,consumer
12849,CUST119048,melissa fisher,consumer
12850,CUST119049,taylor horn,consumer
12851,CUST119050,cody hendricks,consumer
12852,CUST119051,amy campbell,consumer
12853,CUST119052,michelle russell,consumer
12854,CUST119053,aaron hayden,consumer
12855,CUST119054,thomas burgess,consumer
12856,CUST119055,kevin owen,consumer
12857,CUST119056,tina butler,corporate
12858,CUST119057,shelley smith,consumer
12859,CUST119059,jessica hernandez,corporate
12860,CUST119060,jennifer sheppard,corporate
12861,CUST119062,joseph martinez,consumer
12862,CUST119063,dr. lee middleton,corporate
12863,CUST119064,jessica gilmore,corporate
12864,CUST119066,erika burns,small business
12865,CUST119067,michael carr,small business
12866,CUST119068,martin hart,small business
12867,CUST119069,kimberly hale,consumer
12868,CUST119070,tanya jones,consumer
12869,CUST119071,joshua zamora,corporate
12870,CUST119072,sandra stevens,small business
12871,CUST119073,claire pruitt,small business
12872,CUST119074,judy peters,small business
12873,CUST119075,david garcia,consumer
12874,CUST119076,grace chavez,corporate
12875,CUST119077,janet peterson,consumer
12876,CUST119078,paula ramirez,consumer
12877,CUST119079,donald lozano,small business
12878,CUST119080,james mccullough,corporate
12879,CUST119081,robert schultz,corporate
12880,CUST119083,matthew cortez,consumer
12881,CUST119084,joseph jones,small business
12882,CUST119086,melissa stark,consumer
12883,CUST119088,mary monroe,consumer
12884,CUST119090,lance martin,consumer
12885,CUST119091,michael taylor,consumer
12886,CUST119092,travis manning,consumer
12887,CUST119094,laurie contreras,corporate
12888,CUST119097,melissa jones,small business
12889,CUST119098,sabrina cunningham,corporate
12890,CUST119099,bradley white,consumer
12891,CUST119102,christopher scott,consumer
12892,CUST119103,michael mcconnell,consumer
12893,CUST119104,sherri peterson,consumer
12894,CUST119105,michelle becker,consumer
12895,CUST119108,christina kramer,small business
12896,CUST119109,christopher huber,small business
12897,CUST119110,mr. joshua knox,consumer
12898,CUST119112,mark smith,corporate
12899,CUST119113,gilbert knight,small business
12900,CUST119114,danny short,small business
12901,CUST119115,mrs. ruth hayes,consumer
12902,CUST119116,russell gates,consumer
12903,CUST119117,barry martin,consumer
12904,CUST119118,shannon hobbs,consumer
12905,CUST119119,brooke franco,consumer
12906,CUST119120,sharon moore,small business
12907,CUST119121,kellie burnett,consumer
12908,CUST119122,kristina harrell,corporate
12909,CUST119124,kenneth higgins,consumer
12910,CUST119125,kelly silva,consumer
12911,CUST119126,michael barrett,small business
12912,CUST119127,daniel hendrix,corporate
12913,CUST119128,erin taylor,corporate
12914,CUST119129,jade vaughan,consumer
12915,CUST119132,john jones,corporate
12916,CUST119135,jared peterson,consumer
12917,CUST119136,nathaniel goodman,consumer
12918,CUST119138,brittany chen,consumer
12919,CUST119139,shannon parker,consumer
12920,CUST119140,chase baker,consumer
12921,CUST119141,kristen chapman,corporate
12922,CUST119143,marc navarro,consumer
12923,CUST119144,dr. william ponce,consumer
12924,CUST119145,jesse sanford,small business
12925,CUST119147,jennifer ford,corporate
12926,CUST119148,susan adams,small business
12927,CUST119149,deborah cisneros,consumer
12928,CUST119150,rachel doyle,corporate
12929,CUST119151,anthony hart,consumer
12930,CUST119152,casey foley,consumer
12931,CUST119153,rhonda hayes,consumer
12932,CUST119154,phillip salazar,corporate
12933,CUST119155,mrs. lisa barnes,consumer
12934,CUST119156,cynthia evans,corporate
12935,CUST119158,michael anderson,consumer
12936,CUST119159,diana myers,consumer
12937,CUST119161,christopher mcknight dvm,consumer
12938,CUST119162,andrew howard,corporate
12939,CUST119163,david davis,consumer
12940,CUST119164,sara mckay,small business
12941,CUST119165,mary henry,consumer
12942,CUST119167,zachary reed,consumer
12943,CUST119168,jennifer brown,corporate
12944,CUST119169,mario leonard,small business
12945,CUST119172,sandra pena,consumer
12946,CUST119173,james mckinney,consumer
12947,CUST119175,justin jimenez,small business
12948,CUST119177,matthew robinson,consumer
12949,CUST119178,timothy dennis,consumer
12950,CUST119179,cynthia mullen,consumer
12951,CUST119181,jeffrey rodriguez,corporate
12952,CUST119182,ariana mckay,consumer
12953,CUST119183,deborah guzman,consumer
12954,CUST119186,jennifer cordova,consumer
12955,CUST119188,daniel young,consumer
12956,CUST119189,lisa rodriguez,consumer
12957,CUST119190,taylor gray,consumer
12958,CUST119191,maureen carrillo,small business
12959,CUST119192,jeffery reeves,consumer
12960,CUST119193,gerald wilson,consumer
12961,CUST119194,antonio madden,consumer
12962,CUST119195,jose moore,consumer
12963,CUST119196,lori robinson,corporate
12964,CUST119198,cynthia rogers,corporate
12965,CUST119199,michelle vasquez,consumer
12966,CUST119201,gerald cook,consumer
12967,CUST119202,kelly russo,corporate
12968,CUST119204,michael garcia,consumer
12969,CUST119205,cheryl schultz,consumer
12970,CUST119206,ian lopez,small business
12971,CUST119209,johnathan flores,consumer
12972,CUST119211,christopher weaver,consumer
12973,CUST119213,melinda martin,corporate
12974,CUST119218,charles duncan,consumer
12975,CUST119219,sean reyes,consumer
12976,CUST119220,ivan goodman,consumer
12977,CUST119221,tracey clark,consumer
12978,CUST119222,brittany kim,consumer
12979,CUST119223,edwin reynolds,consumer
12980,CUST119224,jesse paul,consumer
12981,CUST119225,joseph shaw,consumer
12982,CUST119226,emily barton,small business
12983,CUST119227,randall dougherty,consumer
12984,CUST119229,bonnie bryan,consumer
12985,CUST119230,bill williams,corporate
12986,CUST119234,jodi matthews,consumer
12987,CUST119235,heather lopez,small business
12988,CUST119236,emily kelly,corporate
12989,CUST119238,daniel santos,consumer
12990,CUST119243,roberto wright,consumer
12991,CUST119244,justin gutierrez,consumer
12992,CUST119245,nicole kelly,corporate
12993,CUST119248,bonnie brady,corporate
12994,CUST119249,jamie carter,small business
12995,CUST119251,lori tapia,consumer
12996,CUST119252,kayla gomez,consumer
12997,CUST119253,gary lopez,small business
12998,CUST119255,elizabeth williams,consumer
12999,CUST119256,tara haynes,consumer
13000,CUST119258,sara murray,consumer
13001,CUST119260,jason winters,corporate
13002,CUST119262,dawn moore,small business
13003,CUST119264,valerie lopez,consumer
13004,CUST119265,thomas johnson,consumer
13005,CUST119267,marcus rodriguez,corporate
13006,CUST119268,john fields,consumer
13007,CUST119271,john medina,consumer
13008,CUST119273,daniel brooks,consumer
13009,CUST119274,jared nolan,corporate
13010,CUST119276,kathryn glenn,consumer
13011,CUST119277,alan smith,corporate
13012,CUST119278,robert schultz,corporate
13013,CUST119279,jacqueline allison,corporate
13014,CUST119280,daniel joseph,consumer
13015,CUST119281,carolyn alvarez,consumer
13016,CUST119282,brian ball,consumer
13017,CUST119284,justin woods,consumer
13018,CUST119285,larry keller,small business
13019,CUST119286,michael harper,corporate
13020,CUST119287,morgan spencer,consumer
13021,CUST119288,marilyn farmer,corporate
13022,CUST119289,harold burnett,consumer
13023,CUST119290,brandi davis,corporate
13024,CUST119295,brian edwards,small business
13025,CUST119297,george jones,consumer
13026,CUST119298,natalie wilson,consumer
13027,CUST119301,hannah riley,consumer
13028,CUST119302,sara harris,consumer
13029,CUST119303,daniel donovan,corporate
13030,CUST119304,christine mckinney,consumer
13031,CUST119305,elizabeth irwin,corporate
13032,CUST119307,kristen brooks,corporate
13033,CUST119309,rebecca lindsey,consumer
13034,CUST119310,tyler hawkins,corporate
13035,CUST119311,jesse cox,small business
13036,CUST119312,shari morris,consumer
13037,CUST119315,jamie reynolds,corporate
13038,CUST119316,tyler dunn,consumer
13039,CUST119318,david taylor,consumer
13040,CUST119319,justin chavez,consumer
13041,CUST119320,james watson,consumer
13042,CUST119321,cindy walter,corporate
13043,CUST119322,nancy hayes,corporate
13044,CUST119324,debbie thompson,corporate
13045,CUST119325,robin swanson,consumer
13046,CUST119328,douglas blake,consumer
13047,CUST119330,stuart jackson,consumer
13048,CUST119332,danny garcia,corporate
13049,CUST119334,david salazar,consumer
13050,CUST119335,crystal russell,corporate
13051,CUST119336,donald warner,consumer
13052,CUST119337,dwayne hernandez,corporate
13053,CUST119339,lori taylor,consumer
13054,CUST119340,william strong,small business
13055,CUST119342,eric harris,consumer
13056,CUST119344,paula james,consumer
13057,CUST119345,michael beck,consumer
13058,CUST119346,jacqueline lane,corporate
13059,CUST119347,travis macias,small business
13060,CUST119348,ronald gibson,small business
13061,CUST119349,rhonda sullivan,consumer
13062,CUST119350,crystal graham,small business
13063,CUST119352,amanda shelton,consumer
13064,CUST119353,michael king,consumer
13065,CUST119354,joseph kennedy,corporate
13066,CUST119355,charles campbell,consumer
13067,CUST119357,kathleen brown,consumer
13068,CUST119358,benjamin cabrera,consumer
13069,CUST119359,kylie gibson,corporate
13070,CUST119360,charlotte williams,corporate
13071,CUST119361,james smith,small business
13072,CUST119364,nathan jenkins,corporate
13073,CUST119367,shawn houston,consumer
13074,CUST119370,lawrence jones,consumer
13075,CUST119371,corey williams,corporate
13076,CUST119373,kenneth robertson,consumer
13077,CUST119375,william armstrong,corporate
13078,CUST119376,amy walker,small business
13079,CUST119377,darlene scott,small business
13080,CUST119378,julie morrison,small business
13081,CUST119379,angie hall,consumer
13082,CUST119381,william smith phd,corporate
13083,CUST119382,christopher jones,small business
13084,CUST119383,jacob thompson,consumer
13085,CUST119384,kelly weber,consumer
13086,CUST119385,david prince phd,small business
13087,CUST119386,natasha mitchell,consumer
13088,CUST119388,rebecca hall,consumer
13089,CUST119389,timothy carney,consumer
13090,CUST119390,isaiah khan,consumer
13091,CUST119392,felicia gonzalez,consumer
13092,CUST119393,christy holmes,small business
13093,CUST119395,ronald petersen,corporate
13094,CUST119396,aaron brown,corporate
13095,CUST119397,danielle byrd,consumer
13096,CUST119398,matthew welch,corporate
13097,CUST119400,mackenzie martinez,consumer
13098,CUST119401,sarah walker,consumer
13099,CUST119403,michelle foley,corporate
13100,CUST119404,michelle murphy,consumer
13101,CUST119405,chris wells,consumer
13102,CUST119406,megan west,consumer
13103,CUST119407,ryan watts,small business
13104,CUST119408,yvonne smith,consumer
13105,CUST119410,catherine williams,small business
13106,CUST119411,robert cabrera,small business
13107,CUST119412,monica jackson,consumer
13108,CUST119413,veronica rice,consumer
13109,CUST119415,janice hoffman,corporate
13110,CUST119416,christopher walker,small business
13111,CUST119417,timothy vega,corporate
13112,CUST119419,gloria rodriguez,consumer
13113,CUST119422,mitchell odom,consumer
13114,CUST119423,hannah dillon,consumer
13115,CUST119424,shawn vega,corporate
13116,CUST119426,nancy haynes,consumer
13117,CUST119430,bonnie evans,corporate
13118,CUST119431,jessica foster,consumer
13119,CUST119433,paul hess,corporate
13120,CUST119434,misty davidson,corporate
13121,CUST119435,richard lewis,consumer
13122,CUST119438,george farrell,consumer
13123,CUST119439,kimberly herman,consumer
13124,CUST119441,christopher hobbs,corporate
13125,CUST119442,isaiah weaver,small business
13126,CUST119443,michael lowe,consumer
13127,CUST119445,dale ramos,corporate
13128,CUST119446,haley russell,consumer
13129,CUST119447,louis campbell,consumer
13130,CUST119449,deborah perez,consumer
13131,CUST119450,john garcia,small business
13132,CUST119452,jared taylor,consumer
13133,CUST119453,jennifer nichols,corporate
13134,CUST119454,steven sloan,consumer
13135,CUST119455,eric johnson,small business
13136,CUST119458,deborah gray,consumer
13137,CUST119459,kyle patel,consumer
13138,CUST119460,paul brady,consumer
13139,CUST119461,kimberly lam,consumer
13140,CUST119464,paige mcdonald,consumer
13141,CUST119465,robert stewart,consumer
13142,CUST119466,james daniels,consumer
13143,CUST119467,kathleen cruz,consumer
13144,CUST119468,michael rivera,small business
13145,CUST119469,randy ramirez,consumer
13146,CUST119471,todd williams,corporate
13147,CUST119472,jason page,consumer
13148,CUST119476,joseph ward,consumer
13149,CUST119477,anthony elliott,consumer
13150,CUST119478,chase hayes,corporate
13151,CUST119479,nicholas davis,consumer
13152,CUST119482,jaime martin,consumer
13153,CUST119483,luis bright,consumer
13154,CUST119485,mackenzie garcia,consumer
13155,CUST119486,gregory turner,corporate
13156,CUST119487,brittany reyes,corporate
13157,CUST119488,tim mcguire,consumer
13158,CUST119489,frances rowe,small business
13159,CUST119490,larry zhang,consumer
13160,CUST119491,tricia petty,corporate
13161,CUST119496,mrs. lori turner,consumer
13162,CUST119497,patricia woods,consumer
13163,CUST119498,carly pearson,consumer
13164,CUST119501,martin banks,small business
13165,CUST119502,alicia stephens,corporate
13166,CUST119504,tiffany elliott,consumer
13167,CUST119505,adam mills,consumer
13168,CUST119509,frederick martin,consumer
13169,CUST119510,jennifer mejia,small business
13170,CUST119511,michael price,consumer
13171,CUST119512,charles smith,corporate
13172,CUST119513,michael booker,consumer
13173,CUST119515,daniel gallagher,corporate
13174,CUST119516,alisha ramsey,consumer
13175,CUST119517,kimberly lynn,consumer
13176,CUST119518,scott brown,corporate
13177,CUST119519,anita kim,consumer
13178,CUST119520,robert swanson,consumer
13179,CUST119522,mr. patrick murphy,consumer
13180,CUST119523,shawn turner,small business
13181,CUST119524,paul watkins,consumer
13182,CUST119525,sarah coleman,consumer
13183,CUST119527,amy miles,corporate
13184,CUST119528,zachary hernandez,consumer
13185,CUST119529,jay malone,consumer
13186,CUST119530,allen rodriguez,consumer
13187,CUST119531,james gutierrez,corporate
13188,CUST119533,dylan davis,consumer
13189,CUST119536,jacob carlson,consumer
13190,CUST119537,donald wells,consumer
13191,CUST119538,jennifer pitts,small business
13192,CUST119539,joseph noble,corporate
13193,CUST119540,lauren blankenship,consumer
13194,CUST119542,alexandra allen,consumer
13195,CUST119544,dr. leroy ingram,consumer
13196,CUST119545,daniel brown,corporate
13197,CUST119546,jessica rogers,consumer
13198,CUST119548,karen powers dds,consumer
13199,CUST119549,cynthia donovan,small business
13200,CUST119550,mark hicks,consumer
13201,CUST119552,kenneth holloway,consumer
13202,CUST119553,scott martinez,corporate
13203,CUST119554,stephanie jones,corporate
13204,CUST119556,adam hayden,consumer
13205,CUST119557,krystal rowe,consumer
13206,CUST119559,kimberly duncan,consumer
13207,CUST119560,amy blackwell,consumer
13208,CUST119561,joseph stewart,small business
13209,CUST119562,tammie gill,consumer
13210,CUST119563,lauren oneill,corporate
13211,CUST119564,erica ortiz,consumer
13212,CUST119565,allen brewer,consumer
13213,CUST119567,sarah hill,corporate
13214,CUST119568,angelica smith,consumer
13215,CUST119569,kristin williamson,consumer
13216,CUST119571,tiffany terry,consumer
13217,CUST119572,sheri nichols dds,small business
13218,CUST119574,richard hamilton,small business
13219,CUST119575,dennis moore,corporate
13220,CUST119576,mary garcia,corporate
13221,CUST119577,stephen hughes,consumer
13222,CUST119578,andrew aguirre,small business
13223,CUST119580,christopher oconnell,small business
13224,CUST119582,michael chapman,consumer
13225,CUST119584,daniel joyce,consumer
13226,CUST119585,linda brown,consumer
13227,CUST119587,william adkins,corporate
13228,CUST119588,jacob hanson,corporate
13229,CUST119592,anne james,corporate
13230,CUST119593,victoria aguilar,consumer
13231,CUST119594,andrew moon,consumer
13232,CUST119595,jamie mason,consumer
13233,CUST119596,jimmy glenn,small business
13234,CUST119597,todd smith,corporate
13235,CUST119598,jessica avila,corporate
13236,CUST119600,amber parker,consumer
13237,CUST119601,tami copeland,consumer
13238,CUST119604,scott hudson,corporate
13239,CUST119605,james smith,corporate
13240,CUST119606,amber coleman dds,corporate
13241,CUST119607,jennifer collins,small business
13242,CUST119610,william williams,small business
13243,CUST119611,joshua nelson,small business
13244,CUST119612,wayne caldwell,consumer
13245,CUST119613,christopher allen,consumer
13246,CUST119615,kelly ware,small business
13247,CUST119616,leslie monroe,small business
13248,CUST119618,tyler christensen,consumer
13249,CUST119619,nancy valdez,corporate
13250,CUST119621,lawrence rangel,corporate
13251,CUST119622,jeffrey nicholson,consumer
13252,CUST119623,elijah jennings,small business
13253,CUST119625,karen tate,small business
13254,CUST119629,matthew johnson,corporate
13255,CUST119630,karen ramos,consumer
13256,CUST119632,austin dominguez,consumer
13257,CUST119633,sheila thomas,consumer
13258,CUST119635,carl wilkins,consumer
13259,CUST119636,kimberly swanson,consumer
13260,CUST119637,michael mcknight,corporate
13261,CUST119638,daniel walls,consumer
13262,CUST119641,michael young,small business
13263,CUST119643,ronald horne,consumer
13264,CUST119645,suzanne boyer,small business
13265,CUST119647,gina figueroa,small business
13266,CUST119648,frank david,consumer
13267,CUST119649,adrian wagner,corporate
13268,CUST119650,randy benson,consumer
13269,CUST119651,douglas abbott,consumer
13270,CUST119652,howard fuller,consumer
13271,CUST119654,tammy beard,consumer
13272,CUST119655,timothy king,consumer
13273,CUST119656,brittany bradley,consumer
13274,CUST119657,rebecca anderson,consumer
13275,CUST119658,breanna small,consumer
13276,CUST119660,daisy curry md,consumer
13277,CUST119664,nathaniel brown,consumer
13278,CUST119665,sean brown,corporate
13279,CUST119666,david gardner,consumer
13280,CUST119667,mark moore,corporate
13281,CUST119669,jenny jackson,consumer
13282,CUST119671,matthew lamb,small business
13283,CUST119672,tracy brown,consumer
13284,CUST119674,eric tucker,corporate
13285,CUST119675,jacqueline morales,consumer
13286,CUST119678,morgan lawrence,consumer
13287,CUST119679,janice johnson,small business
13288,CUST119680,michelle solis,consumer
13289,CUST119681,timothy reyes,small business
13290,CUST119684,jacob morris,corporate
13291,CUST119685,amber werner,consumer
13292,CUST119686,barbara pittman,small business
13293,CUST119690,brandi mccoy,small business
13294,CUST119691,matthew jackson,consumer
13295,CUST119692,sean rios,consumer
13296,CUST119695,emily sherman,consumer
13297,CUST119696,tammy allen,corporate
13298,CUST119697,sara miller,consumer
13299,CUST119698,teresa lawson,consumer
13300,CUST119699,joshua anderson,corporate
13301,CUST119702,joseph lawrence,small business
13302,CUST119704,shannon griffin,consumer
13303,CUST119705,cindy berg,consumer
13304,CUST119707,juan gutierrez,consumer
13305,CUST119708,debra smith,corporate
13306,CUST119709,stacy sherman,consumer
13307,CUST119710,charles white dvm,consumer
13308,CUST119711,jesus sanchez,consumer
13309,CUST119712,seth sullivan,small business
13310,CUST119716,sarah gaines,consumer
13311,CUST119718,louis warren,consumer
13312,CUST119719,ashley butler,consumer
13313,CUST119720,brandon martin,consumer
13314,CUST119721,stephen flynn,consumer
13315,CUST119723,john hernandez,consumer
13316,CUST119725,jennifer rollins,corporate
13317,CUST119726,tina knight,consumer
13318,CUST119727,dr. robert sanchez,corporate
13319,CUST119728,christina harvey,consumer
13320,CUST119729,michael reeves,consumer
13321,CUST119731,bryan lawson,corporate
13322,CUST119732,anthony phillips,small business
13323,CUST119738,michelle wagner,consumer
13324,CUST119739,joseph richardson,corporate
13325,CUST119741,elizabeth whitney,consumer
13326,CUST119743,vincent reynolds,consumer
13327,CUST119744,adrian davis,small business
13328,CUST119746,karen harrell,consumer
13329,CUST119747,thomas martinez,consumer
13330,CUST119748,john walls,consumer
13331,CUST119749,christopher huff,consumer
13332,CUST119752,william miller,small business
13333,CUST119754,alyssa lee,consumer
13334,CUST119755,mr. steven ramirez,small business
13335,CUST119757,manuel rivera,consumer
13336,CUST119758,marc henderson iv,corporate
13337,CUST119760,antonio riley,consumer
13338,CUST119761,nathan graham,consumer
13339,CUST119762,kimberly johnson,corporate
13340,CUST119765,john fernandez,corporate
13341,CUST119767,daniel lester,consumer
13342,CUST119769,elizabeth miller,small business
13343,CUST119770,zachary perkins,consumer
13344,CUST119773,steven roth,consumer
13345,CUST119774,stacey brown,consumer
13346,CUST119777,ryan shaw,consumer
13347,CUST119784,alexander dorsey,consumer
13348,CUST119785,michaela allen,consumer
13349,CUST119786,erica hunter,consumer
13350,CUST119787,jason ferguson,small business
13351,CUST119789,joyce wilson,consumer
13352,CUST119790,jason elliott,corporate
13353,CUST119791,gina wagner,corporate
13354,CUST119793,whitney mcguire,consumer
13355,CUST119794,dustin gonzalez,small business
13356,CUST119799,jason mack,corporate
13357,CUST119800,tiffany villegas,consumer
13358,CUST119801,katie wilson,consumer
13359,CUST119802,megan mathis,consumer
13360,CUST119803,amy cox,corporate
13361,CUST119804,mary johnson,corporate
13362,CUST119805,natalie herrera,small business
13363,CUST119806,nicole peterson,consumer
13364,CUST119807,james nelson,consumer
13365,CUST119808,maria wilkerson,small business
13366,CUST119810,stephanie gardner,corporate
13367,CUST119811,mr. brian foley,consumer
13368,CUST119812,shawn key,corporate
13369,CUST119814,wanda decker,consumer
13370,CUST119815,latoya anderson,consumer
13371,CUST119816,david fleming,corporate
13372,CUST119817,russell west,corporate
13373,CUST119818,clinton smith,corporate
13374,CUST119819,logan riley,small business
13375,CUST119821,james burton,consumer
13376,CUST119822,richard owen,consumer
13377,CUST119823,joshua lee,consumer
13378,CUST119824,whitney santiago,small business
13379,CUST119825,pamela gonzalez,consumer
13380,CUST119826,taylor boyd,consumer
13381,CUST119829,heather leblanc,consumer
13382,CUST119831,lacey ryan,corporate
13383,CUST119832,jamie smith,consumer
13384,CUST119833,anna buchanan,corporate
13385,CUST119834,dr. kathryn smith,small business
13386,CUST119835,mrs. heather mccoy dvm,consumer
13387,CUST119836,jerry rodriguez,consumer
13388,CUST119837,john hernandez,corporate
13389,CUST119839,justin smith,consumer
13390,CUST119841,adam lloyd,consumer
13391,CUST119843,paul herman,consumer
13392,CUST119846,james jennings,small business
13393,CUST119847,marissa johnson,corporate
13394,CUST119848,kylie parker,consumer
13395,CUST119850,brandon french,consumer
13396,CUST119851,paul glenn,consumer
13397,CUST119852,alexandra mcdaniel,corporate
13398,CUST119853,lisa smith,consumer
13399,CUST119855,samantha roy,small business
13400,CUST119858,brandon newton,consumer
13401,CUST119860,robert miller,small business
13402,CUST119863,gabrielle wagner,consumer
13403,CUST119865,patricia dean,small business
13404,CUST119866,deborah moore,consumer
13405,CUST119867,beth booker,consumer
13406,CUST119868,joshua harris,consumer
13407,CUST119869,ronald jones,small business
13408,CUST119870,teresa rivas,consumer
13409,CUST119871,kristen quinn,consumer
13410,CUST119872,wendy harper,small business
13411,CUST119875,kristi davis,consumer
13412,CUST119876,amy garcia,consumer
13413,CUST119879,kristina nunez,consumer
13414,CUST119880,megan martinez,corporate
13415,CUST119881,william drake,consumer
13416,CUST119882,elizabeth smith,small business
13417,CUST119883,casey meadows,consumer
13418,CUST119887,timothy smith,corporate
13419,CUST119888,larry powell,corporate
13420,CUST119890,james olson jr.,consumer
13421,CUST119891,briana tapia,consumer
13422,CUST119892,lee gonzales,consumer
13423,CUST119893,david miller,consumer
13424,CUST119895,kenneth davis,consumer
13425,CUST119896,mrs. stephanie pennington md,consumer
13426,CUST119897,timothy smith,corporate
13427,CUST119898,justin zavala,consumer
13428,CUST119899,mr. david cardenas,corporate
13429,CUST119901,kristin case,corporate
13430,CUST119902,emily huff,consumer
13431,CUST119904,tricia wright,small business
13432,CUST119905,thomas schultz,small business
13433,CUST119906,sabrina nguyen,corporate
13434,CUST119907,rhonda graves,small business
13435,CUST119909,melissa hopkins,consumer
13436,CUST119910,angela brown,consumer
13437,CUST119911,carlos johnson,small business
13438,CUST119912,gregory ellis,consumer
13439,CUST119913,brooke cox,consumer
13440,CUST119914,taylor jones,consumer
13441,CUST119916,theresa fowler,corporate
13442,CUST119917,lauren santos,consumer
13443,CUST119918,martin mcdowell,corporate
13444,CUST119919,calvin richard,consumer
13445,CUST119921,matthew wilson,corporate
13446,CUST119923,benjamin marshall,small business
13447,CUST119924,jesse mahoney,corporate
13448,CUST119927,kaitlin burgess,corporate
13449,CUST119928,james taylor,corporate
13450,CUST119930,nathan roberts,small business
13451,CUST119932,wendy hall,consumer
13452,CUST119934,joseph reynolds,corporate
13453,CUST119935,stephanie ross dvm,consumer
13454,CUST119936,ronald lee,small business
13455,CUST119937,kimberly martinez,consumer
13456,CUST119940,allen jones,corporate
13457,CUST119942,andrew baker,consumer
13458,CUST119944,lisa hall,consumer
13459,CUST119945,carrie greene dds,consumer
13460,CUST119947,angela reynolds,consumer
13461,CUST119948,anthony smith,consumer
13462,CUST119950,jesse ramos,consumer
13463,CUST119951,barbara harvey,small business
13464,CUST119952,crystal hurst,corporate
13465,CUST119954,roberta parker,consumer
13466,CUST119956,phillip jordan,corporate
13467,CUST119958,melissa burke,consumer
13468,CUST119959,aaron hall,corporate
13469,CUST119960,jennifer cordova,corporate
13470,CUST119961,loretta perez,consumer
13471,CUST119962,thomas griffin,consumer
13472,CUST119964,alyssa mercado,consumer
13473,CUST119965,pamela patterson,corporate
13474,CUST119966,cynthia bennett,small business
13475,CUST119967,jason knapp,consumer
13476,CUST119968,courtney jones,consumer
13477,CUST119969,david sharp,consumer
13478,CUST119971,aaron vance,corporate
13479,CUST119972,brandy gardner,small business
13480,CUST119974,sonia webb,consumer
13481,CUST119975,mary hanson,consumer
13482,CUST119976,leslie bell,consumer
13483,CUST119977,lisa coleman,consumer
13484,CUST119980,bailey bryant,consumer
13485,CUST119981,terri barber,consumer
13486,CUST119982,frank bird,consumer
13487,CUST119984,michele howell,consumer
13488,CUST119985,jeremy bishop,consumer
13489,CUST119986,gabriela howard,corporate
13490,CUST119988,michele kirk,corporate
13491,CUST119989,corey young,consumer
13492,CUST119991,caroline shaw,consumer
13493,CUST119992,george lopez,consumer
13494,CUST119993,christine bishop,consumer
13495,CUST119994,sarah brown,consumer
13496,CUST119998,colleen ramos,consumer
13497,CUST119999,michael wilson,consumer
13498,CUST120001,kevin martin,corporate
13499,CUST120002,emily lewis,consumer
13500,CUST120004,seth jennings,consumer
13501,CUST120005,emily jimenez,consumer
13502,CUST120006,chris lloyd,consumer
13503,CUST120007,terri daniel,consumer
13504,CUST120009,patricia carson,consumer
13505,CUST120010,cheyenne gould,consumer
13506,CUST120011,colin reynolds,consumer
13507,CUST120012,donald rowland,corporate
13508,CUST120013,steven mcdonald,consumer
13509,CUST120014,travis long md,small business
13510,CUST120015,melanie rivera,small business
13511,CUST120017,teresa cortez,small business
13512,CUST120018,mary reynolds,consumer
13513,CUST120019,jerry moore,consumer
13514,CUST120020,amanda crosby,consumer
13515,CUST120021,andre burns,corporate
13516,CUST120025,danielle clark,consumer
13517,CUST120028,kim diaz,corporate
13518,CUST120029,melissa rowe,corporate
13519,CUST120032,sherry lopez phd,consumer
13520,CUST120033,brian gomez,consumer
13521,CUST120035,taylor aguilar,consumer
13522,CUST120036,bianca doyle,consumer
13523,CUST120037,ryan swanson,small business
13524,CUST120038,christina robinson,consumer
13525,CUST120040,jessica riggs,consumer
13526,CUST120044,jackson hernandez,corporate
13527,CUST120045,natalie marsh,small business
13528,CUST120046,crystal gutierrez,corporate
13529,CUST120048,ryan stevens,consumer
13530,CUST120049,stephen johnson,corporate
13531,CUST120051,christine williams,corporate
13532,CUST120052,sarah bailey,consumer
13533,CUST120053,john garcia,consumer
13534,CUST120054,kenneth dillon,consumer
13535,CUST120055,edward mckinney,consumer
13536,CUST120057,jason blankenship,consumer
13537,CUST120058,lori peterson,consumer
13538,CUST120059,kathleen foster,consumer
13539,CUST120060,richard thompson,consumer
13540,CUST120061,lori ware,consumer
13541,CUST120062,frank frazier,corporate
13542,CUST120063,joshua hancock,consumer
13543,CUST120065,richard torres,consumer
13544,CUST120066,jose santana,consumer
13545,CUST120067,patty smith,consumer
13546,CUST120068,gordon roberts,corporate
13547,CUST120069,vincent kirk,small business
13548,CUST120070,cynthia dominguez,consumer
13549,CUST120072,ryan jordan,consumer
13550,CUST120073,jennifer henderson,corporate
13551,CUST120074,tammy higgins,consumer
13552,CUST120075,victoria skinner,consumer
13553,CUST120077,mark miller,consumer
13554,CUST120078,herbert mitchell,consumer
13555,CUST120080,steven andrews,consumer
13556,CUST120081,barbara grant,corporate
13557,CUST120083,alison dunn,consumer
13558,CUST120084,austin park,consumer
13559,CUST120085,mathew anderson,small business
13560,CUST120088,gina russell,consumer
13561,CUST120089,crystal vaughn,small business
13562,CUST120092,george turner,consumer
13563,CUST120093,leah garcia,consumer
13564,CUST120094,gregory hood,consumer
13565,CUST120096,nancy mcgee,corporate
13566,CUST120097,henry russell,consumer
13567,CUST120098,kristin garcia,consumer
13568,CUST120099,justin benson,corporate
13569,CUST120100,patricia cantu,small business
13570,CUST120101,corey joseph,consumer
13571,CUST120102,anthony ramirez,consumer
13572,CUST120103,darin hicks,consumer
13573,CUST120104,zachary conway,consumer
13574,CUST120107,hannah west,consumer
13575,CUST120108,vanessa hanson,small business
13576,CUST120109,andrew mccoy,corporate
13577,CUST120110,leslie mays,consumer
13578,CUST120111,shannon smith,consumer
13579,CUST120112,dana vasquez,consumer
13580,CUST120113,edwin robinson,corporate
13581,CUST120114,eric thompson,corporate
13582,CUST120115,thomas chambers,corporate
13583,CUST120116,melissa bautista dvm,consumer
13584,CUST120117,kathy stuart,consumer
13585,CUST120118,jeremy grant,consumer
13586,CUST120119,amy lopez,consumer
13587,CUST120121,michael griffin,consumer
13588,CUST120126,joseph rosales,consumer
13589,CUST120127,jonathon galvan,small business
13590,CUST120128,charles rodriguez,consumer
13591,CUST120131,jenna fitzpatrick,consumer
13592,CUST120132,tina gonzalez,consumer
13593,CUST120133,linda cline,small business
13594,CUST120135,paula sampson,consumer
13595,CUST120136,richard brown,corporate
13596,CUST120137,hannah cain,corporate
13597,CUST120138,jeremy cruz,consumer
13598,CUST120139,victor holmes,consumer
13599,CUST120141,arthur pierce,consumer
13600,CUST120142,clifford sharp,corporate
13601,CUST120144,sarah howe,consumer
13602,CUST120146,margaret harris,corporate
13603,CUST120147,angela floyd,consumer
13604,CUST120150,patrick parsons,small business
13605,CUST120151,angela brown,consumer
13606,CUST120152,susan mooney,consumer
13607,CUST120153,stephanie hogan,corporate
13608,CUST120154,brian davis,consumer
13609,CUST120155,veronica gutierrez,consumer
13610,CUST120157,andrew pope,consumer
13611,CUST120158,erin taylor,corporate
13612,CUST120160,norma cole,consumer
13613,CUST120165,allison campbell,consumer
13614,CUST120166,christopher bell,consumer
13615,CUST120169,savannah anderson,consumer
13616,CUST120170,ryan brown,corporate
13617,CUST120171,mark jones,corporate
13618,CUST120173,billy wiley,consumer
13619,CUST120174,bryan hart md,corporate
13620,CUST120175,jeffrey key,consumer
13621,CUST120176,christina cooper,consumer
13622,CUST120177,robert archer,corporate
13623,CUST120179,mary miller,consumer
13624,CUST120180,shane harvey,consumer
13625,CUST120181,david mitchell,consumer
13626,CUST120182,justin cruz,consumer
13627,CUST120183,alexander mayer,corporate
13628,CUST120185,willie meyers,small business
13629,CUST120186,karen horne,consumer
13630,CUST120187,anita smith,consumer
13631,CUST120188,heather phelps,consumer
13632,CUST120189,gabriela murphy,consumer
13633,CUST120191,angela clay,corporate
13634,CUST120192,rodney parrish,consumer
13635,CUST120193,jenna estes,small business
13636,CUST120194,logan pham,consumer
13637,CUST120195,christopher brandt,consumer
13638,CUST120196,paul hill,consumer
13639,CUST120197,jennifer richardson,corporate
13640,CUST120198,jonathan miller,corporate
13641,CUST120199,amanda lloyd,consumer
13642,CUST120200,emily arroyo,small business
13643,CUST120201,anthony lane,small business
13644,CUST120202,amanda jones,consumer
13645,CUST120203,michael howard,consumer
13646,CUST120204,rhonda hall,consumer
13647,CUST120205,christopher mann,consumer
13648,CUST120206,susan gordon,consumer
13649,CUST120207,monica mcbride,consumer
13650,CUST120208,joshua wilson,consumer
13651,CUST120209,donald williams,small business
13652,CUST120210,allison garcia,corporate
13653,CUST120214,george buchanan,consumer
13654,CUST120215,erica munoz,corporate
13655,CUST120217,william brown,consumer
13656,CUST120218,kristen smith,corporate
13657,CUST120220,brian jennings,corporate
13658,CUST120221,terry perez,small business
13659,CUST120222,kelly neal,consumer
13660,CUST120223,monique foster,consumer
13661,CUST120225,christopher jordan,small business
13662,CUST120228,robert reed,consumer
13663,CUST120229,philip allen,small business
13664,CUST120230,james palmer,small business
13665,CUST120232,ariana hall,corporate
13666,CUST120233,steven villa,corporate
13667,CUST120234,courtney james,small business
13668,CUST120235,amanda carter,consumer
13669,CUST120239,samantha king,consumer
13670,CUST120242,sara hughes,consumer
13671,CUST120243,jennifer sims,consumer
13672,CUST120244,jennifer banks,corporate
13673,CUST120245,donna mcdonald,corporate
13674,CUST120246,erica carson,consumer
13675,CUST120247,karen mcdaniel,small business
13676,CUST120248,mr. ernest murray,consumer
13677,CUST120250,rebecca davis,consumer
13678,CUST120253,megan branch,consumer
13679,CUST120254,nathan garcia,small business
13680,CUST120256,richard acosta,corporate
13681,CUST120257,heidi sheppard,consumer
13682,CUST120258,april freeman,consumer
13683,CUST120260,shelly marquez,corporate
13684,CUST120261,brenda greene,consumer
13685,CUST120262,brett andrews,consumer
13686,CUST120263,lisa richard,corporate
13687,CUST120264,michael holland,corporate
13688,CUST120265,robert ingram,corporate
13689,CUST120266,connie hunt,consumer
13690,CUST120267,cynthia walker,consumer
13691,CUST120269,danny king,corporate
13692,CUST120271,james patterson,consumer
13693,CUST120274,victoria young,consumer
13694,CUST120276,teresa combs,consumer
13695,CUST120277,amy neal,consumer
13696,CUST120278,hailey pearson,consumer
13697,CUST120279,stacy harris,consumer
13698,CUST120284,amy dorsey,small business
13699,CUST120285,jeffrey yang,small business
13700,CUST120286,brandon garcia,consumer
13701,CUST120287,ashley smith,small business
13702,CUST120288,mr. jermaine pitts phd,consumer
13703,CUST120289,kenneth mendoza,corporate
13704,CUST120290,matthew banks,corporate
13705,CUST120291,alex davis,consumer
13706,CUST120292,kristina perez,corporate
13707,CUST120293,janice rojas,small business
13708,CUST120294,brian lynch,corporate
13709,CUST120296,brett manning,corporate
13710,CUST120298,frank ramirez,consumer
13711,CUST120299,christina palmer,consumer
13712,CUST120302,leonard huang,consumer
13713,CUST120304,ryan thomas phd,corporate
13714,CUST120305,daniel blevins,consumer
13715,CUST120306,kristina perez,corporate
13716,CUST120307,thomas jackson,consumer
13717,CUST120308,carrie alexander,small business
13718,CUST120309,adam peterson,small business
13719,CUST120310,veronica rivera,consumer
13720,CUST120312,mrs. norma johnson,consumer
13721,CUST120313,stephanie dennis,small business
13722,CUST120314,zachary barnes,corporate
13723,CUST120315,laurie hernandez,consumer
13724,CUST120317,debbie gonzalez,corporate
13725,CUST120319,timothy gonzalez,consumer
13726,CUST120325,keith young,consumer
13727,CUST120326,lauren choi,consumer
13728,CUST120330,kenneth walter,consumer
13729,CUST120331,desiree hall,consumer
13730,CUST120333,richard leon,consumer
13731,CUST120334,daniel oconnor,consumer
13732,CUST120335,gabriel foster,small business
13733,CUST120336,jay robinson,consumer
13734,CUST120338,stephanie jackson,consumer
13735,CUST120340,john gomez,small business
13736,CUST120341,brandy moore,consumer
13737,CUST120342,matthew white,corporate
13738,CUST120343,katrina jackson,corporate
13739,CUST120344,jessica dorsey md,consumer
13740,CUST120345,meagan rosario,consumer
13741,CUST120346,brenda sanchez,consumer
13742,CUST120347,miranda singh,consumer
13743,CUST120350,jonathan thomas dds,consumer
13744,CUST120351,casey santiago,corporate
13745,CUST120352,adam tate,consumer
13746,CUST120353,jason franco,consumer
13747,CUST120354,marilyn rivera,corporate
13748,CUST120356,krystal carr,corporate
13749,CUST120357,malik gilbert,consumer
13750,CUST120358,thomas sims,consumer
13751,CUST120359,aaron smith,consumer
13752,CUST120360,eric davis,consumer
13753,CUST120361,teresa duffy,corporate
13754,CUST120363,gina jackson,consumer
13755,CUST120364,michael johnson,consumer
13756,CUST120365,amanda martinez,consumer
13757,CUST120368,richard sanders,corporate
13758,CUST120369,curtis may,small business
13759,CUST120370,tammy jensen,corporate
13760,CUST120371,beth sparks,corporate
13761,CUST120372,russell reed,consumer
13762,CUST120374,victor hughes,small business
13763,CUST120375,david miller,corporate
13764,CUST120376,todd travis,consumer
13765,CUST120378,ryan cordova,consumer
13766,CUST120380,jonathan collins,consumer
13767,CUST120381,beth peterson,corporate
13768,CUST120382,susan hill,consumer
13769,CUST120383,dawn cortez,consumer
13770,CUST120384,natalie haas,consumer
13771,CUST120385,dustin richard,consumer
13772,CUST120388,nathaniel robinson,small business
13773,CUST120389,jordan long,consumer
13774,CUST120390,tonya ward,small business
13775,CUST120391,patricia smith,consumer
13776,CUST120392,samantha fisher,consumer
13777,CUST120393,robert vaughan,consumer
13778,CUST120395,candace bennett,consumer
13779,CUST120397,eric coleman,consumer
13780,CUST120398,aaron fleming,consumer
13781,CUST120399,christine clarke,small business
13782,CUST120400,steven reed,consumer
13783,CUST120401,paul contreras,corporate
13784,CUST120403,kevin bartlett,corporate
13785,CUST120404,anita cline,corporate
13786,CUST120405,shelly bell,corporate
13787,CUST120406,yolanda bishop,consumer
13788,CUST120408,olivia cochran,consumer
13789,CUST120410,jocelyn todd,small business
13790,CUST120411,richard lewis,consumer
13791,CUST120412,timothy robinson,consumer
13792,CUST120413,stephen larson,corporate
13793,CUST120414,sara davis,corporate
13794,CUST120415,jesse bailey,small business
13795,CUST120418,jennifer wilkins,small business
13796,CUST120419,donald ferguson,corporate
13797,CUST120421,scott reed,consumer
13798,CUST120422,matthew wilson,consumer
13799,CUST120424,whitney white,small business
13800,CUST120425,nicholas davis,corporate
13801,CUST120426,mary parker,small business
13802,CUST120427,colleen phillips,corporate
13803,CUST120430,stephanie wilson,consumer
13804,CUST120432,ashley yang,consumer
13805,CUST120434,thomas davis,consumer
13806,CUST120435,amy sims,consumer
13807,CUST120436,laura higgins,consumer
13808,CUST120439,sylvia moore,consumer
13809,CUST120441,nicole oliver,consumer
13810,CUST120442,joseph lopez,consumer
13811,CUST120443,jacob duncan,small business
13812,CUST120444,matthew anderson,consumer
13813,CUST120445,courtney barnes dvm,corporate
13814,CUST120446,daniel williams,corporate
13815,CUST120451,jason quinn,consumer
13816,CUST120452,mallory wilkins,consumer
13817,CUST120453,stephen anderson,corporate
13818,CUST120454,anthony mendoza,corporate
13819,CUST120457,elizabeth johnson,consumer
13820,CUST120458,sandra pollard,corporate
13821,CUST120461,jessica martin md,corporate
13822,CUST120462,carrie bean,consumer
13823,CUST120463,elizabeth sharp,small business
13824,CUST120465,linda estrada,corporate
13825,CUST120468,michelle taylor,corporate
13826,CUST120470,brandon ortiz,consumer
13827,CUST120471,alex barnes,consumer
13828,CUST120472,amy johnson,consumer
13829,CUST120478,sheri farley,consumer
13830,CUST120479,alejandro patterson,consumer
13831,CUST120480,amber rios,consumer
13832,CUST120481,karen brown,corporate
13833,CUST120482,amy morgan,consumer
13834,CUST120483,crystal lam,consumer
13835,CUST120484,justin hernandez,consumer
13836,CUST120485,daniel phelps,consumer
13837,CUST120486,mitchell anderson,corporate
13838,CUST120488,janet tucker,small business
13839,CUST120489,jose reed,consumer
13840,CUST120490,shawn parker,consumer
13841,CUST120491,frank kennedy,consumer
13842,CUST120492,jason banks,corporate
13843,CUST120493,summer webb,corporate
13844,CUST120494,lisa trevino,consumer
13845,CUST120495,tonya nelson,small business
13846,CUST120498,mark miller,consumer
13847,CUST120499,sharon foster,small business
13848,CUST120501,angel smith,corporate
13849,CUST120503,jane santana,consumer
13850,CUST120504,lisa lewis,consumer
13851,CUST120505,kevin garcia,small business
13852,CUST120506,kristina brown,small business
13853,CUST120507,paul rangel,consumer
13854,CUST120509,cory perez,small business
13855,CUST120510,roberto king,consumer
13856,CUST120511,eric hart,consumer
13857,CUST120512,mark mills,consumer
13858,CUST120513,kimberly nunez,consumer
13859,CUST120514,zachary medina,consumer
13860,CUST120515,timothy bennett,consumer
13861,CUST120518,emily howell,corporate
13862,CUST120520,tanya smith,consumer
13863,CUST120521,brandi johnson,consumer
13864,CUST120522,danielle rodriguez,consumer
13865,CUST120523,jerry rivera,small business
13866,CUST120524,mitchell roman,small business
13867,CUST120526,carla benjamin,consumer
13868,CUST120527,holly holmes,consumer
13869,CUST120528,kayla clark,corporate
13870,CUST120529,mr. jeffrey schneider,consumer
13871,CUST120530,kristi york,small business
13872,CUST120531,rhonda miller,consumer
13873,CUST120532,andrew young,corporate
13874,CUST120533,kyle pittman,small business
13875,CUST120535,kayla caldwell,consumer
13876,CUST120537,christina mendoza,consumer
13877,CUST120538,robert johnson,consumer
13878,CUST120539,william parker,consumer
13879,CUST120543,dawn brown,consumer
13880,CUST120544,john alvarado,corporate
13881,CUST120545,vicki ellis,consumer
13882,CUST120546,virginia rodriguez,consumer
13883,CUST120547,alisha ewing,corporate
13884,CUST120550,stephanie norton,consumer
13885,CUST120551,mark hampton,small business
13886,CUST120552,john harris,consumer
13887,CUST120554,jermaine andrews,consumer
13888,CUST120555,jason mcclain,consumer
13889,CUST120556,nicholas thompson,consumer
13890,CUST120557,michele chavez,consumer
13891,CUST120559,jennifer acosta,consumer
13892,CUST120560,joseph blair,consumer
13893,CUST120561,angela obrien,consumer
13894,CUST120562,emma turner,consumer
13895,CUST120563,brad christensen,corporate
13896,CUST120564,justin wilson,small business
13897,CUST120565,john briggs,small business
13898,CUST120567,thomas gross,consumer
13899,CUST120569,dr. christine elliott,consumer
13900,CUST120570,scott hogan,consumer
13901,CUST120571,mark francis,consumer
13902,CUST120574,michael martin,consumer
13903,CUST120577,charles ashley,consumer
13904,CUST120578,laurie miller,small business
13905,CUST120579,mrs. alicia daniel dvm,consumer
13906,CUST120581,thomas west,consumer
13907,CUST120582,carlos jackson,consumer
13908,CUST120583,jennifer hernandez,corporate
13909,CUST120584,amy gamble,consumer
13910,CUST120585,brittany smith,small business
13911,CUST120586,kelly hunt,corporate
13912,CUST120588,phillip ross,consumer
13913,CUST120589,pamela hayes,consumer
13914,CUST120590,brittany smith,corporate
13915,CUST120591,travis humphrey,corporate
13916,CUST120592,kristen ramos,consumer
13917,CUST120593,carmen mcfarland,consumer
13918,CUST120594,michelle bailey,corporate
13919,CUST120595,bailey pineda,consumer
13920,CUST120596,christina cardenas,consumer
13921,CUST120597,megan robertson,consumer
13922,CUST120598,paul king,consumer
13923,CUST120599,april ortega,corporate
13924,CUST120601,carol vasquez,corporate
13925,CUST120603,timothy ramirez,consumer
13926,CUST120605,mallory torres,consumer
13927,CUST120608,stephanie petersen,small business
13928,CUST120609,amy harrison,consumer
13929,CUST120611,nicole evans,small business
13930,CUST120612,stephen perez,consumer
13931,CUST120614,roy turner,consumer
13932,CUST120615,dwayne maddox,small business
13933,CUST120616,sherry wagner,consumer
13934,CUST120617,marc hudson,small business
13935,CUST120618,michelle roberts,consumer
13936,CUST120619,erica mendoza,consumer
13937,CUST120620,connor wilson,consumer
13938,CUST120621,peter mcgee,consumer
13939,CUST120622,taylor huerta,corporate
13940,CUST120623,stephanie gates,consumer
13941,CUST120625,samantha woodward,corporate
13942,CUST120626,elizabeth bell,consumer
13943,CUST120629,paul hill,consumer
13944,CUST120630,chelsea moore,corporate
13945,CUST120631,allison cox,consumer
13946,CUST120632,christina conner,small business
13947,CUST120633,theresa schmidt,small business
13948,CUST120635,michael garrison,consumer
13949,CUST120637,casey moore,consumer
13950,CUST120638,dennis white,consumer
13951,CUST120639,mrs. autumn pratt,small business
13952,CUST120640,alvin baker,consumer
13953,CUST120641,kirk alvarez,consumer
13954,CUST120642,jessica hernandez,consumer
13955,CUST120644,sara suarez,consumer
13956,CUST120645,thomas ortega,small business
13957,CUST120646,denise hall,corporate
13958,CUST120650,dana neal,consumer
13959,CUST120651,amber smith,corporate
13960,CUST120652,jennifer snyder,corporate
13961,CUST120655,ana johnson,consumer
13962,CUST120656,sean schultz dvm,corporate
13963,CUST120657,michelle austin,corporate
13964,CUST120658,david garza,consumer
13965,CUST120660,julie bell,small business
13966,CUST120661,samantha wagner,corporate
13967,CUST120662,kenneth hess,consumer
13968,CUST120663,elizabeth simmons,corporate
13969,CUST120664,allison davis,corporate
13970,CUST120667,kenneth singh,corporate
13971,CUST120669,kathleen mckee,corporate
13972,CUST120670,lawrence mendoza,consumer
13973,CUST120671,heather crawford,consumer
13974,CUST120673,stephanie hansen,consumer
13975,CUST120674,crystal knight,consumer
13976,CUST120676,dale hughes,consumer
13977,CUST120677,suzanne lewis,consumer
13978,CUST120678,kimberly chang,consumer
13979,CUST120679,max lang,consumer
13980,CUST120680,gabriella roman,consumer
13981,CUST120687,brenda wilson,corporate
13982,CUST120688,laurie gonzalez,small business
13983,CUST120689,curtis brooks,consumer
13984,CUST120690,kevin holt,consumer
13985,CUST120691,laura turner dds,consumer
13986,CUST120693,david gonzalez,consumer
13987,CUST120694,john bishop,corporate
13988,CUST120695,holly dudley,consumer
13989,CUST120696,karen flores,corporate
13990,CUST120700,zachary navarro,consumer
13991,CUST120701,erica lara,consumer
13992,CUST120703,robert martinez,consumer
13993,CUST120708,william moore,consumer
13994,CUST120709,christian gordon,consumer
13995,CUST120711,tina lopez,consumer
13996,CUST120713,tyler davis,consumer
13997,CUST120714,kellie schmidt,small business
13998,CUST120715,caitlyn mcknight,corporate
13999,CUST120716,tyler bennett,corporate
14000,CUST120718,alison kline,corporate
14001,CUST120719,laura vasquez,corporate
14002,CUST120720,elaine stephens,consumer
14003,CUST120721,laura long,consumer
14004,CUST120722,nicholas palmer,corporate
14005,CUST120723,anna jordan,corporate
14006,CUST120724,jesse crawford,consumer
14007,CUST120725,timothy perez,consumer
14008,CUST120727,stephen baker,small business
14009,CUST120728,kristina williams,corporate
14010,CUST120729,patricia cooper,consumer
14011,CUST120731,kerry williams,consumer
14012,CUST120732,amanda garrett,small business
14013,CUST120733,melissa mueller,consumer
14014,CUST120734,rebecca cunningham,small business
14015,CUST120735,elizabeth scott,small business
14016,CUST120738,courtney perez,consumer
14017,CUST120740,carrie knapp,consumer
14018,CUST120742,sabrina quinn,small business
14019,CUST120744,diane burnett,corporate
14020,CUST120745,eric liu,consumer
14021,CUST120747,victor jefferson,corporate
14022,CUST120749,michael glass,consumer
14023,CUST120750,vernon howard,consumer
14024,CUST120752,joseph yang,consumer
14025,CUST120753,barbara barker,consumer
14026,CUST120754,ronald thompson,consumer
14027,CUST120757,jamie fischer,consumer
14028,CUST120758,rhonda avila,corporate
14029,CUST120759,manuel allen,corporate
14030,CUST120761,david hernandez dds,consumer
14031,CUST120762,pamela alvarado,corporate
14032,CUST120763,tiffany rodriguez,consumer
14033,CUST120765,thomas dalton,corporate
14034,CUST120766,patricia silva,consumer
14035,CUST120768,jennifer ortega,corporate
14036,CUST120769,darlene howard,corporate
14037,CUST120770,joseph porter,consumer
14038,CUST120771,laura thomas,corporate
14039,CUST120772,joseph kirby,consumer
14040,CUST120773,jamie ray,corporate
14041,CUST120775,susan young,consumer
14042,CUST120776,sandra curtis,consumer
14043,CUST120779,steven johnson,corporate
14044,CUST120780,tiffany avila,consumer
14045,CUST120781,molly lopez,corporate
14046,CUST120782,matthew allen,consumer
14047,CUST120783,crystal palmer,consumer
14048,CUST120785,sandra reynolds,corporate
14049,CUST120786,charles duncan,consumer
14050,CUST120789,aaron cain,corporate
14051,CUST120790,guy hart,corporate
14052,CUST120791,paige bennett,consumer
14053,CUST120793,thomas humphrey,corporate
14054,CUST120794,jamie jordan,consumer
14055,CUST120795,brian ramirez,corporate
14056,CUST120796,renee bryant,consumer
14057,CUST120797,bryan smith,consumer
14058,CUST120799,kendra floyd,corporate
14059,CUST120800,michelle ward,consumer
14060,CUST120801,matthew johnson,consumer
14061,CUST120803,david watson,consumer
14062,CUST120804,cindy burke,corporate
14063,CUST120806,alexis williams,corporate
14064,CUST120807,veronica watkins,consumer
14065,CUST120810,kelsey vaughn,consumer
14066,CUST120812,darlene gordon,consumer
14067,CUST120813,matthew taylor,consumer
14068,CUST120814,rita christian,consumer
14069,CUST120815,daniel hall,consumer
14070,CUST120816,ashley brown,consumer
14071,CUST120818,raymond holmes,consumer
14072,CUST120819,thomas frazier md,small business
14073,CUST120820,elizabeth melendez,consumer
14074,CUST120821,cynthia heath,small business
14075,CUST120824,derek santiago,consumer
14076,CUST120825,jordan lyons,small business
14077,CUST120826,john powell,small business
14078,CUST120827,matthew mitchell,consumer
14079,CUST120831,diana bates,corporate
14080,CUST120835,andrew mcdaniel,consumer
14081,CUST120836,roberto daniel,small business
14082,CUST120839,tammy miller,consumer
14083,CUST120840,cheryl miller,small business
14084,CUST120841,joseph silva,small business
14085,CUST120842,jake greer,corporate
14086,CUST120843,david pope,consumer
14087,CUST120844,michael howard,consumer
14088,CUST120845,michael wolf,corporate
14089,CUST120847,keith nichols,consumer
14090,CUST120848,amy wyatt,consumer
14091,CUST120849,jasmine robinson,consumer
14092,CUST120850,deborah gibson,corporate
14093,CUST120851,john holt,consumer
14094,CUST120853,beverly thompson,corporate
14095,CUST120854,benjamin harris,consumer
14096,CUST120855,lydia schaefer,consumer
14097,CUST120856,jessica benitez md,consumer
14098,CUST120857,connie padilla,corporate
14099,CUST120858,phillip wilson,consumer
14100,CUST120859,brandon pitts,consumer
14101,CUST120860,dawn cook,consumer
14102,CUST120861,rebecca king,consumer
14103,CUST120862,julie shelton,consumer
14104,CUST120863,madeline thompson,consumer
14105,CUST120864,ronnie rodriguez,corporate
14106,CUST120865,christopher garner,corporate
14107,CUST120866,jeremy spencer,consumer
14108,CUST120867,robert davis,small business
14109,CUST120869,christy nunez,consumer
14110,CUST120870,eric mercado,consumer
14111,CUST120871,ian camacho,consumer
14112,CUST120872,anthony marshall,consumer
14113,CUST120874,miranda little,small business
14114,CUST120875,whitney garcia,consumer
14115,CUST120876,mr. jeffrey moreno dvm,consumer
14116,CUST120877,jessica davis,consumer
14117,CUST120879,matthew martinez,corporate
14118,CUST120882,michael sullivan,consumer
14119,CUST120889,douglas taylor,consumer
14120,CUST120892,amy davidson,consumer
14121,CUST120893,brittany brady,consumer
14122,CUST120894,austin brady,corporate
14123,CUST120896,douglas smith iv,small business
14124,CUST120897,jonathan sanchez,consumer
14125,CUST120898,virginia buck,consumer
14126,CUST120899,steven walker,consumer
14127,CUST120900,crystal wood,consumer
14128,CUST120901,denise carter,small business
14129,CUST120902,jared lee,corporate
14130,CUST120903,lauren perez,corporate
14131,CUST120904,rose white,corporate
14132,CUST120907,richard lewis,consumer
14133,CUST120910,robin collins,consumer
14134,CUST120913,christine gardner,small business
14135,CUST120916,jerome dougherty,consumer
14136,CUST120917,jill williams,small business
14137,CUST120918,gregory vasquez,consumer
14138,CUST120919,andre gates,consumer
14139,CUST120921,bryan franklin,consumer
14140,CUST120922,brenda allen,consumer
14141,CUST120923,tamara byrd,corporate
14142,CUST120925,robert barrett,small business
14143,CUST120926,joseph deleon,consumer
14144,CUST120927,joseph swanson,corporate
14145,CUST120928,benjamin montes,corporate
14146,CUST120929,jeffrey patton,consumer
14147,CUST120930,darius brown md,consumer
14148,CUST120931,megan crawford,consumer
14149,CUST120933,joseph cantrell,consumer
14150,CUST120934,alexander miller,corporate
14151,CUST120937,john bates,consumer
14152,CUST120938,andrew wood,consumer
14153,CUST120939,krista reed,corporate
14154,CUST120940,walter thomas,consumer
14155,CUST120941,latoya salazar,consumer
14156,CUST120943,anne pratt,consumer
14157,CUST120944,albert miller,consumer
14158,CUST120948,barry fisher,consumer
14159,CUST120950,donald thompson,small business
14160,CUST120951,shannon pham,consumer
14161,CUST120953,christina matthews,corporate
14162,CUST120955,daniel thompson dds,consumer
14163,CUST120956,rebecca ward,consumer
14164,CUST120957,howard donovan,small business
14165,CUST120959,william turner,small business
14166,CUST120961,barry wood,consumer
14167,CUST120964,denise wong,consumer
14168,CUST120965,lisa kline,consumer
14169,CUST120967,mr. gregory hernandez,corporate
14170,CUST120968,samantha brewer,consumer
14171,CUST120969,patricia willis,consumer
14172,CUST120970,pamela norman,consumer
14173,CUST120971,keith reyes,corporate
14174,CUST120972,michele oconnor,consumer
14175,CUST120973,bailey evans,consumer
14176,CUST120976,heather brown,consumer
14177,CUST120977,roberto rodriguez,small business
14178,CUST120980,richard king,consumer
14179,CUST120981,louis mcdonald,corporate
14180,CUST120984,kari calhoun,corporate
14181,CUST120985,tracy wallace,corporate
14182,CUST120987,kelly ruiz,corporate
14183,CUST120988,angela li,consumer
14184,CUST120989,melinda marquez,corporate
14185,CUST120990,sarah martinez,consumer
14186,CUST120991,erin holmes,consumer
14187,CUST120993,beverly walker,small business
14188,CUST120995,patricia barr,consumer
14189,CUST120996,jacob pittman,consumer
14190,CUST120997,kenneth thompson,small business
14191,CUST120998,mikayla armstrong,consumer
14192,CUST120999,matthew hunter,consumer
14193,CUST121005,sabrina chandler,corporate
14194,CUST121006,kari gregory,corporate
14195,CUST121007,patrick macdonald,consumer
14196,CUST121009,christopher murphy,corporate
14197,CUST121010,richard romero,consumer
14198,CUST121011,rebecca taylor,consumer
14199,CUST121013,shawn hall,consumer
14200,CUST121014,james richardson,consumer
14201,CUST121015,rodney williams,corporate
14202,CUST121016,michael browning,consumer
14203,CUST121017,erin wallace,small business
14204,CUST121018,john newman,consumer
14205,CUST121019,ernest nelson,small business
14206,CUST121020,william thompson,corporate
14207,CUST121021,amy vazquez,corporate
14208,CUST121025,rebecca wheeler,consumer
14209,CUST121026,charles smith,corporate
14210,CUST121030,eric campbell,consumer
14211,CUST121032,jeffrey lawrence,consumer
14212,CUST121033,richard faulkner,corporate
14213,CUST121035,james johnston,consumer
14214,CUST121036,rodney shaw,consumer
14215,CUST121037,john howard,corporate
14216,CUST121039,victoria baker,consumer
14217,CUST121040,matthew jackson,consumer
14218,CUST121041,steven stafford,consumer
14219,CUST121043,james rivera,consumer
14220,CUST121045,dominic morrow,corporate
14221,CUST121046,kurt perry,corporate
14222,CUST121047,robert preston,consumer
14223,CUST121048,matthew boyd,consumer
14224,CUST121050,shelby johnston,consumer
14225,CUST121051,gregory montes,consumer
14226,CUST121052,wendy velasquez,consumer
14227,CUST121053,amanda hudson,corporate
14228,CUST121054,brandon kennedy,consumer
14229,CUST121055,susan ray,consumer
14230,CUST121057,amy chavez,small business
14231,CUST121058,mary williams,consumer
14232,CUST121059,jeffrey durham,corporate
14233,CUST121060,john duffy,small business
14234,CUST121061,candace wagner,corporate
14235,CUST121063,todd fowler,consumer
14236,CUST121064,belinda miller,consumer
14237,CUST121065,lauren obrien,consumer
14238,CUST121066,david mitchell,consumer
14239,CUST121068,ryan figueroa,small business
14240,CUST121069,cynthia webster,consumer
14241,CUST121070,valerie todd,consumer
14242,CUST121071,jessica carlson,small business
14243,CUST121072,collin thompson,corporate
14244,CUST121075,rachel sutton,consumer
14245,CUST121076,rachel perkins,small business
14246,CUST121077,richard williams,consumer
14247,CUST121078,scott holmes,consumer
14248,CUST121079,catherine dodson,consumer
14249,CUST121080,travis carter,consumer
14250,CUST121081,maria rose,corporate
14251,CUST121083,mark weaver,consumer
14252,CUST121084,brianna tucker,corporate
14253,CUST121085,alexis sherman,consumer
14254,CUST121086,jordan miller,consumer
14255,CUST121087,mrs. nichole mccann,consumer
14256,CUST121090,robert thomas,consumer
14257,CUST121094,kyle stone,consumer
14258,CUST121095,russell jones,consumer
14259,CUST121096,michelle martinez,consumer
14260,CUST121098,jesse gibson,corporate
14261,CUST121100,spencer chandler,small business
14262,CUST121101,shelby thomas,consumer
14263,CUST121102,steven davis,consumer
14264,CUST121103,mark walton,consumer
14265,CUST121105,ashley king,consumer
14266,CUST121106,james martin,consumer
14267,CUST121107,anna smith,corporate
14268,CUST121110,sheryl reese,consumer
14269,CUST121111,lindsay young,consumer
14270,CUST121112,blake davis,small business
14271,CUST121113,nicole smith,consumer
14272,CUST121114,jennifer ballard,consumer
14273,CUST121115,charles johnson,consumer
14274,CUST121116,michael houston,consumer
14275,CUST121117,edward harding,consumer
14276,CUST121120,gary foster,small business
14277,CUST121121,tammy torres,small business
14278,CUST121123,robert wheeler,corporate
14279,CUST121124,julie clark,consumer
14280,CUST121126,kathleen camacho,consumer
14281,CUST121127,justin petersen,consumer
14282,CUST121128,daniel anderson,corporate
14283,CUST121129,jessica palmer,small business
14284,CUST121130,christopher williams,consumer
14285,CUST121131,matthew werner,corporate
14286,CUST121134,sabrina smith,corporate
14287,CUST121135,wesley francis,corporate
14288,CUST121136,justin santana,corporate
14289,CUST121137,veronica duffy,consumer
14290,CUST121138,samantha reeves,consumer
14291,CUST121139,ashley wright,consumer
14292,CUST121140,casey frey,consumer
14293,CUST121141,melissa heath,corporate
14294,CUST121142,kyle edwards,consumer
14295,CUST121144,tara richard,consumer
14296,CUST121146,pamela perez,consumer
14297,CUST121147,pamela walker,small business
14298,CUST121149,robert martin,consumer
14299,CUST121151,tony williams,corporate
14300,CUST121152,shannon thomas,corporate
14301,CUST121153,ashley smith,consumer
14302,CUST121154,jason hicks,small business
14303,CUST121155,michelle nelson,corporate
14304,CUST121158,michael sawyer,consumer
14305,CUST121160,catherine schneider,consumer
14306,CUST121161,john phillips,corporate
14307,CUST121162,jenna patton,consumer
14308,CUST121164,kevin carrillo,corporate
14309,CUST121166,edward miller,corporate
14310,CUST121167,erika larson,consumer
14311,CUST121168,kimberly davis,consumer
14312,CUST121172,taylor hawkins,corporate
14313,CUST121173,stephen hayes,consumer
14314,CUST121174,eric brown,consumer
14315,CUST121175,clifford montoya,corporate
14316,CUST121177,amy chang,corporate
14317,CUST121178,luke fisher,corporate
14318,CUST121179,zachary morris,consumer
14319,CUST121180,mitchell caldwell,consumer
14320,CUST121181,vanessa williams,corporate
14321,CUST121183,sara hudson,corporate
14322,CUST121184,cindy johnson,corporate
14323,CUST121185,mrs. michelle mercado md,small business
14324,CUST121186,erin little,consumer
14325,CUST121188,john barker,consumer
14326,CUST121190,danielle savage,corporate
14327,CUST121193,tara hancock,corporate
14328,CUST121196,john estes,consumer
14329,CUST121198,michael parker,corporate
14330,CUST121199,robert snyder,consumer
14331,CUST121200,larry bates,small business
14332,CUST121201,pamela turner,consumer
14333,CUST121202,patricia hardy,consumer
14334,CUST121203,pamela anderson,consumer
14335,CUST121205,michael smith,small business
14336,CUST121207,james gutierrez,consumer
14337,CUST121208,michael peterson,consumer
14338,CUST121209,kara molina,consumer
14339,CUST121210,eric hansen,corporate
14340,CUST121212,jorge charles,consumer
14341,CUST121214,jeremy murphy,consumer
14342,CUST121215,kristen lang,consumer
14343,CUST121216,clarence salinas,corporate
14344,CUST121219,kristen gomez,consumer
14345,CUST121220,cynthia george,consumer
14346,CUST121221,chad farmer,consumer
14347,CUST121223,ann peters,consumer
14348,CUST121224,benjamin smith,consumer
14349,CUST121225,sarah griffin,consumer
14350,CUST121226,cynthia davis,consumer
14351,CUST121227,david pope,consumer
14352,CUST121229,jacob jackson,consumer
14353,CUST121230,christina cochran,consumer
14354,CUST121231,melissa scott,corporate
14355,CUST121232,colleen browning,small business
14356,CUST121233,alyssa potts,corporate
14357,CUST121234,kevin sims,consumer
14358,CUST121235,julie luna,small business
14359,CUST121239,cody brown,consumer
14360,CUST121240,bradley friedman,consumer
14361,CUST121241,ashley love,corporate
14362,CUST121242,kevin jacobson,consumer
14363,CUST121243,pamela jordan,small business
14364,CUST121245,raymond orr,corporate
14365,CUST121246,dana turner,consumer
14366,CUST121248,andrew levine,consumer
14367,CUST121252,mary mason,consumer
14368,CUST121258,christopher foster,consumer
14369,CUST121259,bradley munoz,small business
14370,CUST121260,mary perry,consumer
14371,CUST121261,matthew davis,consumer
14372,CUST121262,harold ortega,small business
14373,CUST121263,kathy suarez,consumer
14374,CUST121265,john gill,consumer
14375,CUST121267,jonathan deleon,corporate
14376,CUST121268,andrew rollins,corporate
14377,CUST121269,jose wilson,consumer
14378,CUST121270,janet baxter,consumer
14379,CUST121273,shannon scott,consumer
14380,CUST121274,summer gamble,consumer
14381,CUST121276,david ramirez,corporate
14382,CUST121277,audrey thompson,small business
14383,CUST121278,dalton curtis,consumer
14384,CUST121279,laurie hardy,consumer
14385,CUST121280,jacqueline doyle,corporate
14386,CUST121282,gabriel miller,corporate
14387,CUST121283,nathaniel thomas,consumer
14388,CUST121284,ronald evans,corporate
14389,CUST121285,daniel mann,corporate
14390,CUST121287,jordan mann,corporate
14391,CUST121288,angela brown,consumer
14392,CUST121289,teresa larson,consumer
14393,CUST121290,ryan hanson,small business
14394,CUST121291,john hull,consumer
14395,CUST121292,adam clark,consumer
14396,CUST121293,amy james,consumer
14397,CUST121294,joyce atkins,small business
14398,CUST121295,jonathan hamilton,small business
14399,CUST121296,shannon myers,consumer
14400,CUST121298,antonio acosta,corporate
14401,CUST121300,peter adams,consumer
14402,CUST121301,andrea mullen,consumer
14403,CUST121302,willie terry,consumer
14404,CUST121303,adam yang,consumer
14405,CUST121304,eric hunt,consumer
14406,CUST121306,toni hughes,consumer
14407,CUST121307,roger jenkins,consumer
14408,CUST121309,jacqueline franklin,consumer
14409,CUST121310,bridget macias,consumer
14410,CUST121314,willie martinez,consumer
14411,CUST121316,stephanie jackson,corporate
14412,CUST121317,melissa hudson,consumer
14413,CUST121318,keith king,consumer
14414,CUST121319,charles franklin,consumer
14415,CUST121322,julie fox,corporate
14416,CUST121324,kelly buchanan,small business
14417,CUST121325,rachel richards,consumer
14418,CUST121327,catherine campos,corporate
14419,CUST121328,haley reynolds,consumer
14420,CUST121329,george perez,consumer
14421,CUST121331,dana stevens,consumer
14422,CUST121332,vincent rodriguez,small business
14423,CUST121335,kenneth west,corporate
14424,CUST121336,joseph johnson,consumer
14425,CUST121337,theresa rollins,corporate
14426,CUST121338,nancy brown,consumer
14427,CUST121340,travis bowman,consumer
14428,CUST121341,renee hardin,corporate
14429,CUST121342,andrew jones,consumer
14430,CUST121344,mitchell mahoney,small business
14431,CUST121345,jared matthews,consumer
14432,CUST121347,david anderson,consumer
14433,CUST121349,christopher simpson,consumer
14434,CUST121350,debbie gomez,corporate
14435,CUST121351,amy willis,consumer
14436,CUST121352,stephanie daniels,corporate
14437,CUST121353,mr. william lang,consumer
14438,CUST121354,donna williams,corporate
14439,CUST121355,mark saunders,corporate
14440,CUST121356,denise thomas,small business
14441,CUST121358,john weaver,consumer
14442,CUST121359,renee compton,corporate
14443,CUST121360,lisa bell,consumer
14444,CUST121361,katrina freeman,small business
14445,CUST121362,timothy suarez,consumer
14446,CUST121363,william miller,consumer
14447,CUST121364,james snyder,consumer
14448,CUST121365,calvin thompson,consumer
14449,CUST121366,harold cain,consumer
14450,CUST121367,sandra davis,corporate
14451,CUST121368,brian ferguson,consumer
14452,CUST121369,wayne day,small business
14453,CUST121370,rachel pittman,corporate
14454,CUST121372,jacob harris,consumer
14455,CUST121373,carl wang,consumer
14456,CUST121374,amanda mclaughlin,consumer
14457,CUST121375,gregory brooks,consumer
14458,CUST121376,john wells,consumer
14459,CUST121377,jason holland,consumer
14460,CUST121378,karen white,consumer
14461,CUST121379,dominique morris,consumer
14462,CUST121380,melissa richardson,small business
14463,CUST121381,lindsey james,consumer
14464,CUST121382,benjamin jones,consumer
14465,CUST121386,bridget collins,corporate
14466,CUST121388,tyler smith,consumer
14467,CUST121391,betty lynch,consumer
14468,CUST121392,erik hall iii,consumer
14469,CUST121394,michelle cross,consumer
14470,CUST121395,anthony schmitt,consumer
14471,CUST121396,brandon young,consumer
14472,CUST121397,nicholas sanchez,consumer
14473,CUST121399,alexandra lewis,small business
14474,CUST121401,joshua johnson,consumer
14475,CUST121402,john stewart,consumer
14476,CUST121403,patrick peterson,corporate
14477,CUST121405,stephanie richard,small business
14478,CUST121406,charles jackson,corporate
14479,CUST121407,aaron gonzalez,consumer
14480,CUST121408,robert campbell,small business
14481,CUST121409,erica stephens,consumer
14482,CUST121410,kevin pierce,corporate
14483,CUST121412,angie lee,small business
14484,CUST121413,mr. richard newman,corporate
14485,CUST121414,anthony diaz,consumer
14486,CUST121415,robert white,corporate
14487,CUST121416,holly gomez,consumer
14488,CUST121417,john mason,corporate
14489,CUST121418,michael howard,consumer
14490,CUST121419,paige adams,consumer
14491,CUST121420,rebecca hancock,consumer
14492,CUST121421,bryan duncan,consumer
14493,CUST121422,jeanette nguyen,consumer
14494,CUST121423,charles gomez,consumer
14495,CUST121424,kevin powers,small business
14496,CUST121425,mary cook,corporate
14497,CUST121426,megan shannon dds,corporate
14498,CUST121428,david johnson,consumer
14499,CUST121429,elizabeth jackson,consumer
14500,CUST121430,joshua shaw,consumer
14501,CUST121431,lisa hanson,consumer
14502,CUST121433,jeffrey shepherd,corporate
14503,CUST121434,christie phillips,corporate
14504,CUST121436,tina collins,small business
14505,CUST121437,david hines,consumer
14506,CUST121439,heather townsend,small business
14507,CUST121440,sierra randolph,consumer
14508,CUST121441,denise cochran,consumer
14509,CUST121443,samuel grant,consumer
14510,CUST121444,shannon duran,consumer
14511,CUST121446,peter pearson,consumer
14512,CUST121447,patrick thompson,corporate
14513,CUST121448,ryan fritz,consumer
14514,CUST121449,michael miller,consumer
14515,CUST121451,alison williams,corporate
14516,CUST121454,melissa lee,consumer
14517,CUST121458,kimberly lyons,consumer
14518,CUST121460,peter mendez,consumer
14519,CUST121461,heather davis,consumer
14520,CUST121464,travis adams,corporate
14521,CUST121465,carlos strong,consumer
14522,CUST121467,leslie morgan,consumer
14523,CUST121468,robert phillips,consumer
14524,CUST121470,charles peterson,consumer
14525,CUST121471,andrew jimenez,consumer
14526,CUST121475,isabella walsh,consumer
14527,CUST121477,kristen hampton,small business
14528,CUST121478,michael moyer,consumer
14529,CUST121479,anthony barber,consumer
14530,CUST121480,justin jackson,small business
14531,CUST121481,julie jackson,consumer
14532,CUST121484,miguel cross,consumer
14533,CUST121487,jerry woodward,consumer
14534,CUST121488,cody martin,corporate
14535,CUST121489,christopher harmon,consumer
14536,CUST121490,kyle henson,consumer
14537,CUST121492,mark miller md,small business
14538,CUST121494,bruce holmes,corporate
14539,CUST121495,daniel ross,consumer
14540,CUST121496,eric sanchez,consumer
14541,CUST121497,katie hess,corporate
14542,CUST121498,jennifer smith,consumer
14543,CUST121499,kristin jefferson,consumer
14544,CUST121502,peter chung,consumer
14545,CUST121503,frederick randolph,small business
14546,CUST121504,john williams iii,corporate
14547,CUST121505,brady graham,consumer
14548,CUST121506,jonathan gibson,consumer
14549,CUST121507,daniel frederick,consumer
14550,CUST121508,tracy vazquez,corporate
14551,CUST121509,lance craig,consumer
14552,CUST121510,chelsey cox,consumer
14553,CUST121512,zachary wheeler,small business
14554,CUST121513,tammy johnson,small business
14555,CUST121515,shannon diaz,consumer
14556,CUST121517,david tanner,small business
14557,CUST121518,andrea richmond,small business
14558,CUST121519,brian collins,consumer
14559,CUST121522,nicholas bell,corporate
14560,CUST121523,robert miller,consumer
14561,CUST121525,michael nguyen,corporate
14562,CUST121526,jennifer lin,small business
14563,CUST121527,susan david,small business
14564,CUST121528,dominique taylor,consumer
14565,CUST121529,patrick jones,corporate
14566,CUST121531,steven kelly,small business
14567,CUST121534,taylor bell,consumer
14568,CUST121535,jacqueline malone,small business
14569,CUST121536,benjamin thompson,consumer
14570,CUST121537,mr. david mcdaniel,corporate
14571,CUST121538,james black,consumer
14572,CUST121540,jordan reed,consumer
14573,CUST121543,brandy rojas,consumer
14574,CUST121544,gina cisneros,consumer
14575,CUST121545,tanya kramer,consumer
14576,CUST121546,james watkins,corporate
14577,CUST121547,elizabeth perry,consumer
14578,CUST121548,mr. jeff stone,consumer
14579,CUST121549,elizabeth robinson,small business
14580,CUST121550,james pace,small business
14581,CUST121551,ashley stewart,corporate
14582,CUST121553,anita oconnor,consumer
14583,CUST121554,angela williams,consumer
14584,CUST121556,jeremy kelley,consumer
14585,CUST121558,eric carlson,consumer
14586,CUST121560,david brown,corporate
14587,CUST121564,james west,consumer
14588,CUST121565,sydney martinez,consumer
14589,CUST121566,daniel butler,consumer
14590,CUST121568,courtney white,consumer
14591,CUST121569,savannah bruce,small business
14592,CUST121571,paige hale,consumer
14593,CUST121572,stacy carney,corporate
14594,CUST121575,kathryn briggs,consumer
14595,CUST121576,tyler thompson,corporate
14596,CUST121578,william jacobs,consumer
14597,CUST121582,adrian hammond,consumer
14598,CUST121583,tonya love,consumer
14599,CUST121584,charles brown,corporate
14600,CUST121585,benjamin adams,corporate
14601,CUST121587,robert perez,consumer
14602,CUST121588,scott hall,small business
14603,CUST121591,michele norris,consumer
14604,CUST121593,chelsey kennedy,consumer
14605,CUST121594,garrett hardy,consumer
14606,CUST121597,stacy castro,consumer
14607,CUST121598,cassidy mason,consumer
14608,CUST121601,daniel welch,consumer
14609,CUST121602,mrs. emily randall,corporate
14610,CUST121603,ruben becker,consumer
14611,CUST121605,bill young,consumer
14612,CUST121606,alexander taylor,small business
14613,CUST121607,william armstrong,consumer
14614,CUST121609,stacy johnson,consumer
14615,CUST121611,shelley buchanan,consumer
14616,CUST121612,gina stevenson,consumer
14617,CUST121615,rebecca weber,consumer
14618,CUST121616,christopher wood,consumer
14619,CUST121617,denise marshall,small business
14620,CUST121618,sabrina weaver,consumer
14621,CUST121619,amy dodson,corporate
14622,CUST121620,antonio dunn,consumer
14623,CUST121621,veronica higgins,consumer
14624,CUST121622,mark walker,consumer
14625,CUST121623,jessica barry,consumer
14626,CUST121625,alejandro hogan,small business
14627,CUST121626,michael estrada,consumer
14628,CUST121627,rachel carr,corporate
14629,CUST121628,monica mitchell,consumer
14630,CUST121629,jacob hall,small business
14631,CUST121631,hannah singleton,consumer
14632,CUST121632,ashley mitchell,consumer
14633,CUST121633,kenneth johnson,corporate
14634,CUST121634,michelle hernandez,small business
14635,CUST121635,amy jones,small business
14636,CUST121636,angela henson,consumer
14637,CUST121639,elizabeth white,consumer
14638,CUST121641,jodi brock,consumer
14639,CUST121642,dr. ann sutton,consumer
14640,CUST121643,james pugh,small business
14641,CUST121644,audrey gardner,corporate
14642,CUST121648,john ramirez,consumer
14643,CUST121651,andrea vega,consumer
14644,CUST121652,mr. matthew hoffman,corporate
14645,CUST121653,sheri perkins,consumer
14646,CUST121654,willie moreno,consumer
14647,CUST121656,cheryl pratt,small business
14648,CUST121657,gina woodard,small business
14649,CUST121658,krista lee,consumer
14650,CUST121661,denise velasquez,consumer
14651,CUST121662,rebecca daniels,consumer
14652,CUST121666,jamie brown,corporate
14653,CUST121668,ronald jones,consumer
14654,CUST121669,monica perry,consumer
14655,CUST121670,eric alexander,small business
14656,CUST121672,christopher smith,consumer
14657,CUST121674,grant wilson,consumer
14658,CUST121676,sheila burns,corporate
14659,CUST121677,tiffany robinson,consumer
14660,CUST121679,joseph lewis,consumer
14661,CUST121680,james king,consumer
14662,CUST121681,jennifer oliver,corporate
14663,CUST121682,danielle merritt,consumer
14664,CUST121683,nancy leonard,corporate
14665,CUST121684,tabitha sanford,consumer
14666,CUST121685,angela wright,corporate
14667,CUST121686,charles perez,consumer
14668,CUST121687,james watson,corporate
14669,CUST121689,elizabeth williams,consumer
14670,CUST121690,william patrick,corporate
14671,CUST121694,mary foley,corporate
14672,CUST121697,mr. justin green,corporate
14673,CUST121699,jesus may,consumer
14674,CUST121700,jordan bowman,consumer
14675,CUST121701,mike martin,small business
14676,CUST121702,christopher russell,consumer
14677,CUST121703,matthew phillips,consumer
14678,CUST121704,heather daniels,consumer
14679,CUST121705,alyssa nunez,consumer
14680,CUST121706,amber rose,small business
14681,CUST121707,tristan nash,consumer
14682,CUST121709,monique jones,small business
14683,CUST121711,margaret johnson,consumer
14684,CUST121713,danielle rodriguez,corporate
14685,CUST121716,matthew cooper,corporate
14686,CUST121717,thomas villa,corporate
14687,CUST121718,john lopez,consumer
14688,CUST121719,maria wilson,corporate
14689,CUST121721,john fernandez,small business
14690,CUST121722,melissa combs,consumer
14691,CUST121723,danielle duncan md,consumer
14692,CUST121726,sara davies,consumer
14693,CUST121728,gabriella schultz,corporate
14694,CUST121730,ronald rollins,consumer
14695,CUST121731,travis ramirez,consumer
14696,CUST121733,angelica sims,consumer
14697,CUST121734,jacqueline willis,small business
14698,CUST121738,julia tran,corporate
14699,CUST121740,nathaniel fields,corporate
14700,CUST121744,robert frederick,consumer
14701,CUST121746,elizabeth shea,consumer
14702,CUST121747,emily lambert,small business
14703,CUST121749,robert bennett,corporate
14704,CUST121750,patricia downs,consumer
14705,CUST121751,calvin ward,consumer
14706,CUST121752,jose gonzales,small business
14707,CUST121754,randall daniels,consumer
14708,CUST121756,tyler brooks,consumer
14709,CUST121759,joseph taylor,consumer
14710,CUST121761,jessica johnson,small business
14711,CUST121763,michelle wood,small business
14712,CUST121765,eric palmer,consumer
14713,CUST121766,ryan williams,consumer
14714,CUST121767,patricia burnett,corporate
14715,CUST121768,robert adams,consumer
14716,CUST121770,janet maddox,small business
14717,CUST121771,brian hayes,corporate
14718,CUST121772,debra edwards,consumer
14719,CUST121774,karen klein,small business
14720,CUST121775,sara nelson,consumer
14721,CUST121777,ryan matthews,small business
14722,CUST121779,annette atkinson,consumer
14723,CUST121781,kathleen collier,corporate
14724,CUST121782,phillip caldwell,consumer
14725,CUST121786,daniel espinoza,consumer
14726,CUST121787,richard lee,corporate
14727,CUST121788,taylor price,corporate
14728,CUST121789,raymond johnson,small business
14729,CUST121790,michael phillips,consumer
14730,CUST121791,elaine rice,consumer
14731,CUST121792,johnathan scott,consumer
14732,CUST121795,william reed,small business
14733,CUST121797,erika hawkins,small business
14734,CUST121798,joseph burns,small business
14735,CUST121799,ethan johnson,small business
14736,CUST121801,mark sullivan,small business
14737,CUST121802,douglas tucker,corporate
14738,CUST121803,kathleen smith,corporate
14739,CUST121804,diana ross,consumer
14740,CUST121807,martin walker,small business
14741,CUST121808,paul monroe,small business
14742,CUST121809,dorothy miller,small business
14743,CUST121810,kimberly jones,consumer
14744,CUST121811,michael jacobs,corporate
14745,CUST121812,evan jenkins,small business
14746,CUST121813,stephanie bishop dvm,consumer
14747,CUST121814,alex fox,consumer
14748,CUST121815,brian cardenas,corporate
14749,CUST121817,dakota nguyen,corporate
14750,CUST121820,robert klein,consumer
14751,CUST121821,alan silva,small business
14752,CUST121822,stephanie hughes,consumer
14753,CUST121823,christopher martinez,small business
14754,CUST121824,justin james,corporate
14755,CUST121827,gina rodgers,consumer
14756,CUST121828,julie smith,consumer
14757,CUST121831,deborah vargas,consumer
14758,CUST121832,glenda pearson dds,small business
14759,CUST121833,wendy perez,small business
14760,CUST121835,gregory chen,consumer
14761,CUST121837,justin vega,small business
14762,CUST121838,allison perez,consumer
14763,CUST121839,travis anderson,consumer
14764,CUST121841,cassie hubbard,consumer
14765,CUST121842,cynthia forbes,small business
14766,CUST121843,amanda murphy,consumer
14767,CUST121845,joshua leblanc,small business
14768,CUST121847,christopher lopez,consumer
14769,CUST121848,alexander blair,corporate
14770,CUST121850,kenneth brown,consumer
14771,CUST121851,benjamin hardy,consumer
14772,CUST121853,matthew strong,consumer
14773,CUST121854,lisa sanders,consumer
14774,CUST121855,gregory perez,corporate
14775,CUST121857,jason baker,small business
14776,CUST121858,amy cannon,small business
14777,CUST121859,emily ferguson,corporate
14778,CUST121862,blake cox,consumer
14779,CUST121863,mr. shawn rodriguez,consumer
14780,CUST121864,jessica baker,consumer
14781,CUST121865,terry wilson,consumer
14782,CUST121867,douglas herring,corporate
14783,CUST121869,paula wright,consumer
14784,CUST121870,mark nelson,consumer
14785,CUST121872,christopher williams,consumer
14786,CUST121874,alexander griffin,consumer
14787,CUST121876,frank nash,corporate
14788,CUST121877,cindy avery,consumer
14789,CUST121878,tracey ingram,consumer
14790,CUST121879,joe jones,small business
14791,CUST121881,amber christian,consumer
14792,CUST121882,nicole martinez,small business
14793,CUST121884,candice torres,consumer
14794,CUST121885,charles thompson,corporate
14795,CUST121886,lori hernandez,consumer
14796,CUST121887,christina webb,consumer
14797,CUST121888,kristin thompson,corporate
14798,CUST121889,jamie lowe,consumer
14799,CUST121890,jessica mills,consumer
14800,CUST121891,elizabeth clark,consumer
14801,CUST121892,john kelley,consumer
14802,CUST121893,kayla serrano,consumer
14803,CUST121895,mark horne,consumer
14804,CUST121899,james richardson,corporate
14805,CUST121900,william wilkins,small business
14806,CUST121903,steven stewart,corporate
14807,CUST121905,kim stout,consumer
14808,CUST121906,debra richardson,consumer
14809,CUST121907,bradley dominguez,consumer
14810,CUST121908,allison middleton,consumer
14811,CUST121909,scott boyer,corporate
14812,CUST121911,audrey hamilton,consumer
14813,CUST121913,katelyn moore,consumer
14814,CUST121914,joshua howard,consumer
14815,CUST121915,matthew scott,consumer
14816,CUST121918,diane moreno,consumer
14817,CUST121920,joshua sanders,consumer
14818,CUST121921,christopher cain,consumer
14819,CUST121923,kenneth smith,corporate
14820,CUST121926,russell bell,consumer
14821,CUST121931,roy levine,consumer
14822,CUST121933,jeffrey gentry,consumer
14823,CUST121935,heather mclaughlin,corporate
14824,CUST121937,stephanie mcclain,consumer
14825,CUST121938,laurie johnson,corporate
14826,CUST121939,thomas brown,corporate
14827,CUST121940,victoria king,consumer
14828,CUST121946,heather mooney,small business
14829,CUST121947,rose martinez,corporate
14830,CUST121949,rhonda aguilar,consumer
14831,CUST121950,sherry fox,corporate
14832,CUST121952,karen marsh,consumer
14833,CUST121954,john mccoy,corporate
14834,CUST121955,penny mitchell,consumer
14835,CUST121957,tracy burton,consumer
14836,CUST121958,erica jones,consumer
14837,CUST121959,courtney oneal,corporate
14838,CUST121960,rachel mendoza,small business
14839,CUST121962,jennifer richardson,consumer
14840,CUST121963,sylvia johns,corporate
14841,CUST121966,samuel lambert,consumer
14842,CUST121969,john rodgers,consumer
14843,CUST121970,amanda eaton,consumer
14844,CUST121971,larry burke,small business
14845,CUST121973,stephen johnson,consumer
14846,CUST121974,peter carrillo,consumer
14847,CUST121978,stephanie bishop,consumer
14848,CUST121979,david lee,corporate
14849,CUST121980,andrew taylor,small business
14850,CUST121983,lori reid,consumer
14851,CUST121984,justin murillo,consumer
14852,CUST121986,juan hernandez,corporate
14853,CUST121987,cynthia gilbert,consumer
14854,CUST121988,jim abbott,consumer
14855,CUST121989,margaret thompson,consumer
14856,CUST121993,laura harris,corporate
14857,CUST121995,kathy williams,consumer
14858,CUST121996,timothy medina,corporate
14859,CUST121997,dana daniels,consumer
14860,CUST121999,angela woods,consumer
14861,CUST122000,michael howard,corporate
14862,CUST122001,kimberly tanner dds,consumer
14863,CUST122006,jason oconnell,consumer
14864,CUST122007,tracy mckinney,corporate
14865,CUST122009,mr. darren duncan md,consumer
14866,CUST122010,cheryl davis,corporate
14867,CUST122012,jessica johnson,consumer
14868,CUST122014,vanessa myers,small business
14869,CUST122015,nancy davis,consumer
14870,CUST122016,ryan mack,consumer
14871,CUST122017,richard silva,consumer
14872,CUST122018,scott sutton,corporate
14873,CUST122019,dana simpson,consumer
14874,CUST122021,ashley lee,consumer
14875,CUST122022,ashley ramirez,consumer
14876,CUST122023,mr. michael bradley,consumer
14877,CUST122024,howard davis,consumer
14878,CUST122026,philip cole,corporate
14879,CUST122027,kimberly austin,consumer
14880,CUST122028,jack nash,corporate
14881,CUST122029,thomas davis,consumer
14882,CUST122030,eric brooks,corporate
14883,CUST122031,john foster,consumer
14884,CUST122032,ashley king,consumer
14885,CUST122033,angela green,small business
14886,CUST122035,angela york,consumer
14887,CUST122036,david joseph,consumer
14888,CUST122038,terrence pena,consumer
14889,CUST122039,james martinez,corporate
14890,CUST122040,katie wilkerson,consumer
14891,CUST122042,christie ferguson,consumer
14892,CUST122043,vickie flores,consumer
14893,CUST122044,russell johnson,consumer
14894,CUST122045,marc rhodes,corporate
14895,CUST122046,karen stevenson,small business
14896,CUST122048,david baker,consumer
14897,CUST122049,kylie banks,consumer
14898,CUST122050,robin hunt,small business
14899,CUST122053,megan smith,consumer
14900,CUST122054,courtney terry,consumer
14901,CUST122055,christopher rodriguez,corporate
14902,CUST122056,charles jimenez,consumer
14903,CUST122057,judy king,consumer
14904,CUST122058,gregory vance,corporate
14905,CUST122059,janet sanders,corporate
14906,CUST122060,karen cabrera,consumer
14907,CUST122063,lance stevens,corporate
14908,CUST122064,diane johnson,consumer
14909,CUST122067,matthew zhang,small business
14910,CUST122068,alexis bradley,corporate
14911,CUST122069,lynn rivera,consumer
14912,CUST122070,heather morgan,consumer
14913,CUST122071,kelly johnson,consumer
14914,CUST122073,jacob fischer,consumer
14915,CUST122076,janet hill,consumer
14916,CUST122077,thomas harris,corporate
14917,CUST122079,tara james,consumer
14918,CUST122081,peter long,corporate
14919,CUST122082,michelle castro,small business
14920,CUST122083,theresa gonzales,consumer
14921,CUST122084,john watson,consumer
14922,CUST122085,adam jimenez,small business
14923,CUST122087,keith murphy,corporate
14924,CUST122088,david garcia,consumer
14925,CUST122089,rebecca dominguez,consumer
14926,CUST122090,jessica welch,corporate
14927,CUST122093,marcus parker,consumer
14928,CUST122094,michelle reed,consumer
14929,CUST122095,anthony hill,consumer
14930,CUST122096,patricia williams,corporate
14931,CUST122097,carlos newman,corporate
14932,CUST122098,john hall,corporate
14933,CUST122100,lisa white,corporate
14934,CUST122102,gary cox,small business
14935,CUST122103,melanie johnson,corporate
14936,CUST122104,chad phillips,consumer
14937,CUST122105,barry ware,consumer
14938,CUST122106,joseph white,consumer
14939,CUST122107,rachel jones,consumer
14940,CUST122108,anna conner,small business
14941,CUST122109,heather johnson,consumer
14942,CUST122110,lisa smith,corporate
14943,CUST122112,jared english,corporate
14944,CUST122114,victoria jones,corporate
14945,CUST122117,tracy mcgrath,small business
14946,CUST122123,jonathan ramirez,consumer
14947,CUST122124,susan kidd,consumer
14948,CUST122125,robert wilson,corporate
14949,CUST122130,todd murray,consumer
14950,CUST122131,allison santiago,consumer
14951,CUST122134,robin cox,consumer
14952,CUST122137,spencer carter,consumer
14953,CUST122138,debra estrada,consumer
14954,CUST122139,gary flores,consumer
14955,CUST122142,keith cruz,corporate
14956,CUST122143,joseph lane,corporate
14957,CUST122144,sandra davis,consumer
14958,CUST122145,shawn waller,consumer
14959,CUST122146,carolyn miller dds,small business
14960,CUST122150,joseph robbins,corporate
14961,CUST122151,joel hansen,consumer
14962,CUST122152,randall brown,consumer
14963,CUST122153,michael wright,corporate
14964,CUST122154,ryan harmon,corporate
14965,CUST122156,david gill,consumer
14966,CUST122157,brad gonzalez,consumer
14967,CUST122158,andrew bass,small business
14968,CUST122161,john thornton,consumer
14969,CUST122162,travis patterson,consumer
14970,CUST122163,matthew vazquez,corporate
14971,CUST122164,joshua collins,consumer
14972,CUST122165,vanessa snyder,consumer
14973,CUST122166,curtis jones,consumer
14974,CUST122167,rebecca smith,consumer
14975,CUST122169,charles george,consumer
14976,CUST122172,nicole martinez,consumer
14977,CUST122174,terry mckenzie,corporate
14978,CUST122175,alyssa jackson,small business
14979,CUST122176,linda yang,consumer
14980,CUST122177,carolyn fields,consumer
14981,CUST122178,anna garza,consumer
14982,CUST122179,thomas munoz,consumer
14983,CUST122180,james obrien,small business
14984,CUST122181,jeffrey newton,small business
14985,CUST122182,tyrone nguyen,consumer
14986,CUST122183,kathryn mayo,consumer
14987,CUST122184,michelle ruiz,consumer
14988,CUST122185,laura cohen,consumer
14989,CUST122187,jason moody,consumer
14990,CUST122188,kelly walker,corporate
14991,CUST122189,kaitlyn herring dvm,small business
14992,CUST122190,christina white,small business
14993,CUST122191,matthew lawson,small business
14994,CUST122197,anthony padilla,consumer
14995,CUST122198,kathy nelson dds,consumer
14996,CUST122201,ashley roberts,small business
14997,CUST122202,miss jennifer garcia,consumer
14998,CUST122203,theresa reyes,consumer
14999,CUST122204,lawrence guerrero,small business
15000,CUST122205,tammy kelly,consumer
15001,CUST122206,patrick dougherty,consumer
15002,CUST122207,crystal burton,small business
15003,CUST122209,heather moses,consumer
15004,CUST122210,jeremy williams,small business
15005,CUST122211,kevin smith md,consumer
15006,CUST122212,andrea bolton,consumer
15007,CUST122213,jared davidson,corporate
15008,CUST122215,juan anderson,corporate
15009,CUST122217,wayne mays,consumer
15010,CUST122219,ashley valencia,consumer
15011,CUST122222,robin scott,consumer
15012,CUST122224,kelsey gonzalez,consumer
15013,CUST122225,paul murray,consumer
15014,CUST122226,stephanie bailey,corporate
15015,CUST122228,andrew shaffer,consumer
15016,CUST122229,sherry bridges,small business
15017,CUST122231,steve solis,consumer
15018,CUST122232,thomas moore,corporate
15019,CUST122233,michael rivera,consumer
15020,CUST122234,douglas rios,consumer
15021,CUST122235,devin collins,consumer
15022,CUST122237,kevin nichols,corporate
15023,CUST122238,joseph edwards,consumer
15024,CUST122239,maurice spencer,small business
15025,CUST122240,robert ramirez,corporate
15026,CUST122241,jonathan campbell,consumer
15027,CUST122243,olivia fisher,corporate
15028,CUST122245,sandra martin,consumer
15029,CUST122246,kevin hughes,consumer
15030,CUST122248,matthew scott,consumer
15031,CUST122250,rose ward,consumer
15032,CUST122251,chelsea george,consumer
15033,CUST122252,ronald simmons,consumer
15034,CUST122256,alice thomas,corporate
15035,CUST122257,kristin cooper,consumer
15036,CUST122258,melvin santos,consumer
15037,CUST122259,casey moore,consumer
15038,CUST122262,heidi webb,corporate
15039,CUST122263,peggy collins,corporate
15040,CUST122264,robert allen,consumer
15041,CUST122265,anne johnson,consumer
15042,CUST122266,sabrina martin,consumer
15043,CUST122267,heather weber,consumer
15044,CUST122269,tony romero,corporate
15045,CUST122270,michele herman,consumer
15046,CUST122271,sandra smith md,consumer
15047,CUST122274,patricia collins,consumer
15048,CUST122275,jasmine smith,small business
15049,CUST122276,miguel peterson,consumer
15050,CUST122279,charles cole,consumer
15051,CUST122281,david hartman,consumer
15052,CUST122282,alexander thomas,consumer
15053,CUST122284,rita schultz,consumer
15054,CUST122286,andrew werner md,consumer
15055,CUST122288,lindsay franklin,corporate
15056,CUST122290,sheryl jordan dds,corporate
15057,CUST122291,william cline,small business
15058,CUST122293,cory nguyen,consumer
15059,CUST122294,kelly maldonado,consumer
15060,CUST122295,david alvarado,small business
15061,CUST122297,colleen bush,corporate
15062,CUST122298,sheila ortega,corporate
15063,CUST122299,eugene diaz,corporate
15064,CUST122300,thomas sanchez,consumer
15065,CUST122301,nancy jones,small business
15066,CUST122302,marc hunter,corporate
15067,CUST122303,nicholas warren,consumer
15068,CUST122304,julie scott,small business
15069,CUST122305,christopher schmidt,consumer
15070,CUST122306,amber rocha,consumer
15071,CUST122308,victoria wong,corporate
15072,CUST122309,mr. andrew ortega,consumer
15073,CUST122310,erika mooney,consumer
15074,CUST122312,donna mason,corporate
15075,CUST122313,nicole zimmerman,consumer
15076,CUST122314,christian phillips,consumer
15077,CUST122315,daniel brown,corporate
15078,CUST122316,yvonne shepard,consumer
15079,CUST122317,ashley simmons,consumer
15080,CUST122318,phillip lopez,consumer
15081,CUST122319,jordan green,corporate
15082,CUST122320,kristi myers,consumer
15083,CUST122321,james marshall,small business
15084,CUST122323,brittany mendez,consumer
15085,CUST122324,roger andrade,consumer
15086,CUST122327,leah watts,small business
15087,CUST122328,sherri moore,consumer
15088,CUST122329,william green,corporate
15089,CUST122330,kelsey osborn,small business
15090,CUST122331,shannon middleton,corporate
15091,CUST122332,ethan christensen,small business
15092,CUST122335,kelly arellano,corporate
15093,CUST122337,morgan martinez,consumer
15094,CUST122338,david white,consumer
15095,CUST122340,rhonda nguyen,consumer
15096,CUST122343,laura walker dds,small business
15097,CUST122345,linda bolton,small business
15098,CUST122346,brian nichols,corporate
15099,CUST122348,sean sandoval,corporate
15100,CUST122349,noah reynolds,consumer
15101,CUST122351,john myers,corporate
15102,CUST122352,aaron moore,consumer
15103,CUST122353,raymond key,consumer
15104,CUST122354,mark proctor,consumer
15105,CUST122356,lance sweeney,consumer
15106,CUST122357,lisa garcia,consumer
15107,CUST122359,cody pearson,consumer
15108,CUST122360,courtney hays,consumer
15109,CUST122361,amy smith,consumer
15110,CUST122362,nancy woodard,consumer
15111,CUST122366,nicole morgan,small business
15112,CUST122367,gary casey,corporate
15113,CUST122368,kyle cortez,consumer
15114,CUST122370,linda blanchard,consumer
15115,CUST122371,christy riley,consumer
15116,CUST122372,christine richard,consumer
15117,CUST122373,jesus bailey,small business
15118,CUST122375,andrea nichols,consumer
15119,CUST122376,chad coleman,consumer
15120,CUST122377,alejandro blackburn,corporate
15121,CUST122378,wendy foster,small business
15122,CUST122381,michael taylor,consumer
15123,CUST122383,courtney ramsey,consumer
15124,CUST122384,kelly marshall,consumer
15125,CUST122385,david smith,consumer
15126,CUST122386,curtis castaneda,consumer
15127,CUST122387,margaret patterson,consumer
15128,CUST122390,samuel sharp,consumer
15129,CUST122391,victoria williamson,consumer
15130,CUST122393,andrew tran,consumer
15131,CUST122394,heidi holmes,consumer
15132,CUST122395,micheal harper,consumer
15133,CUST122396,brent rodriguez,small business
15134,CUST122397,cristina lewis,corporate
15135,CUST122399,tracy martinez,corporate
15136,CUST122400,julia henson,consumer
15137,CUST122402,peter mclean,consumer
15138,CUST122406,courtney smith dds,corporate
15139,CUST122407,scott schroeder,consumer
15140,CUST122408,joel crawford,consumer
15141,CUST122410,james bishop,corporate
15142,CUST122412,julie reed,consumer
15143,CUST122414,jared hodge,consumer
15144,CUST122415,thomas blackburn,consumer
15145,CUST122416,sheila mason,consumer
15146,CUST122417,matthew allen,consumer
15147,CUST122418,jennifer bradley,consumer
15148,CUST122420,susan riggs,consumer
15149,CUST122421,micheal gregory,consumer
15150,CUST122422,colin carey,consumer
15151,CUST122423,gary jones,small business
15152,CUST122424,mrs. wendy walters,small business
15153,CUST122427,lisa greer,corporate
15154,CUST122428,maxwell ellis,corporate
15155,CUST122430,david jensen,consumer
15156,CUST122433,jason mcguire,consumer
15157,CUST122434,angela phillips,consumer
15158,CUST122437,malik conway,consumer
15159,CUST122438,leslie wilson,consumer
15160,CUST122441,maria wiley,corporate
15161,CUST122442,alexander johns,consumer
15162,CUST122443,susan johnson,consumer
15163,CUST122444,sandy clark,corporate
15164,CUST122445,stacey escobar,consumer
15165,CUST122447,connie garcia,consumer
15166,CUST122449,sarah cross,consumer
15167,CUST122450,julia duarte,small business
15168,CUST122452,paula orozco,small business
15169,CUST122455,diana becker,small business
15170,CUST122456,kerri hodges,consumer
15171,CUST122458,joan frey,small business
15172,CUST122461,crystal smith,consumer
15173,CUST122464,jimmy jones,consumer
15174,CUST122468,tamara dunn,corporate
15175,CUST122469,tracy johnson,corporate
15176,CUST122471,todd young,consumer
15177,CUST122472,erica oconnell,consumer
15178,CUST122473,hannah davila,small business
15179,CUST122474,dylan johnson,corporate
15180,CUST122477,teresa jones,corporate
15181,CUST122478,terrance shaw,corporate
15182,CUST122481,robert payne,corporate
15183,CUST122482,timothy roberts,consumer
15184,CUST122483,tracy zamora,consumer
15185,CUST122486,jason adams,consumer
15186,CUST122489,jesse morris,consumer
15187,CUST122491,debra perkins,corporate
15188,CUST122493,matthew smith,consumer
15189,CUST122495,angel levy,corporate
15190,CUST122496,mr. eric jimenez,corporate
15191,CUST122497,rachel nicholson,consumer
15192,CUST122498,abigail coleman,consumer
15193,CUST122499,molly shelton,corporate
15194,CUST122501,tina hanna,small business
15195,CUST122502,bernard houston,small business
15196,CUST122504,roger cochran,small business
15197,CUST122506,kathy harris,consumer
15198,CUST122509,mary ray,consumer
15199,CUST122510,caleb garza,consumer
15200,CUST122511,jeffrey lambert,consumer
15201,CUST122514,joshua kelly,consumer
15202,CUST122515,diana smith,consumer
15203,CUST122516,randy merritt,consumer
15204,CUST122517,valerie pena,corporate
15205,CUST122518,ryan robertson,corporate
15206,CUST122521,robert sawyer,consumer
15207,CUST122522,trevor garcia,consumer
15208,CUST122525,christopher adams,small business
15209,CUST122526,lucas moran md,consumer
15210,CUST122527,jon jackson,corporate
15211,CUST122528,james russo,corporate
15212,CUST122529,sonia price,small business
15213,CUST122530,victoria hull,consumer
15214,CUST122532,brian richardson,corporate
15215,CUST122533,anthony moore,consumer
15216,CUST122534,jeffrey cain,consumer
15217,CUST122535,jonathan blankenship,corporate
15218,CUST122537,daisy johnson,consumer
15219,CUST122540,robyn davis,consumer
15220,CUST122541,robin hudson,small business
15221,CUST122543,brian ward,consumer
15222,CUST122544,natalie allen,consumer
15223,CUST122545,crystal rodriguez,small business
15224,CUST122548,derek miller jr.,corporate
15225,CUST122549,lee king,corporate
15226,CUST122550,david wilkinson,consumer
15227,CUST122552,margaret ramos,small business
15228,CUST122553,barbara glenn,corporate
15229,CUST122555,debra jackson,corporate
15230,CUST122557,ricky bell,consumer
15231,CUST122558,larry prince,corporate
15232,CUST122559,james rios,consumer
15233,CUST122560,amber davis,corporate
15234,CUST122561,robert davis,consumer
15235,CUST122563,sarah key,corporate
15236,CUST122564,debra long,corporate
15237,CUST122565,bruce duarte,consumer
15238,CUST122567,cynthia smith,consumer
15239,CUST122568,francisco griffin,consumer
15240,CUST122569,valerie hernandez,consumer
15241,CUST122570,brent randolph,corporate
15242,CUST122571,david padilla,small business
15243,CUST122573,kimberly rodriguez,consumer
15244,CUST122574,craig huber,consumer
15245,CUST122576,teresa reilly,corporate
15246,CUST122577,karl cross,consumer
15247,CUST122579,adam stevens,consumer
15248,CUST122581,kimberly khan,consumer
15249,CUST122582,paul mendoza,consumer
15250,CUST122583,jennifer ortiz,corporate
15251,CUST122584,deborah kerr,corporate
15252,CUST122585,robin tran,consumer
15253,CUST122587,teresa house,consumer
15254,CUST122590,caroline buchanan,consumer
15255,CUST122592,justin patel,consumer
15256,CUST122593,anthony brooks,small business
15257,CUST122594,tina rowe,consumer
15258,CUST122598,angela duran,small business
15259,CUST122600,regina bradley,small business
15260,CUST122601,shirley austin,consumer
15261,CUST122602,zachary wilson,consumer
15262,CUST122604,kyle lin,corporate
15263,CUST122605,david fox,consumer
15264,CUST122607,ashley george,consumer
15265,CUST122608,leslie norris,consumer
15266,CUST122610,elizabeth wright,consumer
15267,CUST122611,mr. mason phillips dds,consumer
15268,CUST122612,chad zamora,small business
15269,CUST122615,dominique davis,consumer
15270,CUST122616,clifford cooper,small business
15271,CUST122618,norma miller,corporate
15272,CUST122619,alyssa jennings,corporate
15273,CUST122620,nancy richards,small business
15274,CUST122622,james johnson,corporate
15275,CUST122623,adam becker,consumer
15276,CUST122624,kevin stephens,consumer
15277,CUST122625,shannon faulkner,consumer
15278,CUST122626,christy jones,corporate
15279,CUST122627,tommy travis,consumer
15280,CUST122628,joseph austin,consumer
15281,CUST122629,deborah bennett,consumer
15282,CUST122633,gregory davis,consumer
15283,CUST122635,deborah simpson,consumer
15284,CUST122636,edward rivera,corporate
15285,CUST122637,miguel brock,consumer
15286,CUST122639,leroy robinson,consumer
15287,CUST122640,david martinez,corporate
15288,CUST122641,denise bush,small business
15289,CUST122642,paul gibson,consumer
15290,CUST122643,jeremy taylor,consumer
15291,CUST122644,christopher davis,corporate
15292,CUST122645,timothy padilla,consumer
15293,CUST122648,samantha jones,corporate
15294,CUST122649,zachary jones,consumer
15295,CUST122650,michael smith,corporate
15296,CUST122651,melissa garcia,corporate
15297,CUST122653,joshua campbell,consumer
15298,CUST122654,lauren jones,consumer
15299,CUST122658,alexandra palmer,consumer
15300,CUST122660,james brown,small business
15301,CUST122661,amanda fields,corporate
15302,CUST122665,kimberly daniels,small business
15303,CUST122667,michael garcia,small business
15304,CUST122669,david hurley,consumer
15305,CUST122670,carmen ashley,consumer
15306,CUST122672,glenda faulkner,consumer
15307,CUST122675,eric klein,consumer
15308,CUST122676,laura morgan,consumer
15309,CUST122678,diana padilla,small business
15310,CUST122680,jamie miller,consumer
15311,CUST122681,bobby barrett,corporate
15312,CUST122685,sean davila,consumer
15313,CUST122686,steven melton,small business
15314,CUST122687,john adams,consumer
15315,CUST122688,grant larson,consumer
15316,CUST122691,christopher castillo,corporate
15317,CUST122692,erin mathews,consumer
15318,CUST122694,matthew duke,consumer
15319,CUST122695,nancy wong,consumer
15320,CUST122697,michelle dean,consumer
15321,CUST122698,lisa roberts,corporate
15322,CUST122699,nathan mccall,small business
15323,CUST122700,joseph rose,consumer
15324,CUST122701,kayla henson,small business
15325,CUST122703,leslie todd,corporate
15326,CUST122705,brandon smith,consumer
15327,CUST122706,stephen goodwin,corporate
15328,CUST122708,fernando larsen,corporate
15329,CUST122711,renee rodriguez,consumer
15330,CUST122712,felicia erickson,corporate
15331,CUST122713,lori vaughn,corporate
15332,CUST122715,scott walters,consumer
15333,CUST122716,mitchell lee,consumer
15334,CUST122717,jessica lewis,corporate
15335,CUST122718,joseph sawyer,corporate
15336,CUST122721,shannon white,corporate
15337,CUST122722,kevin wallace,consumer
15338,CUST122724,sean ford,small business
15339,CUST122725,karen price,corporate
15340,CUST122726,mr. robert hess,small business
15341,CUST122727,richard james,corporate
15342,CUST122728,steven robertson,consumer
15343,CUST122730,andrew lee,consumer
15344,CUST122732,darren benton,consumer
15345,CUST122733,ashley shaw,consumer
15346,CUST122734,jason huffman,consumer
15347,CUST122735,nathan spears,corporate
15348,CUST122736,nancy anderson,consumer
15349,CUST122737,peter knight md,consumer
15350,CUST122738,kara jones,small business
15351,CUST122740,eric shaw,corporate
15352,CUST122741,shirley evans,consumer
15353,CUST122742,glenn trevino,consumer
15354,CUST122744,walter davis,corporate
15355,CUST122747,anna lewis,consumer
15356,CUST122748,lisa cervantes,corporate
15357,CUST122749,isaac osborn,corporate
15358,CUST122750,holly lewis,consumer
15359,CUST122751,brian harvey,corporate
15360,CUST122752,kristie mathews,corporate
15361,CUST122754,monica hudson,consumer
15362,CUST122755,karen crawford,corporate
15363,CUST122756,hunter hayden,consumer
15364,CUST122757,anthony neal,consumer
15365,CUST122758,todd leonard,consumer
15366,CUST122759,jeffrey miller,consumer
15367,CUST122760,micheal oneal,consumer
15368,CUST122765,johnathan porter,corporate
15369,CUST122767,jordan benton,corporate
15370,CUST122770,susan turner,small business
15371,CUST122771,amy hall,consumer
15372,CUST122773,jessica david,consumer
15373,CUST122777,tina francis,corporate
15374,CUST122778,monica pham,corporate
15375,CUST122779,madison leonard md,consumer
15376,CUST122780,julie thomas,consumer
15377,CUST122781,jodi smith,consumer
15378,CUST122783,sara parsons,corporate
15379,CUST122784,nancy chandler,small business
15380,CUST122785,travis ramsey,consumer
15381,CUST122786,mary meyer,consumer
15382,CUST122788,veronica hogan,corporate
15383,CUST122789,marc medina,small business
15384,CUST122790,ryan alexander,small business
15385,CUST122791,anthony carpenter,small business
15386,CUST122792,john pierce,consumer
15387,CUST122793,paula powell,consumer
15388,CUST122794,samantha carroll,corporate
15389,CUST122795,michael pham,consumer
15390,CUST122799,alicia blackwell,consumer
15391,CUST122800,mrs. melinda butler dds,consumer
15392,CUST122801,nicole richardson,consumer
15393,CUST122802,allison wilson,consumer
15394,CUST122803,theresa becker,corporate
15395,CUST122804,lisa jackson,consumer
15396,CUST122805,jennifer flores md,small business
15397,CUST122810,sheila lynch,corporate
15398,CUST122811,joanna lucero,corporate
15399,CUST122814,bryan jones,consumer
15400,CUST122815,cindy martinez,small business
15401,CUST122816,brent thomas,consumer
15402,CUST122817,michael duke,consumer
15403,CUST122818,kathleen anderson,consumer
15404,CUST122822,dwayne bell,consumer
15405,CUST122823,lucas franklin,consumer
15406,CUST122824,jeremy sharp,small business
15407,CUST122825,dana mccall,consumer
15408,CUST122828,mrs. cheryl novak,consumer
15409,CUST122830,joshua reyes,consumer
15410,CUST122831,joseph garcia,consumer
15411,CUST122832,brittney swanson,corporate
15412,CUST122833,christopher wells,consumer
15413,CUST122836,daniel carter,consumer
15414,CUST122837,jenna diaz,consumer
15415,CUST122839,connie miller,corporate
15416,CUST122840,sean ortiz,consumer
15417,CUST122842,joan harris,consumer
15418,CUST122843,lindsey proctor,corporate
15419,CUST122844,adam cannon,consumer
15420,CUST122848,heather graham,corporate
15421,CUST122849,jason alvarado,corporate
15422,CUST122851,peter simpson,consumer
15423,CUST122852,jeremy rowe,corporate
15424,CUST122854,benjamin lopez,consumer
15425,CUST122855,martha smith,consumer
15426,CUST122856,john glenn,consumer
15427,CUST122857,chelsea melton,consumer
15428,CUST122859,jay king,consumer
15429,CUST122860,james smith,corporate
15430,CUST122861,matthew perry,small business
15431,CUST122862,joseph fisher,consumer
15432,CUST122863,lisa warren,consumer
15433,CUST122867,johnny cox,consumer
15434,CUST122868,anita king,consumer
15435,CUST122869,randy simpson,consumer
15436,CUST122870,eric cochran,consumer
15437,CUST122871,jennifer hill,corporate
15438,CUST122872,kimberly robinson,consumer
15439,CUST122873,christopher riddle,consumer
15440,CUST122874,jennifer fitzgerald,corporate
15441,CUST122875,robert gutierrez,small business
15442,CUST122876,norman brown,consumer
15443,CUST122877,alicia hernandez,consumer
15444,CUST122878,jerry dillon,consumer
15445,CUST122880,catherine montgomery,consumer
15446,CUST122881,logan velez,consumer
15447,CUST122882,matthew franklin,consumer
15448,CUST122883,benjamin johnson,corporate
15449,CUST122884,louis knight,consumer
15450,CUST122886,patricia black,consumer
15451,CUST122889,kimberly townsend,consumer
15452,CUST122891,elizabeth adams,consumer
15453,CUST122892,laura wells,consumer
15454,CUST122893,nicole terry,consumer
15455,CUST122894,casey mcdonald,consumer
15456,CUST122895,corey grant,small business
15457,CUST122896,donna williams,consumer
15458,CUST122897,scott graham,consumer
15459,CUST122898,michele branch,small business
15460,CUST122899,andrea love,corporate
15461,CUST122901,cory larson,small business
15462,CUST122903,daniel steele,corporate
15463,CUST122905,jose hammond,consumer
15464,CUST122906,joshua lindsey,consumer
15465,CUST122908,erin lee,consumer
15466,CUST122909,chad higgins,small business
15467,CUST122910,emily ortega,consumer
15468,CUST122911,tina miller,consumer
15469,CUST122912,stephen castro,corporate
15470,CUST122913,dennis galloway,corporate
15471,CUST122917,james kaufman,consumer
15472,CUST122918,whitney hess,small business
15473,CUST122919,tara osborne,consumer
15474,CUST122920,ian gay,consumer
15475,CUST122921,alexis wang,corporate
15476,CUST122922,christie freeman,small business
15477,CUST122923,angela johnson,consumer
15478,CUST122924,james wallace,consumer
15479,CUST122926,bradley cummings,consumer
15480,CUST122928,kimberly wallace,consumer
15481,CUST122929,anna bradshaw,consumer
15482,CUST122930,joshua anderson,consumer
15483,CUST122931,lori blankenship,corporate
15484,CUST122932,molly price,consumer
15485,CUST122933,pamela bradford,consumer
15486,CUST122934,danielle harper,consumer
15487,CUST122935,kristie graham,consumer
15488,CUST122936,mark fuentes,consumer
15489,CUST122937,kenneth brown,corporate
15490,CUST122938,emily jackson,small business
15491,CUST122939,xavier holt,consumer
15492,CUST122941,albert pham,small business
15493,CUST122942,james cisneros,small business
15494,CUST122943,amy holland,consumer
15495,CUST122946,patrick west,corporate
15496,CUST122947,darrell daugherty,consumer
15497,CUST122948,peter walker,consumer
15498,CUST122950,patricia farmer,small business
15499,CUST122952,lindsey king,corporate
15500,CUST122953,rhonda haley,consumer
15501,CUST122955,alexa king,consumer
15502,CUST122958,kevin berger,consumer
15503,CUST122959,curtis willis,consumer
15504,CUST122960,mario cameron,consumer
15505,CUST122961,christopher marsh,consumer
15506,CUST122964,janet johnson,corporate
15507,CUST122966,alicia hall,small business
15508,CUST122967,michelle lopez,corporate
15509,CUST122968,nicole howell,consumer
15510,CUST122969,sherry archer,small business
15511,CUST122970,natalie brown,consumer
15512,CUST122971,diana murray,consumer
15513,CUST122972,christopher miller,corporate
15514,CUST122975,craig shannon,small business
15515,CUST122977,rebecca rivera,consumer
15516,CUST122979,debra stokes,consumer
15517,CUST122980,ms. jessica bowers dvm,consumer
15518,CUST122982,daniel gonzalez,consumer
15519,CUST122983,beth turner,consumer
15520,CUST122985,kenneth clark,corporate
15521,CUST122986,allison henry,consumer
15522,CUST122987,tricia hansen,corporate
15523,CUST122991,colleen thomas,small business
15524,CUST122992,tracy gill,consumer
15525,CUST122995,scott miller,small business
15526,CUST122996,dana jones,consumer
15527,CUST122998,jason gonzalez,corporate
15528,CUST122999,aaron jones,consumer
15529,CUST123000,tammie miller,consumer
15530,CUST123001,scott johnson,consumer
15531,CUST123003,samantha parks,consumer
15532,CUST123004,shelby michael,consumer
15533,CUST123005,emily jennings,corporate
15534,CUST123006,sandra perez,consumer
15535,CUST123010,kevin gibson,corporate
15536,CUST123011,angela owens,consumer
15537,CUST123012,joseph ayers,consumer
15538,CUST123013,pamela james,small business
15539,CUST123016,keith brown,consumer
15540,CUST123019,lori smith,consumer
15541,CUST123020,jason zamora,consumer
15542,CUST123021,kevin hernandez,corporate
15543,CUST123022,jeffrey ortiz,consumer
15544,CUST123023,anna hernandez,consumer
15545,CUST123024,thomas jennings,small business
15546,CUST123025,rodney conner,consumer
15547,CUST123028,rhonda gill dds,consumer
15548,CUST123029,jeremy kennedy,corporate
15549,CUST123031,theresa bailey,consumer
15550,CUST123032,stefanie friedman,corporate
15551,CUST123033,aaron adams,consumer
15552,CUST123035,dakota brown,consumer
15553,CUST123037,tammy weaver,consumer
15554,CUST123038,amanda wilson,consumer
15555,CUST123039,tracie thomas,consumer
15556,CUST123040,beth valdez,corporate
15557,CUST123042,darren carter,consumer
15558,CUST123043,tara morrison,consumer
15559,CUST123047,marcus green,small business
15560,CUST123049,joel gonzalez,corporate
15561,CUST123051,joshua boyd,consumer
15562,CUST123052,christine wolf,corporate
15563,CUST123054,ebony webb,consumer
15564,CUST123055,david gomez,small business
15565,CUST123059,carlos smith,corporate
15566,CUST123062,jimmy calhoun,consumer
15567,CUST123063,alexandria robinson,consumer
15568,CUST123064,suzanne wagner,consumer
15569,CUST123065,diane williams,consumer
15570,CUST123066,marie ramirez,small business
15571,CUST123067,john washington,consumer
15572,CUST123068,thomas brewer,consumer
15573,CUST123070,robin smith,consumer
15574,CUST123071,ashlee hammond,corporate
15575,CUST123072,sandra martinez,small business
15576,CUST123074,joshua garcia,corporate
15577,CUST123075,gregory peterson,consumer
15578,CUST123077,linda martinez,consumer
15579,CUST123078,james sutton,consumer
15580,CUST123079,zachary lewis,corporate
15581,CUST123080,kenneth burns,corporate
15582,CUST123085,sara young,consumer
15583,CUST123090,brittany wood,consumer
15584,CUST123091,christopher wagner,consumer
15585,CUST123092,philip johnson,consumer
15586,CUST123095,david mathis,consumer
15587,CUST123096,john nguyen,consumer
15588,CUST123099,alisha garcia,consumer
15589,CUST123102,stephen delacruz,consumer
15590,CUST123105,natasha garcia,corporate
15591,CUST123107,katherine wells,corporate
15592,CUST123108,travis espinoza,consumer
15593,CUST123110,patrick becker,consumer
15594,CUST123111,pam gordon,consumer
15595,CUST123112,briana figueroa md,corporate
15596,CUST123113,craig zhang,consumer
15597,CUST123114,patricia johnson,consumer
15598,CUST123115,karen coleman,consumer
15599,CUST123117,leslie davis,small business
15600,CUST123118,kimberly dominguez,consumer
15601,CUST123122,hailey mcmillan,consumer
15602,CUST123123,stephanie harvey,corporate
15603,CUST123124,lonnie adams,corporate
15604,CUST123126,mrs. cynthia lewis,corporate
15605,CUST123127,christina sellers,small business
15606,CUST123128,christine schwartz,consumer
15607,CUST123129,carol walter,consumer
15608,CUST123130,john vega md,corporate
15609,CUST123131,arthur nunez,consumer
15610,CUST123133,brenda smith,small business
15611,CUST123134,anthony burton,consumer
15612,CUST123135,richard griffith,consumer
15613,CUST123137,michael daniels,corporate
15614,CUST123138,jenna hines,small business
15615,CUST123140,henry johnson,consumer
15616,CUST123141,adam harris,corporate
15617,CUST123142,elizabeth johnson,corporate
15618,CUST123143,nancy salazar,consumer
15619,CUST123145,diana jackson,small business
15620,CUST123147,ashley espinoza,consumer
15621,CUST123148,sophia hayden,corporate
15622,CUST123149,william fisher,consumer
15623,CUST123150,matthew jensen,corporate
15624,CUST123151,paul jones,small business
15625,CUST123152,andrew nixon,consumer
15626,CUST123154,sharon rose,consumer
15627,CUST123155,jade hatfield,corporate
15628,CUST123156,lori rivera,corporate
15629,CUST123157,richard white,corporate
15630,CUST123158,christopher bautista,consumer
15631,CUST123159,scott serrano,consumer
15632,CUST123160,emily johnson,consumer
15633,CUST123161,aimee brown,consumer
15634,CUST123162,kevin smith,consumer
15635,CUST123163,nicole wood,corporate
15636,CUST123165,james morgan,consumer
15637,CUST123166,kristina williams,small business
15638,CUST123168,victoria martin,corporate
15639,CUST123169,joshua carter,consumer
15640,CUST123171,erica huber,consumer
15641,CUST123172,eric cruz,consumer
15642,CUST123173,ernest moss,corporate
15643,CUST123174,kyle torres,consumer
15644,CUST123175,brian bailey,consumer
15645,CUST123176,cassidy cardenas,consumer
15646,CUST123177,richard hoffman,consumer
15647,CUST123178,robin sanchez,consumer
15648,CUST123179,erika cook,consumer
15649,CUST123182,andrew shaffer,small business
15650,CUST123184,wendy barrett,consumer
15651,CUST123186,jordan leonard,small business
15652,CUST123187,dr. renee williams,consumer
15653,CUST123189,darlene williams,corporate
15654,CUST123190,kristin ramirez,corporate
15655,CUST123191,joseph dean,consumer
15656,CUST123192,nicole davis,consumer
15657,CUST123193,ryan hartman,consumer
15658,CUST123194,andrea rasmussen,consumer
15659,CUST123197,danielle gould,corporate
15660,CUST123198,nicole young,consumer
15661,CUST123200,valerie brennan,small business
15662,CUST123203,anthony parker,small business
15663,CUST123204,joseph conway,consumer
15664,CUST123205,jessica villanueva,consumer
15665,CUST123206,george morgan,corporate
15666,CUST123207,kathleen mcintyre,consumer
15667,CUST123208,debbie perez,consumer
15668,CUST123209,luis bowman,consumer
15669,CUST123210,stephanie bryant,consumer
15670,CUST123215,tommy scott,consumer
15671,CUST123217,timothy stevens,small business
15672,CUST123218,pamela lewis,consumer
15673,CUST123219,jennifer robbins,consumer
15674,CUST123220,mr. kenneth hansen,corporate
15675,CUST123222,tamara swanson,small business
15676,CUST123223,crystal hall,consumer
15677,CUST123229,tyrone ortiz,small business
15678,CUST123230,ronald kelly,consumer
15679,CUST123231,angela powell,small business
15680,CUST123232,edward rivera,corporate
15681,CUST123236,madison lopez,consumer
15682,CUST123239,rebecca gonzalez,consumer
15683,CUST123240,alan savage,consumer
15684,CUST123241,mrs. megan robertson,consumer
15685,CUST123243,gloria gonzalez,consumer
15686,CUST123246,sandy dixon,corporate
15687,CUST123247,linda harris,consumer
15688,CUST123248,catherine stewart,consumer
15689,CUST123249,james villa,consumer
15690,CUST123250,jennifer flores,consumer
15691,CUST123252,patrick mitchell,consumer
15692,CUST123253,brian diaz,small business
15693,CUST123255,abigail reynolds,corporate
15694,CUST123256,steven reyes,consumer
15695,CUST123258,susan morgan,consumer
15696,CUST123259,sheila butler,small business
15697,CUST123261,tara wilkinson,small business
15698,CUST123262,shannon wilkins,corporate
15699,CUST123264,elizabeth parrish,consumer
15700,CUST123265,dustin schmitt,corporate
15701,CUST123266,michael chavez,consumer
15702,CUST123268,jonathan meadows,consumer
15703,CUST123270,joseph moore,consumer
15704,CUST123271,janet aguirre md,small business
15705,CUST123272,dwayne lee,corporate
15706,CUST123273,krystal khan,consumer
15707,CUST123274,john brown,consumer
15708,CUST123275,james johnson,corporate
15709,CUST123276,holly smith md,consumer
15710,CUST123278,david brown,small business
15711,CUST123280,colin sanchez,corporate
15712,CUST123281,amanda wilcox,corporate
15713,CUST123282,jessica beck,corporate
15714,CUST123285,jeremy parrish,consumer
15715,CUST123286,cynthia moses,consumer
15716,CUST123288,brooke thompson,consumer
15717,CUST123289,jessica dunn,consumer
15718,CUST123293,robert davies,consumer
15719,CUST123294,monica sullivan,consumer
15720,CUST123296,samantha munoz,consumer
15721,CUST123297,scott noble,corporate
15722,CUST123298,zachary valencia,consumer
15723,CUST123299,julia hall,consumer
15724,CUST123300,daniel hill,consumer
15725,CUST123301,logan wiley,consumer
15726,CUST123302,mr. christopher roy,consumer
15727,CUST123303,daniel thomas,small business
15728,CUST123304,thomas lewis,corporate
15729,CUST123307,mia velez,consumer
15730,CUST123309,rodney rodriguez,consumer
15731,CUST123311,heather jordan,consumer
15732,CUST123312,carla patton,corporate
15733,CUST123313,edward ruiz,corporate
15734,CUST123315,andrew smith,consumer
15735,CUST123316,donald guerra,consumer
15736,CUST123317,jack smith,consumer
15737,CUST123318,annette hayden,consumer
15738,CUST123319,samuel solomon,corporate
15739,CUST123321,andrea jones,corporate
15740,CUST123323,maria hull,consumer
15741,CUST123325,cynthia cruz,consumer
15742,CUST123326,daniel phelps,corporate
15743,CUST123327,kenneth gardner,small business
15744,CUST123328,gail griffin,consumer
15745,CUST123329,amy wood,corporate
15746,CUST123330,samantha yang,consumer
15747,CUST123333,kristina lawson,consumer
15748,CUST123339,austin marshall,consumer
15749,CUST123341,alexander ferguson,consumer
15750,CUST123342,robert oneal,consumer
15751,CUST123343,susan valdez,consumer
15752,CUST123344,april hopkins,corporate
15753,CUST123345,carlos thomas,consumer
15754,CUST123346,rhonda case,small business
15755,CUST123347,melissa nguyen,consumer
15756,CUST123348,john farrell,consumer
15757,CUST123349,cynthia moore,consumer
15758,CUST123351,catherine smith,consumer
15759,CUST123352,frances sherman,consumer
15760,CUST123354,carolyn skinner,consumer
15761,CUST123355,christina romero,corporate
15762,CUST123357,anthony williams,corporate
15763,CUST123358,jennifer turner,consumer
15764,CUST123359,zachary cruz,consumer
15765,CUST123360,stephanie lang,consumer
15766,CUST123361,benjamin allen,consumer
15767,CUST123362,robert brooks,consumer
15768,CUST123364,jonathan lawrence,consumer
15769,CUST123367,brandon garcia,corporate
15770,CUST123369,curtis salas,corporate
15771,CUST123370,miguel murphy,corporate
15772,CUST123371,michael smith,consumer
15773,CUST123373,gabriel alexander,consumer
15774,CUST123375,christopher gonzalez,corporate
15775,CUST123376,nathan li,consumer
15776,CUST123377,lance thomas,consumer
15777,CUST123379,donna west,corporate
15778,CUST123381,kristin hernandez,consumer
15779,CUST123383,alex edwards,consumer
15780,CUST123384,raven bennett,consumer
15781,CUST123386,james fernandez,consumer
15782,CUST123387,donna smith,small business
15783,CUST123388,samantha miller,consumer
15784,CUST123389,kelly calhoun,consumer
15785,CUST123391,lisa dalton,corporate
15786,CUST123392,rodney beard,corporate
15787,CUST123393,alexander alvarez,consumer
15788,CUST123394,scott grant,corporate
15789,CUST123396,todd hubbard,consumer
15790,CUST123397,catherine fuller,corporate
15791,CUST123398,donald fowler,small business
15792,CUST123399,brenda frazier,consumer
15793,CUST123401,jennifer martinez,consumer
15794,CUST123402,logan moore,consumer
15795,CUST123403,amy bryant,corporate
15796,CUST123404,christopher merritt,small business
15797,CUST123405,kevin james,consumer
15798,CUST123407,daniel mcconnell,consumer
15799,CUST123409,briana rose,corporate
15800,CUST123410,cameron bentley,consumer
15801,CUST123411,lisa perez,small business
15802,CUST123412,mrs. holly baldwin,consumer
15803,CUST123413,matthew spencer,consumer
15804,CUST123416,karen jones,consumer
15805,CUST123417,william anthony,consumer
15806,CUST123418,george martin,corporate
15807,CUST123419,katrina johnson,small business
15808,CUST123420,jonathan gray,consumer
15809,CUST123421,timothy williams,small business
15810,CUST123423,kathy estes,consumer
15811,CUST123424,samantha cole,consumer
15812,CUST123425,joshua moore,small business
15813,CUST123426,linda pena,small business
15814,CUST123427,erika mosley,consumer
15815,CUST123428,brian friedman,corporate
15816,CUST123429,jennifer ayala,small business
15817,CUST123430,marie todd,consumer
15818,CUST123431,hunter king,corporate
15819,CUST123433,michael smith,small business
15820,CUST123434,timothy warner,small business
15821,CUST123435,donna hayden,consumer
15822,CUST123436,mr. kyle joseph md,consumer
15823,CUST123437,stephen moore,consumer
15824,CUST123438,hannah hill,consumer
15825,CUST123442,donna davis,small business
15826,CUST123443,michaela perkins,consumer
15827,CUST123444,maria garcia,consumer
15828,CUST123445,justin mccarthy,small business
15829,CUST123446,abigail thompson,corporate
15830,CUST123451,erik lane,consumer
15831,CUST123453,travis mora md,corporate
15832,CUST123455,george parker,corporate
15833,CUST123456,danny sanders,consumer
15834,CUST123457,peter sanchez,corporate
15835,CUST123459,blake delgado,consumer
15836,CUST123462,mrs. megan tran,consumer
15837,CUST123463,haley hammond,consumer
15838,CUST123464,larry young,consumer
15839,CUST123465,barbara gray,small business
15840,CUST123466,anna watts,consumer
15841,CUST123467,timothy hoover,consumer
15842,CUST123469,travis burton,corporate
15843,CUST123470,erin fleming,corporate
15844,CUST123471,rachel ortiz,corporate
15845,CUST123472,christian hernandez,consumer
15846,CUST123473,megan grant,small business
15847,CUST123475,mark spencer,small business
15848,CUST123476,deborah johnson,consumer
15849,CUST123477,brittany miles,consumer
15850,CUST123480,sabrina rogers,consumer
15851,CUST123481,scott thompson,consumer
15852,CUST123482,kristen williams,corporate
15853,CUST123483,cassidy taylor,consumer
15854,CUST123486,crystal gardner,consumer
15855,CUST123488,mark brown,corporate
15856,CUST123489,mr. john nguyen,consumer
15857,CUST123490,christopher johnson,small business
15858,CUST123491,mitchell perez,consumer
15859,CUST123492,crystal gonzales,consumer
15860,CUST123493,carol howard,consumer
15861,CUST123494,jacqueline jordan,corporate
15862,CUST123495,alicia fernandez,consumer
15863,CUST123496,david church,consumer
15864,CUST123497,alexander garza,corporate
15865,CUST123498,angela wilson,small business
15866,CUST123499,stephen murray,corporate
15867,CUST123500,marie duran,consumer
15868,CUST123501,kathleen adams,corporate
15869,CUST123503,troy franklin,consumer
15870,CUST123504,lisa schmidt,small business
15871,CUST123505,mr. rodney long,consumer
15872,CUST123506,christopher chapman,corporate
15873,CUST123508,leah smith,corporate
15874,CUST123509,michael jordan,consumer
15875,CUST123510,tyler dalton,corporate
15876,CUST123511,adam castillo,consumer
15877,CUST123515,jeffrey chan,small business
15878,CUST123519,william fitzgerald,consumer
15879,CUST123521,maria washington,consumer
15880,CUST123523,brenda callahan,small business
15881,CUST123524,ashley rios,consumer
15882,CUST123525,jesus cruz,consumer
15883,CUST123528,hannah pittman,consumer
15884,CUST123529,harold webb,consumer
15885,CUST123531,benjamin zhang,consumer
15886,CUST123532,donald davis,consumer
15887,CUST123534,christie hartman,consumer
15888,CUST123535,charles fields,consumer
15889,CUST123536,corey johnson,corporate
15890,CUST123537,jasmine ward,small business
15891,CUST123538,anthony brown,consumer
15892,CUST123539,amy rojas,consumer
15893,CUST123540,stephanie crawford,consumer
15894,CUST123541,shannon russell,consumer
15895,CUST123542,martin hardin,corporate
15896,CUST123543,mark vang,consumer
15897,CUST123544,richard hunt,small business
15898,CUST123545,tammy wilson,consumer
15899,CUST123546,alexandria wise,consumer
15900,CUST123547,cheryl dixon,consumer
15901,CUST123548,joseph bailey,consumer
15902,CUST123549,crystal baird,consumer
15903,CUST123552,jose little,corporate
15904,CUST123553,alison sanchez,corporate
15905,CUST123556,faith wells,consumer
15906,CUST123559,stephanie holland,consumer
15907,CUST123562,eric williams,corporate
15908,CUST123564,jennifer king,consumer
15909,CUST123567,kayla mitchell,small business
15910,CUST123569,bruce compton,consumer
15911,CUST123571,suzanne anderson,corporate
15912,CUST123573,larry rodriguez,consumer
15913,CUST123574,scott nelson,consumer
15914,CUST123575,gary sullivan,consumer
15915,CUST123576,kayla mcdonald,corporate
15916,CUST123577,shannon rodriguez,corporate
15917,CUST123578,roger sutton,consumer
15918,CUST123579,nicholas mcdonald,corporate
15919,CUST123582,teresa davis,corporate
15920,CUST123584,ryan burns,small business
15921,CUST123585,angela campbell,corporate
15922,CUST123588,alexander reynolds,consumer
15923,CUST123590,john hunter,small business
15924,CUST123592,melissa sanchez,consumer
15925,CUST123594,brandon hines,consumer
15926,CUST123595,maria obrien,consumer
15927,CUST123596,pamela reed,consumer
15928,CUST123597,evelyn smith,corporate
15929,CUST123598,brandon smith,consumer
15930,CUST123599,john cardenas,consumer
15931,CUST123600,stephen rodriguez,consumer
15932,CUST123601,robert wright,consumer
15933,CUST123602,stuart harper,consumer
15934,CUST123603,olivia johnson,consumer
15935,CUST123604,tiffany harvey,corporate
15936,CUST123605,kathryn martinez,consumer
15937,CUST123606,steven morris,corporate
15938,CUST123607,anne mckay,consumer
15939,CUST123608,christopher green,corporate
15940,CUST123609,aaron peterson,consumer
15941,CUST123610,gregory carpenter,consumer
15942,CUST123611,william steele,consumer
15943,CUST123614,jeffrey blevins,small business
15944,CUST123615,steven williams,consumer
15945,CUST123616,kevin reeves,consumer
15946,CUST123617,kyle shepherd,small business
15947,CUST123618,lisa williams,consumer
15948,CUST123619,michelle schultz,consumer
15949,CUST123620,sherry diaz,consumer
15950,CUST123621,emily abbott,consumer
15951,CUST123623,kathryn wagner,consumer
15952,CUST123625,marie flores md,consumer
15953,CUST123626,erin phillips,consumer
15954,CUST123627,heather matthews,consumer
15955,CUST123631,jill brock,consumer
15956,CUST123632,shane swanson,consumer
15957,CUST123633,barbara proctor,corporate
15958,CUST123634,richard austin dds,small business
15959,CUST123635,shelby abbott,corporate
15960,CUST123636,lindsey johnson,consumer
15961,CUST123637,victoria neal,corporate
15962,CUST123638,joe ford,small business
15963,CUST123639,john harris,corporate
15964,CUST123640,jennifer baker,small business
15965,CUST123641,craig smith,consumer
15966,CUST123642,kim turner,small business
15967,CUST123643,aaron house,corporate
15968,CUST123644,carrie torres,corporate
15969,CUST123647,tiffany jones,small business
15970,CUST123649,christopher ryan,consumer
15971,CUST123650,john moran,consumer
15972,CUST123652,mitchell silva,consumer
15973,CUST123654,jessica wolfe,consumer
15974,CUST123657,hannah king,consumer
15975,CUST123658,erica harrell,consumer
15976,CUST123659,cody hawkins,corporate
15977,CUST123661,matthew tucker,corporate
15978,CUST123662,philip chen,consumer
15979,CUST123663,jennifer lewis,consumer
15980,CUST123664,theresa smith,consumer
15981,CUST123665,rebecca taylor,consumer
15982,CUST123666,ronald smith,consumer
15983,CUST123668,jordan williams,consumer
15984,CUST123669,dennis barnes,small business
15985,CUST123670,daniel hinton,consumer
15986,CUST123671,dr. vincent martin,consumer
15987,CUST123672,danielle landry,consumer
15988,CUST123673,lee elliott,consumer
15989,CUST123674,john roberts,small business
15990,CUST123675,sherry perez,corporate
15991,CUST123678,darrell king,corporate
15992,CUST123679,krista pope,consumer
15993,CUST123680,john castro dds,corporate
15994,CUST123682,timothy rios,small business
15995,CUST123683,ryan flores,consumer
15996,CUST123686,katrina adams,consumer
15997,CUST123687,michelle byrd,consumer
15998,CUST123688,david alvarez,consumer
15999,CUST123689,amanda rojas,consumer
16000,CUST123690,tyler wilson,small business
16001,CUST123691,todd rush,corporate
16002,CUST123692,katherine baker,corporate
16003,CUST123695,amanda johnson,consumer
16004,CUST123697,jesse lloyd,consumer
16005,CUST123699,anthony cohen,consumer
16006,CUST123701,joseph shea,consumer
16007,CUST123702,paul wright,consumer
16008,CUST123703,ronnie thomas,consumer
16009,CUST123704,april riley,consumer
16010,CUST123706,melinda price,consumer
16011,CUST123707,clayton thornton,consumer
16012,CUST123709,vanessa golden,consumer
16013,CUST123710,kim castro,consumer
16014,CUST123712,seth lara,consumer
16015,CUST123713,matthew hall,corporate
16016,CUST123715,kara sawyer,consumer
16017,CUST123716,patricia torres,small business
16018,CUST123719,noah hall,consumer
16019,CUST123720,diane terrell,consumer
16020,CUST123721,jordan stewart,consumer
16021,CUST123722,erin murillo,small business
16022,CUST123723,laurie elliott,consumer
16023,CUST123725,brianna murray,consumer
16024,CUST123726,matthew torres,consumer
16025,CUST123727,wayne schroeder,consumer
16026,CUST123728,george baker,consumer
16027,CUST123729,mrs. ann liu,small business
16028,CUST123730,steve wilcox,consumer
16029,CUST123731,joseph carroll,corporate
16030,CUST123732,charles nelson,consumer
16031,CUST123735,zachary powers,small business
16032,CUST123737,jeffery brooks,consumer
16033,CUST123739,amber perry,small business
16034,CUST123740,carlos edwards,consumer
16035,CUST123741,crystal scott,corporate
16036,CUST123742,fernando jacobs,consumer
16037,CUST123744,beth robinson,consumer
16038,CUST123746,christine johnson,consumer
16039,CUST123747,jeffrey odom,consumer
16040,CUST123748,mark garcia,corporate
16041,CUST123749,mark reynolds,consumer
16042,CUST123750,scott gardner,corporate
16043,CUST123752,katie owens,small business
16044,CUST123753,mark lopez,consumer
16045,CUST123758,karen craig,consumer
16046,CUST123759,timothy brown,small business
16047,CUST123760,elizabeth herrera,consumer
16048,CUST123761,carlos castillo,consumer
16049,CUST123762,mitchell rowland,consumer
16050,CUST123764,scott ashley,consumer
16051,CUST123766,jose adams,corporate
16052,CUST123767,adam hart,small business
16053,CUST123771,jorge morrison,consumer
16054,CUST123772,matthew gardner,consumer
16055,CUST123773,melissa moreno,consumer
16056,CUST123774,joshua olson,consumer
16057,CUST123775,kimberly miller,small business
16058,CUST123776,april vega,consumer
16059,CUST123777,ryan robinson,consumer
16060,CUST123779,susan reed,corporate
16061,CUST123780,manuel rose,corporate
16062,CUST123781,margaret burgess,corporate
16063,CUST123782,carol adams,corporate
16064,CUST123783,miguel horn,consumer
16065,CUST123785,ian wilkins,consumer
16066,CUST123786,jesse roberts,corporate
16067,CUST123787,crystal malone,consumer
16068,CUST123788,joshua moore,consumer
16069,CUST123790,misty fields,consumer
16070,CUST123792,kevin velasquez,corporate
16071,CUST123796,rodney brown,consumer
16072,CUST123798,kathleen harper md,corporate
16073,CUST123799,stephanie owens,consumer
16074,CUST123800,christian jackson,corporate
16075,CUST123802,shelly greer,consumer
16076,CUST123803,nicole meza,corporate
16077,CUST123805,joseph webb,corporate
16078,CUST123806,michele clark,consumer
16079,CUST123808,debbie barnes md,small business
16080,CUST123811,darrell travis,consumer
16081,CUST123813,mrs. roberta schultz,corporate
16082,CUST123814,nicholas lopez,small business
16083,CUST123817,darren hayden,corporate
16084,CUST123818,sean webster dds,small business
16085,CUST123819,heather wilson,corporate
16086,CUST123820,jennifer sherman,consumer
16087,CUST123822,jeffrey anderson,small business
16088,CUST123824,michelle dudley,consumer
16089,CUST123826,jason reid,consumer
16090,CUST123830,elizabeth ruiz,small business
16091,CUST123831,jeremy russell,small business
16092,CUST123834,scott rodriguez,small business
16093,CUST123835,benjamin perkins,consumer
16094,CUST123836,oscar duncan,consumer
16095,CUST123837,amy williams,corporate
16096,CUST123838,jesse juarez,consumer
16097,CUST123840,cory gonzalez,consumer
16098,CUST123841,jessica curtis,consumer
16099,CUST123843,casey torres,consumer
16100,CUST123845,miss denise coleman,consumer
16101,CUST123847,shelia gonzalez,consumer
16102,CUST123848,colleen edwards,consumer
16103,CUST123849,jamie rodriguez,small business
16104,CUST123850,justin sosa,consumer
16105,CUST123851,shawn hayes,corporate
16106,CUST123853,mitchell garcia,small business
16107,CUST123857,nicholas wright,consumer
16108,CUST123860,susan martin,corporate
16109,CUST123861,scott jackson,corporate
16110,CUST123862,alexander white,consumer
16111,CUST123868,mark lee,consumer
16112,CUST123869,kevin martin,consumer
16113,CUST123870,jill larsen,consumer
16114,CUST123872,david summers,consumer
16115,CUST123873,michele foster,small business
16116,CUST123876,brittany bailey,consumer
16117,CUST123877,virginia mejia,consumer
16118,CUST123879,michael sanders,corporate
16119,CUST123880,mr. thomas bowers,consumer
16120,CUST123881,paul rice,consumer
16121,CUST123882,peter gillespie,small business
16122,CUST123884,andrew barnes,corporate
16123,CUST123885,pamela may,corporate
16124,CUST123887,angela hill,consumer
16125,CUST123888,lucas davis,corporate
16126,CUST123889,tiffany gilbert,consumer
16127,CUST123891,logan brooks,corporate
16128,CUST123892,jamie ward,consumer
16129,CUST123893,jane jackson,consumer
16130,CUST123894,luis washington,small business
16131,CUST123895,mark perry,corporate
16132,CUST123896,abigail scott,corporate
16133,CUST123898,michael colon,corporate
16134,CUST123899,justin lindsey,corporate
16135,CUST123900,andrew villa,consumer
16136,CUST123901,thomas edwards,corporate
16137,CUST123902,brian kelley,consumer
16138,CUST123903,george gutierrez,consumer
16139,CUST123905,steven johnson,small business
16140,CUST123908,victoria baker,consumer
16141,CUST123911,joseph walker,consumer
16142,CUST123912,susan park,small business
16143,CUST123914,jessica rivera md,consumer
16144,CUST123915,brenda austin,consumer
16145,CUST123916,nicole ryan,small business
16146,CUST123917,andrew larson,consumer
16147,CUST123919,kathleen whitehead,small business
16148,CUST123921,amanda collins,corporate
16149,CUST123922,lawrence johnson,corporate
16150,CUST123925,carolyn hayes,corporate
16151,CUST123927,kathryn miller,consumer
16152,CUST123928,patricia weaver,corporate
16153,CUST123930,scott peterson,corporate
16154,CUST123932,kathleen holden,corporate
16155,CUST123933,mark mercado,corporate
16156,CUST123934,anthony medina,corporate
16157,CUST123935,deanna yoder,corporate
16158,CUST123938,stephen coleman,small business
16159,CUST123939,patrick harris,corporate
16160,CUST123940,austin crawford,consumer
16161,CUST123941,david stewart,small business
16162,CUST123942,thomas terry,corporate
16163,CUST123943,jessica ware,consumer
16164,CUST123944,stephanie buckley,consumer
16165,CUST123945,robert butler,consumer
16166,CUST123946,brittany griffin,consumer
16167,CUST123947,ronald mercado,consumer
16168,CUST123950,rachel gross,consumer
16169,CUST123951,gwendolyn robertson,consumer
16170,CUST123953,brianna thompson,corporate
16171,CUST123954,david harris,consumer
16172,CUST123955,erika ortega,consumer
16173,CUST123957,mary burgess,consumer
16174,CUST123960,patrick brown,small business
16175,CUST123961,cory evans,corporate
16176,CUST123963,joshua young,small business
16177,CUST123964,annette johnson,corporate
16178,CUST123966,david russell,small business
16179,CUST123968,nicole greer,consumer
16180,CUST123969,anna green,small business
16181,CUST123971,johnny mckinney,corporate
16182,CUST123972,marc malone,consumer
16183,CUST123973,trevor payne,small business
16184,CUST123975,tamara mcpherson,consumer
16185,CUST123976,matthew lee,small business
16186,CUST123977,reginald long,corporate
16187,CUST123978,karen gutierrez,consumer
16188,CUST123981,raymond mcintosh,consumer
16189,CUST123982,jim stafford,consumer
16190,CUST123983,jamie romero,consumer
16191,CUST123986,corey kim,corporate
16192,CUST123987,kathy phillips,consumer
16193,CUST123988,elaine patel,corporate
16194,CUST123990,tyler lawson,corporate
16195,CUST123991,lindsay johnson,corporate
16196,CUST123994,ronald graham,consumer
16197,CUST123997,danielle morris,small business
16198,CUST123998,julia gray,consumer
16199,CUST123999,rickey myers,corporate
16200,CUST124000,michelle williams,corporate
16201,CUST124002,joseph henson,corporate
16202,CUST124003,rachel ward,corporate
16203,CUST124004,faith miller,consumer
16204,CUST124005,laura acosta,small business
16205,CUST124006,melissa carter,corporate
16206,CUST124009,rachel henderson,consumer
16207,CUST124011,christina ford,corporate
16208,CUST124012,jeremy wilson,consumer
16209,CUST124014,shawn grimes,consumer
16210,CUST124015,kevin flores,small business
16211,CUST124018,trevor nichols,consumer
16212,CUST124019,sandra white,consumer
16213,CUST124020,christopher davis,consumer
16214,CUST124022,dustin campbell,consumer
16215,CUST124023,charles long,small business
16216,CUST124024,eric rivera,consumer
16217,CUST124025,ashley hernandez,consumer
16218,CUST124026,tara williams,consumer
16219,CUST124027,ashley wagner,consumer
16220,CUST124028,lisa hunter,consumer
16221,CUST124030,kyle hughes,consumer
16222,CUST124031,joshua cook,small business
16223,CUST124034,phillip smith,small business
16224,CUST124035,patricia meyer,corporate
16225,CUST124036,john pope,consumer
16226,CUST124037,laura foster,corporate
16227,CUST124039,elizabeth rivas,corporate
16228,CUST124041,colleen brown,corporate
16229,CUST124043,james wright,consumer
16230,CUST124045,aaron dickson,small business
16231,CUST124046,wesley harris,consumer
16232,CUST124047,nathaniel foley,small business
16233,CUST124049,colleen pearson,corporate
16234,CUST124050,david martin,consumer
16235,CUST124051,mike greer,consumer
16236,CUST124052,victor jenkins,consumer
16237,CUST124053,ryan rich,consumer
16238,CUST124054,james baldwin,consumer
16239,CUST124055,eric smith,consumer
16240,CUST124056,rachel santiago,consumer
16241,CUST124058,veronica rivera,consumer
16242,CUST124062,carla higgins,consumer
16243,CUST124063,matthew mcguire md,corporate
16244,CUST124064,jennifer peterson,consumer
16245,CUST124065,kevin fitzgerald,consumer
16246,CUST124066,connie graham,consumer
16247,CUST124067,mr. anthony gonzalez,consumer
16248,CUST124070,john ramirez,corporate
16249,CUST124071,carol rocha,consumer
16250,CUST124072,diana kelly,consumer
16251,CUST124073,jeremy adkins,corporate
16252,CUST124074,bryan reid,small business
16253,CUST124075,brandon spears,consumer
16254,CUST124076,noah clark,consumer
16255,CUST124077,jennifer perez,corporate
16256,CUST124078,james hutchinson,consumer
16257,CUST124080,gregory lucas,small business
16258,CUST124081,megan smith,consumer
16259,CUST124082,susan turner,corporate
16260,CUST124084,jeffery marshall,consumer
16261,CUST124086,sandra adams,consumer
16262,CUST124088,ashley smith,consumer
16263,CUST124090,jeffrey bell,consumer
16264,CUST124092,steven jordan,corporate
16265,CUST124093,christopher garcia,consumer
16266,CUST124096,joshua bryant,corporate
16267,CUST124098,kathy lopez,consumer
16268,CUST124099,timothy curry,consumer
16269,CUST124102,joseph johnson dds,consumer
16270,CUST124103,donald rodriguez,consumer
16271,CUST124105,paul sims,corporate
16272,CUST124106,jacob brandt,consumer
16273,CUST124108,alexandra mitchell,consumer
16274,CUST124109,deborah gallegos,consumer
16275,CUST124110,kevin hill,small business
16276,CUST124111,michele rodriguez,consumer
16277,CUST124114,james collins,consumer
16278,CUST124115,kenneth smith,consumer
16279,CUST124117,john sutton,corporate
16280,CUST124118,eric ellis,corporate
16281,CUST124119,kyle petersen,consumer
16282,CUST124121,todd irwin,small business
16283,CUST124122,alyssa martinez,corporate
16284,CUST124124,claire davis,consumer
16285,CUST124125,daniel oconnor,consumer
16286,CUST124127,michelle sellers,small business
16287,CUST124128,rachel little,consumer
16288,CUST124130,carrie johnson md,consumer
16289,CUST124132,heather wells,consumer
16290,CUST124134,katherine patton,consumer
16291,CUST124136,daniel knight,corporate
16292,CUST124137,tina ochoa,small business
16293,CUST124138,francisco steele,consumer
16294,CUST124139,kayla maldonado,consumer
16295,CUST124140,samantha lynch,small business
16296,CUST124141,annette glover,consumer
16297,CUST124143,antonio dominguez,consumer
16298,CUST124144,danielle barr,corporate
16299,CUST124145,jason gonzalez,consumer
16300,CUST124146,monica davis,consumer
16301,CUST124147,john alexander,consumer
16302,CUST124150,gregory martinez,small business
16303,CUST124152,adrian davis,corporate
16304,CUST124154,brianna wood,corporate
16305,CUST124157,billy potts,consumer
16306,CUST124158,miranda leach,consumer
16307,CUST124159,david estes,corporate
16308,CUST124162,sandra flores,small business
16309,CUST124163,donna blanchard,consumer
16310,CUST124164,nicole ramos dds,small business
16311,CUST124168,lisa rivera,corporate
16312,CUST124170,jessica hicks,corporate
16313,CUST124171,jessica williams,consumer
16314,CUST124172,matthew franklin,consumer
16315,CUST124174,jerry miller,small business
16316,CUST124175,kelsey munoz,small business
16317,CUST124176,tiffany jones,corporate
16318,CUST124177,kent taylor,corporate
16319,CUST124179,alexander fuller,consumer
16320,CUST124180,jason meyer,consumer
16321,CUST124182,marcus gibson,consumer
16322,CUST124183,nicholas elliott,consumer
16323,CUST124185,thomas king,consumer
16324,CUST124186,robert hernandez,small business
16325,CUST124189,jessica warner,small business
16326,CUST124191,jasmine davidson,corporate
16327,CUST124192,david smith,consumer
16328,CUST124193,kevin edwards,consumer
16329,CUST124194,kim collins,consumer
16330,CUST124195,timothy powell,consumer
16331,CUST124196,timothy lane,consumer
16332,CUST124197,kevin wood,consumer
16333,CUST124199,christopher smith,consumer
16334,CUST124201,joshua browning,consumer
16335,CUST124202,mary turner,consumer
16336,CUST124203,michelle garcia,consumer
16337,CUST124204,joseph scott,small business
16338,CUST124205,alexander johnson,consumer
16339,CUST124206,jeffery boyd,small business
16340,CUST124207,courtney rivera,small business
16341,CUST124209,cynthia johnson,consumer
16342,CUST124210,tracey barajas,corporate
16343,CUST124211,stephanie petersen,consumer
16344,CUST124214,joshua cortez,corporate
16345,CUST124215,alicia peterson,consumer
16346,CUST124216,leslie mcdonald,consumer
16347,CUST124217,anthony barber,consumer
16348,CUST124218,alyssa white,consumer
16349,CUST124219,christina gray,consumer
16350,CUST124220,michael porter,consumer
16351,CUST124221,william martin,corporate
16352,CUST124222,jody porter,small business
16353,CUST124223,ryan barber,consumer
16354,CUST124224,alexis owens,consumer
16355,CUST124225,mary duncan,small business
16356,CUST124226,pamela fowler,consumer
16357,CUST124228,aaron cross,consumer
16358,CUST124229,paul jones,small business
16359,CUST124230,douglas hudson,consumer
16360,CUST124232,devin bailey,consumer
16361,CUST124233,kristen murphy,corporate
16362,CUST124234,colleen gray,consumer
16363,CUST124236,joseph barker,small business
16364,CUST124240,erin huffman md,consumer
16365,CUST124241,melissa baird,consumer
16366,CUST124242,joseph sutton,consumer
16367,CUST124243,jeffrey ball,corporate
16368,CUST124244,michelle white,corporate
16369,CUST124245,emily turner,small business
16370,CUST124246,pamela thompson,corporate
16371,CUST124247,nicole johnson,consumer
16372,CUST124248,tammy wilkinson,consumer
16373,CUST124249,john adams,consumer
16374,CUST124251,micheal peterson,consumer
16375,CUST124252,tiffany gaines,corporate
16376,CUST124253,paul fernandez,corporate
16377,CUST124254,julie nichols,consumer
16378,CUST124255,darren johnston,corporate
16379,CUST124256,nancy stewart,consumer
16380,CUST124257,jonathan chavez,small business
16381,CUST124258,eric poole,corporate
16382,CUST124259,christian morrison,corporate
16383,CUST124261,jennifer smith,consumer
16384,CUST124263,lisa potts,corporate
16385,CUST124265,john miller,corporate
16386,CUST124266,david wilson,consumer
16387,CUST124267,dana cruz,consumer
16388,CUST124268,michael moses,consumer
16389,CUST124270,carmen williams,consumer
16390,CUST124273,michelle miller,corporate
16391,CUST124274,phillip johnston,consumer
16392,CUST124275,laura miller,corporate
16393,CUST124277,krista torres,consumer
16394,CUST124280,melissa romero,corporate
16395,CUST124281,samuel dodson,consumer
16396,CUST124282,kristina brown,consumer
16397,CUST124283,kelsey simmons,corporate
16398,CUST124287,erin garrett,consumer
16399,CUST124288,lindsay jenkins,corporate
16400,CUST124289,carrie smith,corporate
16401,CUST124290,christopher goodwin,consumer
16402,CUST124292,lisa stewart,consumer
16403,CUST124293,susan tran,small business
16404,CUST124294,keith thompson,consumer
16405,CUST124295,michael owens,corporate
16406,CUST124296,catherine horton,consumer
16407,CUST124297,melinda powers,small business
16408,CUST124298,christopher brown,consumer
16409,CUST124300,jamie parks,corporate
16410,CUST124302,mr. michael bryant dds,consumer
16411,CUST124303,christopher robbins,consumer
16412,CUST124304,heather gonzalez,small business
16413,CUST124306,autumn wells,small business
16414,CUST124307,david villanueva,corporate
16415,CUST124308,sierra griffin,consumer
16416,CUST124309,cassie george,small business
16417,CUST124310,amy davies,corporate
16418,CUST124311,neil barton,consumer
16419,CUST124312,kimberly fields,small business
16420,CUST124313,april estrada,small business
16421,CUST124315,rachael torres,consumer
16422,CUST124317,daniel harris,consumer
16423,CUST124318,angela rodriguez,small business
16424,CUST124319,kevin stephenson,consumer
16425,CUST124320,joan sullivan md,corporate
16426,CUST124321,anthony pennington,small business
16427,CUST124322,amy kelly,corporate
16428,CUST124324,angela taylor,corporate
16429,CUST124325,melissa jarvis,consumer
16430,CUST124326,guy martin,consumer
16431,CUST124327,evan lynch,consumer
16432,CUST124328,martha durham,consumer
16433,CUST124329,george simpson,consumer
16434,CUST124330,robin hernandez,consumer
16435,CUST124334,caroline haley,consumer
16436,CUST124336,mrs. gail robinson,corporate
16437,CUST124337,norma graham,small business
16438,CUST124340,nicole cohen,consumer
16439,CUST124341,joseph callahan,corporate
16440,CUST124343,matthew rodriguez,consumer
16441,CUST124345,sarah wilcox,corporate
16442,CUST124346,sheila bentley,consumer
16443,CUST124347,gabriella petersen,consumer
16444,CUST124349,elizabeth johnson,consumer
16445,CUST124350,kimberly good,consumer
16446,CUST124353,laura lutz,corporate
16447,CUST124354,jacqueline gregory,consumer
16448,CUST124355,john vazquez,corporate
16449,CUST124357,debra bradford,consumer
16450,CUST124358,cassandra clark,small business
16451,CUST124360,brian williams,corporate
16452,CUST124361,james fischer,corporate
16453,CUST124362,carlos woods,corporate
16454,CUST124366,shannon white,consumer
16455,CUST124367,derrick marshall,small business
16456,CUST124368,ashley hart,consumer
16457,CUST124370,matthew perez,consumer
16458,CUST124371,gregory gonzalez,consumer
16459,CUST124372,thomas rose,consumer
16460,CUST124375,michael clark,consumer
16461,CUST124376,matthew holmes,consumer
16462,CUST124377,shelly huffman,consumer
16463,CUST124379,sharon green,small business
16464,CUST124381,matthew washington,corporate
16465,CUST124382,alexander burgess,consumer
16466,CUST124384,kimberly drake,consumer
16467,CUST124387,john dickerson,consumer
16468,CUST124389,michelle simmons,consumer
16469,CUST124392,jennifer reyes,consumer
16470,CUST124393,julie yu,consumer
16471,CUST124395,stephanie alvarez,consumer
16472,CUST124397,robin fox,small business
16473,CUST124398,rebekah morales,consumer
16474,CUST124399,robert pearson,small business
16475,CUST124400,mr. carl collins,corporate
16476,CUST124401,mark nolan,consumer
16477,CUST124402,john santos,corporate
16478,CUST124403,jeremy gray,corporate
16479,CUST124404,michele david,consumer
16480,CUST124405,nancy savage,consumer
16481,CUST124407,allen wells,consumer
16482,CUST124408,amber wyatt,consumer
16483,CUST124409,juan gregory,consumer
16484,CUST124411,mark parker,consumer
16485,CUST124412,thomas lewis,consumer
16486,CUST124413,laura collins,consumer
16487,CUST124414,sharon mccall,corporate
16488,CUST124415,cheyenne delgado,consumer
16489,CUST124416,zachary fitzgerald,corporate
16490,CUST124417,steven norman,consumer
16491,CUST124418,janet sparks,small business
16492,CUST124420,natalie scott,corporate
16493,CUST124421,denise lewis,consumer
16494,CUST124423,benjamin herman,consumer
16495,CUST124425,morgan phillips,consumer
16496,CUST124426,mark myers,corporate
16497,CUST124427,emily gray,small business
16498,CUST124430,kelly walls,corporate
16499,CUST124431,jacob weiss,consumer
16500,CUST124434,rebecca thompson,small business
16501,CUST124435,cameron chapman,consumer
16502,CUST124437,brian owen,consumer
16503,CUST124438,nicholas evans,consumer
16504,CUST124440,robert ponce dds,consumer
16505,CUST124441,michael marshall,consumer
16506,CUST124442,melissa garcia,small business
16507,CUST124443,randall nguyen,small business
16508,CUST124444,brian greene,consumer
16509,CUST124445,timothy lyons,small business
16510,CUST124446,jim solis,consumer
16511,CUST124447,christopher berg,consumer
16512,CUST124449,jessica sharp,consumer
16513,CUST124450,colleen serrano,consumer
16514,CUST124451,debra carpenter,corporate
16515,CUST124452,daniel smith md,consumer
16516,CUST124453,paul nguyen,consumer
16517,CUST124456,david lowe,consumer
16518,CUST124460,melissa garza,small business
16519,CUST124462,misty alexander,consumer
16520,CUST124464,taylor conley,consumer
16521,CUST124465,zachary espinoza,consumer
16522,CUST124466,stephen gibson,small business
16523,CUST124468,ronnie smith,consumer
16524,CUST124470,dr. craig miller,consumer
16525,CUST124471,john williams,corporate
16526,CUST124472,ernest evans,consumer
16527,CUST124473,shawn macias,consumer
16528,CUST124474,nancy lam,consumer
16529,CUST124475,marc rubio,corporate
16530,CUST124476,cassandra vasquez,consumer
16531,CUST124478,jorge smith,consumer
16532,CUST124481,christine brown,small business
16533,CUST124482,timothy pennington,consumer
16534,CUST124483,mary roy,consumer
16535,CUST124484,timothy williams,corporate
16536,CUST124485,mary nunez,corporate
16537,CUST124486,charles ross,consumer
16538,CUST124487,mr. jimmy lewis,consumer
16539,CUST124488,rick robinson,consumer
16540,CUST124490,kerri holland,consumer
16541,CUST124491,kristy osborne,consumer
16542,CUST124492,courtney young,corporate
16543,CUST124495,andrea hernandez,consumer
16544,CUST124496,lindsey carter,consumer
16545,CUST124497,stacey fields,corporate
16546,CUST124499,sandra padilla,consumer
16547,CUST124500,meghan jones,consumer
16548,CUST124503,justin robinson,corporate
16549,CUST124506,jill graham,corporate
16550,CUST124507,dawn ramirez,consumer
16551,CUST124508,anthony smith ii,corporate
16552,CUST124510,douglas williams,consumer
16553,CUST124511,vanessa mcneil,consumer
16554,CUST124512,marcus banks,small business
16555,CUST124513,janice gonzalez,corporate
16556,CUST124514,jennifer gross,small business
16557,CUST124515,karen meyer,consumer
16558,CUST124516,connie stein,corporate
16559,CUST124517,danielle davila,corporate
16560,CUST124520,karen jenkins,consumer
16561,CUST124521,darren lewis,consumer
16562,CUST124522,matthew bowers,corporate
16563,CUST124524,lindsay martinez,corporate
16564,CUST124526,dr. erika fletcher dvm,consumer
16565,CUST124527,nathan collins,consumer
16566,CUST124528,nichole griffith,consumer
16567,CUST124530,sarah clark,corporate
16568,CUST124531,marcus silva,corporate
16569,CUST124533,caroline jones,consumer
16570,CUST124534,brad mcmillan,consumer
16571,CUST124535,katherine wolf,corporate
16572,CUST124536,valerie black,corporate
16573,CUST124537,megan hardin,corporate
16574,CUST124538,benjamin colon,consumer
16575,CUST124543,autumn foster,consumer
16576,CUST124544,stephanie kim,corporate
16577,CUST124545,nathan shelton,consumer
16578,CUST124547,kristi taylor,corporate
16579,CUST124549,henry james,corporate
16580,CUST124550,ryan bailey,consumer
16581,CUST124551,jeffrey shepard,corporate
16582,CUST124552,anthony hopkins,consumer
16583,CUST124555,christopher stephenson,consumer
16584,CUST124556,bradley berry,corporate
16585,CUST124557,alan gill,small business
16586,CUST124558,kristopher moore,consumer
16587,CUST124559,ryan barnett,consumer
16588,CUST124560,christopher perry,corporate
16589,CUST124562,christopher hodge,corporate
16590,CUST124563,jeffrey huerta,consumer
16591,CUST124564,lindsey poole,consumer
16592,CUST124567,karen mclaughlin,corporate
16593,CUST124568,makayla curry,consumer
16594,CUST124570,troy craig,consumer
16595,CUST124573,andrea henry,consumer
16596,CUST124575,anthony gonzalez,corporate
16597,CUST124577,jill pena,consumer
16598,CUST124578,spencer brooks,consumer
16599,CUST124579,thomas french,corporate
16600,CUST124581,caitlin hunt,corporate
16601,CUST124583,patricia cross,consumer
16602,CUST124584,stephanie frey,corporate
16603,CUST124588,robert wallace,corporate
16604,CUST124590,matthew anderson,consumer
16605,CUST124591,deborah ibarra phd,consumer
16606,CUST124592,anthony fitzgerald,consumer
16607,CUST124593,renee garcia,corporate
16608,CUST124594,mitchell steele,consumer
16609,CUST124596,denise holmes,consumer
16610,CUST124597,jeffrey curry,consumer
16611,CUST124598,daniel thompson,corporate
16612,CUST124600,megan robles,consumer
16613,CUST124601,jacob olson,corporate
16614,CUST124602,james mcdonald,corporate
16615,CUST124604,kevin carter,consumer
16616,CUST124605,james zimmerman,corporate
16617,CUST124606,michael hunter,consumer
16618,CUST124607,travis stephens,consumer
16619,CUST124608,shelley turner,consumer
16620,CUST124609,jennifer thomas,small business
16621,CUST124611,timothy moss jr.,corporate
16622,CUST124613,troy moran,consumer
16623,CUST124614,maria conner,consumer
16624,CUST124615,andrew hunter,corporate
16625,CUST124616,matthew day,consumer
16626,CUST124617,gina koch,consumer
16627,CUST124618,danielle cohen,consumer
16628,CUST124619,amy avery,consumer
16629,CUST124620,jeffrey mendoza,consumer
16630,CUST124622,erica cooper,small business
16631,CUST124623,danielle carter,corporate
16632,CUST124625,matthew gregory,consumer
16633,CUST124626,bryan cortez,small business
16634,CUST124628,mathew walker,small business
16635,CUST124629,david morris,corporate
16636,CUST124630,jeffrey gray,corporate
16637,CUST124632,jennifer johnson,consumer
16638,CUST124634,scott osborne,consumer
16639,CUST124635,mitchell bryant,consumer
16640,CUST124639,kathy reid,small business
16641,CUST124640,lindsey arnold,corporate
16642,CUST124641,nathan rose,consumer
16643,CUST124642,glenn ray,consumer
16644,CUST124643,brandon parker,small business
16645,CUST124644,david wilkerson,small business
16646,CUST124645,rachel crawford,consumer
16647,CUST124647,gregory jones,small business
16648,CUST124648,larry huynh,corporate
16649,CUST124649,alicia young,corporate
16650,CUST124650,angela morrison,consumer
16651,CUST124652,ryan medina,consumer
16652,CUST124653,anita webb,corporate
16653,CUST124654,john lane,consumer
16654,CUST124655,mark hill,small business
16655,CUST124657,deanna baker,consumer
16656,CUST124658,brittany hanson,consumer
16657,CUST124660,richard gomez,corporate
16658,CUST124661,catherine fritz,consumer
16659,CUST124662,betty martinez,consumer
16660,CUST124664,julia murphy,consumer
16661,CUST124667,robert harrison,consumer
16662,CUST124668,maria miller,corporate
16663,CUST124670,daniel castillo,consumer
16664,CUST124671,steven osborne,small business
16665,CUST124672,amy gilbert dds,corporate
16666,CUST124673,brian huff,consumer
16667,CUST124674,frank delacruz,consumer
16668,CUST124676,tyler cortez,consumer
16669,CUST124679,erik morrow,consumer
16670,CUST124680,teresa jefferson,corporate
16671,CUST124681,rebecca miller,consumer
16672,CUST124683,tammy chapman,consumer
16673,CUST124684,robert sanchez,small business
16674,CUST124685,dwayne wheeler,corporate
16675,CUST124690,daniel briggs,small business
16676,CUST124691,brian schmidt,corporate
16677,CUST124692,michael barrera,corporate
16678,CUST124693,sarah jackson,consumer
16679,CUST124694,shannon allen,consumer
16680,CUST124695,justin martin,consumer
16681,CUST124696,amanda middleton,corporate
16682,CUST124697,terry ward,consumer
16683,CUST124698,richard saunders,small business
16684,CUST124701,ashley jones,small business
16685,CUST124702,daniel cline,corporate
16686,CUST124703,marcia jenkins dds,small business
16687,CUST124706,frank terry,consumer
16688,CUST124708,sandra davis,consumer
16689,CUST124709,robert holmes,consumer
16690,CUST124710,erin ross,consumer
16691,CUST124711,terri pierce,small business
16692,CUST124714,jonathan ferguson,consumer
16693,CUST124715,cynthia atkins,consumer
16694,CUST124720,johnny suarez,consumer
16695,CUST124722,christopher mullen,corporate
16696,CUST124726,erika hopkins,consumer
16697,CUST124727,nicole lewis,corporate
16698,CUST124728,charles harris,consumer
16699,CUST124729,gregory bryant,small business
16700,CUST124730,emily bradley,consumer
16701,CUST124731,nathaniel shaw,small business
16702,CUST124732,courtney brown,small business
16703,CUST124733,jaime gomez,corporate
16704,CUST124737,steven rosales,consumer
16705,CUST124738,diana fox,consumer
16706,CUST124741,barbara shaffer,consumer
16707,CUST124744,erin hill,consumer
16708,CUST124745,brian mendoza,small business
16709,CUST124746,craig anderson,consumer
16710,CUST124750,michael simmons,consumer
16711,CUST124751,tasha jackson,corporate
16712,CUST124752,sharon pacheco,corporate
16713,CUST124753,timothy armstrong,consumer
16714,CUST124755,erin rodriguez,small business
16715,CUST124756,dustin larson,consumer
16716,CUST124757,tammy ward,corporate
16717,CUST124759,tyler salinas,consumer
16718,CUST124760,lisa brown,corporate
16719,CUST124761,dean taylor,consumer
16720,CUST124762,alicia haynes,consumer
16721,CUST124763,samuel williams,corporate
16722,CUST124764,jonathan jones,corporate
16723,CUST124765,jorge baker,consumer
16724,CUST124766,blake butler,consumer
16725,CUST124767,brooke peterson md,consumer
16726,CUST124768,james allen,consumer
16727,CUST124769,misty fleming phd,corporate
16728,CUST124773,katelyn benson,corporate
16729,CUST124774,micheal aguirre phd,consumer
16730,CUST124776,austin thompson,consumer
16731,CUST124777,leslie daniel,corporate
16732,CUST124778,sherri lee,small business
16733,CUST124780,joe hinton,small business
16734,CUST124781,james lane,consumer
16735,CUST124782,shelby wright,consumer
16736,CUST124783,mercedes smith,consumer
16737,CUST124784,jennifer carr,consumer
16738,CUST124786,christy reed,consumer
16739,CUST124788,jennifer lopez,corporate
16740,CUST124790,felicia harris,consumer
16741,CUST124791,stacy harris,small business
16742,CUST124794,sharon vazquez,consumer
16743,CUST124796,sarah jones,corporate
16744,CUST124797,sharon martin,consumer
16745,CUST124799,mr. eric trujillo jr.,consumer
16746,CUST124801,roy crosby,consumer
16747,CUST124803,daniel ford,consumer
16748,CUST124806,angela pena,consumer
16749,CUST124807,samantha wilson,consumer
16750,CUST124808,dawn burns,consumer
16751,CUST124809,tyrone ruiz,consumer
16752,CUST124810,michele wilson,consumer
16753,CUST124811,dean flores,corporate
16754,CUST124812,jeremy jenkins,consumer
16755,CUST124813,anne garcia,consumer
16756,CUST124814,jacqueline mcfarland,consumer
16757,CUST124815,marvin smith,consumer
16758,CUST124816,amber thompson,consumer
16759,CUST124818,daniel santos,consumer
16760,CUST124820,joyce estrada,consumer
16761,CUST124821,adam joyce,consumer
16762,CUST124822,todd lee,small business
16763,CUST124825,brittany wilson,consumer
16764,CUST124826,gregory riley,consumer
16765,CUST124827,tony jackson,small business
16766,CUST124828,brandon thompson,consumer
16767,CUST124829,lisa fuller,small business
16768,CUST124830,katherine hanson,consumer
16769,CUST124831,matthew cruz,corporate
16770,CUST124832,chase flores,small business
16771,CUST124833,danielle thompson,consumer
16772,CUST124834,christina hays,consumer
16773,CUST124835,ryan lucas,consumer
16774,CUST124836,angel vincent,small business
16775,CUST124837,paul young,consumer
16776,CUST124838,patrick roberts,consumer
16777,CUST124839,benjamin herman,corporate
16778,CUST124840,mark craig,consumer
16779,CUST124843,noah schneider,corporate
16780,CUST124844,raymond hester,corporate
16781,CUST124846,wanda barker,consumer
16782,CUST124848,christine williams,consumer
16783,CUST124850,karen erickson,corporate
16784,CUST124853,jennifer miller,consumer
16785,CUST124854,anna smith,consumer
16786,CUST124855,anne burke,small business
16787,CUST124856,arthur steele,consumer
16788,CUST124858,bryan york,corporate
16789,CUST124859,tammy chavez,small business
16790,CUST124861,stephen wagner,small business
16791,CUST124862,laura erickson,consumer
16792,CUST124863,carrie hicks,consumer
16793,CUST124864,denise cantu,consumer
16794,CUST124865,christopher cooper,consumer
16795,CUST124867,amanda booth,corporate
16796,CUST124868,mr. daniel patel,consumer
16797,CUST124870,dr. michelle bruce dds,small business
16798,CUST124872,rachel bates,consumer
16799,CUST124873,kenneth brown,consumer
16800,CUST124874,karen pace,consumer
16801,CUST124875,kyle hays,consumer
16802,CUST124877,aaron guerrero,consumer
16803,CUST124878,rebecca taylor,consumer
16804,CUST124880,brett fleming,consumer
16805,CUST124882,carlos dixon,small business
16806,CUST124884,samantha moreno,consumer
16807,CUST124885,lauren allen,corporate
16808,CUST124886,sarah mathis,consumer
16809,CUST124888,amy carrillo,small business
16810,CUST124889,william martin dds,corporate
16811,CUST124890,steven serrano,consumer
16812,CUST124891,robert hubbard,consumer
16813,CUST124894,krista smith,consumer
16814,CUST124895,tamara green,consumer
16815,CUST124896,theresa brown,small business
16816,CUST124899,christopher campbell,consumer
16817,CUST124902,jordan carney,consumer
16818,CUST124903,stephanie reynolds,consumer
16819,CUST124905,nicole smith,consumer
16820,CUST124906,christian cervantes,consumer
16821,CUST124909,carmen werner,consumer
16822,CUST124910,lucas ramirez,consumer
16823,CUST124912,billy jackson,consumer
16824,CUST124914,david reed,corporate
16825,CUST124915,robert leach,corporate
16826,CUST124916,melissa smith,consumer
16827,CUST124918,ryan willis,consumer
16828,CUST124919,lee buckley,consumer
16829,CUST124921,jennifer dean,small business
16830,CUST124922,amber conley,small business
16831,CUST124925,joseph moore,consumer
16832,CUST124927,melissa henderson,small business
16833,CUST124928,shelby garcia,corporate
16834,CUST124929,kathryn duffy,consumer
16835,CUST124933,julie lucas,consumer
16836,CUST124934,bobby mcgee,consumer
16837,CUST124935,renee garcia,consumer
16838,CUST124936,brittney gonzalez,consumer
16839,CUST124940,joshua williams,corporate
16840,CUST124941,matthew ross,consumer
16841,CUST124942,robin mcclure,corporate
16842,CUST124944,benjamin huerta,consumer
16843,CUST124945,mrs. ebony schwartz dds,corporate
16844,CUST124946,lisa jackson,corporate
16845,CUST124947,jeffrey carpenter,small business
16846,CUST124948,steven jones,consumer
16847,CUST124949,kathryn gamble,small business
16848,CUST124950,christina campos,consumer
16849,CUST124955,lori summers,consumer
16850,CUST124956,anthony williamson,consumer
16851,CUST124957,stephanie taylor,consumer
16852,CUST124958,marie bowman,consumer
16853,CUST124959,dominique williams,corporate
16854,CUST124960,robert hawkins,consumer
16855,CUST124961,suzanne roberson,consumer
16856,CUST124962,kelly douglas,consumer
16857,CUST124963,daniel clark,consumer
16858,CUST124964,jennifer solomon,corporate
16859,CUST124965,jennifer quinn,consumer
16860,CUST124966,autumn andersen,corporate
16861,CUST124967,alexandra chung,consumer
16862,CUST124968,jeremy jennings,small business
16863,CUST124969,brianna gonzalez,consumer
16864,CUST124970,stacie frederick,consumer
16865,CUST124971,joel larson,consumer
16866,CUST124972,anthony stark,consumer
16867,CUST124973,peter braun,consumer
16868,CUST124975,christopher nelson,corporate
16869,CUST124979,lisa lee,consumer
16870,CUST124980,cathy mason,consumer
16871,CUST124981,adriana howard,consumer
16872,CUST124982,anthony chan,consumer
16873,CUST124983,sierra figueroa,small business
16874,CUST124984,suzanne clark,consumer
16875,CUST124985,cynthia thomas,consumer
16876,CUST124986,elizabeth peck,consumer
16877,CUST124987,todd washington,consumer
16878,CUST124988,cody pope,corporate
16879,CUST124989,christopher miller,consumer
16880,CUST124990,dr. dylan cruz dds,corporate
16881,CUST124991,dominic russell,corporate
16882,CUST124993,dennis harmon,corporate
16883,CUST124994,donna travis,consumer
16884,CUST124995,joseph pacheco,consumer
16885,CUST124996,rachel white,consumer
16886,CUST124997,frank sanders,corporate
16887,CUST124999,rodney ball,corporate
16888,CUST125000,thomas tucker,small business
16889,CUST125002,marissa mccullough,consumer
16890,CUST125004,matthew lee,consumer
16891,CUST125005,amy shaffer,consumer
16892,CUST125006,mr. matthew jacobs,small business
16893,CUST125007,gregory johnson,consumer
16894,CUST125009,jacqueline saunders,consumer
16895,CUST125010,randy brown,consumer
16896,CUST125014,alexander oneill,small business
16897,CUST125015,patrick porter,corporate
16898,CUST125017,debbie strickland,consumer
16899,CUST125018,jacqueline bruce,consumer
16900,CUST125019,randall dixon,consumer
16901,CUST125020,robert wilkins,consumer
16902,CUST125021,theodore gibson,corporate
16903,CUST125022,thomas owen,consumer
16904,CUST125023,michael taylor,consumer
16905,CUST125024,shawn williams,consumer
16906,CUST125025,anthony gregory,consumer
16907,CUST125027,christopher christensen,small business
16908,CUST125028,shannon brown,corporate
16909,CUST125029,evan johnson,consumer
16910,CUST125031,joseph mills,corporate
16911,CUST125032,martin hill,consumer
16912,CUST125033,christopher ellis,corporate
16913,CUST125034,david trujillo,consumer
16914,CUST125036,francis hess,consumer
16915,CUST125037,terry williams,consumer
16916,CUST125038,lorraine wu,small business
16917,CUST125041,nancy bond,corporate
16918,CUST125042,john stevens,consumer
16919,CUST125043,peter jones,consumer
16920,CUST125044,megan henry,small business
16921,CUST125045,sarah arroyo,consumer
16922,CUST125046,anna hall,consumer
16923,CUST125047,jessica arnold,consumer
16924,CUST125048,mrs. lorraine gonzalez dds,corporate
16925,CUST125049,samantha lambert,small business
16926,CUST125050,benjamin baldwin,corporate
16927,CUST125051,brian allen,consumer
16928,CUST125052,emily huffman,consumer
16929,CUST125053,reginald mccoy,consumer
16930,CUST125054,elizabeth vargas,consumer
16931,CUST125055,christine lucas,consumer
16932,CUST125058,leslie lewis,consumer
16933,CUST125059,mr. david lee,consumer
16934,CUST125060,arthur clark,corporate
16935,CUST125061,latoya powers,corporate
16936,CUST125062,katherine ramirez,consumer
16937,CUST125066,amanda pruitt,small business
16938,CUST125067,allison evans,small business
16939,CUST125068,jennifer johnson,consumer
16940,CUST125070,seth ray,consumer
16941,CUST125071,karen mejia,consumer
16942,CUST125072,dean butler,consumer
16943,CUST125074,ronald mcdaniel,consumer
16944,CUST125075,alan hughes,consumer
16945,CUST125076,amanda curry,corporate
16946,CUST125077,maxwell jensen,consumer
16947,CUST125078,brittany mathis,consumer
16948,CUST125079,michael reynolds,corporate
16949,CUST125081,lisa dodson,small business
16950,CUST125082,david chavez,consumer
16951,CUST125083,james rodriguez,corporate
16952,CUST125084,shaun mcconnell,consumer
16953,CUST125087,michael russell,consumer
16954,CUST125088,kenneth meyer,consumer
16955,CUST125089,brooke parks,consumer
16956,CUST125092,michael bennett,consumer
16957,CUST125096,george byrd,consumer
16958,CUST125099,mark flowers,consumer
16959,CUST125101,jacob mcguire,consumer
16960,CUST125102,david morgan,small business
16961,CUST125104,lisa malone,consumer
16962,CUST125105,jennifer hernandez,consumer
16963,CUST125106,joe davis,consumer
16964,CUST125107,kurt burgess,consumer
16965,CUST125109,karen vasquez,small business
16966,CUST125111,mary case,corporate
16967,CUST125112,william barton,corporate
16968,CUST125113,victoria hart,small business
16969,CUST125115,matthew henson,consumer
16970,CUST125116,roberta bright,corporate
16971,CUST125117,tom collins,consumer
16972,CUST125118,joseph adams,consumer
16973,CUST125119,jamie parker,small business
16974,CUST125121,bruce chapman,corporate
16975,CUST125122,susan graham,consumer
16976,CUST125123,lori hudson,consumer
16977,CUST125124,william johns,corporate
16978,CUST125125,anne brown,consumer
16979,CUST125126,jason mcdaniel,consumer
16980,CUST125130,vanessa nelson,corporate
16981,CUST125131,barbara blankenship,consumer
16982,CUST125132,jeremy giles,consumer
16983,CUST125133,heather fisher,corporate
16984,CUST125134,tammy nguyen,consumer
16985,CUST125135,jeffrey decker,consumer
16986,CUST125136,carla lewis,consumer
16987,CUST125137,john massey,consumer
16988,CUST125138,robert patrick,consumer
16989,CUST125140,andrea smith,corporate
16990,CUST125141,kirsten benton,consumer
16991,CUST125142,michelle welch,small business
16992,CUST125144,donald torres,consumer
16993,CUST125146,jason lam,consumer
16994,CUST125150,lawrence foster,corporate
16995,CUST125153,brenda grant,consumer
16996,CUST125155,charles bell,corporate
16997,CUST125156,kathleen morales,consumer
16998,CUST125157,mr. daniel perry dds,small business
16999,CUST125159,scott mckee,consumer
17000,CUST125160,james brown,consumer
17001,CUST125163,madison smith,consumer
17002,CUST125166,anne boyd,consumer
17003,CUST125167,william beasley,consumer
17004,CUST125168,eric brown,consumer
17005,CUST125169,courtney parker,consumer
17006,CUST125170,jared mitchell,consumer
17007,CUST125171,megan hinton,consumer
17008,CUST125174,frances barker,consumer
17009,CUST125175,taylor kim,corporate
17010,CUST125178,cynthia garcia,consumer
17011,CUST125179,barbara gonzalez,consumer
17012,CUST125181,kelly cuevas,corporate
17013,CUST125182,russell wood,corporate
17014,CUST125183,judy campbell,corporate
17015,CUST125186,diana bryant,small business
17016,CUST125187,juan faulkner,small business
17017,CUST125190,andrew russell,small business
17018,CUST125193,lance carrillo,consumer
17019,CUST125197,erica edwards,consumer
17020,CUST125198,amanda wallace,consumer
17021,CUST125200,alexandra bowen,consumer
17022,CUST125201,aaron parker,corporate
17023,CUST125202,danielle johnson,consumer
17024,CUST125205,april hutchinson,corporate
17025,CUST125206,robert smith,consumer
17026,CUST125207,lisa mitchell,corporate
17027,CUST125208,robert hickman,corporate
17028,CUST125209,whitney johnson,consumer
17029,CUST125211,justin marquez,consumer
17030,CUST125212,jennifer perez,consumer
17031,CUST125213,albert mccall,consumer
17032,CUST125214,christine nielsen,small business
17033,CUST125216,eugene perry,consumer
17034,CUST125218,michael cook,consumer
17035,CUST125222,eric burns,consumer
17036,CUST125224,steven zavala,consumer
17037,CUST125226,michael johnson,corporate
17038,CUST125227,shawn stevens,corporate
17039,CUST125230,denise schroeder,consumer
17040,CUST125235,erin potter,consumer
17041,CUST125236,lynn burton,corporate
17042,CUST125237,ralph owens,consumer
17043,CUST125238,eric robles,small business
17044,CUST125239,sylvia moore,consumer
17045,CUST125240,amanda walker,corporate
17046,CUST125241,andrew fry,corporate
17047,CUST125242,craig anderson,corporate
17048,CUST125243,kelly patel,corporate
17049,CUST125245,tracy frost,consumer
17050,CUST125246,samantha fitzgerald,consumer
17051,CUST125247,billy goodman,consumer
17052,CUST125248,lindsey lynn,consumer
17053,CUST125249,sara david,small business
17054,CUST125252,theresa lopez,consumer
17055,CUST125254,keith martin,corporate
17056,CUST125256,ian coleman,consumer
17057,CUST125258,anthony maddox,corporate
17058,CUST125259,jeremy rodgers,consumer
17059,CUST125260,elizabeth wilson,small business
17060,CUST125261,john griffin,consumer
17061,CUST125266,penny ramirez phd,consumer
17062,CUST125267,james miller,small business
17063,CUST125268,tiffany pham,corporate
17064,CUST125269,tina brown,small business
17065,CUST125270,jason baker,corporate
17066,CUST125271,phillip robertson,corporate
17067,CUST125273,nicholas richards,corporate
17068,CUST125274,jeffrey cochran,consumer
17069,CUST125275,stephen roach,consumer
17070,CUST125276,joseph bailey,consumer
17071,CUST125277,becky jackson,consumer
17072,CUST125279,jasmine wright,consumer
17073,CUST125282,kathleen miller,consumer
17074,CUST125283,veronica fox,consumer
17075,CUST125284,patricia ramirez,small business
17076,CUST125285,melanie reyes,small business
17077,CUST125286,michelle campbell,consumer
17078,CUST125288,russell cole md,consumer
17079,CUST125289,eric macdonald,consumer
17080,CUST125291,matthew hughes,corporate
17081,CUST125293,david hernandez,small business
17082,CUST125294,brittany wilson,consumer
17083,CUST125295,bryan chung,consumer
17084,CUST125297,james stevens,corporate
17085,CUST125298,laura cooper,consumer
17086,CUST125301,kenneth ross,consumer
17087,CUST125303,benjamin davis,consumer
17088,CUST125304,david garcia,small business
17089,CUST125305,mallory terry,corporate
17090,CUST125306,joanne jones,small business
17091,CUST125307,james delgado,corporate
17092,CUST125308,joan williams,consumer
17093,CUST125313,nicholas castro phd,consumer
17094,CUST125314,morgan richardson,consumer
17095,CUST125315,james bautista,consumer
17096,CUST125316,alicia castillo,small business
17097,CUST125317,patricia curtis,small business
17098,CUST125319,stacey miles,corporate
17099,CUST125320,katrina hernandez,consumer
17100,CUST125321,ann young,corporate
17101,CUST125322,dennis washington,consumer
17102,CUST125323,william miller,consumer
17103,CUST125326,justin jones,consumer
17104,CUST125327,brooke allen,consumer
17105,CUST125328,allen james,consumer
17106,CUST125329,misty acosta,consumer
17107,CUST125330,jeremy grant,consumer
17108,CUST125331,sarah parks,consumer
17109,CUST125333,shelley henderson,consumer
17110,CUST125336,sean mueller,small business
17111,CUST125337,stephen macias,consumer
17112,CUST125338,sherri stone,small business
17113,CUST125340,judith frazier,consumer
17114,CUST125341,bradley ball,consumer
17115,CUST125342,christopher campos,consumer
17116,CUST125343,adrienne russell,consumer
17117,CUST125344,randall rosales,consumer
17118,CUST125345,michael allen,consumer
17119,CUST125347,john casey,consumer
17120,CUST125348,mike pierce,consumer
17121,CUST125349,leslie patterson,consumer
17122,CUST125350,amy wade,small business
17123,CUST125351,carla torres,consumer
17124,CUST125352,dr. robert grimes,corporate
17125,CUST125353,wendy murray,consumer
17126,CUST125354,brandy gutierrez,corporate
17127,CUST125355,matthew myers,consumer
17128,CUST125356,timothy austin,consumer
17129,CUST125357,barry beck,corporate
17130,CUST125358,kevin singh,small business
17131,CUST125359,brad robinson,small business
17132,CUST125363,lisa williams,consumer
17133,CUST125364,robert hansen,consumer
17134,CUST125366,david carter,consumer
17135,CUST125368,theodore crawford,consumer
17136,CUST125370,evan adams,consumer
17137,CUST125377,katherine stewart,consumer
17138,CUST125378,julia robinson,corporate
17139,CUST125379,joy schroeder,corporate
17140,CUST125380,bradley kennedy,small business
17141,CUST125381,christopher chung,consumer
17142,CUST125383,allison ford,corporate
17143,CUST125384,kristy yang,consumer
17144,CUST125386,mark white,consumer
17145,CUST125389,jimmy bishop,consumer
17146,CUST125390,george ayers,small business
17147,CUST125391,katrina gordon,consumer
17148,CUST125392,gregory wilson,consumer
17149,CUST125393,maria hernandez,consumer
17150,CUST125395,sheila boyd,small business
17151,CUST125397,jason rodriguez,consumer
17152,CUST125398,david lopez,consumer
17153,CUST125399,catherine singleton,consumer
17154,CUST125401,jade cook,consumer
17155,CUST125402,kristine richardson,consumer
17156,CUST125404,michelle knapp,consumer
17157,CUST125405,toni thomas,corporate
17158,CUST125406,jennifer long,corporate
17159,CUST125409,john smith,consumer
17160,CUST125410,eric wells,consumer
17161,CUST125411,stacy martin,corporate
17162,CUST125413,christopher roberts,consumer
17163,CUST125414,mr. matthew bryan iii,consumer
17164,CUST125416,mr. james contreras md,consumer
17165,CUST125417,jessica thornton,consumer
17166,CUST125418,sean moore,consumer
17167,CUST125420,harold mcneil,small business
17168,CUST125422,robin grimes,consumer
17169,CUST125423,jeffrey clark,consumer
17170,CUST125424,katie hamilton,consumer
17171,CUST125425,angela jacobs,consumer
17172,CUST125428,brittany bass,consumer
17173,CUST125429,anthony floyd,consumer
17174,CUST125431,kristy mccoy,consumer
17175,CUST125432,robert brady,consumer
17176,CUST125433,stephanie martin,small business
17177,CUST125434,mark armstrong,consumer
17178,CUST125436,kimberly duncan,corporate
17179,CUST125437,austin nunez,consumer
17180,CUST125438,denise luna,consumer
17181,CUST125441,dennis spencer,consumer
17182,CUST125442,brandon carter,consumer
17183,CUST125444,sandra morrison,consumer
17184,CUST125445,richard hernandez,consumer
17185,CUST125446,andrea short,consumer
17186,CUST125449,joshua murphy,corporate
17187,CUST125450,edward butler,consumer
17188,CUST125451,anthony white,small business
17189,CUST125453,elizabeth goodman,consumer
17190,CUST125454,daniel rodriguez,consumer
17191,CUST125455,david thompson,corporate
17192,CUST125456,mark ware,consumer
17193,CUST125457,michael brown,consumer
17194,CUST125458,christopher sullivan,corporate
17195,CUST125459,charles lucas,consumer
17196,CUST125461,kenneth hobbs,small business
17197,CUST125462,amanda wallace,consumer
17198,CUST125463,arthur snyder,consumer
17199,CUST125464,crystal crane,consumer
17200,CUST125465,jessica watson,consumer
17201,CUST125466,jessica rodriguez,consumer
17202,CUST125468,michael miller,corporate
17203,CUST125469,christina gonzalez,corporate
17204,CUST125471,jeffrey tapia,corporate
17205,CUST125473,troy hart,consumer
17206,CUST125474,mario johnson,consumer
17207,CUST125475,kathy johnson,corporate
17208,CUST125477,lori crosby,corporate
17209,CUST125478,tracy torres,consumer
17210,CUST125480,kimberly reed,consumer
17211,CUST125481,stephanie berry,consumer
17212,CUST125485,brandon benjamin,small business
17213,CUST125486,ashley myers,consumer
17214,CUST125487,ashley willis,corporate
17215,CUST125491,mr. stephen brooks md,consumer
17216,CUST125494,heather diaz,consumer
17217,CUST125495,jose graham,consumer
17218,CUST125496,susan carroll,corporate
17219,CUST125498,tony thomas,consumer
17220,CUST125499,diane hobbs,corporate
17221,CUST125501,destiny scott,consumer
17222,CUST125503,barbara brown,consumer
17223,CUST125504,mary armstrong,consumer
17224,CUST125505,james garcia,corporate
17225,CUST125506,jordan freeman,consumer
17226,CUST125507,kelly johnson,consumer
17227,CUST125508,lance johnson,consumer
17228,CUST125511,lance flynn,consumer
17229,CUST125513,patricia smith,consumer
17230,CUST125514,katherine bowen,consumer
17231,CUST125515,matthew bradshaw,consumer
17232,CUST125516,peter boyd,consumer
17233,CUST125517,daniel farmer,corporate
17234,CUST125519,ashley livingston,corporate
17235,CUST125522,kathryn rodriguez,consumer
17236,CUST125523,kaylee smith,consumer
17237,CUST125524,ryan brown,consumer
17238,CUST125525,leslie henderson,corporate
17239,CUST125526,stanley jenkins,corporate
17240,CUST125528,james gonzalez,consumer
17241,CUST125529,ryan francis,consumer
17242,CUST125531,darrell james,small business
17243,CUST125532,emily smith,consumer
17244,CUST125533,erika woods,small business
17245,CUST125534,robert gonzalez,consumer
17246,CUST125536,melissa hernandez,consumer
17247,CUST125537,jennifer adams,small business
17248,CUST125538,paul jones,corporate
17249,CUST125540,lisa bird,corporate
17250,CUST125541,willie jordan,consumer
17251,CUST125546,sarah garcia,consumer
17252,CUST125547,jamie wallace,small business
17253,CUST125548,erin thomas,corporate
17254,CUST125549,elizabeth wright,consumer
17255,CUST125550,benjamin rowe,consumer
17256,CUST125552,erica flynn,consumer
17257,CUST125553,larry reed,consumer
17258,CUST125554,linda russell,consumer
17259,CUST125555,lucas moore,small business
17260,CUST125556,melvin ross,small business
17261,CUST125557,victoria diaz,consumer
17262,CUST125559,jason king,consumer
17263,CUST125560,randy burton,consumer
17264,CUST125561,sierra alvarez,corporate
17265,CUST125562,theresa anderson,consumer
17266,CUST125564,michael rodriguez,consumer
17267,CUST125566,timothy beltran,consumer
17268,CUST125567,stephanie davis,corporate
17269,CUST125571,edward brown,consumer
17270,CUST125572,daniel fry,corporate
17271,CUST125573,rachel brown,small business
17272,CUST125574,christine garcia,small business
17273,CUST125575,john brewer,corporate
17274,CUST125576,tiffany butler,small business
17275,CUST125578,aaron williams,consumer
17276,CUST125579,james harrison,small business
17277,CUST125580,kayla lyons,small business
17278,CUST125581,peter harris,consumer
17279,CUST125582,monique thompson,consumer
17280,CUST125583,kevin fox,consumer
17281,CUST125584,michelle allison,consumer
17282,CUST125585,kenneth dixon,consumer
17283,CUST125586,terry carroll,consumer
17284,CUST125588,colin hayes,small business
17285,CUST125589,tina roth,consumer
17286,CUST125590,stephen walton,consumer
17287,CUST125594,jessica odom,corporate
17288,CUST125595,stephanie brock,small business
17289,CUST125598,benjamin drake,corporate
17290,CUST125599,fernando smith,corporate
17291,CUST125600,alex cooper,consumer
17292,CUST125601,beth howell,small business
17293,CUST125602,nancy lin,small business
17294,CUST125603,nathan daniels,consumer
17295,CUST125604,vanessa hughes,consumer
17296,CUST125605,angela frazier,corporate
17297,CUST125607,lynn kim,corporate
17298,CUST125608,daniel smith,corporate
17299,CUST125609,gregory nguyen,consumer
17300,CUST125610,brent hart,corporate
17301,CUST125611,douglas greene,consumer
17302,CUST125612,justin schultz,consumer
17303,CUST125613,mr. thomas mitchell md,consumer
17304,CUST125614,charles gutierrez,consumer
17305,CUST125617,daniel garcia,consumer
17306,CUST125618,alan davis,small business
17307,CUST125620,taylor park,consumer
17308,CUST125622,anne miller,small business
17309,CUST125625,derek myers,consumer
17310,CUST125626,jared martin,corporate
17311,CUST125627,willie rosales,consumer
17312,CUST125628,laura gillespie,consumer
17313,CUST125629,ronald johnson,consumer
17314,CUST125630,lauren porter,consumer
17315,CUST125631,judy harrell,small business
17316,CUST125635,erica trevino,corporate
17317,CUST125636,gary james,consumer
17318,CUST125637,brett smith,consumer
17319,CUST125638,ms. erin ferguson,consumer
17320,CUST125639,darlene garza,corporate
17321,CUST125640,joshua wright,corporate
17322,CUST125641,maria arnold,corporate
17323,CUST125642,timothy barnett,consumer
17324,CUST125643,lisa freeman,small business
17325,CUST125646,rita ryan,consumer
17326,CUST125647,christie montes,consumer
17327,CUST125648,kelly martinez,corporate
17328,CUST125649,william rangel,corporate
17329,CUST125650,christopher logan,consumer
17330,CUST125651,annette hartman,consumer
17331,CUST125652,audrey evans,consumer
17332,CUST125653,daniel rogers,consumer
17333,CUST125654,shelby graham,consumer
17334,CUST125658,ralph savage,small business
17335,CUST125660,patrick miller,small business
17336,CUST125661,jennifer west,consumer
17337,CUST125664,jennifer manning,small business
17338,CUST125665,robert wilson,consumer
17339,CUST125667,samantha johnson,corporate
17340,CUST125668,lee rodriguez,small business
17341,CUST125669,ronald jordan,consumer
17342,CUST125671,edward parsons,small business
17343,CUST125672,helen williams,consumer
17344,CUST125673,melissa kidd,corporate
17345,CUST125676,douglas black,corporate
17346,CUST125677,mark macdonald,corporate
17347,CUST125678,ryan holt,corporate
17348,CUST125679,leslie allen,consumer
17349,CUST125680,kathy hunter,small business
17350,CUST125682,evelyn flynn,consumer
17351,CUST125684,michael potter,consumer
17352,CUST125685,gloria gutierrez,consumer
17353,CUST125686,amanda perry,consumer
17354,CUST125687,dennis hernandez,consumer
17355,CUST125691,mark stark,corporate
17356,CUST125692,billy briggs,small business
17357,CUST125693,james johnson,consumer
17358,CUST125694,david robles,small business
17359,CUST125695,michael porter,corporate
17360,CUST125697,briana hayes,small business
17361,CUST125699,charles klein,consumer
17362,CUST125701,keith smith,consumer
17363,CUST125702,suzanne davis,consumer
17364,CUST125703,jennifer cooper,consumer
17365,CUST125704,john vance,consumer
17366,CUST125705,nicholas snyder,small business
17367,CUST125706,andrea brown,consumer
17368,CUST125708,leonard martin,corporate
17369,CUST125709,krystal carter,corporate
17370,CUST125710,lauren martin,consumer
17371,CUST125711,gary garcia,consumer
17372,CUST125712,william roberts,consumer
17373,CUST125713,william navarro,small business
17374,CUST125714,william rodgers jr.,consumer
17375,CUST125715,james mcpherson,corporate
17376,CUST125716,anne steele,small business
17377,CUST125717,donald kennedy,consumer
17378,CUST125718,kimberly holmes,small business
17379,CUST125723,kelly ellison,corporate
17380,CUST125724,shawn ford,consumer
17381,CUST125726,marie lee,small business
17382,CUST125729,mark reese,consumer
17383,CUST125730,jillian james,corporate
17384,CUST125731,douglas rios,consumer
17385,CUST125732,sonya bowers,consumer
17386,CUST125733,laurie palmer,small business
17387,CUST125734,sydney may,consumer
17388,CUST125737,wendy tanner,corporate
17389,CUST125738,denise wood,consumer
17390,CUST125739,steven mosley,consumer
17391,CUST125742,tina morris,consumer
17392,CUST125744,madison salazar,corporate
17393,CUST125745,kayla patel,consumer
17394,CUST125746,amber anderson,consumer
17395,CUST125747,sheri dean,consumer
17396,CUST125748,jordan sawyer,corporate
17397,CUST125749,derrick perkins,consumer
17398,CUST125750,amanda steele,corporate
17399,CUST125753,marc singleton,consumer
17400,CUST125754,jeremy kelly md,consumer
17401,CUST125756,danielle becker md,consumer
17402,CUST125757,amanda schneider,consumer
17403,CUST125758,edwin kane,corporate
17404,CUST125759,william snyder,small business
17405,CUST125760,jason turner,consumer
17406,CUST125762,brian mills,corporate
17407,CUST125763,james wise,consumer
17408,CUST125764,daniel stark,corporate
17409,CUST125765,laurie hunt,small business
17410,CUST125767,anthony ortiz,consumer
17411,CUST125770,crystal mccoy,small business
17412,CUST125773,teresa huff,consumer
17413,CUST125775,mark cunningham,consumer
17414,CUST125776,tom jackson,consumer
17415,CUST125779,david bruce,corporate
17416,CUST125784,krista salinas,consumer
17417,CUST125785,paul scott,consumer
17418,CUST125786,jeffrey lopez,consumer
17419,CUST125787,donna wong,consumer
17420,CUST125788,kevin hopkins,corporate
17421,CUST125789,lydia curtis,consumer
17422,CUST125791,adam barr,small business
17423,CUST125792,robert lambert,consumer
17424,CUST125793,michael bailey,corporate
17425,CUST125794,whitney munoz,small business
17426,CUST125795,scott cunningham,consumer
17427,CUST125796,michael lang,consumer
17428,CUST125797,victoria pace dvm,corporate
17429,CUST125798,linda luna,consumer
17430,CUST125801,william sanchez,corporate
17431,CUST125802,gregory rodriguez,consumer
17432,CUST125803,michael james,consumer
17433,CUST125805,gina sanchez,consumer
17434,CUST125806,joshua murphy,corporate
17435,CUST125809,brandon garrett,consumer
17436,CUST125810,bethany conrad,consumer
17437,CUST125811,mary lin,consumer
17438,CUST125812,darren campbell,consumer
17439,CUST125814,robert jacobs,consumer
17440,CUST125815,jimmy watts,consumer
17441,CUST125816,jonathan oliver,small business
17442,CUST125817,daniel hernandez,small business
17443,CUST125819,emily jefferson,consumer
17444,CUST125820,daniel macdonald,consumer
17445,CUST125821,david ellis,corporate
17446,CUST125823,sharon stark,consumer
17447,CUST125824,debra jones,consumer
17448,CUST125826,danielle pineda,consumer
17449,CUST125828,bailey knapp,consumer
17450,CUST125829,christopher carroll,small business
17451,CUST125830,eric perry,consumer
17452,CUST125834,dr. andrew barnes,small business
17453,CUST125835,jose mcmahon,consumer
17454,CUST125836,james vasquez,small business
17455,CUST125837,tammy lynch,small business
17456,CUST125838,belinda adams,consumer
17457,CUST125839,jacqueline logan,small business
17458,CUST125840,lisa carter,consumer
17459,CUST125841,christina chavez,small business
17460,CUST125843,ralph cruz,consumer
17461,CUST125844,gina williams,consumer
17462,CUST125845,terri white,consumer
17463,CUST125846,rebecca davis,consumer
17464,CUST125847,stanley kim,consumer
17465,CUST125848,steven nelson,consumer
17466,CUST125851,eric kim,small business
17467,CUST125852,taylor allen,corporate
17468,CUST125853,anne keith,corporate
17469,CUST125854,tracy henderson,corporate
17470,CUST125855,jessica huff,consumer
17471,CUST125856,glenn brown,consumer
17472,CUST125858,peter wright,small business
17473,CUST125859,joseph lewis,small business
17474,CUST125860,sally herman,consumer
17475,CUST125862,ricardo wilson,small business
17476,CUST125864,destiny walker,consumer
17477,CUST125865,calvin serrano,consumer
17478,CUST125867,albert brown,consumer
17479,CUST125868,brian craig,corporate
17480,CUST125869,mr. mark parker,consumer
17481,CUST125873,nicholas arroyo,consumer
17482,CUST125874,daniel myers,consumer
17483,CUST125875,paige smith,consumer
17484,CUST125876,alexandra nichols,consumer
17485,CUST125877,christopher snyder,corporate
17486,CUST125878,stanley sullivan,small business
17487,CUST125879,benjamin nguyen iii,consumer
17488,CUST125880,scott porter,consumer
17489,CUST125882,johnny ruiz,corporate
17490,CUST125884,jason young,corporate
17491,CUST125885,rebecca rice,consumer
17492,CUST125886,christine larsen,consumer
17493,CUST125887,ryan wallace,corporate
17494,CUST125888,mrs. lisa wilson,consumer
17495,CUST125890,kyle white,consumer
17496,CUST125891,sherry austin,consumer
17497,CUST125893,caitlin barrett,consumer
17498,CUST125895,keith murillo,consumer
17499,CUST125897,marvin lawrence,consumer
17500,CUST125898,amber garrett,consumer
17501,CUST125900,william allen,consumer
17502,CUST125901,richard lee,consumer
17503,CUST125902,sara woods,corporate
17504,CUST125903,courtney davis,consumer
17505,CUST125905,julian clark,small business
17506,CUST125906,deborah davis,corporate
17507,CUST125907,tina bennett,consumer
17508,CUST125908,ronald hill,small business
17509,CUST125909,larry wright,consumer
17510,CUST125910,diane clark md,small business
17511,CUST125911,mary garcia,corporate
17512,CUST125914,stacey gray,consumer
17513,CUST125915,kimberly robinson,consumer
17514,CUST125916,kelly thomas,consumer
17515,CUST125917,andrew montgomery,consumer
17516,CUST125919,lisa harper,consumer
17517,CUST125920,martha harris,consumer
17518,CUST125922,justin vaughan,corporate
17519,CUST125923,ashley mitchell,consumer
17520,CUST125924,david lee,corporate
17521,CUST125925,gary lee,consumer
17522,CUST125926,deanna smith,consumer
17523,CUST125927,james dunn,consumer
17524,CUST125930,gabriel sanchez,consumer
17525,CUST125932,david hurst,corporate
17526,CUST125934,gerald davis,consumer
17527,CUST125936,kelsey clark,small business
17528,CUST125937,nicholas forbes,small business
17529,CUST125939,darrell jones,consumer
17530,CUST125942,stacy bates,small business
17531,CUST125943,holly garcia,small business
17532,CUST125944,tyler smith,consumer
17533,CUST125945,bradley pollard,small business
17534,CUST125947,christine perry,consumer
17535,CUST125948,felicia powell,consumer
17536,CUST125949,richard quinn,corporate
17537,CUST125950,todd turner,small business
17538,CUST125951,angela spencer,consumer
17539,CUST125952,brianna brown,small business
17540,CUST125954,mitchell wallace,corporate
17541,CUST125957,jordan lee,corporate
17542,CUST125958,tammy arias,corporate
17543,CUST125959,hannah ramirez,consumer
17544,CUST125962,monica jackson,consumer
17545,CUST125963,cameron carter,corporate
17546,CUST125964,brian brown,consumer
17547,CUST125965,kenneth leonard,consumer
17548,CUST125966,angel sharp,consumer
17549,CUST125967,james parker,corporate
17550,CUST125968,kelly mcgee,small business
17551,CUST125970,omar watson,consumer
17552,CUST125973,brandi lane,corporate
17553,CUST125977,patrick smith,consumer
17554,CUST125978,ryan monroe,small business
17555,CUST125979,heather long,consumer
17556,CUST125981,paige holt,corporate
17557,CUST125983,lisa hill,consumer
17558,CUST125984,john mccarthy,consumer
17559,CUST125985,walter flynn,corporate
17560,CUST125986,timothy johnson,corporate
17561,CUST125988,james torres,corporate
17562,CUST125991,christopher castaneda,corporate
17563,CUST125992,michael travis,consumer
17564,CUST125993,paige hernandez,consumer
17565,CUST125995,timothy miranda,consumer
17566,CUST125996,javier thomas,consumer
17567,CUST125997,joseph juarez,consumer
17568,CUST125998,james parker,consumer
17569,CUST125999,jerry long,consumer
17570,CUST126000,paul jordan,corporate
17571,CUST126001,amber thomas,corporate
17572,CUST126002,tina anderson,consumer
17573,CUST126003,jennifer gutierrez,corporate
17574,CUST126004,patrick spears,corporate
17575,CUST126005,beverly willis,corporate
17576,CUST126006,cheryl king,small business
17577,CUST126007,christopher rosales,small business
17578,CUST126008,michelle matthews,consumer
17579,CUST126009,matthew sherman,small business
17580,CUST126010,thomas medina,consumer
17581,CUST126011,sydney smith,consumer
17582,CUST126013,susan davis,consumer
17583,CUST126015,timothy howard,consumer
17584,CUST126016,mr. brian washington iii,consumer
17585,CUST126017,chelsea burns,consumer
17586,CUST126018,jaime carter,consumer
17587,CUST126019,ryan robbins,corporate
17588,CUST126021,shannon key,consumer
17589,CUST126022,robert mccoy,consumer
17590,CUST126024,kelly zuniga,consumer
17591,CUST126026,tony huynh,consumer
17592,CUST126028,jamie hamilton,corporate
17593,CUST126031,shannon schultz,small business
17594,CUST126034,jessica gutierrez,consumer
17595,CUST126036,amy walker,consumer
17596,CUST126038,tommy richards,consumer
17597,CUST126039,jeffrey howard,consumer
17598,CUST126040,eddie carroll,corporate
17599,CUST126041,kathy mitchell,consumer
17600,CUST126042,john ford,small business
17601,CUST126043,kayla rowe,consumer
17602,CUST126046,angela lopez,corporate
17603,CUST126047,patricia nelson,corporate
17604,CUST126048,craig smith,small business
17605,CUST126050,daniel jones,small business
17606,CUST126052,diane gomez,corporate
17607,CUST126053,sharon palmer,consumer
17608,CUST126054,adrian johnson,consumer
17609,CUST126055,rebecca garcia,corporate
17610,CUST126056,william rodriguez,consumer
17611,CUST126057,kelsey garcia,consumer
17612,CUST126058,holly allen,small business
17613,CUST126059,kristin taylor,small business
17614,CUST126060,jason flores,consumer
17615,CUST126061,natalie taylor,consumer
17616,CUST126064,shannon esparza,consumer
17617,CUST126066,abigail calhoun,consumer
17618,CUST126067,aaron harris,small business
17619,CUST126069,jeffrey weber,corporate
17620,CUST126070,sarah heath,corporate
17621,CUST126071,kathleen long,consumer
17622,CUST126073,terri reed,small business
17623,CUST126074,amanda munoz,consumer
17624,CUST126075,erica watkins,consumer
17625,CUST126078,amanda ortiz,small business
17626,CUST126081,patricia neal,small business
17627,CUST126082,steven roman,corporate
17628,CUST126083,todd raymond,consumer
17629,CUST126085,michael mitchell,small business
17630,CUST126086,carla parker,consumer
17631,CUST126089,amanda mays,corporate
17632,CUST126091,daniel ortega,corporate
17633,CUST126092,steven davis,corporate
17634,CUST126093,scott medina,consumer
17635,CUST126094,douglas flores,corporate
17636,CUST126095,amy bush,small business
17637,CUST126096,danny carter,corporate
17638,CUST126099,sharon williams,consumer
17639,CUST126100,spencer mcdaniel,small business
17640,CUST126101,kimberly khan,corporate
17641,CUST126104,meghan brooks,corporate
17642,CUST126105,amanda anderson,consumer
17643,CUST126106,jose haynes,consumer
17644,CUST126107,edwin marks dds,consumer
17645,CUST126108,kenneth franklin,corporate
17646,CUST126110,destiny gill,consumer
17647,CUST126111,stephanie baker,small business
17648,CUST126112,adam morales,consumer
17649,CUST126113,stacey brown,small business
17650,CUST126114,vincent green,corporate
17651,CUST126115,derrick cook,consumer
17652,CUST126118,kristina payne,small business
17653,CUST126121,jordan hunter,consumer
17654,CUST126122,sheila nolan,corporate
17655,CUST126125,kelly williams,small business
17656,CUST126126,todd cameron,corporate
17657,CUST126127,sherry cruz,consumer
17658,CUST126128,alejandra downs,consumer
17659,CUST126131,david tran,consumer
17660,CUST126132,justin ortiz,corporate
17661,CUST126133,catherine cole,corporate
17662,CUST126135,amber dunn,small business
17663,CUST126137,spencer brown,corporate
17664,CUST126138,loretta hunter,consumer
17665,CUST126139,michael goodman,consumer
17666,CUST126140,franklin wallace,small business
17667,CUST126141,melissa hancock,consumer
17668,CUST126143,samantha baxter,consumer
17669,CUST126145,justin castillo,consumer
17670,CUST126147,taylor johnson,consumer
17671,CUST126148,john gonzales,consumer
17672,CUST126149,christian lee,consumer
17673,CUST126151,kimberly hodges,consumer
17674,CUST126152,carol skinner,consumer
17675,CUST126153,brian fritz,consumer
17676,CUST126155,theresa lewis,consumer
17677,CUST126156,olivia baldwin,consumer
17678,CUST126157,heather fletcher,consumer
17679,CUST126160,stephanie thomas,consumer
17680,CUST126161,mary smith,consumer
17681,CUST126162,sheri massey md,small business
17682,CUST126164,richard macias,small business
17683,CUST126165,michelle simmons,consumer
17684,CUST126166,amy williams,consumer
17685,CUST126167,kathleen williams,consumer
17686,CUST126168,brandy mcdonald,corporate
17687,CUST126169,louis collins,consumer
17688,CUST126171,brooke rogers,corporate
17689,CUST126174,brian williams md,consumer
17690,CUST126175,vanessa dawson,corporate
17691,CUST126176,mark bradshaw,consumer
17692,CUST126177,rebecca ross,consumer
17693,CUST126179,robert baldwin,consumer
17694,CUST126180,stephanie james,corporate
17695,CUST126181,adam haney,consumer
17696,CUST126182,tammy richards,consumer
17697,CUST126183,patricia brown,small business
17698,CUST126185,carol anderson,consumer
17699,CUST126186,jennifer west,corporate
17700,CUST126187,michael bailey,corporate
17701,CUST126188,alejandro lawson,small business
17702,CUST126190,alicia davis,consumer
17703,CUST126192,christina chavez,corporate
17704,CUST126193,larry douglas,corporate
17705,CUST126194,heather williams,consumer
17706,CUST126195,cheryl boyle,consumer
17707,CUST126196,stephanie weber,corporate
17708,CUST126199,kimberly garcia,consumer
17709,CUST126200,brian lewis,consumer
17710,CUST126203,amanda webb,corporate
17711,CUST126204,autumn sullivan,corporate
17712,CUST126205,thomas melendez,consumer
17713,CUST126208,pamela jackson,consumer
17714,CUST126209,kim johnson,consumer
17715,CUST126212,brenda campbell,consumer
17716,CUST126214,dana english,consumer
17717,CUST126215,eric fox,corporate
17718,CUST126216,sean hanson,corporate
17719,CUST126217,jessica aguirre,consumer
17720,CUST126218,rebecca miranda md,small business
17721,CUST126220,david clark,consumer
17722,CUST126221,steven banks,consumer
17723,CUST126223,mary moore,corporate
17724,CUST126225,john jimenez,small business
17725,CUST126227,duane boyd,corporate
17726,CUST126228,bridget fernandez,consumer
17727,CUST126229,brent allen,consumer
17728,CUST126231,debbie browning,corporate
17729,CUST126233,beverly davis,consumer
17730,CUST126237,shelly yang,consumer
17731,CUST126238,rebecca johnson,corporate
17732,CUST126239,cindy garcia,consumer
17733,CUST126240,bradley wright,consumer
17734,CUST126241,dennis coleman,consumer
17735,CUST126243,ryan anderson,consumer
17736,CUST126245,christina taylor,small business
17737,CUST126246,nancy perry,consumer
17738,CUST126250,leonard howell,small business
17739,CUST126251,kerry woods,small business
17740,CUST126253,kathy trujillo,small business
17741,CUST126254,vanessa watkins,corporate
17742,CUST126255,dr. randall weber,small business
17743,CUST126256,tricia russell,consumer
17744,CUST126257,thomas hester,consumer
17745,CUST126260,lisa flores,corporate
17746,CUST126261,dr. anthony sparks dds,corporate
17747,CUST126262,james gonzales jr.,corporate
17748,CUST126264,cynthia richardson,consumer
17749,CUST126265,kimberly perry,corporate
17750,CUST126267,regina nelson,corporate
17751,CUST126270,samantha phillips,consumer
17752,CUST126271,jessica crawford,consumer
17753,CUST126273,james cole,consumer
17754,CUST126274,pamela willis,consumer
17755,CUST126275,christina mckenzie,consumer
17756,CUST126276,amanda freeman,consumer
17757,CUST126277,nicole allen,small business
17758,CUST126280,rebecca hanson,consumer
17759,CUST126282,angel davis,consumer
17760,CUST126283,rachel williams,consumer
17761,CUST126288,sarah chandler,corporate
17762,CUST126289,ryan carroll,consumer
17763,CUST126290,kevin choi,corporate
17764,CUST126291,wendy cooper,consumer
17765,CUST126293,ryan armstrong,small business
17766,CUST126294,joseph cook,corporate
17767,CUST126295,renee jones,corporate
17768,CUST126297,william gonzalez,consumer
17769,CUST126298,sally grant,small business
17770,CUST126299,zachary hogan,corporate
17771,CUST126300,patrick henry,consumer
17772,CUST126302,renee torres,consumer
17773,CUST126304,jonathan padilla,consumer
17774,CUST126305,rachel anderson,consumer
17775,CUST126307,tyler cortez,consumer
17776,CUST126308,brittany hale,corporate
17777,CUST126309,mark reed,corporate
17778,CUST126310,jessica taylor,consumer
17779,CUST126311,rebecca dorsey,consumer
17780,CUST126312,alyssa foley,consumer
17781,CUST126314,megan gregory,corporate
17782,CUST126316,joshua elliott,corporate
17783,CUST126317,brooke joyce,small business
17784,CUST126318,michael long,corporate
17785,CUST126319,olivia ramos,consumer
17786,CUST126321,shelby moore,consumer
17787,CUST126323,veronica flores,consumer
17788,CUST126324,zachary white,corporate
17789,CUST126327,justin bryan,corporate
17790,CUST126329,michaela parks,small business
17791,CUST126330,dennis griffin,corporate
17792,CUST126332,clayton jordan,corporate
17793,CUST126334,michelle hughes,consumer
17794,CUST126335,dawn patterson,corporate
17795,CUST126336,dennis leblanc,consumer
17796,CUST126338,stephanie hawkins,consumer
17797,CUST126339,jillian alvarez,consumer
17798,CUST126341,timothy yang,consumer
17799,CUST126342,robert guzman,corporate
17800,CUST126343,lisa brown,consumer
17801,CUST126344,phillip melendez,corporate
17802,CUST126345,danielle mullen,consumer
17803,CUST126346,mrs. terri cameron,consumer
17804,CUST126352,ann baker,small business
17805,CUST126354,charles mendez,consumer
17806,CUST126355,patrick garcia,consumer
17807,CUST126356,joel williams,small business
17808,CUST126358,charles hill,consumer
17809,CUST126359,jacob mcclure,corporate
17810,CUST126360,wendy murray,consumer
17811,CUST126361,sean duarte,small business
17812,CUST126362,megan moore,consumer
17813,CUST126365,tanya sharp,consumer
17814,CUST126366,lori kirby,corporate
17815,CUST126368,lisa blake,corporate
17816,CUST126369,erica jacobson,consumer
17817,CUST126370,timothy peterson,consumer
17818,CUST126376,wendy johnson,consumer
17819,CUST126377,daniel knox,consumer
17820,CUST126378,linda may,consumer
17821,CUST126380,melanie morales,consumer
17822,CUST126382,judy fitzpatrick,consumer
17823,CUST126383,james wilson,consumer
17824,CUST126385,melissa rich,consumer
17825,CUST126386,elizabeth scott,consumer
17826,CUST126388,henry austin,small business
17827,CUST126389,alicia white,consumer
17828,CUST126390,ronald smith dds,small business
17829,CUST126391,kaitlyn small,consumer
17830,CUST126395,mrs. janet sloan,consumer
17831,CUST126396,michael price,consumer
17832,CUST126397,cindy walton,corporate
17833,CUST126398,shelly meyer,corporate
17834,CUST126399,shannon dominguez,small business
17835,CUST126400,benjamin stone,small business
17836,CUST126401,james lopez,consumer
17837,CUST126402,chelsea smith,small business
17838,CUST126403,heather king,consumer
17839,CUST126404,erin thomas,corporate
17840,CUST126406,luis elliott,corporate
17841,CUST126408,erin payne,consumer
17842,CUST126411,rhonda adams,consumer
17843,CUST126412,lisa johnston dds,corporate
17844,CUST126413,justin logan,consumer
17845,CUST126415,steven davis,small business
17846,CUST126420,justin garcia,corporate
17847,CUST126423,stacy murray,consumer
17848,CUST126424,christopher zavala,corporate
17849,CUST126425,william moore,consumer
17850,CUST126426,kaitlyn jackson,small business
17851,CUST126427,john berg,corporate
17852,CUST126429,emily burns,consumer
17853,CUST126432,ryan huerta,small business
17854,CUST126433,ryan williams,consumer
17855,CUST126434,stacy barry,consumer
17856,CUST126436,kathryn sandoval,corporate
17857,CUST126438,tiffany love,consumer
17858,CUST126440,jacqueline holt,small business
17859,CUST126441,kimberly haynes,consumer
17860,CUST126442,tonya martinez,consumer
17861,CUST126443,elizabeth white,consumer
17862,CUST126444,jose flynn,consumer
17863,CUST126445,tyler murphy,small business
17864,CUST126446,brian smith,small business
17865,CUST126448,nicholas david,consumer
17866,CUST126450,latoya rodriguez,corporate
17867,CUST126452,laura porter,small business
17868,CUST126454,lauren flowers,small business
17869,CUST126455,david barnett,small business
17870,CUST126456,karen strickland,small business
17871,CUST126457,william zhang,corporate
17872,CUST126460,randy mckee,consumer
17873,CUST126461,jacob garcia,consumer
17874,CUST126462,doris howard,consumer
17875,CUST126463,crystal kennedy,consumer
17876,CUST126465,carmen case,consumer
17877,CUST126466,steven garcia,corporate
17878,CUST126467,brandy jones,consumer
17879,CUST126468,joshua ramsey,corporate
17880,CUST126469,curtis collins,consumer
17881,CUST126470,gabrielle jordan,consumer
17882,CUST126474,gina logan,consumer
17883,CUST126479,angel taylor,consumer
17884,CUST126480,justin johnson dvm,corporate
17885,CUST126481,nancy perkins,consumer
17886,CUST126484,paul landry,consumer
17887,CUST126485,anthony baker,corporate
17888,CUST126486,amber olson,consumer
17889,CUST126489,raymond bush,consumer
17890,CUST126490,nancy shields,consumer
17891,CUST126491,cole flores,consumer
17892,CUST126492,deanna burgess,small business
17893,CUST126494,richard peck,consumer
17894,CUST126496,amy davis,consumer
17895,CUST126497,timothy gray,small business
17896,CUST126499,mark bennett,corporate
17897,CUST126500,heather maxwell,consumer
17898,CUST126501,mr. andrew leblanc,consumer
17899,CUST126503,steve thomas,consumer
17900,CUST126505,brandi johnson,consumer
17901,CUST126506,ian richards,consumer
17902,CUST126507,natalie lewis,consumer
17903,CUST126509,lisa williams,consumer
17904,CUST126510,david ward,consumer
17905,CUST126511,deborah wu,consumer
17906,CUST126516,sean noble,consumer
17907,CUST126517,jeremy carlson,corporate
17908,CUST126519,danielle gibson dds,small business
17909,CUST126522,michelle parks,small business
17910,CUST126523,christopher fernandez,small business
17911,CUST126524,mary may,consumer
17912,CUST126525,edward kelly,corporate
17913,CUST126526,sarah harris,small business
17914,CUST126527,julie melendez,corporate
17915,CUST126529,amber lewis,small business
17916,CUST126530,emily walker,consumer
17917,CUST126531,sydney patel,consumer
17918,CUST126532,wendy ali,consumer
17919,CUST126533,jacob mueller,consumer
17920,CUST126535,leslie bailey,consumer
17921,CUST126537,kirk jones,consumer
17922,CUST126538,ryan yang,consumer
17923,CUST126540,melissa howard,consumer
17924,CUST126541,anne oneal,consumer
17925,CUST126542,mark zamora,corporate
17926,CUST126543,aaron johnson,corporate
17927,CUST126544,dr. linda nunez,small business
17928,CUST126545,vanessa hoffman,consumer
17929,CUST126546,justin rios,consumer
17930,CUST126547,michael horne,consumer
17931,CUST126551,melinda cunningham,small business
17932,CUST126552,lisa brown,consumer
17933,CUST126553,allison smith,corporate
17934,CUST126554,michelle reyes,small business
17935,CUST126555,jeremiah bradford,corporate
17936,CUST126556,kelly luna,consumer
17937,CUST126557,austin lee,small business
17938,CUST126558,theresa thomas,small business
17939,CUST126560,kyle campbell,corporate
17940,CUST126563,patrick carpenter,consumer
17941,CUST126564,sabrina mitchell,consumer
17942,CUST126565,jessica huynh,corporate
17943,CUST126566,andre graves,consumer
17944,CUST126569,michele ruiz,consumer
17945,CUST126570,joseph harris,consumer
17946,CUST126571,michele berg,consumer
17947,CUST126573,chris garcia,consumer
17948,CUST126574,tom rowland,small business
17949,CUST126575,teresa johnson,consumer
17950,CUST126576,christine garrison,corporate
17951,CUST126578,anthony gray,consumer
17952,CUST126579,joshua salinas,consumer
17953,CUST126582,shelia riley,consumer
17954,CUST126583,thomas harris,small business
17955,CUST126584,jacob lara,small business
17956,CUST126586,luis garcia,consumer
17957,CUST126587,ashley reyes dds,consumer
17958,CUST126589,phillip smith,consumer
17959,CUST126590,misty walker,corporate
17960,CUST126591,eric pierce,corporate
17961,CUST126594,joshua osborn,corporate
17962,CUST126596,adam stewart,consumer
17963,CUST126598,valerie harrison,corporate
17964,CUST126599,brittany mccarthy,small business
17965,CUST126601,mark patterson,consumer
17966,CUST126602,andrea rivera,consumer
17967,CUST126603,kayla gardner,consumer
17968,CUST126605,paul lee,corporate
17969,CUST126606,savannah suarez,corporate
17970,CUST126607,janet martinez,consumer
17971,CUST126608,james bush,consumer
17972,CUST126609,kevin melendez,consumer
17973,CUST126612,rachel cohen,corporate
17974,CUST126613,amy stewart,consumer
17975,CUST126614,brian hall,consumer
17976,CUST126615,rose anderson,corporate
17977,CUST126616,dr. kevin washington,corporate
17978,CUST126617,stephanie anderson,consumer
17979,CUST126618,angela nash,consumer
17980,CUST126619,danielle bean,corporate
17981,CUST126620,leah howell,consumer
17982,CUST126622,sandra moore,corporate
17983,CUST126623,charles beasley,corporate
17984,CUST126626,matthew kelly,small business
17985,CUST126627,andrea murray,small business
17986,CUST126629,katelyn barnes,consumer
17987,CUST126631,margaret benitez,consumer
17988,CUST126632,mary grant,corporate
17989,CUST126634,maria barnes,consumer
17990,CUST126635,paul wilson,consumer
17991,CUST126638,courtney daniels,corporate
17992,CUST126639,brittany barton,small business
17993,CUST126641,jessica miller,corporate
17994,CUST126642,mrs. caitlin brown dds,consumer
17995,CUST126643,john huff,consumer
17996,CUST126644,laura merritt,consumer
17997,CUST126645,curtis alexander,small business
17998,CUST126646,courtney harris,consumer
17999,CUST126647,eric king,small business
18000,CUST126648,patricia berry,consumer
18001,CUST126649,elizabeth miller,small business
18002,CUST126650,jeff french,corporate
18003,CUST126655,micheal beard,consumer
18004,CUST126656,reginald smith,corporate
18005,CUST126657,jessica carter,consumer
18006,CUST126658,denise walker,consumer
18007,CUST126659,mark bell,consumer
18008,CUST126660,mr. kelly alvarado ii,corporate
18009,CUST126663,karen smith,consumer
18010,CUST126664,brian andrews,consumer
18011,CUST126668,david flores,corporate
18012,CUST126669,riley powell,consumer
18013,CUST126671,brett hammond,small business
18014,CUST126672,jonathan yates,consumer
18015,CUST126673,jessica kirby,consumer
18016,CUST126674,donna ruiz,corporate
18017,CUST126675,madison smith,consumer
18018,CUST126676,james roberts,consumer
18019,CUST126677,john holmes,consumer
18020,CUST126680,eddie anderson,consumer
18021,CUST126681,mary silva,consumer
18022,CUST126682,hannah johnson,consumer
18023,CUST126683,manuel jones,small business
18024,CUST126684,tammy anderson,small business
18025,CUST126685,tyler reid,small business
18026,CUST126686,amanda lewis,consumer
18027,CUST126687,sarah gibson,consumer
18028,CUST126690,justin scott,corporate
18029,CUST126691,john freeman,consumer
18030,CUST126693,nicole sanchez,consumer
18031,CUST126695,brianna hernandez,corporate
18032,CUST126696,nicholas evans,small business
18033,CUST126700,amy smith,consumer
18034,CUST126701,diane hawkins,consumer
18035,CUST126702,vincent price,consumer
18036,CUST126703,monica andrews,consumer
18037,CUST126706,stacy flowers,consumer
18038,CUST126707,mark davis,consumer
18039,CUST126713,sarah wilson,consumer
18040,CUST126715,jonathan jones,consumer
18041,CUST126716,gregory warren,consumer
18042,CUST126717,john miller,consumer
18043,CUST126718,taylor james,consumer
18044,CUST126719,deborah huffman,consumer
18045,CUST126722,cynthia lambert,corporate
18046,CUST126724,rodney harper,small business
18047,CUST126725,kaitlyn alvarez,corporate
18048,CUST126729,joshua holmes,consumer
18049,CUST126730,robin rivera,consumer
18050,CUST126731,michael hunt,corporate
18051,CUST126732,julie williams,consumer
18052,CUST126735,alex hunter,corporate
18053,CUST126738,albert neal,small business
18054,CUST126739,nicholas skinner,consumer
18055,CUST126740,adam gibson,corporate
18056,CUST126741,zachary walker,corporate
18057,CUST126743,annette zimmerman,consumer
18058,CUST126744,rhonda rivera,corporate
18059,CUST126745,jeremy decker,small business
18060,CUST126747,james hudson,consumer
18061,CUST126749,thomas hood,consumer
18062,CUST126750,crystal anderson,consumer
18063,CUST126751,karina booth,consumer
18064,CUST126752,garrett murphy,consumer
18065,CUST126754,tara walker,consumer
18066,CUST126756,francisco moyer,small business
18067,CUST126757,elizabeth harris,consumer
18068,CUST126759,cory kelly,corporate
18069,CUST126761,angela fernandez,consumer
18070,CUST126762,donald wright,consumer
18071,CUST126764,cynthia villarreal,corporate
18072,CUST126765,krista moreno,corporate
18073,CUST126766,jessica robertson,consumer
18074,CUST126769,nicholas everett,corporate
18075,CUST126770,kyle williamson,small business
18076,CUST126771,alan perez,corporate
18077,CUST126772,taylor hawkins,consumer
18078,CUST126775,stephanie rice,consumer
18079,CUST126776,bruce arnold,consumer
18080,CUST126777,joseph howard,consumer
18081,CUST126779,robert johnson,corporate
18082,CUST126780,erica smith,corporate
18083,CUST126781,adam fisher,consumer
18084,CUST126782,mary steele,small business
18085,CUST126783,robert monroe,corporate
18086,CUST126784,lynn smith,consumer
18087,CUST126785,jennifer valdez,small business
18088,CUST126787,eric medina,corporate
18089,CUST126788,sherry thomas,corporate
18090,CUST126789,cassandra fritz,consumer
18091,CUST126790,daniel thomas,consumer
18092,CUST126791,denise porter,consumer
18093,CUST126793,kyle washington,small business
18094,CUST126795,nicholas crawford,consumer
18095,CUST126796,jose cook,consumer
18096,CUST126799,jeffrey white,consumer
18097,CUST126801,kathleen cook,corporate
18098,CUST126802,christopher davis,consumer
18099,CUST126803,brian wolf dds,small business
18100,CUST126804,elizabeth powell,consumer
18101,CUST126805,kelly wood,consumer
18102,CUST126806,nicole cunningham,consumer
18103,CUST126807,nicholas davila,consumer
18104,CUST126808,eugene waller,small business
18105,CUST126809,michael vargas,corporate
18106,CUST126810,kyle mendoza,corporate
18107,CUST126811,ricardo johnson,consumer
18108,CUST126813,lucas bowen,corporate
18109,CUST126814,katherine blankenship,small business
18110,CUST126816,carla king,consumer
18111,CUST126817,melissa rodriguez,consumer
18112,CUST126818,megan erickson,corporate
18113,CUST126819,michelle wright,small business
18114,CUST126821,austin baker,small business
18115,CUST126822,james miller,consumer
18116,CUST126825,sandra roth,corporate
18117,CUST126826,eric jones,small business
18118,CUST126829,dr. david huynh,small business
18119,CUST126830,stephanie pham,consumer
18120,CUST126833,kim taylor,consumer
18121,CUST126835,elizabeth velasquez,corporate
18122,CUST126836,dawn hughes,small business
18123,CUST126840,jessica frazier,consumer
18124,CUST126842,yvonne stone,corporate
18125,CUST126843,jose williams,consumer
18126,CUST126844,andrew newman,consumer
18127,CUST126846,michelle howard,corporate
18128,CUST126848,jeffrey mayo,consumer
18129,CUST126849,jessica hall,small business
18130,CUST126850,michael owens,small business
18131,CUST126851,angel olson,consumer
18132,CUST126852,jessica mills,consumer
18133,CUST126853,ryan nelson,consumer
18134,CUST126855,jennifer kaufman,consumer
18135,CUST126857,jessica tran,corporate
18136,CUST126858,marie schultz,corporate
18137,CUST126859,raymond mcdowell,corporate
18138,CUST126860,brandon young,consumer
18139,CUST126861,dawn jimenez,consumer
18140,CUST126862,joseph harper,consumer
18141,CUST126863,jordan page,corporate
18142,CUST126867,kyle jones,corporate
18143,CUST126869,andrew thompson,consumer
18144,CUST126870,david fisher,consumer
18145,CUST126871,pamela hart,consumer
18146,CUST126872,michael hanson,corporate
18147,CUST126873,kenneth alvarado,corporate
18148,CUST126876,daniel morales,consumer
18149,CUST126877,warren pugh,consumer
18150,CUST126878,ryan barnes,small business
18151,CUST126880,ronald yates,small business
18152,CUST126881,nicholas santos,corporate
18153,CUST126882,steven chandler,small business
18154,CUST126883,megan kim,consumer
18155,CUST126884,joseph byrd,consumer
18156,CUST126885,elizabeth gilbert,consumer
18157,CUST126886,samantha carlson,consumer
18158,CUST126888,erica flores,corporate
18159,CUST126889,jessica harris,small business
18160,CUST126890,susan carter,consumer
18161,CUST126893,alexandra pierce,consumer
18162,CUST126894,joann murray,corporate
18163,CUST126895,melody mason,corporate
18164,CUST126896,willie pham,corporate
18165,CUST126897,joseph frost,corporate
18166,CUST126900,brett king,consumer
18167,CUST126901,amanda anderson,consumer
18168,CUST126902,dr. anthony thompson,consumer
18169,CUST126903,joshua fisher,consumer
18170,CUST126907,christopher patterson,corporate
18171,CUST126908,anna rose,corporate
18172,CUST126910,michelle cobb,consumer
18173,CUST126911,teresa hansen,consumer
18174,CUST126912,matthew powers,consumer
18175,CUST126913,todd brady,small business
18176,CUST126915,alexandra salazar,small business
18177,CUST126916,michael chang,consumer
18178,CUST126919,john norris,consumer
18179,CUST126920,steven wright,consumer
18180,CUST126921,keith chang,consumer
18181,CUST126922,harold li,consumer
18182,CUST126924,stacy murphy,consumer
18183,CUST126925,kendra jacobs,small business
18184,CUST126927,dylan mendoza,consumer
18185,CUST126928,dominic taylor,consumer
18186,CUST126929,jeanette clark,corporate
18187,CUST126930,james palmer,consumer
18188,CUST126933,sheila patel,consumer
18189,CUST126935,erin ryan,consumer
18190,CUST126936,michelle lewis,corporate
18191,CUST126937,david collins,consumer
18192,CUST126940,thomas davis,consumer
18193,CUST126942,robert snow,corporate
18194,CUST126944,joyce foster,consumer
18195,CUST126945,jill mendez,corporate
18196,CUST126946,amanda armstrong,corporate
18197,CUST126947,shelly webster,consumer
18198,CUST126949,brian simon,consumer
18199,CUST126952,erin buckley,consumer
18200,CUST126953,traci randall,consumer
18201,CUST126954,melissa hawkins,small business
18202,CUST126955,sarah gillespie,consumer
18203,CUST126956,lee moore,consumer
18204,CUST126957,evan rodriguez,small business
18205,CUST126960,terry ramirez,consumer
18206,CUST126961,keith fischer,consumer
18207,CUST126963,pamela wilson,corporate
18208,CUST126966,michelle rodriguez,consumer
18209,CUST126967,danielle booth,small business
18210,CUST126970,paula lambert,consumer
18211,CUST126971,michaela figueroa,consumer
18212,CUST126972,gabriela brown,corporate
18213,CUST126973,scott petty,consumer
18214,CUST126974,monica johnson,consumer
18215,CUST126976,tara delgado,corporate
18216,CUST126978,abigail harvey,consumer
18217,CUST126980,kathryn butler,small business
18218,CUST126981,michelle scott,consumer
18219,CUST126982,jennifer rios,corporate
18220,CUST126983,larry gilbert,consumer
18221,CUST126984,julie brewer,consumer
18222,CUST126985,danielle alexander,consumer
18223,CUST126986,jordan lopez,corporate
18224,CUST126988,nicole shaw,consumer
18225,CUST126989,james smith,consumer
18226,CUST126991,denise smith,consumer
18227,CUST126992,eric johnson,corporate
18228,CUST126993,john stark,corporate
18229,CUST126995,tasha warren,consumer
18230,CUST126996,amanda frye,consumer
18231,CUST126997,kenneth wilson,consumer
18232,CUST126998,ian wade,corporate
18233,CUST126999,joseph johnson,consumer
18234,CUST127000,denise mason,consumer
18235,CUST127003,becky rodriguez,small business
18236,CUST127004,angela wagner,corporate
18237,CUST127007,shawn wheeler,consumer
18238,CUST127008,david howard,consumer
18239,CUST127010,steven ray,consumer
18240,CUST127011,jennifer rogers,consumer
18241,CUST127012,brenda hill,consumer
18242,CUST127016,thomas flores,small business
18243,CUST127018,sarah pugh,corporate
18244,CUST127020,cathy conner,small business
18245,CUST127022,carolyn jones,consumer
18246,CUST127024,linda hawkins,small business
18247,CUST127025,michelle hines,consumer
18248,CUST127026,emma davidson,small business
18249,CUST127027,kelly kelly,corporate
18250,CUST127028,john ho,corporate
18251,CUST127029,jacqueline craig,corporate
18252,CUST127030,john jones,small business
18253,CUST127031,roberta ellison,corporate
18254,CUST127032,tiffany mcdaniel,corporate
18255,CUST127033,evan cobb,consumer
18256,CUST127034,erica combs,consumer
18257,CUST127035,jasmine lee,consumer
18258,CUST127036,erica brewer,corporate
18259,CUST127037,benjamin trevino,small business
18260,CUST127038,lisa moss,consumer
18261,CUST127039,christopher garcia,consumer
18262,CUST127041,vanessa harmon,corporate
18263,CUST127042,rebecca wright,consumer
18264,CUST127043,jennifer solis,consumer
18265,CUST127044,marissa graham,consumer
18266,CUST127045,james richardson,consumer
18267,CUST127046,matthew hansen,small business
18268,CUST127047,nicole bright,consumer
18269,CUST127049,jeffrey jones,consumer
18270,CUST127051,william alexander,consumer
18271,CUST127054,christopher weeks,consumer
18272,CUST127055,patrick hogan,consumer
18273,CUST127056,lindsey olsen,consumer
18274,CUST127060,jeffery pennington,small business
18275,CUST127061,amy graham,small business
18276,CUST127062,james aguirre,consumer
18277,CUST127063,kelsey khan,corporate
18278,CUST127064,elizabeth flores,small business
18279,CUST127065,connie kennedy,consumer
18280,CUST127066,terri garcia,consumer
18281,CUST127067,john frank,small business
18282,CUST127069,jared garcia,consumer
18283,CUST127070,jared davis,consumer
18284,CUST127071,dana richardson,corporate
18285,CUST127072,stephen phillips,small business
18286,CUST127074,jared fisher,corporate
18287,CUST127075,benjamin campbell,consumer
18288,CUST127076,john page,corporate
18289,CUST127078,tricia smith,consumer
18290,CUST127079,timothy proctor,consumer
18291,CUST127080,mark foster,consumer
18292,CUST127082,scott peterson,small business
18293,CUST127083,heather collins,consumer
18294,CUST127084,melissa alexander,consumer
18295,CUST127085,thomas martinez,small business
18296,CUST127086,jordan marquez,consumer
18297,CUST127087,ernest smith,corporate
18298,CUST127088,tracy brown,corporate
18299,CUST127090,crystal dillon,corporate
18300,CUST127091,richard jones,corporate
18301,CUST127093,jacob landry,small business
18302,CUST127094,andrea murphy,corporate
18303,CUST127096,andrea robinson,consumer
18304,CUST127097,christine grimes,consumer
18305,CUST127098,stacey kelly,small business
18306,CUST127099,david schmidt,consumer
18307,CUST127100,holly boone md,consumer
18308,CUST127101,dana moran,corporate
18309,CUST127103,margaret nguyen,small business
18310,CUST127104,thomas allen,corporate
18311,CUST127105,sonya houston,consumer
18312,CUST127106,elizabeth webb,consumer
18313,CUST127107,anthony brady,consumer
18314,CUST127108,adam shaffer,consumer
18315,CUST127109,scott herrera,consumer
18316,CUST127110,danielle rose,small business
18317,CUST127111,matthew rush,consumer
18318,CUST127112,kristy ramos,consumer
18319,CUST127116,tiffany stone,small business
18320,CUST127117,keith willis,small business
18321,CUST127121,christina brown,consumer
18322,CUST127122,cody smith,corporate
18323,CUST127123,carolyn marks,consumer
18324,CUST127124,paul duffy,consumer
18325,CUST127125,michael howard,corporate
18326,CUST127126,scott reeves,consumer
18327,CUST127128,gabrielle tucker,corporate
18328,CUST127129,joseph pollard,consumer
18329,CUST127130,george rivera,small business
18330,CUST127132,william johnson,consumer
18331,CUST127134,krista palmer,small business
18332,CUST127136,brian gutierrez,consumer
18333,CUST127138,kimberly gross,consumer
18334,CUST127139,andrew henderson,consumer
18335,CUST127140,tiffany harvey,consumer
18336,CUST127141,barbara hernandez,consumer
18337,CUST127142,eric ross,consumer
18338,CUST127143,rebecca moore dds,consumer
18339,CUST127144,rachel stokes,corporate
18340,CUST127147,ms. amy warren phd,consumer
18341,CUST127148,elizabeth robinson,corporate
18342,CUST127149,john harvey,consumer
18343,CUST127150,brenda may,consumer
18344,CUST127151,julie sandoval,consumer
18345,CUST127152,ashley ruiz,consumer
18346,CUST127153,erica casey,consumer
18347,CUST127155,jamie baxter,consumer
18348,CUST127157,daniel alvarado,small business
18349,CUST127158,janice livingston,consumer
18350,CUST127159,jason lawson,small business
18351,CUST127160,jordan lawson,consumer
18352,CUST127162,marc turner,small business
18353,CUST127164,patrick smith,corporate
18354,CUST127165,mark peterson,small business
18355,CUST127166,brittany jordan,small business
18356,CUST127167,suzanne simmons,consumer
18357,CUST127168,rebecca jones,consumer
18358,CUST127169,megan rodriguez md,consumer
18359,CUST127172,nancy mitchell,consumer
18360,CUST127173,stacy key,consumer
18361,CUST127175,danny espinoza,small business
18362,CUST127176,mark underwood,consumer
18363,CUST127178,denise carrillo,consumer
18364,CUST127179,joyce flores,consumer
18365,CUST127180,frederick barnes,consumer
18366,CUST127184,mark clarke,corporate
18367,CUST127185,ashley mcbride,consumer
18368,CUST127188,melissa bennett,small business
18369,CUST127190,richard hoover,small business
18370,CUST127192,nicole reynolds,small business
18371,CUST127193,dylan adkins,corporate
18372,CUST127194,michael jones,consumer
18373,CUST127197,kathleen coffey,small business
18374,CUST127198,shelley herrera,consumer
18375,CUST127200,katherine bradley,small business
18376,CUST127201,dale conley,small business
18377,CUST127202,hannah frederick md,consumer
18378,CUST127204,kelly stewart,consumer
18379,CUST127207,antonio ryan,consumer
18380,CUST127208,jesse gilbert,consumer
18381,CUST127209,christopher thompson,consumer
18382,CUST127213,mark arnold,corporate
18383,CUST127214,david johnson,consumer
18384,CUST127215,victoria coffey,consumer
18385,CUST127216,lindsey crawford,consumer
18386,CUST127218,jared spears,consumer
18387,CUST127219,joshua schmitt,corporate
18388,CUST127220,lynn king,small business
18389,CUST127221,joshua wright,consumer
18390,CUST127222,annette martinez,consumer
18391,CUST127223,paul ross,consumer
18392,CUST127224,mackenzie harrison,consumer
18393,CUST127228,todd barrera,consumer
18394,CUST127230,bethany wise,corporate
18395,CUST127231,ashley brooks,consumer
18396,CUST127232,victor shaw,consumer
18397,CUST127233,hunter chandler,consumer
18398,CUST127234,joshua simmons,consumer
18399,CUST127237,nathaniel johnson,consumer
18400,CUST127239,jeffrey diaz,consumer
18401,CUST127240,shawn smith,corporate
18402,CUST127241,shelia murphy,corporate
18403,CUST127242,alex stanley,consumer
18404,CUST127243,bryan morales,consumer
18405,CUST127245,mary baker,corporate
18406,CUST127248,amanda davidson,consumer
18407,CUST127249,cheryl hurst,consumer
18408,CUST127250,darren turner,consumer
18409,CUST127252,susan ho,consumer
18410,CUST127254,christina munoz,consumer
18411,CUST127255,bradley johnson,small business
18412,CUST127256,caitlin simmons,consumer
18413,CUST127257,lisa howell,corporate
18414,CUST127259,william hughes,small business
18415,CUST127260,john jones,corporate
18416,CUST127261,sandra nunez,consumer
18417,CUST127262,marc villanueva,consumer
18418,CUST127263,ronald cole ii,corporate
18419,CUST127266,brandy hall,consumer
18420,CUST127268,frank bradley,consumer
18421,CUST127269,patrick hayes,small business
18422,CUST127270,ashley khan,consumer
18423,CUST127271,william nguyen,small business
18424,CUST127274,richard guerrero,consumer
18425,CUST127275,james rivas,corporate
18426,CUST127276,jonathan hughes,consumer
18427,CUST127277,christine gonzales,corporate
18428,CUST127278,john duffy,consumer
18429,CUST127279,brendan haynes,consumer
18430,CUST127280,nancy harrison,consumer
18431,CUST127281,christine anderson,consumer
18432,CUST127282,stanley walters,consumer
18433,CUST127283,jamie carter,consumer
18434,CUST127284,christopher patterson,consumer
18435,CUST127286,brandon owens,consumer
18436,CUST127287,jennifer adams,consumer
18437,CUST127289,william ruiz,consumer
18438,CUST127290,james strickland,corporate
18439,CUST127292,nicholas taylor,consumer
18440,CUST127293,jeffrey christensen,consumer
18441,CUST127294,jose jones,small business
18442,CUST127295,bailey nicholson,consumer
18443,CUST127296,lauren williams,small business
18444,CUST127297,wendy johnson,small business
18445,CUST127298,james buckley,corporate
18446,CUST127300,jennifer watts,consumer
18447,CUST127301,jared melendez,corporate
18448,CUST127302,adam williams,consumer
18449,CUST127303,mark stevenson,consumer
18450,CUST127304,ashley mathis,consumer
18451,CUST127306,ruben murray,small business
18452,CUST127307,mrs. dawn daniel,consumer
18453,CUST127308,melissa martinez,small business
18454,CUST127309,emily morgan md,consumer
18455,CUST127310,philip hatfield,consumer
18456,CUST127311,eddie sanchez,small business
18457,CUST127313,danielle chase,corporate
18458,CUST127314,lisa robinson,consumer
18459,CUST127315,steven sullivan,consumer
18460,CUST127316,brittany oliver,corporate
18461,CUST127319,christian aguilar,consumer
18462,CUST127322,terry rivera,small business
18463,CUST127323,christopher smith,consumer
18464,CUST127325,mary mitchell,consumer
18465,CUST127326,stephen burns,corporate
18466,CUST127327,megan martin,consumer
18467,CUST127328,matthew carr,consumer
18468,CUST127329,michelle mccoy,corporate
18469,CUST127330,deborah martinez,consumer
18470,CUST127331,corey winters,consumer
18471,CUST127333,erin rodriguez,corporate
18472,CUST127334,april mora,consumer
18473,CUST127337,andrew shepherd,consumer
18474,CUST127338,tara gillespie,consumer
18475,CUST127340,robert duran jr.,consumer
18476,CUST127341,carol torres,small business
18477,CUST127343,melissa johnson,corporate
18478,CUST127346,john campbell,consumer
18479,CUST127347,ryan lopez,corporate
18480,CUST127349,julie walsh,consumer
18481,CUST127350,joseph harris,consumer
18482,CUST127352,david flowers,corporate
18483,CUST127353,cynthia flowers,consumer
18484,CUST127354,michelle murphy,consumer
18485,CUST127355,molly davenport,small business
18486,CUST127356,sara hall,corporate
18487,CUST127358,paul lopez,consumer
18488,CUST127360,kimberly jensen,corporate
18489,CUST127361,jared sosa,consumer
18490,CUST127362,william le,consumer
18491,CUST127363,ryan morgan,consumer
18492,CUST127364,patrick sweeney,small business
18493,CUST127365,mr. stephen fernandez dvm,consumer
18494,CUST127366,samantha mccullough,consumer
18495,CUST127367,jason taylor,small business
18496,CUST127368,martha church,consumer
18497,CUST127369,laurie macdonald,consumer
18498,CUST127371,gregory hodges,corporate
18499,CUST127373,scott murphy,consumer
18500,CUST127374,tyler roman,consumer
18501,CUST127375,cameron patrick,consumer
18502,CUST127376,lauren baldwin,consumer
18503,CUST127377,angela rowe,consumer
18504,CUST127380,daisy wilson,consumer
18505,CUST127383,brandy miles,consumer
18506,CUST127386,cody miller,small business
18507,CUST127388,randall parrish,consumer
18508,CUST127389,kayla washington,consumer
18509,CUST127390,steven ashley,consumer
18510,CUST127391,steven nguyen,consumer
18511,CUST127393,anthony hart,corporate
18512,CUST127394,derek reyes,corporate
18513,CUST127395,tina valencia,consumer
18514,CUST127398,brenda shelton,small business
18515,CUST127401,brett liu,corporate
18516,CUST127403,benjamin taylor,consumer
18517,CUST127404,michael horn,consumer
18518,CUST127405,julie williams,consumer
18519,CUST127407,michele olson,consumer
18520,CUST127408,david peters,consumer
18521,CUST127409,brian perkins,consumer
18522,CUST127410,richard knight,consumer
18523,CUST127412,carol sparks,consumer
18524,CUST127413,andre hill,consumer
18525,CUST127414,maria smith md,consumer
18526,CUST127415,oscar oconnor,consumer
18527,CUST127416,clinton lucas,consumer
18528,CUST127418,mario glover,corporate
18529,CUST127419,joseph thompson,corporate
18530,CUST127420,joshua santana phd,corporate
18531,CUST127421,alexandria johnson,consumer
18532,CUST127422,russell anderson,consumer
18533,CUST127423,linda moore,consumer
18534,CUST127424,edward lynch md,consumer
18535,CUST127426,adrian estrada,corporate
18536,CUST127427,scott nichols,consumer
18537,CUST127428,michael williamson,small business
18538,CUST127429,joseph bryant,consumer
18539,CUST127430,john patton,consumer
18540,CUST127432,ronald singleton,consumer
18541,CUST127433,crystal simmons,consumer
18542,CUST127434,aaron nguyen,consumer
18543,CUST127436,terry diaz,small business
18544,CUST127439,hannah miles,consumer
18545,CUST127440,danielle morton,consumer
18546,CUST127442,jonathan harris,small business
18547,CUST127443,angela austin,consumer
18548,CUST127446,gilbert jones,consumer
18549,CUST127447,jonathan webb,corporate
18550,CUST127448,beth moore,consumer
18551,CUST127451,tara hooper,corporate
18552,CUST127453,angela kane,consumer
18553,CUST127454,kristin phillips,small business
18554,CUST127457,mrs. susan pierce,consumer
18555,CUST127459,shannon rangel,consumer
18556,CUST127460,john schultz,consumer
18557,CUST127461,albert bennett,consumer
18558,CUST127462,crystal williams,corporate
18559,CUST127463,calvin herrera,corporate
18560,CUST127464,joseph ayala,consumer
18561,CUST127465,alan wang,consumer
18562,CUST127466,kimberly salazar,consumer
18563,CUST127468,max elliott,small business
18564,CUST127469,roy brandt,consumer
18565,CUST127472,brandon watts,consumer
18566,CUST127473,shane nelson,consumer
18567,CUST127474,sarah phillips,consumer
18568,CUST127476,zachary gibson,corporate
18569,CUST127477,william jordan,small business
18570,CUST127478,sergio wong,consumer
18571,CUST127479,robert miller,consumer
18572,CUST127480,rebecca vance,consumer
18573,CUST127481,dylan miller,small business
18574,CUST127482,ryan brewer,consumer
18575,CUST127484,alexander stanley,consumer
18576,CUST127485,lisa carpenter,consumer
18577,CUST127487,lindsey lopez,consumer
18578,CUST127488,denise smith,consumer
18579,CUST127489,norman ingram dvm,corporate
18580,CUST127491,miss nancy white,consumer
18581,CUST127493,karl bean,consumer
18582,CUST127495,mr. daniel peters,consumer
18583,CUST127496,cassandra collins,consumer
18584,CUST127499,carrie tyler,consumer
18585,CUST127500,jacob olson,small business
18586,CUST127501,jennifer mccarthy,consumer
18587,CUST127502,kenneth harris,consumer
18588,CUST127503,colton mendoza,consumer
18589,CUST127505,sonia fox,small business
18590,CUST127507,lindsey smith,consumer
18591,CUST127508,anthony mitchell,corporate
18592,CUST127510,mitchell stephens,small business
18593,CUST127513,shawn hernandez,consumer
18594,CUST127514,cheryl juarez,consumer
18595,CUST127515,jill harris,consumer
18596,CUST127516,kim warner,consumer
18597,CUST127518,eugene harris,consumer
18598,CUST127519,john hansen,consumer
18599,CUST127520,debra knight phd,consumer
18600,CUST127521,miss amy jones,consumer
18601,CUST127522,elizabeth bell dds,consumer
18602,CUST127524,john fuller,corporate
18603,CUST127525,sherri garcia phd,consumer
18604,CUST127526,sarah burgess,small business
18605,CUST127528,angel cortez,consumer
18606,CUST127529,mr. mathew hatfield,corporate
18607,CUST127531,eric vazquez,consumer
18608,CUST127533,robert mcmahon,corporate
18609,CUST127534,keith patel,consumer
18610,CUST127535,courtney garcia,corporate
18611,CUST127538,matthew brady,small business
18612,CUST127539,katie dunn,corporate
18613,CUST127542,scott nash,consumer
18614,CUST127543,ronald sullivan,corporate
18615,CUST127546,dakota murray,small business
18616,CUST127547,mark sullivan,small business
18617,CUST127548,carolyn roman,consumer
18618,CUST127550,jamie king,consumer
18619,CUST127551,allison garner,corporate
18620,CUST127552,april avery,consumer
18621,CUST127553,nancy hoffman,consumer
18622,CUST127554,michael evans,corporate
18623,CUST127555,elizabeth kaiser,small business
18624,CUST127556,richard mack,corporate
18625,CUST127557,nicole reed,small business
18626,CUST127558,kelli tapia,consumer
18627,CUST127560,michael gamble,consumer
18628,CUST127561,jose kelly,consumer
18629,CUST127562,misty hall,corporate
18630,CUST127563,marcia white,corporate
18631,CUST127564,carrie roberts,consumer
18632,CUST127565,samuel gomez,consumer
18633,CUST127566,joanna west,consumer
18634,CUST127567,bryan reid,corporate
18635,CUST127568,kevin moore,consumer
18636,CUST127569,dale jones,corporate
18637,CUST127571,emily ruiz,consumer
18638,CUST127572,danielle mcmahon,consumer
18639,CUST127573,gregory gentry,consumer
18640,CUST127574,roberto thomas,corporate
18641,CUST127575,debra henderson,consumer
18642,CUST127577,kelly black,consumer
18643,CUST127578,rachel davis,corporate
18644,CUST127579,anthony fisher,corporate
18645,CUST127580,kimberly vang md,consumer
18646,CUST127582,lori moore,small business
18647,CUST127583,virginia cherry,consumer
18648,CUST127584,abigail smith,small business
18649,CUST127585,patricia campbell,corporate
18650,CUST127586,leslie mueller,consumer
18651,CUST127587,brianna fields,consumer
18652,CUST127588,ryan mills,consumer
18653,CUST127589,amy sexton,consumer
18654,CUST127590,desiree perkins,consumer
18655,CUST127592,matthew richard,consumer
18656,CUST127593,matthew sims,corporate
18657,CUST127594,jasmine shaw,consumer
18658,CUST127595,deborah carroll,corporate
18659,CUST127599,luis cameron,consumer
18660,CUST127600,joanna lynch,corporate
18661,CUST127601,christopher ramirez,corporate
18662,CUST127603,laura mata,corporate
18663,CUST127605,mr. james taylor md,consumer
18664,CUST127606,jon gonzales,corporate
18665,CUST127607,michael cantrell,consumer
18666,CUST127608,johnny leon,small business
18667,CUST127611,april stephens,corporate
18668,CUST127612,brian carroll,consumer
18669,CUST127613,colleen wallace,corporate
18670,CUST127614,sarah fuentes,small business
18671,CUST127615,jasmine smith,consumer
18672,CUST127616,william mora,consumer
18673,CUST127617,sean stuart,consumer
18674,CUST127618,richard johnson,corporate
18675,CUST127619,ashley bryant dvm,consumer
18676,CUST127621,amber coleman,small business
18677,CUST127623,steven bennett,corporate
18678,CUST127624,ryan thompson,corporate
18679,CUST127625,kim jones,corporate
18680,CUST127627,donna chambers,consumer
18681,CUST127628,joy mcdonald,corporate
18682,CUST127629,gary fisher,small business
18683,CUST127630,mark zamora,consumer
18684,CUST127633,rebecca green,corporate
18685,CUST127634,cheyenne villarreal,consumer
18686,CUST127635,kayla ward,consumer
18687,CUST127636,laurie bell,consumer
18688,CUST127637,sarah smith,consumer
18689,CUST127638,mike myers,consumer
18690,CUST127639,cory davis,consumer
18691,CUST127641,eddie ibarra,consumer
18692,CUST127643,jeanne lutz,small business
18693,CUST127644,jesse murray,consumer
18694,CUST127645,jessica anderson,consumer
18695,CUST127646,michael miller,consumer
18696,CUST127651,angela owens,consumer
18697,CUST127652,evan quinn,consumer
18698,CUST127654,morgan flores,consumer
18699,CUST127655,william miranda,consumer
18700,CUST127657,mr. max williams ii,corporate
18701,CUST127658,gabriel boyer,corporate
18702,CUST127659,angela freeman,corporate
18703,CUST127660,christine fletcher,consumer
18704,CUST127663,jason evans,consumer
18705,CUST127664,kerry cooke,corporate
18706,CUST127666,shannon dunn,consumer
18707,CUST127667,anthony willis,consumer
18708,CUST127669,martin aguilar,consumer
18709,CUST127670,kristen roberson,small business
18710,CUST127671,brenda pham,consumer
18711,CUST127672,michael nichols,consumer
18712,CUST127673,valerie vasquez,consumer
18713,CUST127674,victoria henry,consumer
18714,CUST127675,andrew hunt,small business
18715,CUST127676,melissa molina,consumer
18716,CUST127677,sandra smith,consumer
18717,CUST127679,sharon estes,consumer
18718,CUST127681,cynthia salas,small business
18719,CUST127682,karen logan,corporate
18720,CUST127684,blake marks,small business
18721,CUST127688,john jordan,corporate
18722,CUST127690,matthew delgado,corporate
18723,CUST127691,patrick garcia,consumer
18724,CUST127692,joy simon,consumer
18725,CUST127693,michelle curtis,consumer
18726,CUST127694,charles townsend,consumer
18727,CUST127695,gina martin,consumer
18728,CUST127696,angel johnson,consumer
18729,CUST127697,karen jackson,small business
18730,CUST127698,thomas miller,consumer
18731,CUST127699,martin hicks,consumer
18732,CUST127702,christian warner,consumer
18733,CUST127703,jessica erickson,consumer
18734,CUST127704,joseph kelly,corporate
18735,CUST127706,kelsey le,consumer
18736,CUST127708,tyler jenkins,small business
18737,CUST127709,michelle grant,consumer
18738,CUST127711,ashley berry,corporate
18739,CUST127712,wanda wheeler,consumer
18740,CUST127716,stacy pham,small business
18741,CUST127718,debra lozano,consumer
18742,CUST127720,denise olson,consumer
18743,CUST127722,raymond hampton,corporate
18744,CUST127723,carrie moore,consumer
18745,CUST127725,michele smith,consumer
18746,CUST127727,anthony hickman,corporate
18747,CUST127728,madison tyler,consumer
18748,CUST127729,evan thomas,consumer
18749,CUST127730,mary ortiz,consumer
18750,CUST127731,ashley schneider,consumer
18751,CUST127734,emily taylor,small business
18752,CUST127735,andrew bennett,consumer
18753,CUST127736,charles taylor,small business
18754,CUST127737,scott cooper,corporate
18755,CUST127738,rodney hernandez,small business
18756,CUST127740,mitchell vasquez,small business
18757,CUST127742,scott hudson,consumer
18758,CUST127743,carolyn berger,small business
18759,CUST127745,alison fox,consumer
18760,CUST127746,christopher aguirre,consumer
18761,CUST127747,erik cervantes,corporate
18762,CUST127749,casey brewer,small business
18763,CUST127750,anthony jones,corporate
18764,CUST127751,dr. david brown,corporate
18765,CUST127752,keith peterson jr.,corporate
18766,CUST127753,susan terrell,consumer
18767,CUST127754,cindy johnson,small business
18768,CUST127755,johnny garrison,consumer
18769,CUST127756,stephen pratt,small business
18770,CUST127757,andrew nelson,consumer
18771,CUST127760,amber fuentes,consumer
18772,CUST127764,theresa deleon,small business
18773,CUST127765,taylor medina,consumer
18774,CUST127766,leslie brown,small business
18775,CUST127767,catherine lin,small business
18776,CUST127768,susan ramsey,corporate
18777,CUST127769,thomas lewis,corporate
18778,CUST127770,anthony payne,consumer
18779,CUST127771,daniel davis,consumer
18780,CUST127772,patrick coleman,consumer
18781,CUST127774,rebecca frank,consumer
18782,CUST127775,brandon walker,corporate
18783,CUST127776,tina case,consumer
18784,CUST127777,tammy spencer,consumer
18785,CUST127778,jimmy bond,consumer
18786,CUST127779,mark johnson,corporate
18787,CUST127780,scott parrish,consumer
18788,CUST127781,kathryn leon,corporate
18789,CUST127783,christina west phd,small business
18790,CUST127784,bianca carroll,consumer
18791,CUST127785,mrs. karen thomas,consumer
18792,CUST127786,kelsey salazar,corporate
18793,CUST127788,diana lin,consumer
18794,CUST127789,james garcia,corporate
18795,CUST127791,christopher stewart,consumer
18796,CUST127792,elizabeth chambers,consumer
18797,CUST127793,april saunders,consumer
18798,CUST127794,david phillips,corporate
18799,CUST127795,daniel edwards,consumer
18800,CUST127799,scott jimenez,small business
18801,CUST127800,miranda salazar,small business
18802,CUST127801,sarah villanueva,consumer
18803,CUST127803,nathan rodriguez,corporate
18804,CUST127804,james wood,small business
18805,CUST127806,brian nguyen,small business
18806,CUST127809,monica bowman,consumer
18807,CUST127810,eileen williams,consumer
18808,CUST127811,matthew roberts,consumer
18809,CUST127812,carol smith,consumer
18810,CUST127813,amy gonzalez,consumer
18811,CUST127814,andre webb,consumer
18812,CUST127816,samantha pierce,consumer
18813,CUST127817,rachel lucero,consumer
18814,CUST127820,maria pennington,consumer
18815,CUST127822,ashley beltran,small business
18816,CUST127823,gwendolyn ramos,consumer
18817,CUST127824,joel may md,consumer
18818,CUST127828,paula jackson,corporate
18819,CUST127830,james brooks md,corporate
18820,CUST127831,rose lewis,consumer
18821,CUST127832,brian bonilla,consumer
18822,CUST127833,jonathan cook,corporate
18823,CUST127835,michael jackson,corporate
18824,CUST127836,kenneth lynch,consumer
18825,CUST127838,leslie blackwell,corporate
18826,CUST127841,jesse scott,consumer
18827,CUST127843,charles cook,consumer
18828,CUST127844,tyler davis,consumer
18829,CUST127846,abigail marshall,consumer
18830,CUST127848,theodore miller,consumer
18831,CUST127849,andrew calderon,consumer
18832,CUST127851,daniel phillips dvm,corporate
18833,CUST127852,james taylor,small business
18834,CUST127853,kimberly colon,consumer
18835,CUST127854,blake carr,small business
18836,CUST127855,james arias,consumer
18837,CUST127856,benjamin thomas,consumer
18838,CUST127857,john boyd,small business
18839,CUST127860,joshua sutton,corporate
18840,CUST127862,tonya morales,small business
18841,CUST127863,timothy watson,consumer
18842,CUST127864,scott williams,consumer
18843,CUST127865,sharon collins,consumer
18844,CUST127866,scott garner,corporate
18845,CUST127867,patricia peterson,corporate
18846,CUST127868,richard rasmussen,consumer
18847,CUST127870,mr. todd carter jr.,corporate
18848,CUST127871,melissa hardy,consumer
18849,CUST127873,john franco,consumer
18850,CUST127876,sylvia fleming,small business
18851,CUST127877,ryan le,consumer
18852,CUST127878,jeffery jones,consumer
18853,CUST127880,andre wall,corporate
18854,CUST127882,eric love,small business
18855,CUST127884,christopher stokes,corporate
18856,CUST127885,julie foster,consumer
18857,CUST127887,thomas smith,small business
18858,CUST127888,brian horton,consumer
18859,CUST127890,michael hill,consumer
18860,CUST127892,collin lee,corporate
18861,CUST127893,douglas rodriguez,consumer
18862,CUST127894,lori gibson md,consumer
18863,CUST127895,tracy martinez,consumer
18864,CUST127896,robert klein,consumer
18865,CUST127897,david morse md,small business
18866,CUST127899,jeffrey king,consumer
18867,CUST127901,juan miller,consumer
18868,CUST127902,jason walton,small business
18869,CUST127904,kimberly richardson,corporate
18870,CUST127907,taylor adkins,small business
18871,CUST127908,angie mcfarland,corporate
18872,CUST127910,haley caldwell,consumer
18873,CUST127912,kathryn williams,consumer
18874,CUST127913,kevin johnson,consumer
18875,CUST127916,richard myers,consumer
18876,CUST127917,christy velasquez,consumer
18877,CUST127918,virginia hines,consumer
18878,CUST127919,keith clark,consumer
18879,CUST127921,robin ellison,consumer
18880,CUST127923,sherri nguyen,small business
18881,CUST127925,mr. justin adams,consumer
18882,CUST127926,brad garcia,corporate
18883,CUST127928,laura crane,corporate
18884,CUST127929,brenda lawrence,consumer
18885,CUST127930,carolyn stephenson,consumer
18886,CUST127931,brenda barron dds,consumer
18887,CUST127933,pamela sims,corporate
18888,CUST127935,destiny bradley,consumer
18889,CUST127937,stephanie mcdonald,consumer
18890,CUST127939,margaret williams,consumer
18891,CUST127940,kelly maldonado,small business
18892,CUST127941,dale ruiz,consumer
18893,CUST127942,ashley montgomery,consumer
18894,CUST127943,john jones,consumer
18895,CUST127944,brittney barnett,small business
18896,CUST127945,paul sanchez,corporate
18897,CUST127946,shaun chase,consumer
18898,CUST127947,sheryl mathews,consumer
18899,CUST127948,michelle campbell,consumer
18900,CUST127949,victoria moses,small business
18901,CUST127951,frederick padilla,consumer
18902,CUST127952,todd gates,consumer
18903,CUST127953,oscar marsh,corporate
18904,CUST127954,leslie martin,corporate
18905,CUST127955,nicolas walker,corporate
18906,CUST127956,joshua thomas,consumer
18907,CUST127957,megan benitez,consumer
18908,CUST127958,ellen dyer,corporate
18909,CUST127959,jennifer griffin,consumer
18910,CUST127960,jennifer harris,corporate
18911,CUST127961,amy shannon,consumer
18912,CUST127962,eric wallace,consumer
18913,CUST127963,luke espinoza,small business
18914,CUST127964,sarah hancock,consumer
18915,CUST127966,kenneth martinez,corporate
18916,CUST127967,denise gonzalez,consumer
18917,CUST127969,christopher brown,consumer
18918,CUST127970,kevin stewart,consumer
18919,CUST127971,susan peterson,corporate
18920,CUST127973,vicki cunningham,consumer
18921,CUST127974,nicole johnson,consumer
18922,CUST127976,kevin jones,consumer
18923,CUST127979,angela kane,consumer
18924,CUST127980,jacob harris,consumer
18925,CUST127981,brittany adkins,consumer
18926,CUST127983,sandra gates,consumer
18927,CUST127988,mr. kurt payne,corporate
18928,CUST127994,john lynch,consumer
18929,CUST128000,thomas davis,corporate
18930,CUST128001,rachel kaufman,corporate
18931,CUST128002,erica estrada,consumer
18932,CUST128003,troy torres,consumer
18933,CUST128004,jeffrey flores,consumer
18934,CUST128005,cynthia smith,consumer
18935,CUST128007,steven mccoy,corporate
18936,CUST128008,daniel white,corporate
18937,CUST128009,joseph tanner,consumer
18938,CUST128010,bradley adkins,consumer
18939,CUST128011,krystal smith,small business
18940,CUST128012,steven garcia,consumer
18941,CUST128013,jessica fox,consumer
18942,CUST128014,gregory kidd,corporate
18943,CUST128015,heather peterson,consumer
18944,CUST128016,amber baker,corporate
18945,CUST128017,michele williams,small business
18946,CUST128018,kyle stewart dds,consumer
18947,CUST128020,jared adams,consumer
18948,CUST128021,elizabeth mooney,small business
18949,CUST128022,joel zuniga,consumer
18950,CUST128023,dylan ingram,consumer
18951,CUST128025,robert walker,consumer
18952,CUST128026,susan davis,consumer
18953,CUST128029,robert curtis,corporate
18954,CUST128030,travis goodwin,consumer
18955,CUST128031,brittney dalton,small business
18956,CUST128032,shane flynn,small business
18957,CUST128033,william collins,small business
18958,CUST128034,craig williams,corporate
18959,CUST128035,raymond evans,consumer
18960,CUST128036,terri williams,corporate
18961,CUST128038,david edwards,corporate
18962,CUST128040,valerie norton,consumer
18963,CUST128041,kimberly hubbard,corporate
18964,CUST128044,mrs. sheila kelley,small business
18965,CUST128045,william thompson,small business
18966,CUST128046,cheryl riddle,small business
18967,CUST128048,david gray,consumer
18968,CUST128050,ralph hudson,consumer
18969,CUST128051,joseph holland,consumer
18970,CUST128053,shannon hughes,corporate
18971,CUST128054,robert hicks,consumer
18972,CUST128055,krista benson,corporate
18973,CUST128056,joseph price,consumer
18974,CUST128059,jason morales,small business
18975,CUST128061,jennifer james,consumer
18976,CUST128062,courtney holland,small business
18977,CUST128063,cody martin,corporate
18978,CUST128067,elizabeth odonnell,consumer
18979,CUST128069,shannon cardenas,consumer
18980,CUST128070,jasmine thomas,consumer
18981,CUST128072,steven james,consumer
18982,CUST128075,james anderson,consumer
18983,CUST128077,robert knight,consumer
18984,CUST128080,charles jacobson,small business
18985,CUST128081,manuel larson,consumer
18986,CUST128084,kelsey smith,consumer
18987,CUST128086,crystal thompson,consumer
18988,CUST128088,vincent cook,consumer
18989,CUST128089,jamie smith,corporate
18990,CUST128090,kristina bell,small business
18991,CUST128091,amy fernandez,corporate
18992,CUST128092,david taylor,consumer
18993,CUST128093,billy lopez,consumer
18994,CUST128094,christina cameron,corporate
18995,CUST128095,james garcia,corporate
18996,CUST128099,matthew turner,corporate
18997,CUST128101,bryan leach,corporate
18998,CUST128102,bradley jennings,consumer
18999,CUST128103,joseph miller,consumer
19000,CUST128106,frank gomez,small business
19001,CUST128107,nancy martinez,consumer
19002,CUST128108,patricia collins,corporate
19003,CUST128110,mrs. wendy clark dvm,corporate
19004,CUST128112,meagan sheppard,consumer
19005,CUST128114,stanley stewart,small business
19006,CUST128115,travis myers,consumer
19007,CUST128116,damon miller,small business
19008,CUST128117,nicholas lutz,small business
19009,CUST128118,joanna douglas,small business
19010,CUST128119,brenda baker,consumer
19011,CUST128122,david allen,corporate
19012,CUST128126,alexis downs,corporate
19013,CUST128128,kevin harris,consumer
19014,CUST128130,michael strickland,corporate
19015,CUST128133,andrew richard,consumer
19016,CUST128134,jason coffey,small business
19017,CUST128136,brooke richardson,corporate
19018,CUST128138,daniel fox,corporate
19019,CUST128139,william myers,corporate
19020,CUST128140,jessica powell,consumer
19021,CUST128141,jessica roberts,consumer
19022,CUST128142,erika martinez,consumer
19023,CUST128143,benjamin lopez,corporate
19024,CUST128144,zachary horn,consumer
19025,CUST128145,mrs. brandi hernandez,small business
19026,CUST128147,brenda jackson,corporate
19027,CUST128148,candace robinson,consumer
19028,CUST128149,steven west,consumer
19029,CUST128151,amanda warner,consumer
19030,CUST128152,denise fernandez,consumer
19031,CUST128153,nicholas smith,corporate
19032,CUST128154,elizabeth meyer,corporate
19033,CUST128155,michelle anderson,consumer
19034,CUST128156,sierra rocha,corporate
19035,CUST128158,joan lara,consumer
19036,CUST128159,william galvan dds,consumer
19037,CUST128163,ashley sutton,consumer
19038,CUST128164,mark davies,corporate
19039,CUST128165,heather cox,consumer
19040,CUST128167,brett smith,corporate
19041,CUST128168,anthony hill,consumer
19042,CUST128174,holly wells,consumer
19043,CUST128175,annette barber,consumer
19044,CUST128179,brian pittman,small business
19045,CUST128180,lori fritz,consumer
19046,CUST128182,andrew johnson,consumer
19047,CUST128186,mr. jacob gill,small business
19048,CUST128187,cheyenne graves,consumer
19049,CUST128191,stanley jones,consumer
19050,CUST128192,eric cole,small business
19051,CUST128195,james murray,consumer
19052,CUST128196,levi anderson,consumer
19053,CUST128197,lisa monroe,corporate
19054,CUST128198,cody ray,consumer
19055,CUST128199,stanley miller,consumer
19056,CUST128200,samantha shepherd,consumer
19057,CUST128201,emily berry,corporate
19058,CUST128202,shannon avila,consumer
19059,CUST128203,kathy vargas,consumer
19060,CUST128204,elizabeth smith,corporate
19061,CUST128205,barbara davis,consumer
19062,CUST128207,whitney klein,consumer
19063,CUST128208,amber reed,consumer
19064,CUST128209,greg hardy,consumer
19065,CUST128210,charles alexander,consumer
19066,CUST128211,jessica sullivan,corporate
19067,CUST128212,kathryn payne,small business
19068,CUST128214,catherine berger,consumer
19069,CUST128217,thomas bauer,consumer
19070,CUST128218,ashley sanchez,consumer
19071,CUST128219,nicole daniel,consumer
19072,CUST128220,melissa sheppard,consumer
19073,CUST128221,david daniels,corporate
19074,CUST128223,jeffrey sanchez,consumer
19075,CUST128224,jerry rogers,small business
19076,CUST128225,julie lozano,consumer
19077,CUST128226,hannah sandoval,small business
19078,CUST128229,amy jackson,corporate
19079,CUST128231,anthony turner,corporate
19080,CUST128233,janet fisher,consumer
19081,CUST128234,jessica perez,small business
19082,CUST128235,mary gillespie,small business
19083,CUST128236,nathan jackson,consumer
19084,CUST128237,robert campbell,consumer
19085,CUST128238,sally villanueva,consumer
19086,CUST128241,tyler gibson,consumer
19087,CUST128242,jessica lee,consumer
19088,CUST128244,anthony medina,consumer
19089,CUST128245,david george,consumer
19090,CUST128246,aaron nguyen,consumer
19091,CUST128247,joseph walker,corporate
19092,CUST128248,caitlin thomas,consumer
19093,CUST128249,tanya hayes,consumer
19094,CUST128250,angela harrington,small business
19095,CUST128251,lisa rodriguez,corporate
19096,CUST128252,teresa mason,consumer
19097,CUST128253,allison lopez,consumer
19098,CUST128255,lisa dunn,small business
19099,CUST128256,steven mitchell,consumer
19100,CUST128257,victoria anderson,consumer
19101,CUST128258,kim jones,consumer
19102,CUST128259,david terry,consumer
19103,CUST128261,robert walsh,corporate
19104,CUST128262,cody bass,consumer
19105,CUST128263,stephanie gilmore,consumer
19106,CUST128265,mr. mark jenkins iv,corporate
19107,CUST128267,michael ford,consumer
19108,CUST128270,vanessa medina,consumer
19109,CUST128271,mr. kerry turner,consumer
19110,CUST128272,michelle saunders,corporate
19111,CUST128273,kristopher adams,small business
19112,CUST128274,jeffrey rhodes,consumer
19113,CUST128276,dr. jenna lara,consumer
19114,CUST128277,nancy nunez,consumer
19115,CUST128278,mary pugh,corporate
19116,CUST128281,charles moody,consumer
19117,CUST128282,michelle adkins,consumer
19118,CUST128283,brooke walker,small business
19119,CUST128286,lisa robinson,consumer
19120,CUST128287,allison hernandez,small business
19121,CUST128288,david delacruz,small business
19122,CUST128289,denise boyd,small business
19123,CUST128290,john thompson,consumer
19124,CUST128291,jason butler,corporate
19125,CUST128294,william smith,consumer
19126,CUST128295,samantha johnson,consumer
19127,CUST128297,levi brown,consumer
19128,CUST128298,laura thomas,consumer
19129,CUST128299,robert palmer,consumer
19130,CUST128301,alexandra schneider,consumer
19131,CUST128304,tiffany gentry,consumer
19132,CUST128305,jacqueline riley,corporate
19133,CUST128308,rebecca spence,consumer
19134,CUST128309,melissa boyer,small business
19135,CUST128311,jessica gomez,consumer
19136,CUST128312,valerie shaw,corporate
19137,CUST128313,shelley cannon,consumer
19138,CUST128315,christopher garcia,consumer
19139,CUST128316,laura ryan,consumer
19140,CUST128318,sarah ball,consumer
19141,CUST128320,jennifer mays,consumer
19142,CUST128322,kaitlyn payne,corporate
19143,CUST128323,joshua krause,consumer
19144,CUST128324,alexander ortiz,consumer
19145,CUST128328,daniel miller md,consumer
19146,CUST128329,jonathan hill,consumer
19147,CUST128330,gail gross,consumer
19148,CUST128331,nicole walters,consumer
19149,CUST128332,stephanie mcintyre,corporate
19150,CUST128333,harry mayo,consumer
19151,CUST128334,dr. brandon mccall,corporate
19152,CUST128335,daniel lopez,consumer
19153,CUST128338,mitchell bradshaw,consumer
19154,CUST128341,tanner johnson,small business
19155,CUST128343,stephen williams,consumer
19156,CUST128344,jonathan salazar,consumer
19157,CUST128345,beth fischer,consumer
19158,CUST128347,catherine gross,consumer
19159,CUST128349,rebecca woods,corporate
19160,CUST128352,mary reynolds,small business
19161,CUST128353,donna wilkinson,consumer
19162,CUST128355,stephanie hernandez,consumer
19163,CUST128357,albert watkins,consumer
19164,CUST128359,justin levine,corporate
19165,CUST128362,joshua le,consumer
19166,CUST128364,michael foster,corporate
19167,CUST128365,jamie gray,consumer
19168,CUST128371,april lawson,corporate
19169,CUST128372,ryan morse,corporate
19170,CUST128374,david kelly,consumer
19171,CUST128375,chase wall,consumer
19172,CUST128376,jose stewart,corporate
19173,CUST128377,veronica howard,consumer
19174,CUST128378,misty gray,small business
19175,CUST128380,donna hernandez,corporate
19176,CUST128381,matthew ortiz,consumer
19177,CUST128382,eric davis,corporate
19178,CUST128383,amanda bell,corporate
19179,CUST128384,daniel nelson,consumer
19180,CUST128385,mitchell le,consumer
19181,CUST128389,sherry shaw,consumer
19182,CUST128390,susan small,consumer
19183,CUST128392,cassandra thomas,consumer
19184,CUST128393,steven long,corporate
19185,CUST128394,thomas gill,corporate
19186,CUST128396,roberto wilson,consumer
19187,CUST128398,robert gonzalez,consumer
19188,CUST128399,jessica garcia,consumer
19189,CUST128400,mary rose,consumer
19190,CUST128401,susan smith,small business
19191,CUST128402,evan woods,consumer
19192,CUST128405,alexandria scott,consumer
19193,CUST128406,aaron smith,consumer
19194,CUST128407,tammy patton,small business
19195,CUST128408,david richardson,consumer
19196,CUST128410,juan ortiz,consumer
19197,CUST128412,mark rodriguez,consumer
19198,CUST128414,karen nelson,small business
19199,CUST128415,rodney sanchez,corporate
19200,CUST128416,robert smith,corporate
19201,CUST128417,shane jones,consumer
19202,CUST128418,julie brown,consumer
19203,CUST128419,courtney riggs,consumer
19204,CUST128420,jeremiah singh,consumer
19205,CUST128421,jonathan morris,corporate
19206,CUST128422,jeremy gray,consumer
19207,CUST128423,susan wolf,corporate
19208,CUST128425,darius schmidt,consumer
19209,CUST128426,melissa garcia,consumer
19210,CUST128428,christina swanson,consumer
19211,CUST128429,ashley garrison,consumer
19212,CUST128432,annette rodriguez,consumer
19213,CUST128433,erik moore,consumer
19214,CUST128434,carrie cohen,consumer
19215,CUST128435,megan valentine,consumer
19216,CUST128437,terri miller,corporate
19217,CUST128439,tony rhodes,corporate
19218,CUST128440,chase walker,consumer
19219,CUST128442,mallory ray,consumer
19220,CUST128443,johnny stewart,consumer
19221,CUST128444,jennifer parker,consumer
19222,CUST128445,robert ward md,consumer
19223,CUST128446,barry nelson,corporate
19224,CUST128447,tina mcdaniel,consumer
19225,CUST128448,elizabeth cruz,small business
19226,CUST128449,alyssa conway,corporate
19227,CUST128450,nicole wagner,consumer
19228,CUST128452,barry morgan,corporate
19229,CUST128453,julie gonzalez,corporate
19230,CUST128456,nathan douglas,small business
19231,CUST128457,stephanie hawkins,consumer
19232,CUST128459,travis wilson,consumer
19233,CUST128464,melanie lopez,consumer
19234,CUST128465,rachael ward,consumer
19235,CUST128467,lori krueger,consumer
19236,CUST128468,janet ellis,small business
19237,CUST128471,james wong,small business
19238,CUST128472,hannah bradley,consumer
19239,CUST128473,robert collins,corporate
19240,CUST128475,johnathan koch,small business
19241,CUST128476,robert martin,small business
19242,CUST128477,stephanie blair,consumer
19243,CUST128478,matthew ferguson,consumer
19244,CUST128479,kimberly maldonado,consumer
19245,CUST128480,william webb,consumer
19246,CUST128483,kevin sanders,small business
19247,CUST128484,christopher jensen,consumer
19248,CUST128485,sean meyers,consumer
19249,CUST128486,rodney cooper,consumer
19250,CUST128488,michele golden,small business
19251,CUST128489,joseph johnson,corporate
19252,CUST128492,cynthia oconnor,corporate
19253,CUST128493,thomas sanchez,corporate
19254,CUST128494,thomas brooks,consumer
19255,CUST128501,joseph johnson,consumer
19256,CUST128503,karen coffey,corporate
19257,CUST128504,dawn walker,consumer
19258,CUST128505,kimberly rose,consumer
19259,CUST128507,gregory wood,consumer
19260,CUST128512,mike lucas,corporate
19261,CUST128514,pamela lopez,corporate
19262,CUST128515,melissa palmer,consumer
19263,CUST128516,michael davis,corporate
19264,CUST128517,charles moore,consumer
19265,CUST128518,daniel wheeler,consumer
19266,CUST128519,megan white,consumer
19267,CUST128520,kelly barker,consumer
19268,CUST128521,sheila black,corporate
19269,CUST128522,evelyn pierce,corporate
19270,CUST128523,jocelyn rodriguez,corporate
19271,CUST128527,tammy robertson,consumer
19272,CUST128528,jasmin lewis,corporate
19273,CUST128532,anne calderon,small business
19274,CUST128533,michael cortez,consumer
19275,CUST128534,ryan ortiz,consumer
19276,CUST128536,michael oneal,consumer
19277,CUST128537,megan miller,consumer
19278,CUST128540,crystal craig,consumer
19279,CUST128541,jose higgins,consumer
19280,CUST128542,adam brown,corporate
19281,CUST128543,andrew pham,corporate
19282,CUST128544,mary nelson,consumer
19283,CUST128545,joseph frank,small business
19284,CUST128548,christopher garcia,consumer
19285,CUST128549,david smith,consumer
19286,CUST128551,philip perez,corporate
19287,CUST128553,christina walker,consumer
19288,CUST128555,david newman,consumer
19289,CUST128556,jennifer schmitt,consumer
19290,CUST128557,mary stephenson,small business
19291,CUST128558,chad jones,consumer
19292,CUST128559,mrs. jasmine larsen,small business
19293,CUST128560,mindy miller,consumer
19294,CUST128561,aaron greer,corporate
19295,CUST128562,alexis rodriguez,consumer
19296,CUST128564,daniel gordon,consumer
19297,CUST128565,amanda johnson,consumer
19298,CUST128566,virginia henry,consumer
19299,CUST128568,glenn perry,consumer
19300,CUST128570,melissa townsend,consumer
19301,CUST128573,edward bryant,consumer
19302,CUST128575,leah gaines,consumer
19303,CUST128577,leslie keller,consumer
19304,CUST128578,keith taylor,consumer
19305,CUST128580,pamela taylor,consumer
19306,CUST128582,gabriella williams,corporate
19307,CUST128583,miguel wood,consumer
19308,CUST128584,luke herrera,corporate
19309,CUST128585,melanie roach,consumer
19310,CUST128586,beth wade,corporate
19311,CUST128588,matthew duncan,consumer
19312,CUST128590,austin massey,consumer
19313,CUST128591,tiffany gaines,consumer
19314,CUST128592,tonya ward,consumer
19315,CUST128593,angelica alexander,consumer
19316,CUST128594,kendra alexander,corporate
19317,CUST128598,christine kramer,small business
19318,CUST128599,jason grant,consumer
19319,CUST128600,mary page,corporate
19320,CUST128601,laura scott,consumer
19321,CUST128602,russell marquez,consumer
19322,CUST128603,angela wright,consumer
19323,CUST128604,joseph cole,consumer
19324,CUST128605,dorothy williams md,consumer
19325,CUST128606,jeffrey lane,consumer
19326,CUST128610,scott nelson,consumer
19327,CUST128611,ashley davis,consumer
19328,CUST128612,matthew bailey,consumer
19329,CUST128613,tammy guzman,consumer
19330,CUST128614,holly reynolds,corporate
19331,CUST128615,patricia jacobs,consumer
19332,CUST128616,joshua griffin,consumer
19333,CUST128618,russell sims,consumer
19334,CUST128619,monica zimmerman,corporate
19335,CUST128620,kelly wood,corporate
19336,CUST128622,lauren johnson,consumer
19337,CUST128623,paul everett,small business
19338,CUST128624,janet ross,small business
19339,CUST128626,william sharp,corporate
19340,CUST128629,mrs. kirsten jones phd,consumer
19341,CUST128639,alexis west,corporate
19342,CUST128640,david oconnell,small business
19343,CUST128643,samuel love,corporate
19344,CUST128646,kathleen caldwell,consumer
19345,CUST128647,thomas carroll,consumer
19346,CUST128649,dawn miller,corporate
19347,CUST128651,dr. mark black,consumer
19348,CUST128653,austin melton,small business
19349,CUST128654,emily richardson,consumer
19350,CUST128655,kelly miller,consumer
19351,CUST128657,james galvan,consumer
19352,CUST128658,dr. melanie butler,small business
19353,CUST128660,victoria miller,corporate
19354,CUST128661,maria shields,small business
19355,CUST128662,kristen garza,corporate
19356,CUST128663,scott wilkins,small business
19357,CUST128665,chelsea wright,consumer
19358,CUST128666,stephen bowman,consumer
19359,CUST128667,mark nichols,corporate
19360,CUST128668,kimberly barron,consumer
19361,CUST128669,regina nelson,consumer
19362,CUST128670,kathleen rogers,corporate
19363,CUST128671,zachary coleman,consumer
19364,CUST128672,bethany lopez,corporate
19365,CUST128673,brooke schneider,consumer
19366,CUST128675,mark cook,consumer
19367,CUST128676,nicole webster,consumer
19368,CUST128678,harry thompson,consumer
19369,CUST128680,debbie lewis,consumer
19370,CUST128681,heather allen,small business
19371,CUST128682,cheyenne west,small business
19372,CUST128683,jessica bond,consumer
19373,CUST128684,jennifer rogers,consumer
19374,CUST128685,catherine logan,corporate
19375,CUST128686,richard hayes,corporate
19376,CUST128687,maria briggs,consumer
19377,CUST128688,mrs. sherry colon phd,consumer
19378,CUST128689,molly wyatt,consumer
19379,CUST128690,paul jones,consumer
19380,CUST128691,david stewart,consumer
19381,CUST128692,jeffrey holland,consumer
19382,CUST128694,allen hunt,consumer
19383,CUST128695,linda sanchez,small business
19384,CUST128696,veronica fowler,consumer
19385,CUST128697,ryan moreno,corporate
19386,CUST128698,christine calhoun,small business
19387,CUST128699,judy henderson,consumer
19388,CUST128700,sharon mckinney,consumer
19389,CUST128701,christopher duncan,consumer
19390,CUST128702,john parker,corporate
19391,CUST128704,andrew cherry,corporate
19392,CUST128706,michael hunter,small business
19393,CUST128707,laura good,corporate
19394,CUST128708,devin miles,consumer
19395,CUST128709,benjamin pacheco,corporate
19396,CUST128710,john davis,consumer
19397,CUST128713,stephanie cole,consumer
19398,CUST128714,stephanie mills,consumer
19399,CUST128717,tammy greene,small business
19400,CUST128719,christopher garcia,small business
19401,CUST128720,michael martin,consumer
19402,CUST128721,dr. crystal wu,corporate
19403,CUST128723,brian norris,consumer
19404,CUST128724,jasmine conner,consumer
19405,CUST128725,sheila jordan,corporate
19406,CUST128726,corey gates,consumer
19407,CUST128727,brenda smith,consumer
19408,CUST128728,kevin smith,consumer
19409,CUST128729,julie barton,consumer
19410,CUST128730,kathryn jackson,small business
19411,CUST128731,mary green dds,consumer
19412,CUST128732,janice mclean,consumer
19413,CUST128733,jonathan berry,small business
19414,CUST128734,cynthia pennington,small business
19415,CUST128735,catherine york,small business
19416,CUST128737,jeremiah steele,corporate
19417,CUST128741,alfred huynh,consumer
19418,CUST128743,bradley williams,corporate
19419,CUST128744,kimberly lopez,corporate
19420,CUST128745,shelly tate,corporate
19421,CUST128747,roy henderson,corporate
19422,CUST128748,daniel romero,consumer
19423,CUST128749,alec tyler,consumer
19424,CUST128750,natalie rogers,consumer
19425,CUST128753,chad miller,corporate
19426,CUST128754,erin adams,consumer
19427,CUST128755,joseph boone,corporate
19428,CUST128756,shane warner,consumer
19429,CUST128758,ronald higgins,consumer
19430,CUST128764,laurie white,consumer
19431,CUST128767,lori lawson,consumer
19432,CUST128768,justin stanley,small business
19433,CUST128770,mrs. veronica gray,consumer
19434,CUST128771,lisa davidson,small business
19435,CUST128772,christopher garcia,corporate
19436,CUST128773,jose hall,consumer
19437,CUST128774,elizabeth bradley,consumer
19438,CUST128775,alexis hale,consumer
19439,CUST128776,sherry davidson,consumer
19440,CUST128779,ashley garza,small business
19441,CUST128780,brian coffey,consumer
19442,CUST128782,christine jackson,consumer
19443,CUST128784,natalie clark,consumer
19444,CUST128785,megan carter,consumer
19445,CUST128786,elizabeth jones,consumer
19446,CUST128787,troy medina,consumer
19447,CUST128788,belinda harris,consumer
19448,CUST128790,kevin wilson,consumer
19449,CUST128791,samuel garcia,consumer
19450,CUST128792,daniel bradley,consumer
19451,CUST128794,julie thompson,corporate
19452,CUST128795,kristine ford,corporate
19453,CUST128797,joel ramos,consumer
19454,CUST128798,jason ruiz,consumer
19455,CUST128800,tyler alvarez,consumer
19456,CUST128804,tracy king,consumer
19457,CUST128805,derek wang,consumer
19458,CUST128807,brady davis,corporate
19459,CUST128808,mary kelly,consumer
19460,CUST128809,maria king,corporate
19461,CUST128811,chad bell,corporate
19462,CUST128812,april simmons,consumer
19463,CUST128813,erika perez,corporate
19464,CUST128816,justin miller,consumer
19465,CUST128817,leslie green,consumer
19466,CUST128818,shane torres,corporate
19467,CUST128820,michael li,corporate
19468,CUST128822,danielle walker,consumer
19469,CUST128823,seth martinez,consumer
19470,CUST128824,jason moss,corporate
19471,CUST128825,roger livingston,consumer
19472,CUST128826,colton weber,small business
19473,CUST128827,bonnie rowe,small business
19474,CUST128828,elizabeth mason,consumer
19475,CUST128830,michael ramos,consumer
19476,CUST128833,laura lee,consumer
19477,CUST128836,john robinson,consumer
19478,CUST128837,joseph wallace,consumer
19479,CUST128840,karina baird,consumer
19480,CUST128846,michael moran,corporate
19481,CUST128847,michael barton,corporate
19482,CUST128850,matthew frazier,consumer
19483,CUST128851,laura sanders,consumer
19484,CUST128852,lisa jacobson,small business
19485,CUST128858,ann glenn,consumer
19486,CUST128859,steven koch,small business
19487,CUST128860,david parker,consumer
19488,CUST128861,mark garrett,consumer
19489,CUST128863,anthony english,consumer
19490,CUST128866,steven costa,consumer
19491,CUST128868,amy rogers,consumer
19492,CUST128869,anthony garcia,consumer
19493,CUST128871,breanna snyder,consumer
19494,CUST128872,heather cole,consumer
19495,CUST128873,nicole duran,corporate
19496,CUST128874,brian thomas,consumer
19497,CUST128875,sean wilson,consumer
19498,CUST128876,kimberly leach,corporate
19499,CUST128878,leah davis,small business
19500,CUST128881,april winters dvm,consumer
19501,CUST128885,shannon carr,consumer
19502,CUST128886,timothy sweeney,consumer
19503,CUST128887,crystal anderson,small business
19504,CUST128888,john knight,consumer
19505,CUST128890,karen collins,consumer
19506,CUST128891,laura mendez,small business
19507,CUST128892,michelle fisher,small business
19508,CUST128893,russell cruz,consumer
19509,CUST128894,cindy johnson,consumer
19510,CUST128895,kelly carter,corporate
19511,CUST128896,andrew klein,consumer
19512,CUST128897,nathaniel phillips dds,corporate
19513,CUST128898,timothy miller,corporate
19514,CUST128899,ms. kathryn brown,consumer
19515,CUST128900,ashley moses,consumer
19516,CUST128901,amber riddle,consumer
19517,CUST128902,richard sullivan,corporate
19518,CUST128903,mr. edward carrillo phd,consumer
19519,CUST128905,susan moore,small business
19520,CUST128906,felicia mcdonald,small business
19521,CUST128907,christopher morrison,small business
19522,CUST128908,joseph henderson,consumer
19523,CUST128909,michael chapman,consumer
19524,CUST128911,erik jenkins,consumer
19525,CUST128912,john turner,small business
19526,CUST128913,michael booker,corporate
19527,CUST128915,mark gordon,consumer
19528,CUST128916,brenda alvarez,corporate
19529,CUST128920,ronald smith,corporate
19530,CUST128923,dr. donald proctor,consumer
19531,CUST128926,thomas pacheco,consumer
19532,CUST128927,edward peterson,consumer
19533,CUST128931,andrew davis,consumer
19534,CUST128932,edgar mullins,consumer
19535,CUST128935,kelsey rowe,small business
19536,CUST128936,sean todd,consumer
19537,CUST128937,shane mccarthy,consumer
19538,CUST128938,francisco nelson,corporate
19539,CUST128939,laura simmons,consumer
19540,CUST128940,barbara fernandez,corporate
19541,CUST128941,michael waller,consumer
19542,CUST128942,jessica herring,consumer
19543,CUST128944,david lopez,corporate
19544,CUST128945,katrina ruiz,corporate
19545,CUST128947,ronald knight,consumer
19546,CUST128949,dr. jeffrey ramirez dds,corporate
19547,CUST128950,nathan hughes,corporate
19548,CUST128951,edwin rodriguez,consumer
19549,CUST128953,keith jackson,small business
19550,CUST128954,nicole miller,corporate
19551,CUST128956,nicole robinson,corporate
19552,CUST128957,marc smith,consumer
19553,CUST128959,charles bowman,small business
19554,CUST128961,linda morton,corporate
19555,CUST128962,megan baldwin,corporate
19556,CUST128963,david odonnell,corporate
19557,CUST128964,brenda holmes,consumer
19558,CUST128965,dana gibson,consumer
19559,CUST128966,samuel avila,small business
19560,CUST128971,emma simmons,corporate
19561,CUST128973,michael anderson,corporate
19562,CUST128975,tyler lopez,consumer
19563,CUST128977,james macias,corporate
19564,CUST128979,tammy lopez,consumer
19565,CUST128980,jennifer pace,corporate
19566,CUST128982,amber jones,consumer
19567,CUST128984,brianna schmidt,corporate
19568,CUST128985,kristin allen,consumer
19569,CUST128986,leonard figueroa,consumer
19570,CUST128990,dean miller,small business
19571,CUST128991,janice payne,consumer
19572,CUST128992,stacy smith,consumer
19573,CUST128993,ronald morris md,corporate
19574,CUST128994,christopher schmidt,small business
19575,CUST128995,ethan johnson,consumer
19576,CUST128997,gabriel mercer,consumer
19577,CUST128998,melanie dickerson,consumer
19578,CUST129000,joshua hood,small business
19579,CUST129002,stephanie rodriguez,consumer
19580,CUST129003,shawna duffy,consumer
19581,CUST129004,jessica lowe,consumer
19582,CUST129006,john anderson,consumer
19583,CUST129007,madeline hall,consumer
19584,CUST129008,erin baker,consumer
19585,CUST129009,nicholas strickland,consumer
19586,CUST129010,dr. pamela ingram,consumer
19587,CUST129011,autumn arnold,consumer
19588,CUST129013,james mueller,consumer
19589,CUST129016,angela shaw,small business
19590,CUST129018,luke clark,small business
19591,CUST129019,jeffrey fowler,small business
19592,CUST129020,joel cole,consumer
19593,CUST129022,grant daniels,consumer
19594,CUST129023,courtney thompson,consumer
19595,CUST129024,ashley richards,consumer
19596,CUST129026,phillip wiggins,corporate
19597,CUST129027,geoffrey huffman,consumer
19598,CUST129029,shawn wolf,consumer
19599,CUST129030,stacey rice,consumer
19600,CUST129033,susan sparks,consumer
19601,CUST129034,julian blake,consumer
19602,CUST129036,patrick potter,consumer
19603,CUST129037,joseph pena,consumer
19604,CUST129038,michael jones,consumer
19605,CUST129039,carlos dickson,consumer
19606,CUST129040,katrina jones,corporate
19607,CUST129041,james rivera,corporate
19608,CUST129042,regina mendoza,consumer
19609,CUST129044,bridget price,consumer
19610,CUST129045,lisa johnson,small business
19611,CUST129046,daniel kelly,small business
19612,CUST129048,mrs. theresa hernandez,small business
19613,CUST129049,holly hill,corporate
19614,CUST129050,amy gomez,corporate
19615,CUST129051,tara pittman,consumer
19616,CUST129052,christopher white,consumer
19617,CUST129054,sharon aguilar,consumer
19618,CUST129055,cory christensen,corporate
19619,CUST129058,jessica sanders,corporate
19620,CUST129060,martin green,consumer
19621,CUST129061,jack yates,consumer
19622,CUST129062,robert brown,corporate
19623,CUST129063,katie maldonado,consumer
19624,CUST129065,bryan adams,consumer
19625,CUST129067,keith jackson,corporate
19626,CUST129068,hailey palmer,consumer
19627,CUST129070,charles garcia,consumer
19628,CUST129071,christine jones,consumer
19629,CUST129072,duane gardner,consumer
19630,CUST129074,jamie day,consumer
19631,CUST129076,michelle moran,small business
19632,CUST129077,nicole moore,corporate
19633,CUST129078,todd hill,corporate
19634,CUST129079,allen crawford,corporate
19635,CUST129083,erika olson,consumer
19636,CUST129085,tiffany riley,consumer
19637,CUST129086,christopher shaw,consumer
19638,CUST129088,margaret wood,consumer
19639,CUST129089,dylan brown,small business
19640,CUST129091,michael miller,consumer
19641,CUST129092,monique collins,consumer
19642,CUST129093,aaron harper,consumer
19643,CUST129094,crystal kim dds,corporate
19644,CUST129096,amanda herrera,corporate
19645,CUST129097,wendy brown,consumer
19646,CUST129098,taylor sullivan,corporate
19647,CUST129099,vanessa phillips,consumer
19648,CUST129103,dr. daniel berger jr.,consumer
19649,CUST129104,carol sullivan,corporate
19650,CUST129105,ashley bradshaw,small business
19651,CUST129106,ellen keller,consumer
19652,CUST129108,david davis,corporate
19653,CUST129110,peter rodriguez,consumer
19654,CUST129113,david lowe,corporate
19655,CUST129114,tammy shea,consumer
19656,CUST129117,david anderson,consumer
19657,CUST129118,leslie davenport,consumer
19658,CUST129119,douglas randolph,corporate
19659,CUST129120,kyle white,corporate
19660,CUST129121,danielle mcdonald,corporate
19661,CUST129122,amber gibson,consumer
19662,CUST129124,christian chandler,corporate
19663,CUST129125,kelly harris,consumer
19664,CUST129126,matthew jones,consumer
19665,CUST129127,jerry schaefer,consumer
19666,CUST129128,john ross,consumer
19667,CUST129131,kayla myers,consumer
19668,CUST129132,travis johnson,consumer
19669,CUST129133,meghan williams,consumer
19670,CUST129135,amy mckinney,corporate
19671,CUST129136,matthew gonzalez,corporate
19672,CUST129137,valerie hernandez,small business
19673,CUST129139,bonnie thomas md,small business
19674,CUST129140,heather ramirez,consumer
19675,CUST129141,frank walker,consumer
19676,CUST129142,richard hill,corporate
19677,CUST129143,evan riley,consumer
19678,CUST129144,keith fleming,consumer
19679,CUST129146,kylie park,small business
19680,CUST129149,destiny dean,consumer
19681,CUST129150,joshua lewis,consumer
19682,CUST129154,trevor bond,corporate
19683,CUST129155,angela robertson,consumer
19684,CUST129157,todd johnson,corporate
19685,CUST129158,gregory brown,corporate
19686,CUST129159,jacob hayes,consumer
19687,CUST129160,harold heath,consumer
19688,CUST129162,william phillips,consumer
19689,CUST129166,roger richards,consumer
19690,CUST129167,keith lloyd,small business
19691,CUST129168,carla vasquez,corporate
19692,CUST129170,francisco villanueva,consumer
19693,CUST129172,alexandra wood,small business
19694,CUST129174,nancy harrington,consumer
19695,CUST129175,faith jones,consumer
19696,CUST129177,mrs. danielle reed,corporate
19697,CUST129180,kristen farmer,consumer
19698,CUST129182,kristin webb,corporate
19699,CUST129183,lisa jones,consumer
19700,CUST129184,robin griffin,small business
19701,CUST129185,crystal juarez,consumer
19702,CUST129186,michelle valdez,consumer
19703,CUST129187,gregory mccullough,corporate
19704,CUST129189,james johnston,consumer
19705,CUST129190,stefanie harris,consumer
19706,CUST129193,anthony taylor,consumer
19707,CUST129194,lindsay daniels,consumer
19708,CUST129195,anna johnson,corporate
19709,CUST129196,benjamin robinson,small business
19710,CUST129198,heather oliver,corporate
19711,CUST129199,bianca kirby,corporate
19712,CUST129200,kimberly williams,corporate
19713,CUST129201,alicia parsons,corporate
19714,CUST129202,christine mitchell,corporate
19715,CUST129204,donald gonzalez,consumer
19716,CUST129205,alyssa baker,consumer
19717,CUST129207,trevor reynolds,consumer
19718,CUST129208,shawn thomas,consumer
19719,CUST129209,danielle marquez,corporate
19720,CUST129210,jerry evans,consumer
19721,CUST129211,michael carlson,consumer
19722,CUST129212,teresa rodriguez,consumer
19723,CUST129213,jason rodgers,small business
19724,CUST129214,janet leonard,consumer
19725,CUST129215,benjamin prince,consumer
19726,CUST129216,jon patton,consumer
19727,CUST129218,sean peterson,consumer
19728,CUST129219,michael bruce,consumer
19729,CUST129221,monica gonzales,consumer
19730,CUST129224,frank osborne,consumer
19731,CUST129225,leonard delgado,consumer
19732,CUST129226,cole sullivan,consumer
19733,CUST129227,yesenia smith,consumer
19734,CUST129229,shawna allen,consumer
19735,CUST129230,jennifer whitehead,consumer
19736,CUST129231,jonathan sherman,small business
19737,CUST129233,david moore,consumer
19738,CUST129235,ashley buckley,consumer
19739,CUST129236,angela patel,consumer
19740,CUST129237,benjamin schwartz,consumer
19741,CUST129239,anthony morse,small business
19742,CUST129240,michael gay,consumer
19743,CUST129243,melissa gilmore,consumer
19744,CUST129245,rhonda powell,consumer
19745,CUST129248,nicholas obrien,corporate
19746,CUST129249,kathryn duffy,consumer
19747,CUST129251,joe olsen,consumer
19748,CUST129253,gina hall,small business
19749,CUST129257,david white,consumer
19750,CUST129258,tammy stevenson,consumer
19751,CUST129259,paul ross,consumer
19752,CUST129260,shelley jordan,consumer
19753,CUST129261,sandra garner,consumer
19754,CUST129262,luis marks,small business
19755,CUST129263,gregory douglas,consumer
19756,CUST129264,brent weeks,corporate
19757,CUST129266,jennifer nelson,consumer
19758,CUST129267,teresa bryan,small business
19759,CUST129269,george rodriguez,corporate
19760,CUST129270,timothy brown,consumer
19761,CUST129271,matthew bell,consumer
19762,CUST129272,james johnson,consumer
19763,CUST129273,nathan diaz md,consumer
19764,CUST129274,tracie burgess,consumer
19765,CUST129275,shane williams,consumer
19766,CUST129278,charles johnson,consumer
19767,CUST129279,lauren jones,consumer
19768,CUST129280,diane burgess,consumer
19769,CUST129281,jennifer hicks,consumer
19770,CUST129284,eddie hardy,consumer
19771,CUST129286,edward berry,small business
19772,CUST129287,nicholas clarke,consumer
19773,CUST129288,jason willis,corporate
19774,CUST129290,paul rowland,consumer
19775,CUST129291,carmen perkins,consumer
19776,CUST129293,denise greene,consumer
19777,CUST129294,joseph dawson,corporate
19778,CUST129296,shelby griffin,small business
19779,CUST129297,adam greene,consumer
19780,CUST129298,albert rodriguez,corporate
19781,CUST129300,jose glover,corporate
19782,CUST129301,christopher matthews,consumer
19783,CUST129303,jason harper,consumer
19784,CUST129304,malik shea,consumer
19785,CUST129305,katrina wilson,corporate
19786,CUST129307,hannah barrett,corporate
19787,CUST129308,christine bailey,corporate
19788,CUST129309,mrs. christine gardner dds,corporate
19789,CUST129310,melinda buchanan,consumer
19790,CUST129311,gloria wells,corporate
19791,CUST129312,megan byrd,consumer
19792,CUST129313,nicole gomez,consumer
19793,CUST129314,sarah galloway,consumer
19794,CUST129315,amanda castillo,consumer
19795,CUST129317,tammy aguilar,small business
19796,CUST129318,christopher wilson,consumer
19797,CUST129319,jeremy romero,corporate
19798,CUST129320,anthony gray,small business
19799,CUST129321,theresa arnold,consumer
19800,CUST129323,jason davis,consumer
19801,CUST129324,matthew snyder,consumer
19802,CUST129325,brandon flynn,consumer
19803,CUST129326,scott watson,small business
19804,CUST129327,taylor wright,consumer
19805,CUST129328,joseph sexton,consumer
19806,CUST129330,mark gonzalez,consumer
19807,CUST129331,danny patel,consumer
19808,CUST129332,donald gonzalez,consumer
19809,CUST129333,jean calhoun,consumer
19810,CUST129334,brandon scott,consumer
19811,CUST129335,timothy perry,consumer
19812,CUST129336,dr. courtney gould,consumer
19813,CUST129337,sylvia montgomery,consumer
19814,CUST129338,denise bernard,corporate
19815,CUST129339,claudia perry,consumer
19816,CUST129340,alison hernandez,consumer
19817,CUST129342,scott henderson,consumer
19818,CUST129343,robert williams,consumer
19819,CUST129344,laura irwin,corporate
19820,CUST129345,stephen johnson,consumer
19821,CUST129346,jerry martin,small business
19822,CUST129347,brian hogan,consumer
19823,CUST129349,christopher chambers,consumer
19824,CUST129350,marissa reese,small business
19825,CUST129352,angela campos,consumer
19826,CUST129354,jill warren,corporate
19827,CUST129355,charlotte johnson,consumer
19828,CUST129356,bryan morales,consumer
19829,CUST129358,darlene english,consumer
19830,CUST129360,crystal oneal,consumer
19831,CUST129364,michelle valenzuela,corporate
19832,CUST129365,tyler evans,consumer
19833,CUST129366,melissa mendez,consumer
19834,CUST129367,jennifer johnson,consumer
19835,CUST129368,alan wilson,consumer
19836,CUST129370,chad carter,small business
19837,CUST129371,george eaton,corporate
19838,CUST129373,shawn adams,consumer
19839,CUST129374,diane watkins,consumer
19840,CUST129375,larry daniel,corporate
19841,CUST129376,kirsten bartlett,consumer
19842,CUST129377,andrea mann,small business
19843,CUST129378,jasmine rowe,consumer
19844,CUST129380,rachel bush,corporate
19845,CUST129381,jill martinez,consumer
19846,CUST129382,joshua thomas,consumer
19847,CUST129383,shawn mosley,corporate
19848,CUST129384,christine berry,corporate
19849,CUST129385,samantha gonzalez dvm,consumer
19850,CUST129386,martin hancock,corporate
19851,CUST129387,angel clarke,consumer
19852,CUST129388,jeffrey mcfarland,corporate
19853,CUST129389,richard haney,corporate
19854,CUST129393,holly walker,corporate
19855,CUST129395,leroy johnson,small business
19856,CUST129396,john porter,consumer
19857,CUST129399,rhonda ellis,corporate
19858,CUST129400,thomas james,consumer
19859,CUST129401,brianna stewart,consumer
19860,CUST129402,christopher padilla,corporate
19861,CUST129403,brian farley,corporate
19862,CUST129404,stephen horton,corporate
19863,CUST129405,melanie schmidt,consumer
19864,CUST129406,casey smith,consumer
19865,CUST129407,carmen carey,small business
19866,CUST129408,amy stevens,small business
19867,CUST129410,thomas hall,consumer
19868,CUST129412,jason hayes,consumer
19869,CUST129413,emily roman,small business
19870,CUST129414,tanner carlson,consumer
19871,CUST129419,kathy taylor,small business
19872,CUST129420,lori hill,small business
19873,CUST129423,john austin,small business
19874,CUST129424,amanda hall,consumer
19875,CUST129425,elizabeth martin,corporate
19876,CUST129426,monica johnson,corporate
19877,CUST129428,william kelly,consumer
19878,CUST129429,vincent brooks,consumer
19879,CUST129430,terry wilson,consumer
19880,CUST129431,mrs. margaret dougherty,consumer
19881,CUST129435,timothy rubio,consumer
19882,CUST129437,jared caldwell,consumer
19883,CUST129440,larry kim,corporate
19884,CUST129443,austin fleming,consumer
19885,CUST129444,rachel serrano,corporate
19886,CUST129445,daniel jensen,consumer
19887,CUST129446,mathew estes,consumer
19888,CUST129447,angela vasquez,consumer
19889,CUST129448,amber robinson,consumer
19890,CUST129451,heidi jacobs,consumer
19891,CUST129452,lori yu,corporate
19892,CUST129454,anna bradley,consumer
19893,CUST129455,brian stevens,small business
19894,CUST129456,mary shaffer,consumer
19895,CUST129457,melissa petty,consumer
19896,CUST129460,christopher mcbride,corporate
19897,CUST129461,dylan holland,consumer
19898,CUST129463,elizabeth campbell,consumer
19899,CUST129464,raymond gonzalez,corporate
19900,CUST129465,megan gonzalez,consumer
19901,CUST129466,zachary brown,consumer
19902,CUST129467,joshua salas,consumer
19903,CUST129469,jessica woodard,small business
19904,CUST129471,sean ferguson,consumer
19905,CUST129472,wesley carter,consumer
19906,CUST129473,tim gonzalez,small business
19907,CUST129474,nancy jackson,consumer
19908,CUST129475,autumn white,small business
19909,CUST129477,amanda lopez,consumer
19910,CUST129480,jocelyn gordon,corporate
19911,CUST129485,dr. anthony singleton,small business
19912,CUST129487,kimberly cordova,corporate
19913,CUST129488,anne mcdonald,consumer
19914,CUST129489,karen stevens,consumer
19915,CUST129492,susan mullins,consumer
19916,CUST129496,aaron frazier,consumer
19917,CUST129497,dr. robert blanchard dds,consumer
19918,CUST129498,nicole andrews,consumer
19919,CUST129500,jason morris,consumer
19920,CUST129501,anthony villarreal,corporate
19921,CUST129502,david ross,consumer
19922,CUST129504,jennifer simmons,consumer
19923,CUST129505,carol chase,corporate
19924,CUST129506,janice castaneda,consumer
19925,CUST129507,sandra wright,consumer
19926,CUST129508,stacey franco dds,small business
19927,CUST129509,corey lopez,consumer
19928,CUST129510,carl ferguson,consumer
19929,CUST129511,jo martinez,consumer
19930,CUST129512,jamie chavez,corporate
19931,CUST129517,kevin pineda,consumer
19932,CUST129518,scott lee,consumer
19933,CUST129519,gabrielle johnson,consumer
19934,CUST129520,michael mitchell,corporate
19935,CUST129521,denise wilson,consumer
19936,CUST129525,kevin shaw,consumer
19937,CUST129529,brett rodriguez,consumer
19938,CUST129530,christine anderson,consumer
19939,CUST129532,sharon peterson,consumer
19940,CUST129534,lindsay evans,consumer
19941,CUST129535,marcus oliver,consumer
19942,CUST129537,monica mills,consumer
19943,CUST129538,chelsea morgan,small business
19944,CUST129541,susan jackson,consumer
19945,CUST129542,connie brown,corporate
19946,CUST129543,deanna brown,corporate
19947,CUST129545,debbie griffith,corporate
19948,CUST129546,terri patrick,corporate
19949,CUST129547,ryan rush,corporate
19950,CUST129548,ashley lynch,consumer
19951,CUST129550,alex jones,consumer
19952,CUST129552,matthew massey,small business
19953,CUST129555,richard conley,consumer
19954,CUST129556,eric diaz,small business
19955,CUST129558,brittany brown,consumer
19956,CUST129559,brad hale,consumer
19957,CUST129560,nicole roman,consumer
19958,CUST129563,shelia herrera,small business
19959,CUST129564,james guzman,small business
19960,CUST129568,donald chavez,consumer
19961,CUST129569,ruth moreno,small business
19962,CUST129570,joan ford,consumer
19963,CUST129571,mark mccullough,consumer
19964,CUST129573,danielle pierce,consumer
19965,CUST129575,gregg hernandez,consumer
19966,CUST129576,james morris,consumer
19967,CUST129577,christina carpenter,small business
19968,CUST129578,cameron rodgers,consumer
19969,CUST129579,melvin stephenson,small business
19970,CUST129581,sandra nichols,corporate
19971,CUST129582,michael moore,corporate
19972,CUST129583,jennifer davis,consumer
19973,CUST129585,mr. michael perez,small business
19974,CUST129587,chelsea white,corporate
19975,CUST129590,benjamin white,corporate
19976,CUST129592,kelly mclaughlin,consumer
19977,CUST129593,erica mckenzie,small business
19978,CUST129594,hunter jones,consumer
19979,CUST129597,kimberly peterson,consumer
19980,CUST129598,susan brown,consumer
19981,CUST129599,brian king,consumer
19982,CUST129600,austin allen,consumer
19983,CUST129601,kendra cameron,corporate
19984,CUST129603,anna rose,consumer
19985,CUST129604,david hunt,corporate
19986,CUST129609,tracy black,corporate
19987,CUST129612,jacob roman,small business
19988,CUST129614,gregory tucker,consumer
19989,CUST129615,joseph potter,consumer
19990,CUST129616,thomas miles,consumer
19991,CUST129617,sara shepherd,consumer
19992,CUST129618,danielle perry,small business
19993,CUST129619,amanda wise,consumer
19994,CUST129620,peter evans,corporate
19995,CUST129621,dr. dylan castro md,consumer
19996,CUST129622,tracy watson,consumer
19997,CUST129623,jordan cox,corporate
19998,CUST129624,catherine keller,consumer
19999,CUST129625,evan patterson,consumer
20000,CUST129626,mark campos,consumer
20001,CUST129627,sarah ward,consumer
20002,CUST129629,natalie brown,consumer
20003,CUST129630,jacqueline simon,corporate
20004,CUST129631,patrick turner,corporate
20005,CUST129632,diane graves,corporate
20006,CUST129633,sean nguyen,small business
20007,CUST129634,elizabeth brown,consumer
20008,CUST129635,nicholas price,small business
20009,CUST129637,christopher cox,consumer
20010,CUST129638,roberto clark,consumer
20011,CUST129639,julie smith,consumer
20012,CUST129640,cory bush,small business
20013,CUST129641,chad gay,consumer
20014,CUST129642,meghan ward,consumer
20015,CUST129645,edward mendez,consumer
20016,CUST129647,crystal hughes,consumer
20017,CUST129648,toni hunter,corporate
20018,CUST129649,gary christensen,consumer
20019,CUST129650,edward williams,consumer
20020,CUST129653,michelle newman,consumer
20021,CUST129655,hector white,corporate
20022,CUST129659,nicholas barnes,corporate
20023,CUST129660,matthew adams,consumer
20024,CUST129661,stephen wilson,consumer
20025,CUST129663,sabrina marshall,small business
20026,CUST129664,caleb johnson,consumer
20027,CUST129666,christina carter,corporate
20028,CUST129668,benjamin pope,consumer
20029,CUST129669,barbara brown,consumer
20030,CUST129670,shari thompson,small business
20031,CUST129672,matthew sweeney,consumer
20032,CUST129675,laura gay,consumer
20033,CUST129676,carrie larson,corporate
20034,CUST129679,cynthia glover,consumer
20035,CUST129680,lydia allen,small business
20036,CUST129681,karen salinas,corporate
20037,CUST129683,frank escobar,consumer
20038,CUST129684,william lester,corporate
20039,CUST129686,timothy williams,consumer
20040,CUST129687,joel wolf,consumer
20041,CUST129688,gregory thomas,consumer
20042,CUST129689,gabrielle ellis,small business
20043,CUST129690,drew gardner,consumer
20044,CUST129691,robert miller,consumer
20045,CUST129692,ariel garcia,corporate
20046,CUST129694,larry owens,corporate
20047,CUST129696,joshua cordova,consumer
20048,CUST129697,derrick yates,consumer
20049,CUST129699,john kennedy,corporate
20050,CUST129701,dr. stephen hernandez,consumer
20051,CUST129702,jeffrey perry,consumer
20052,CUST129703,jeanette johnson,consumer
20053,CUST129705,laura booker,consumer
20054,CUST129706,tami campbell,corporate
20055,CUST129712,terri ward,small business
20056,CUST129714,allison fox,consumer
20057,CUST129715,laurie wilson,consumer
20058,CUST129716,cassandra sanders,corporate
20059,CUST129717,haley miller,consumer
20060,CUST129718,amanda cohen,corporate
20061,CUST129719,mark powers,consumer
20062,CUST129720,mark flores,consumer
20063,CUST129723,thomas davis,corporate
20064,CUST129725,alexis wood,corporate
20065,CUST129726,jose griffith,consumer
20066,CUST129727,samantha brown,consumer
20067,CUST129728,jackie price,consumer
20068,CUST129729,david thomas,corporate
20069,CUST129730,matthew gonzalez,consumer
20070,CUST129731,shelly stewart,small business
20071,CUST129732,johnny cox,corporate
20072,CUST129733,garrett thompson,consumer
20073,CUST129734,laura castillo,consumer
20074,CUST129735,eugene avila,small business
20075,CUST129736,margaret hunter,small business
20076,CUST129738,james sanchez,corporate
20077,CUST129740,jonathan ware,corporate
20078,CUST129741,kimberly alvarez md,consumer
20079,CUST129743,keith jackson,consumer
20080,CUST129744,alexander ellis,consumer
20081,CUST129745,kyle hobbs,consumer
20082,CUST129746,phillip hall,consumer
20083,CUST129748,dominique peters,small business
20084,CUST129749,jamie schwartz,consumer
20085,CUST129750,mr. david bowen,corporate
20086,CUST129751,robert bailey,corporate
20087,CUST129752,edward cardenas,consumer
20088,CUST129753,william brooks,corporate
20089,CUST129754,jacqueline odonnell,small business
20090,CUST129757,lisa bowman,corporate
20091,CUST129760,jennifer robinson,consumer
20092,CUST129762,shirley walker,consumer
20093,CUST129763,julie walker,consumer
20094,CUST129764,amber obrien,consumer
20095,CUST129765,linda rivera,corporate
20096,CUST129766,candace bennett,small business
20097,CUST129767,erik cunningham,consumer
20098,CUST129768,charles mccullough,small business
20099,CUST129769,matthew hernandez,consumer
20100,CUST129770,timothy weaver,consumer
20101,CUST129771,robert klein,consumer
20102,CUST129774,veronica garcia dds,corporate
20103,CUST129775,richard cooper,small business
20104,CUST129776,sydney adams,consumer
20105,CUST129777,sara barker,consumer
20106,CUST129782,sara james,consumer
20107,CUST129784,mr. jonathon smith,consumer
20108,CUST129785,kaitlyn jones,consumer
20109,CUST129787,jaime alexander,small business
20110,CUST129788,harry gross,consumer
20111,CUST129790,amber harvey,consumer
20112,CUST129791,jamie castro,corporate
20113,CUST129792,anthony williams,corporate
20114,CUST129793,danielle arnold,consumer
20115,CUST129794,bryan cook,corporate
20116,CUST129795,christian browning phd,consumer
20117,CUST129796,rachel flores,consumer
20118,CUST129797,joe mills,small business
20119,CUST129799,timothy carpenter,consumer
20120,CUST129801,andrew moody,corporate
20121,CUST129802,jon carter,consumer
20122,CUST129803,cathy harrison,consumer
20123,CUST129804,andre rivera,consumer
20124,CUST129806,amanda phillips,small business
20125,CUST129807,paul perez,corporate
20126,CUST129812,patrick burke,consumer
20127,CUST129813,jessica abbott,consumer
20128,CUST129814,mrs. sophia gray,consumer
20129,CUST129815,nicole russell,consumer
20130,CUST129817,cindy lucas,corporate
20131,CUST129818,pamela murphy dvm,consumer
20132,CUST129820,kyle avila,corporate
20133,CUST129821,lauren arroyo,small business
20134,CUST129822,michelle frey,consumer
20135,CUST129823,gregory castro,corporate
20136,CUST129824,ms. karen mata,consumer
20137,CUST129825,stephanie noble,small business
20138,CUST129828,brittany bennett,consumer
20139,CUST129829,kelly todd,consumer
20140,CUST129832,alexandra vasquez,consumer
20141,CUST129834,aaron garza,corporate
20142,CUST129836,brian newton,consumer
20143,CUST129837,karen bailey,small business
20144,CUST129838,leslie rios,consumer
20145,CUST129839,christian alexander,consumer
20146,CUST129840,amy garza,consumer
20147,CUST129841,amanda contreras,consumer
20148,CUST129842,michael hunter,small business
20149,CUST129844,joseph obrien,corporate
20150,CUST129845,karen wong,consumer
20151,CUST129846,james hendricks,consumer
20152,CUST129847,michael hall,corporate
20153,CUST129848,hannah rosario,corporate
20154,CUST129850,james morton,consumer
20155,CUST129852,fernando walker,corporate
20156,CUST129853,lee serrano,consumer
20157,CUST129854,brian williams,corporate
20158,CUST129857,miranda bryant,consumer
20159,CUST129858,benjamin gutierrez,consumer
20160,CUST129859,terri fox,consumer
20161,CUST129860,james valenzuela,consumer
20162,CUST129862,steven jackson,consumer
20163,CUST129864,richard cunningham,corporate
20164,CUST129865,nicholas gutierrez,consumer
20165,CUST129866,jacob sosa,consumer
20166,CUST129867,jessica parker,corporate
20167,CUST129868,katelyn wise,consumer
20168,CUST129869,tiffany stanley,consumer
20169,CUST129870,douglas young,consumer
20170,CUST129871,brett malone,consumer
20171,CUST129872,steve perez,consumer
20172,CUST129874,danielle walker,small business
20173,CUST129876,anthony butler,consumer
20174,CUST129877,miranda green,small business
20175,CUST129878,heather miller,small business
20176,CUST129881,leslie duncan,consumer
20177,CUST129882,felicia donaldson,small business
20178,CUST129883,dylan alvarez,corporate
20179,CUST129885,steven bell,consumer
20180,CUST129886,zachary walker,consumer
20181,CUST129887,mike ramirez,consumer
20182,CUST129888,joshua henderson,consumer
20183,CUST129890,kimberly bryant,consumer
20184,CUST129891,donald graham,small business
20185,CUST129894,gregory wood,consumer
20186,CUST129898,nathan rodriguez,corporate
20187,CUST129899,brandon richard,corporate
20188,CUST129901,jacqueline jones,consumer
20189,CUST129902,steven smith,corporate
20190,CUST129903,bradley williams,corporate
20191,CUST129904,taylor warren,consumer
20192,CUST129905,jessica estrada,corporate
20193,CUST129906,bryan humphrey,consumer
20194,CUST129907,karen sexton,small business
20195,CUST129908,jamie armstrong,corporate
20196,CUST129909,jason whitehead,corporate
20197,CUST129910,kimberly campbell,small business
20198,CUST129912,dr. jessica webb md,consumer
20199,CUST129913,mrs. joy perry,corporate
20200,CUST129914,lauren miller,consumer
20201,CUST129915,beth jones,consumer
20202,CUST129917,robert smith,consumer
20203,CUST129918,daniel weiss,consumer
20204,CUST129919,elizabeth white,corporate
20205,CUST129925,donna sanchez,small business
20206,CUST129929,joshua bowman,corporate
20207,CUST129931,justin davis,consumer
20208,CUST129932,mark aguilar,consumer
20209,CUST129934,andrew wilkins,corporate
20210,CUST129935,thomas maldonado,consumer
20211,CUST129936,theresa lawrence,consumer
20212,CUST129940,joan foster,consumer
20213,CUST129942,melissa smith,consumer
20214,CUST129943,ann pace,consumer
20215,CUST129945,tracy johnson,consumer
20216,CUST129946,catherine allen,consumer
20217,CUST129948,frances gomez,corporate
20218,CUST129949,michelle young,small business
20219,CUST129950,paul gutierrez,consumer
20220,CUST129951,david gonzalez,consumer
20221,CUST129953,christopher villegas,corporate
20222,CUST129954,deanna smith,consumer
20223,CUST129956,karen carson,consumer
20224,CUST129957,daniel butler,small business
20225,CUST129958,samantha henry,consumer
20226,CUST129959,mike jackson,consumer
20227,CUST129960,shelley gonzalez,consumer
20228,CUST129961,benjamin dunn,corporate
20229,CUST129963,nathan moore,consumer
20230,CUST129966,trevor douglas,small business
20231,CUST129968,tammy jenkins,consumer
20232,CUST129969,kayla johnson,corporate
20233,CUST129971,tammy kirk,consumer
20234,CUST129973,melissa liu,consumer
20235,CUST129975,diana montoya,corporate
20236,CUST129976,connie horne,consumer
20237,CUST129977,matthew reed,consumer
20238,CUST129979,john willis,consumer
20239,CUST129980,mr. zachary cooper md,consumer
20240,CUST129983,christopher mack,consumer
20241,CUST129985,robert harris,consumer
20242,CUST129988,connie choi,consumer
20243,CUST129989,christie mendoza,corporate
20244,CUST129991,garrett young,corporate
20245,CUST129994,jonathan davis,small business
20246,CUST129995,emily johnson,consumer
20247,CUST129999,paul smith,small business
20248,CUST130000,richard robinson,consumer
20249,CUST130001,debra welch,consumer
20250,CUST130002,james edwards,consumer
20251,CUST130003,marissa hodges,consumer
20252,CUST130004,veronica beltran,corporate
20253,CUST130005,john schmitt,consumer
20254,CUST130006,jessica murray,corporate
20255,CUST130007,patricia coleman,consumer
20256,CUST130010,christina benitez,consumer
20257,CUST130012,shawn brown,consumer
20258,CUST130014,stephanie salinas,consumer
20259,CUST130015,dawn bryan,consumer
20260,CUST130018,mr. jorge sanchez phd,small business
20261,CUST130019,kelly reyes,consumer
20262,CUST130020,richard maldonado,consumer
20263,CUST130021,jennifer smith,consumer
20264,CUST130023,donald phillips,corporate
20265,CUST130024,christopher sandoval,consumer
20266,CUST130028,anthony hayes,consumer
20267,CUST130029,joshua gonzales,corporate
20268,CUST130031,antonio malone,consumer
20269,CUST130032,erik jackson,small business
20270,CUST130033,stephanie bradford,consumer
20271,CUST130035,paul davis,consumer
20272,CUST130036,michele jackson,small business
20273,CUST130037,ryan rosales,consumer
20274,CUST130039,patricia stewart,consumer
20275,CUST130040,julie wheeler md,consumer
20276,CUST130043,nancy hamilton,consumer
20277,CUST130045,alyssa lopez,consumer
20278,CUST130047,gregory mitchell,consumer
20279,CUST130049,evelyn figueroa,consumer
20280,CUST130050,kimberly collins,consumer
20281,CUST130051,deborah thompson,consumer
20282,CUST130052,james hogan,corporate
20283,CUST130054,christopher sheppard,consumer
20284,CUST130056,melissa klein,consumer
20285,CUST130058,andrea hernandez,corporate
20286,CUST130060,jessica golden,consumer
20287,CUST130061,meghan parsons,corporate
20288,CUST130064,joshua nicholson,small business
20289,CUST130065,larry patterson,corporate
20290,CUST130066,mr. robert terrell,consumer
20291,CUST130067,peter shaw,corporate
20292,CUST130068,justin hayden,consumer
20293,CUST130070,christina welch,consumer
20294,CUST130071,todd hardy,corporate
20295,CUST130072,keith young,consumer
20296,CUST130074,alexander king,corporate
20297,CUST130075,eric byrd,consumer
20298,CUST130077,rebecca anderson,corporate
20299,CUST130078,melissa yoder,consumer
20300,CUST130079,tracie stevenson,corporate
20301,CUST130080,alyssa huerta,consumer
20302,CUST130083,david johnson,consumer
20303,CUST130085,leslie bennett,consumer
20304,CUST130086,ashley juarez,consumer
20305,CUST130087,mary olsen,consumer
20306,CUST130088,mrs. olivia williams,small business
20307,CUST130089,sarah phillips,consumer
20308,CUST130091,bradley cummings,consumer
20309,CUST130092,taylor benitez,consumer
20310,CUST130093,donald erickson,consumer
20311,CUST130094,emily wilson,consumer
20312,CUST130095,stephanie moore,consumer
20313,CUST130096,savannah rodriguez,corporate
20314,CUST130097,sally adams,consumer
20315,CUST130099,mr. brandon boyle,corporate
20316,CUST130100,kellie solomon,consumer
20317,CUST130101,kevin thomas,consumer
20318,CUST130102,sheila gutierrez,corporate
20319,CUST130103,roger white,consumer
20320,CUST130104,jane smith,small business
20321,CUST130105,angel morales,consumer
20322,CUST130106,george gilmore,consumer
20323,CUST130108,kenneth mcdonald,small business
20324,CUST130109,steven davis,consumer
20325,CUST130110,timothy morris,consumer
20326,CUST130111,nathan smith,consumer
20327,CUST130112,beth salas,consumer
20328,CUST130114,daniel thomas,consumer
20329,CUST130115,bethany hernandez,consumer
20330,CUST130118,jack phillips,consumer
20331,CUST130121,john martinez,small business
20332,CUST130122,aaron heath,consumer
20333,CUST130125,thomas gonzalez,consumer
20334,CUST130126,steven stewart,small business
20335,CUST130128,edwin johnson,consumer
20336,CUST130130,shelly jarvis,corporate
20337,CUST130134,lance wilkinson,consumer
20338,CUST130136,derek mcdaniel,consumer
20339,CUST130137,lynn jones,consumer
20340,CUST130138,brian skinner,corporate
20341,CUST130139,sara simpson,consumer
20342,CUST130141,frank fletcher,small business
20343,CUST130142,ernest carey,consumer
20344,CUST130143,jason durham,consumer
20345,CUST130144,lisa hansen,consumer
20346,CUST130145,robert adkins,small business
20347,CUST130147,jessica ruiz,consumer
20348,CUST130149,billy blackwell,small business
20349,CUST130150,brooke hayes,consumer
20350,CUST130151,sean castillo,consumer
20351,CUST130152,emily gonzalez,consumer
20352,CUST130153,rachel johnson dds,consumer
20353,CUST130154,david daugherty,consumer
20354,CUST130155,robert khan,consumer
20355,CUST130156,catherine garcia,small business
20356,CUST130157,robert turner,corporate
20357,CUST130160,lee bean,consumer
20358,CUST130162,zachary tran,consumer
20359,CUST130164,daniel wilson,consumer
20360,CUST130167,brandon clarke,consumer
20361,CUST130168,jesus baker,consumer
20362,CUST130170,sabrina lara,small business
20363,CUST130171,michael hill,consumer
20364,CUST130174,valerie olson,consumer
20365,CUST130175,beth whitehead,consumer
20366,CUST130176,dr. teresa wells,small business
20367,CUST130179,jeffrey williams,small business
20368,CUST130180,justin mckinney jr.,consumer
20369,CUST130182,emily fuller,consumer
20370,CUST130184,miranda alvarez,consumer
20371,CUST130185,laura williams,consumer
20372,CUST130187,mr. raymond soto,small business
20373,CUST130188,blake williams,corporate
20374,CUST130189,peter lucas,consumer
20375,CUST130190,david carter,corporate
20376,CUST130191,erin johnson,consumer
20377,CUST130194,mrs. kaitlin johnson,corporate
20378,CUST130195,daniel andrews,consumer
20379,CUST130197,dakota thompson,consumer
20380,CUST130198,shawna james,consumer
20381,CUST130199,christopher johnson,consumer
20382,CUST130200,michael obrien,consumer
20383,CUST130201,james wolfe,consumer
20384,CUST130203,cindy anderson,consumer
20385,CUST130204,amanda hopkins,corporate
20386,CUST130206,robert sanchez,consumer
20387,CUST130208,christine weiss,consumer
20388,CUST130210,jessica kim,corporate
20389,CUST130211,cassandra padilla,corporate
20390,CUST130212,erik ross,small business
20391,CUST130213,michael williams,corporate
20392,CUST130215,mr. jesse neal,consumer
20393,CUST130216,carolyn walter,consumer
20394,CUST130217,jeffrey anderson,consumer
20395,CUST130220,travis alvarez,small business
20396,CUST130223,daniel meyer,consumer
20397,CUST130224,jacob johnson,consumer
20398,CUST130225,edwin carlson,corporate
20399,CUST130226,juan hicks,corporate
20400,CUST130229,latoya lester,consumer
20401,CUST130230,philip smith,consumer
20402,CUST130231,alexander miller,corporate
20403,CUST130232,nathan reid,small business
20404,CUST130234,madeline dawson,small business
20405,CUST130235,sherry hanna,consumer
20406,CUST130236,dr. jill baxter,consumer
20407,CUST130237,eileen garrison,corporate
20408,CUST130240,randy hamilton,small business
20409,CUST130241,andrew rodriguez dvm,small business
20410,CUST130242,kerri wright,small business
20411,CUST130243,paul acosta,consumer
20412,CUST130245,david fernandez,small business
20413,CUST130246,sheryl jones,corporate
20414,CUST130247,kimberly johnson,corporate
20415,CUST130248,henry barron,consumer
20416,CUST130249,leslie bean,small business
20417,CUST130250,shannon hooper,corporate
20418,CUST130251,linda herrera,consumer
20419,CUST130252,william phillips,consumer
20420,CUST130254,tami smith,small business
20421,CUST130255,ricky alvarez,small business
20422,CUST130256,dawn maxwell,consumer
20423,CUST130257,taylor johnson,consumer
20424,CUST130258,tammy moreno,consumer
20425,CUST130259,elizabeth hall,consumer
20426,CUST130262,dr. cindy strong,small business
20427,CUST130263,jacob moss,consumer
20428,CUST130264,haley rogers,consumer
20429,CUST130269,joshua fields,consumer
20430,CUST130271,zachary lee,consumer
20431,CUST130273,chris ramsey,corporate
20432,CUST130274,andrea green,corporate
20433,CUST130276,roger stevenson,corporate
20434,CUST130278,christina butler,consumer
20435,CUST130279,jessica ellison,consumer
20436,CUST130282,connie wright,consumer
20437,CUST130283,dakota steele,consumer
20438,CUST130284,robert george,consumer
20439,CUST130287,matthew walters,consumer
20440,CUST130288,bryan alexander,small business
20441,CUST130289,amber robles,consumer
20442,CUST130293,jackie johnson,consumer
20443,CUST130295,matthew wilson,consumer
20444,CUST130296,amy davis,consumer
20445,CUST130297,tiffany white,consumer
20446,CUST130298,cynthia thomas,consumer
20447,CUST130299,jonathan matthews,small business
20448,CUST130302,ana martin,consumer
20449,CUST130304,heather davis,small business
20450,CUST130305,mary lee,small business
20451,CUST130307,david rivera,corporate
20452,CUST130309,jennifer bryant,consumer
20453,CUST130310,kathy cook,corporate
20454,CUST130311,victor jackson,consumer
20455,CUST130312,christina cohen,consumer
20456,CUST130313,jessica kennedy,consumer
20457,CUST130314,jose stephens,consumer
20458,CUST130316,angela martinez,consumer
20459,CUST130317,annette evans,small business
20460,CUST130318,christopher reese,consumer
20461,CUST130319,jessica mendez,corporate
20462,CUST130320,bryan phillips,small business
20463,CUST130321,thomas rice,corporate
20464,CUST130322,kelsey hawkins,consumer
20465,CUST130323,kristi coleman,consumer
20466,CUST130324,nicholas sanchez md,small business
20467,CUST130326,dave glenn,corporate
20468,CUST130328,nicole johnson,consumer
20469,CUST130330,mary benjamin,consumer
20470,CUST130331,thomas kirby,corporate
20471,CUST130332,kevin caldwell,consumer
20472,CUST130334,tim hogan,corporate
20473,CUST130335,joshua scott,corporate
20474,CUST130336,jacqueline scott,corporate
20475,CUST130337,brenda roberson,corporate
20476,CUST130338,megan kelley,consumer
20477,CUST130340,brent campbell,small business
20478,CUST130341,george werner,consumer
20479,CUST130342,jessica anderson,consumer
20480,CUST130344,allison johnson,small business
20481,CUST130346,autumn martin,corporate
20482,CUST130349,christopher mcdonald md,consumer
20483,CUST130352,troy west,consumer
20484,CUST130353,victoria reynolds,consumer
20485,CUST130354,matthew padilla,consumer
20486,CUST130355,mrs. julie kim md,consumer
20487,CUST130356,brittany lewis,corporate
20488,CUST130357,kyle brock,consumer
20489,CUST130359,samuel cooper,consumer
20490,CUST130360,patrick greer dvm,consumer
20491,CUST130361,anthony chaney,small business
20492,CUST130362,samantha harris,consumer
20493,CUST130364,rachel chen,corporate
20494,CUST130366,mr. christopher foster,consumer
20495,CUST130367,brittany hooper,consumer
20496,CUST130368,keith mcgee,consumer
20497,CUST130369,amy wade,consumer
20498,CUST130371,emily edwards,small business
20499,CUST130372,james olson,consumer
20500,CUST130373,rachael nguyen,consumer
20501,CUST130374,patricia estrada,consumer
20502,CUST130375,barbara fields,consumer
20503,CUST130376,christina moore,corporate
20504,CUST130378,john johnson,consumer
20505,CUST130379,maria cohen,consumer
20506,CUST130381,timothy li,small business
20507,CUST130385,william carter,consumer
20508,CUST130386,brandi johnson,consumer
20509,CUST130387,monica shields,small business
20510,CUST130388,alex kaiser,consumer
20511,CUST130390,zachary freeman,small business
20512,CUST130393,theresa donovan,consumer
20513,CUST130394,william bush,small business
20514,CUST130395,maria knight,consumer
20515,CUST130396,richard baker,corporate
20516,CUST130397,kristen golden,small business
20517,CUST130399,holly perez,consumer
20518,CUST130403,david armstrong,consumer
20519,CUST130404,sherry stephens,consumer
20520,CUST130406,susan taylor,consumer
20521,CUST130407,michelle meyer,small business
20522,CUST130409,david zamora,small business
20523,CUST130410,david andrews,consumer
20524,CUST130411,kristin thomas,corporate
20525,CUST130413,randy henderson,corporate
20526,CUST130414,joseph thompson,consumer
20527,CUST130415,tracy griffin,consumer
20528,CUST130416,tammy williams,consumer
20529,CUST130417,caitlin rogers,small business
20530,CUST130418,elizabeth stone,consumer
20531,CUST130420,jenna blankenship dds,corporate
20532,CUST130421,jenna myers,consumer
20533,CUST130422,karen brown,small business
20534,CUST130423,cindy gordon,consumer
20535,CUST130424,kristin horton,consumer
20536,CUST130425,david davis,consumer
20537,CUST130426,kathy meyer md,consumer
20538,CUST130427,raymond anderson,consumer
20539,CUST130428,shelby christensen,corporate
20540,CUST130429,gregory simpson,consumer
20541,CUST130430,guy brown,consumer
20542,CUST130431,erik turner,corporate
20543,CUST130432,david barry,consumer
20544,CUST130433,annette morris,consumer
20545,CUST130434,nicole wright,corporate
20546,CUST130436,mr. wesley barnes,consumer
20547,CUST130437,zachary brown,small business
20548,CUST130439,abigail flores,corporate
20549,CUST130440,michelle lin,consumer
20550,CUST130441,natalie steele,consumer
20551,CUST130443,alexandra baldwin,corporate
20552,CUST130444,isaac cook,small business
20553,CUST130445,angela harper,consumer
20554,CUST130447,terry williams,small business
20555,CUST130449,shelly stevenson,consumer
20556,CUST130451,sherry hernandez,consumer
20557,CUST130452,mariah logan,corporate
20558,CUST130453,stephanie allen,consumer
20559,CUST130454,tara peterson,consumer
20560,CUST130455,nicole howard,corporate
20561,CUST130456,travis mcknight,consumer
20562,CUST130458,wanda valenzuela,consumer
20563,CUST130459,sarah daniels,small business
20564,CUST130460,timothy morales,consumer
20565,CUST130461,patricia chambers,consumer
20566,CUST130463,amy cunningham,small business
20567,CUST130464,jamie keller,corporate
20568,CUST130465,joy jordan,consumer
20569,CUST130467,cynthia wilkerson,small business
20570,CUST130468,brett dudley,small business
20571,CUST130469,michael graham,small business
20572,CUST130470,paul davis,small business
20573,CUST130472,juan lucero,consumer
20574,CUST130473,mark duncan,small business
20575,CUST130475,april erickson,consumer
20576,CUST130476,mark ross,corporate
20577,CUST130478,caitlyn hendrix,consumer
20578,CUST130481,david goodwin,corporate
20579,CUST130483,rachel davidson,corporate
20580,CUST130484,jessica martinez,corporate
20581,CUST130488,emma james,consumer
20582,CUST130490,sharon hooper,corporate
20583,CUST130491,donna glover,corporate
20584,CUST130492,jasmine walters,corporate
20585,CUST130493,leslie french,consumer
20586,CUST130494,hannah graham,small business
20587,CUST130495,bryan harris,corporate
20588,CUST130497,lisa burnett,small business
20589,CUST130498,jonathon hernandez,consumer
20590,CUST130499,frederick horn,corporate
20591,CUST130500,laura gibson,corporate
20592,CUST130502,kelly pace,consumer
20593,CUST130503,julie simpson,consumer
20594,CUST130504,dylan hunt md,corporate
20595,CUST130506,shannon little,corporate
20596,CUST130508,hayley evans,consumer
20597,CUST130509,jason vasquez,corporate
20598,CUST130510,amanda martinez,consumer
20599,CUST130512,thomas luna,corporate
20600,CUST130513,luis smith,consumer
20601,CUST130515,patricia knight,small business
20602,CUST130516,paul collins,consumer
20603,CUST130518,christopher price,consumer
20604,CUST130519,diana williams,corporate
20605,CUST130520,victoria marquez,small business
20606,CUST130521,john thomas,consumer
20607,CUST130523,elizabeth rangel,consumer
20608,CUST130524,danielle nguyen,corporate
20609,CUST130525,susan ballard,consumer
20610,CUST130526,cindy craig,corporate
20611,CUST130527,leroy mann,corporate
20612,CUST130528,theodore morgan,small business
20613,CUST130529,david oconnor,small business
20614,CUST130530,miss christine hernandez,consumer
20615,CUST130531,margaret nelson,consumer
20616,CUST130532,laura harvey,consumer
20617,CUST130533,tracy davis,corporate
20618,CUST130534,molly bauer,small business
20619,CUST130535,deborah boyd,consumer
20620,CUST130536,micheal evans,consumer
20621,CUST130537,andrea osborne,consumer
20622,CUST130539,jennifer pratt,consumer
20623,CUST130542,jennifer romero,consumer
20624,CUST130543,emily bryant,small business
20625,CUST130544,michael harris,consumer
20626,CUST130545,randy ford,corporate
20627,CUST130546,amanda taylor,consumer
20628,CUST130547,kevin fowler,corporate
20629,CUST130548,anna peterson,consumer
20630,CUST130549,mrs. pamela zuniga dds,consumer
20631,CUST130550,cassandra stone,small business
20632,CUST130551,joe gutierrez,consumer
20633,CUST130552,pamela mathews,consumer
20634,CUST130553,emily white,consumer
20635,CUST130555,patrick bell,small business
20636,CUST130557,daniel obrien,small business
20637,CUST130558,laurie watts,small business
20638,CUST130559,regina glover,consumer
20639,CUST130560,allen robinson,consumer
20640,CUST130561,ashley hudson,small business
20641,CUST130563,jeffrey jones,consumer
20642,CUST130565,karen meyer,corporate
20643,CUST130566,brandon mccarthy,corporate
20644,CUST130567,madison lane,consumer
20645,CUST130568,tina heath,consumer
20646,CUST130569,elizabeth moore,corporate
20647,CUST130570,ryan thompson,consumer
20648,CUST130571,elizabeth hill,consumer
20649,CUST130572,jane rosales,consumer
20650,CUST130573,phillip harmon,consumer
20651,CUST130574,sierra holmes,consumer
20652,CUST130575,angela ponce,consumer
20653,CUST130577,john mitchell,corporate
20654,CUST130579,gabriela nelson,corporate
20655,CUST130581,cynthia white,corporate
20656,CUST130583,jason simon,consumer
20657,CUST130584,jennifer campos,consumer
20658,CUST130585,jennifer miller,consumer
20659,CUST130586,anita hughes,corporate
20660,CUST130589,james townsend,consumer
20661,CUST130590,clifford gonzalez,small business
20662,CUST130592,belinda kelley,consumer
20663,CUST130593,caitlin johnson,corporate
20664,CUST130594,michael henderson,corporate
20665,CUST130595,adam brown,corporate
20666,CUST130597,richard hernandez,consumer
20667,CUST130599,kimberly white,consumer
20668,CUST130600,melissa hernandez,corporate
20669,CUST130604,anthony smith,consumer
20670,CUST130605,ronnie jimenez,small business
20671,CUST130607,nathan marshall,consumer
20672,CUST130608,mrs. rebecca fitzgerald,consumer
20673,CUST130609,ronald daniels,consumer
20674,CUST130610,nicholas rivera,consumer
20675,CUST130611,richard campbell,consumer
20676,CUST130612,samantha williams,small business
20677,CUST130614,beth trevino,consumer
20678,CUST130617,amanda bean,corporate
20679,CUST130618,david wright,consumer
20680,CUST130619,valerie morgan,consumer
20681,CUST130621,anthony horton,consumer
20682,CUST130622,johnathan bennett,corporate
20683,CUST130623,dr. robert gilbert,small business
20684,CUST130624,brian whitaker,small business
20685,CUST130625,natalie davidson,small business
20686,CUST130628,sydney smith,small business
20687,CUST130629,jay rivas,consumer
20688,CUST130630,tara hawkins,consumer
20689,CUST130631,benjamin robinson,small business
20690,CUST130634,kenneth king,consumer
20691,CUST130636,marcus chavez,consumer
20692,CUST130638,daniel garrett,small business
20693,CUST130641,sara chen,corporate
20694,CUST130642,david cunningham,consumer
20695,CUST130643,david morgan,corporate
20696,CUST130644,brittney hebert,consumer
20697,CUST130648,taylor simpson,consumer
20698,CUST130649,aaron larsen,corporate
20699,CUST130650,david marshall,consumer
20700,CUST130652,veronica frye,small business
20701,CUST130653,jonathan mathis,consumer
20702,CUST130654,tamara hale,small business
20703,CUST130659,jennifer zimmerman,consumer
20704,CUST130660,kayla graham,small business
20705,CUST130661,michael moreno,small business
20706,CUST130662,jesse wood,consumer
20707,CUST130663,dr. jessica savage,corporate
20708,CUST130664,jeremy williams,corporate
20709,CUST130665,marissa solis,corporate
20710,CUST130669,jennifer king,consumer
20711,CUST130670,anthony tapia,consumer
20712,CUST130671,william daniel,consumer
20713,CUST130673,elizabeth boyd,corporate
20714,CUST130674,crystal anderson,consumer
20715,CUST130675,amanda butler,consumer
20716,CUST130677,sherry anderson,corporate
20717,CUST130681,jennifer roth,corporate
20718,CUST130682,joseph lin,corporate
20719,CUST130683,kathryn frank,consumer
20720,CUST130686,adrian hayes,consumer
20721,CUST130687,luke kelly,consumer
20722,CUST130689,leslie perez,small business
20723,CUST130690,justin smith,consumer
20724,CUST130691,charles dennis,corporate
20725,CUST130692,kim thomas,small business
20726,CUST130693,amber clay,consumer
20727,CUST130694,derek bowen,consumer
20728,CUST130695,patricia miller,corporate
20729,CUST130697,wendy mooney,consumer
20730,CUST130698,mr. steven sutton md,corporate
20731,CUST130699,janice powers,consumer
20732,CUST130704,erik webster,consumer
20733,CUST130705,rebecca pruitt,small business
20734,CUST130706,patricia jackson,small business
20735,CUST130709,madison mccann,consumer
20736,CUST130714,donald martin,consumer
20737,CUST130715,timothy stone,corporate
20738,CUST130718,mr. donald rogers,corporate
20739,CUST130719,joshua evans,corporate
20740,CUST130726,rodney jones,corporate
20741,CUST130728,samuel chaney,consumer
20742,CUST130729,cassandra morgan,consumer
20743,CUST130732,theodore smith,corporate
20744,CUST130733,william gray,small business
20745,CUST130734,mr. keith walker,corporate
20746,CUST130735,joseph buck,corporate
20747,CUST130736,teresa tyler,consumer
20748,CUST130738,ryan suarez,small business
20749,CUST130740,jordan herrera,consumer
20750,CUST130742,gina cantu,consumer
20751,CUST130743,stephanie lane,consumer
20752,CUST130745,terry bates,consumer
20753,CUST130747,tiffany owens,corporate
20754,CUST130748,brian potter,consumer
20755,CUST130749,kevin martinez,consumer
20756,CUST130750,sean burns,consumer
20757,CUST130751,brian smith jr.,consumer
20758,CUST130752,jessica lawrence,consumer
20759,CUST130753,john rice,consumer
20760,CUST130754,jerry fernandez,corporate
20761,CUST130755,clinton sellers,consumer
20762,CUST130757,chelsea rice,corporate
20763,CUST130758,craig shea,small business
20764,CUST130759,connor mccullough,consumer
20765,CUST130761,david smith,corporate
20766,CUST130763,lauren hill,consumer
20767,CUST130765,lauren pittman,corporate
20768,CUST130767,roy wilson,small business
20769,CUST130768,tabitha kennedy dds,consumer
20770,CUST130769,howard shaw,consumer
20771,CUST130770,elizabeth torres,corporate
20772,CUST130772,brittany guzman,corporate
20773,CUST130773,timothy hawkins,small business
20774,CUST130774,michael jones,consumer
20775,CUST130775,derek foley,consumer
20776,CUST130776,megan king,consumer
20777,CUST130777,douglas james,consumer
20778,CUST130778,april trujillo,consumer
20779,CUST130779,kimberly owen dvm,consumer
20780,CUST130781,xavier schneider,consumer
20781,CUST130783,jonathan scott,consumer
20782,CUST130785,janice thomas,consumer
20783,CUST130786,leah bailey,consumer
20784,CUST130787,amber martin,consumer
20785,CUST130789,alexandra edwards,corporate
20786,CUST130791,anna taylor,corporate
20787,CUST130792,lisa robinson,small business
20788,CUST130793,brittany steele,consumer
20789,CUST130794,brian figueroa,small business
20790,CUST130796,gregory michael,consumer
20791,CUST130797,stephen west,corporate
20792,CUST130798,andrew watkins,corporate
20793,CUST130800,jimmy wilson,consumer
20794,CUST130801,julie smith,consumer
20795,CUST130802,jessica bell,corporate
20796,CUST130806,toni cook,consumer
20797,CUST130807,jonathan huffman,consumer
20798,CUST130809,david vega,consumer
20799,CUST130810,stephanie abbott,consumer
20800,CUST130812,corey mayer,consumer
20801,CUST130816,gavin zavala,small business
20802,CUST130817,karen solomon,consumer
20803,CUST130820,tracy moore,consumer
20804,CUST130821,patricia davis,consumer
20805,CUST130822,timothy schaefer,corporate
20806,CUST130825,katrina king,corporate
20807,CUST130826,walter davidson,consumer
20808,CUST130827,jessica roberts,consumer
20809,CUST130830,dawn tran,consumer
20810,CUST130832,edward huff,consumer
20811,CUST130834,patrick obrien,small business
20812,CUST130835,amy butler,consumer
20813,CUST130836,jason marsh,consumer
20814,CUST130837,richard robbins,consumer
20815,CUST130838,jennifer campbell,consumer
20816,CUST130839,cynthia griffin,consumer
20817,CUST130840,james young,consumer
20818,CUST130842,laura lopez,consumer
20819,CUST130843,richard george,consumer
20820,CUST130846,dwayne ortiz,consumer
20821,CUST130847,robert simpson,consumer
20822,CUST130848,jacob edwards,consumer
20823,CUST130849,marilyn marks,corporate
20824,CUST130850,david wood,consumer
20825,CUST130851,heather jackson,small business
20826,CUST130852,kenneth cain,corporate
20827,CUST130853,kelly mullins,corporate
20828,CUST130854,laura ford,consumer
20829,CUST130855,brittany garcia,consumer
20830,CUST130857,john lamb,consumer
20831,CUST130858,larry williams,consumer
20832,CUST130860,katherine burns,consumer
20833,CUST130864,eric huff,consumer
20834,CUST130868,michael mcneil,consumer
20835,CUST130869,sherri martinez,corporate
20836,CUST130871,melissa johnson,consumer
20837,CUST130872,karen scott,corporate
20838,CUST130874,theresa west,consumer
20839,CUST130875,emily sanchez,consumer
20840,CUST130876,phillip evans,corporate
20841,CUST130877,jacqueline ramos,small business
20842,CUST130879,wendy jones,consumer
20843,CUST130880,wanda barrett,consumer
20844,CUST130883,kyle francis,small business
20845,CUST130885,kimberly taylor,small business
20846,CUST130886,calvin russell,consumer
20847,CUST130889,jon porter,small business
20848,CUST130892,james parks,consumer
20849,CUST130893,christopher leonard,consumer
20850,CUST130895,matthew davis,corporate
20851,CUST130897,jermaine sharp,consumer
20852,CUST130898,julie lewis,small business
20853,CUST130900,robert delgado,small business
20854,CUST130902,xavier rios,consumer
20855,CUST130903,jason rodriguez,consumer
20856,CUST130904,victoria campos,consumer
20857,CUST130905,catherine daniels,consumer
20858,CUST130906,joan williams,consumer
20859,CUST130908,todd perez,consumer
20860,CUST130909,jasmine barnett,consumer
20861,CUST130910,michael wilson,corporate
20862,CUST130912,tammy morrison,consumer
20863,CUST130913,cynthia perez,consumer
20864,CUST130915,michael arnold,consumer
20865,CUST130916,belinda trujillo,consumer
20866,CUST130918,whitney simmons,consumer
20867,CUST130919,ashley espinoza,corporate
20868,CUST130920,renee martin,small business
20869,CUST130921,elizabeth wise,corporate
20870,CUST130922,debra sanders,corporate
20871,CUST130923,denise scott,consumer
20872,CUST130924,kathleen jackson,consumer
20873,CUST130926,michael jones,corporate
20874,CUST130927,eric howell,corporate
20875,CUST130928,jesse miller,consumer
20876,CUST130929,erin jones,consumer
20877,CUST130930,joel roberts,consumer
20878,CUST130932,terry macdonald,consumer
20879,CUST130933,jeffrey perez,consumer
20880,CUST130934,donna reynolds,consumer
20881,CUST130936,austin pierce,consumer
20882,CUST130937,ariana vasquez,small business
20883,CUST130939,lawrence cole,consumer
20884,CUST130942,james barton,consumer
20885,CUST130943,william ayala,consumer
20886,CUST130944,mr. bruce fuentes,small business
20887,CUST130946,lee adams,consumer
20888,CUST130947,joshua perkins,consumer
20889,CUST130948,karen soto,small business
20890,CUST130949,meghan simmons,consumer
20891,CUST130950,alex richard,consumer
20892,CUST130952,cynthia dudley,consumer
20893,CUST130954,jason hill,corporate
20894,CUST130955,katherine nguyen,consumer
20895,CUST130957,david gay,consumer
20896,CUST130963,glenn glenn,consumer
20897,CUST130964,shelby barrett,corporate
20898,CUST130965,christopher keller,consumer
20899,CUST130966,james richards,corporate
20900,CUST130967,trevor smith,consumer
20901,CUST130968,brandi edwards,consumer
20902,CUST130969,derrick brady,consumer
20903,CUST130970,donald walter,consumer
20904,CUST130971,nathan wright,consumer
20905,CUST130972,jimmy heath,small business
20906,CUST130973,william richardson,small business
20907,CUST130976,elizabeth pena,corporate
20908,CUST130979,michael williams,consumer
20909,CUST130980,devon mcdowell,consumer
20910,CUST130981,lydia stout,consumer
20911,CUST130982,troy young,consumer
20912,CUST130983,austin duarte,consumer
20913,CUST130985,karen tucker,small business
20914,CUST130987,robert lopez,consumer
20915,CUST130988,kimberly ramirez,small business
20916,CUST130991,rodney chen,small business
20917,CUST130993,rebecca green,consumer
20918,CUST130994,shawn simon,corporate
20919,CUST130995,jack boyer,small business
20920,CUST130996,kelly herman,consumer
20921,CUST130997,jeremy mullen,consumer
20922,CUST131000,julie jones,corporate
20923,CUST131001,david jennings,consumer
20924,CUST131002,anna ross,consumer
20925,CUST131003,jonathon ayala,corporate
20926,CUST131004,emily salinas,consumer
20927,CUST131005,david houston,consumer
20928,CUST131006,anthony bell,consumer
20929,CUST131008,kyle armstrong,small business
20930,CUST131010,zachary hickman,consumer
20931,CUST131011,jeffrey mccarty,consumer
20932,CUST131012,monica cole,corporate
20933,CUST131013,shelly hicks,consumer
20934,CUST131014,linda gonzalez,consumer
20935,CUST131015,samuel stafford,small business
20936,CUST131016,brooke foster dds,consumer
20937,CUST131017,samuel vazquez,small business
20938,CUST131019,william marquez,consumer
20939,CUST131020,stuart davis,consumer
20940,CUST131021,mrs. janet howell,small business
20941,CUST131023,steven tran,corporate
20942,CUST131024,karen wang,small business
20943,CUST131027,cory gordon,consumer
20944,CUST131028,craig pugh,corporate
20945,CUST131029,james thompson,corporate
20946,CUST131030,ashley weber,consumer
20947,CUST131032,anne miller,consumer
20948,CUST131034,mary cooper,consumer
20949,CUST131035,jill moore,consumer
20950,CUST131036,carla mason,consumer
20951,CUST131037,joshua stark,consumer
20952,CUST131039,mindy rios,consumer
20953,CUST131040,lucas ramirez,consumer
20954,CUST131042,sean oneill,consumer
20955,CUST131043,mr. edwin drake,consumer
20956,CUST131045,richard johnson,consumer
20957,CUST131046,jeffrey smith,consumer
20958,CUST131047,michael martinez,small business
20959,CUST131048,jeremy smith,consumer
20960,CUST131049,emily carpenter,consumer
20961,CUST131050,kristin lopez,corporate
20962,CUST131051,karen stanley,consumer
20963,CUST131052,scott meyer,consumer
20964,CUST131055,james bryant,consumer
20965,CUST131057,philip jacobs,consumer
20966,CUST131059,erica snyder,consumer
20967,CUST131062,corey williams,consumer
20968,CUST131063,mark hunt,consumer
20969,CUST131064,john alexander,small business
20970,CUST131065,tina hernandez,corporate
20971,CUST131067,kevin brown,consumer
20972,CUST131069,mrs. suzanne jones,consumer
20973,CUST131071,emily tran,consumer
20974,CUST131072,misty washington,consumer
20975,CUST131073,charles brown,corporate
20976,CUST131074,david greene,consumer
20977,CUST131075,ryan davis,consumer
20978,CUST131076,rachel garner,consumer
20979,CUST131077,marcia golden,consumer
20980,CUST131079,jason thompson,small business
20981,CUST131080,kim flores,consumer
20982,CUST131081,dr. jamie obrien,corporate
20983,CUST131082,jennifer cook,corporate
20984,CUST131085,raymond conner,consumer
20985,CUST131086,anthony sampson,small business
20986,CUST131087,roger day,consumer
20987,CUST131089,paul lee,consumer
20988,CUST131090,richard vaughn,consumer
20989,CUST131091,gregory ferguson,consumer
20990,CUST131092,curtis vasquez,small business
20991,CUST131094,edward douglas,consumer
20992,CUST131095,luis fisher,corporate
20993,CUST131097,andrea howard dds,small business
20994,CUST131099,sarah salazar,consumer
20995,CUST131101,madison waters,consumer
20996,CUST131103,tracy thompson,consumer
20997,CUST131104,eddie snow,corporate
20998,CUST131106,stephanie pope,consumer
20999,CUST131107,darlene hopkins,small business
21000,CUST131108,sandra santiago,consumer
21001,CUST131113,jill shaw,small business
21002,CUST131114,katie york,consumer
21003,CUST131115,bryce daniels,consumer
21004,CUST131116,kristin medina,consumer
21005,CUST131118,ashley gardner,consumer
21006,CUST131122,scott abbott,consumer
21007,CUST131123,chelsea holmes,corporate
21008,CUST131124,ricky anthony,corporate
21009,CUST131125,joseph meyers,corporate
21010,CUST131127,jacob roy,corporate
21011,CUST131128,andrea scott,consumer
21012,CUST131131,anthony hicks,consumer
21013,CUST131132,brandon carter,consumer
21014,CUST131133,amanda mitchell,corporate
21015,CUST131135,elizabeth thomas,small business
21016,CUST131136,lori johnson,consumer
21017,CUST131137,heather tate,corporate
21018,CUST131139,pamela lewis,consumer
21019,CUST131140,ruben taylor dds,corporate
21020,CUST131141,ashlee butler,small business
21021,CUST131143,christine cain,consumer
21022,CUST131144,lisa stewart,small business
21023,CUST131145,jennifer bradley,consumer
21024,CUST131146,kimberly flores,consumer
21025,CUST131147,jennifer jones,consumer
21026,CUST131148,adrian jones,consumer
21027,CUST131149,diane coleman,consumer
21028,CUST131150,jason johnson,consumer
21029,CUST131152,gregory leach,consumer
21030,CUST131156,savannah beard,consumer
21031,CUST131157,katrina olsen,consumer
21032,CUST131158,dustin johnston,consumer
21033,CUST131160,nicholas thomas,consumer
21034,CUST131161,jason salazar,corporate
21035,CUST131162,steven gillespie,consumer
21036,CUST131163,taylor gardner,small business
21037,CUST131164,jessica cross,corporate
21038,CUST131165,justin anderson,small business
21039,CUST131169,monica flores,small business
21040,CUST131170,allison brown,consumer
21041,CUST131171,brandi mack,corporate
21042,CUST131172,sabrina martinez md,corporate
21043,CUST131173,christy jones,consumer
21044,CUST131177,anthony king,small business
21045,CUST131178,kirsten bowen,consumer
21046,CUST131179,daisy allen,consumer
21047,CUST131180,michael barber,corporate
21048,CUST131181,pamela hernandez,consumer
21049,CUST131184,veronica lewis,corporate
21050,CUST131185,debra hall,consumer
21051,CUST131186,antonio martin,corporate
21052,CUST131187,charles foster,consumer
21053,CUST131188,mark andrews,consumer
21054,CUST131190,justin snow,small business
21055,CUST131192,amanda schroeder,small business
21056,CUST131193,jennifer morris,consumer
21057,CUST131197,steve lee,consumer
21058,CUST131198,julie marshall,consumer
21059,CUST131199,mary perry,consumer
21060,CUST131200,gina peters,consumer
21061,CUST131202,cassie watson,corporate
21062,CUST131203,john murphy,consumer
21063,CUST131205,bobby morgan,corporate
21064,CUST131206,peter thompson,corporate
21065,CUST131207,connor carey,corporate
21066,CUST131209,edwin burton,consumer
21067,CUST131210,dr. stephanie moore,corporate
21068,CUST131213,stephanie lewis,corporate
21069,CUST131214,jeremy brown,small business
21070,CUST131215,meredith harris,corporate
21071,CUST131216,rebecca harris,consumer
21072,CUST131217,michael carpenter,consumer
21073,CUST131218,terry morris,small business
21074,CUST131220,david richard,small business
21075,CUST131221,ryan hughes,corporate
21076,CUST131223,michael dominguez,small business
21077,CUST131227,stuart wall,consumer
21078,CUST131228,stephen bell,consumer
21079,CUST131229,chase ballard,small business
21080,CUST131230,bryan adams,corporate
21081,CUST131232,ronald castro,corporate
21082,CUST131233,lauren martinez,consumer
21083,CUST131236,stephanie davis,corporate
21084,CUST131238,tyler wong,small business
21085,CUST131239,anna mendez,small business
21086,CUST131241,crystal scott,corporate
21087,CUST131242,diane murphy,consumer
21088,CUST131243,jacqueline martinez,consumer
21089,CUST131244,tina murphy,consumer
21090,CUST131245,hailey lopez,corporate
21091,CUST131247,kristen hodges,corporate
21092,CUST131248,traci cuevas,consumer
21093,CUST131252,kimberly mcintyre,consumer
21094,CUST131253,nicole santiago,small business
21095,CUST131254,brandon rios,corporate
21096,CUST131255,jeremy ramos,consumer
21097,CUST131257,amy perry,corporate
21098,CUST131259,spencer walsh,consumer
21099,CUST131261,jason clark,small business
21100,CUST131262,lee white,consumer
21101,CUST131263,adam jenkins,consumer
21102,CUST131264,lawrence black,corporate
21103,CUST131266,tina fox,consumer
21104,CUST131267,jeanne house,consumer
21105,CUST131268,kristen owens,corporate
21106,CUST131269,joshua anderson,consumer
21107,CUST131270,emily simmons,consumer
21108,CUST131271,joe logan,small business
21109,CUST131272,heather martin,consumer
21110,CUST131273,gabriel valenzuela,consumer
21111,CUST131274,deborah brown,corporate
21112,CUST131275,jonathan stokes dvm,consumer
21113,CUST131276,amanda walter,corporate
21114,CUST131277,donald wagner,consumer
21115,CUST131278,michelle weber,consumer
21116,CUST131279,brianna delgado,consumer
21117,CUST131281,charles clark,consumer
21118,CUST131282,monica todd,small business
21119,CUST131284,jon powell,consumer
21120,CUST131287,alexander dixon,consumer
21121,CUST131288,james scott,consumer
21122,CUST131290,monica roberts,corporate
21123,CUST131293,katherine chen,corporate
21124,CUST131294,robert sanders,consumer
21125,CUST131296,paul nelson,consumer
21126,CUST131297,jason davidson,consumer
21127,CUST131299,ricardo scott,corporate
21128,CUST131300,ryan edwards,consumer
21129,CUST131301,garrett pitts,consumer
21130,CUST131304,elijah gardner,consumer
21131,CUST131305,shawn mason,consumer
21132,CUST131307,travis leach,small business
21133,CUST131308,savannah gutierrez,corporate
21134,CUST131309,ashley baldwin,consumer
21135,CUST131310,kathy miller,consumer
21136,CUST131311,stuart edwards,consumer
21137,CUST131312,jeremiah tyler,corporate
21138,CUST131313,joseph harris,corporate
21139,CUST131315,michael lewis,small business
21140,CUST131316,deborah davis,corporate
21141,CUST131317,julie white,corporate
21142,CUST131318,rebecca morgan,consumer
21143,CUST131320,kathy patel,small business
21144,CUST131321,calvin norris,consumer
21145,CUST131322,john case,corporate
21146,CUST131323,charles foster,consumer
21147,CUST131326,billy chambers,consumer
21148,CUST131327,donald stephenson,consumer
21149,CUST131328,stephen clark,small business
21150,CUST131329,loretta alvarado,consumer
21151,CUST131330,shawn bridges,consumer
21152,CUST131331,nicholas conrad,consumer
21153,CUST131333,michele monroe,consumer
21154,CUST131334,eric richardson,consumer
21155,CUST131335,laura hanson,small business
21156,CUST131337,kelly schaefer,consumer
21157,CUST131338,cynthia mendoza,consumer
21158,CUST131339,nicole smith,consumer
21159,CUST131340,stephanie newman,consumer
21160,CUST131341,stephanie simmons,corporate
21161,CUST131342,anthony brown,small business
21162,CUST131344,travis perkins,corporate
21163,CUST131345,stacy harris,consumer
21164,CUST131346,marcus hutchinson,consumer
21165,CUST131347,jennifer lopez,consumer
21166,CUST131348,barbara gutierrez,corporate
21167,CUST131351,jasmine stanton,consumer
21168,CUST131354,samantha foster,consumer
21169,CUST131356,brian duarte,consumer
21170,CUST131357,michael rivera,corporate
21171,CUST131358,ashley green,consumer
21172,CUST131360,erika maldonado,consumer
21173,CUST131362,mary booth,consumer
21174,CUST131363,rebecca sutton,consumer
21175,CUST131364,stephen ward,small business
21176,CUST131365,stephanie austin,consumer
21177,CUST131367,sharon mccarthy,consumer
21178,CUST131368,diana nguyen,small business
21179,CUST131371,karen gutierrez,corporate
21180,CUST131376,amanda underwood,consumer
21181,CUST131377,jeremy hernandez,consumer
21182,CUST131378,alexandra massey,small business
21183,CUST131379,trevor chapman,consumer
21184,CUST131382,jessica green,small business
21185,CUST131383,kimberly martinez,consumer
21186,CUST131384,grace wilcox,consumer
21187,CUST131385,joseph mack,corporate
21188,CUST131386,connie graham,small business
21189,CUST131387,hannah jones,consumer
21190,CUST131391,candice novak md,consumer
21191,CUST131392,alison garcia,small business
21192,CUST131393,ashley crawford,small business
21193,CUST131394,beth estrada,small business
21194,CUST131395,shane orozco,corporate
21195,CUST131399,vincent davis,corporate
21196,CUST131400,michelle harris,small business
21197,CUST131401,zachary tate,corporate
21198,CUST131402,ralph wall,consumer
21199,CUST131403,kathleen wilson md,consumer
21200,CUST131404,isaiah cook,corporate
21201,CUST131405,nicole murillo,consumer
21202,CUST131406,jordan yu,consumer
21203,CUST131408,brittney price,small business
21204,CUST131409,drew compton,consumer
21205,CUST131411,daniel may,consumer
21206,CUST131415,robert giles,consumer
21207,CUST131416,philip turner,consumer
21208,CUST131417,kathleen jones,corporate
21209,CUST131418,ariana ray,consumer
21210,CUST131420,samuel friedman,corporate
21211,CUST131422,dr. tiffany williams,consumer
21212,CUST131423,robert hicks,consumer
21213,CUST131424,jennifer turner,consumer
21214,CUST131425,dean anderson,corporate
21215,CUST131426,lisa gonzales,consumer
21216,CUST131428,kenneth chavez,corporate
21217,CUST131429,raymond smith,consumer
21218,CUST131431,william miller,consumer
21219,CUST131432,renee curtis,corporate
21220,CUST131433,natalie stein,corporate
21221,CUST131434,zachary atkins,consumer
21222,CUST131435,arthur lee,consumer
21223,CUST131436,jacob tate,small business
21224,CUST131440,joseph hill,consumer
21225,CUST131441,james jackson,consumer
21226,CUST131442,brad sanford,consumer
21227,CUST131443,morgan baker,corporate
21228,CUST131444,john andrews,consumer
21229,CUST131445,amy powell,small business
21230,CUST131446,david adams,corporate
21231,CUST131447,jessica diaz,consumer
21232,CUST131448,tiffany king,corporate
21233,CUST131449,jamie moon,corporate
21234,CUST131452,beth ferguson,consumer
21235,CUST131453,stephen gonzalez,consumer
21236,CUST131456,john lewis,consumer
21237,CUST131458,douglas reid,corporate
21238,CUST131459,wayne garcia,consumer
21239,CUST131461,steven jones,consumer
21240,CUST131462,kimberly hernandez,consumer
21241,CUST131463,thomas white,small business
21242,CUST131464,glenn ochoa,corporate
21243,CUST131465,robert gomez,small business
21244,CUST131469,javier jensen,small business
21245,CUST131470,samantha martin,corporate
21246,CUST131471,william green,corporate
21247,CUST131472,amanda lee,small business
21248,CUST131473,ruth madden,consumer
21249,CUST131477,michael harris,consumer
21250,CUST131478,pam hanna,corporate
21251,CUST131479,tonya grant,consumer
21252,CUST131483,erin woods,consumer
21253,CUST131484,james lozano,consumer
21254,CUST131485,marissa weiss,small business
21255,CUST131487,elizabeth sawyer,consumer
21256,CUST131488,david johnson,consumer
21257,CUST131489,jason garcia,consumer
21258,CUST131490,gary miller,consumer
21259,CUST131492,jessica sandoval,consumer
21260,CUST131493,sarah johnson,consumer
21261,CUST131495,jessica navarro,consumer
21262,CUST131496,damon rojas,corporate
21263,CUST131498,chelsea campbell,small business
21264,CUST131500,ashley martin,consumer
21265,CUST131501,kelly lynch,consumer
21266,CUST131502,joseph young,corporate
21267,CUST131504,craig fischer,consumer
21268,CUST131505,nathan oneal,consumer
21269,CUST131506,james martinez,corporate
21270,CUST131507,ashley lloyd,corporate
21271,CUST131508,tracy cannon,small business
21272,CUST131509,russell medina,consumer
21273,CUST131510,kelly kane,consumer
21274,CUST131512,andrea juarez,consumer
21275,CUST131513,leroy lindsey,corporate
21276,CUST131518,judith sampson,small business
21277,CUST131520,andre jensen,small business
21278,CUST131521,rebecca bishop,corporate
21279,CUST131522,kayla hernandez,corporate
21280,CUST131523,cindy holden,consumer
21281,CUST131524,james west,consumer
21282,CUST131525,caleb bradshaw,small business
21283,CUST131526,heidi dixon,small business
21284,CUST131527,james rush,corporate
21285,CUST131528,james french,consumer
21286,CUST131529,chris kidd,small business
21287,CUST131530,mackenzie coleman,consumer
21288,CUST131531,lisa huerta,corporate
21289,CUST131532,diane white,consumer
21290,CUST131533,pamela serrano,consumer
21291,CUST131534,laura oneill,consumer
21292,CUST131537,edwin russo,consumer
21293,CUST131540,felicia andrews,consumer
21294,CUST131543,andrew hernandez,corporate
21295,CUST131544,patricia murillo,corporate
21296,CUST131545,caitlin craig,corporate
21297,CUST131546,vickie collins,consumer
21298,CUST131547,jonathan rogers,consumer
21299,CUST131550,george brady,corporate
21300,CUST131551,jamie howard,consumer
21301,CUST131554,jennifer lucas,consumer
21302,CUST131555,elizabeth singh,corporate
21303,CUST131557,dylan ferguson,small business
21304,CUST131558,jon strickland,consumer
21305,CUST131560,dawn king,small business
21306,CUST131561,sara martinez,consumer
21307,CUST131563,jerry kelley,consumer
21308,CUST131564,monica adams,consumer
21309,CUST131565,douglas mclean,consumer
21310,CUST131567,jeanette mcgee,consumer
21311,CUST131568,brenda perez,consumer
21312,CUST131569,patricia little,corporate
21313,CUST131570,casey gray,consumer
21314,CUST131571,katrina anderson,consumer
21315,CUST131573,john frank,corporate
21316,CUST131574,cody phillips,corporate
21317,CUST131576,kelly miller,consumer
21318,CUST131577,kelly kennedy,consumer
21319,CUST131578,melissa richardson,consumer
21320,CUST131579,christopher reyes,consumer
21321,CUST131580,arthur villa,consumer
21322,CUST131581,adrian madden,corporate
21323,CUST131582,krystal watson,small business
21324,CUST131583,kevin brock,consumer
21325,CUST131585,travis gomez,small business
21326,CUST131586,joyce young,consumer
21327,CUST131587,kelly richmond,corporate
21328,CUST131589,mrs. barbara taylor,consumer
21329,CUST131591,cody davis,corporate
21330,CUST131594,christine mendoza,corporate
21331,CUST131595,bruce anderson,corporate
21332,CUST131596,briana bass,consumer
21333,CUST131597,pamela robertson,consumer
21334,CUST131598,austin rose,corporate
21335,CUST131599,kimberly bowen,consumer
21336,CUST131602,adrian wilson,consumer
21337,CUST131603,robert english,corporate
21338,CUST131604,ashley hogan,consumer
21339,CUST131605,andrew clark,small business
21340,CUST131606,elizabeth myers,consumer
21341,CUST131607,terry whitaker,small business
21342,CUST131609,lisa chapman,corporate
21343,CUST131611,courtney fowler,corporate
21344,CUST131612,marissa adams,corporate
21345,CUST131613,dean munoz,corporate
21346,CUST131615,leslie salazar,corporate
21347,CUST131618,nicholas kennedy,small business
21348,CUST131620,kimberly reed,consumer
21349,CUST131621,kenneth watson,consumer
21350,CUST131622,michael bryant,consumer
21351,CUST131623,robert myers,consumer
21352,CUST131625,ashley dunn,consumer
21353,CUST131626,lauren nelson,corporate
21354,CUST131627,misty johnson,small business
21355,CUST131632,cody morgan,corporate
21356,CUST131633,brian nichols,consumer
21357,CUST131634,erika mcconnell,consumer
21358,CUST131637,dennis wyatt,corporate
21359,CUST131639,bryce valdez,consumer
21360,CUST131640,katherine jones,consumer
21361,CUST131641,jo armstrong,small business
21362,CUST131643,larry peck,small business
21363,CUST131644,gina downs,consumer
21364,CUST131645,daniel patel,consumer
21365,CUST131646,paul dickerson,corporate
21366,CUST131648,catherine smith,corporate
21367,CUST131649,kristina atkinson,consumer
21368,CUST131651,austin gordon,consumer
21369,CUST131652,timothy lee,corporate
21370,CUST131653,stephen roberts,consumer
21371,CUST131654,shannon henry,consumer
21372,CUST131656,lori collins,corporate
21373,CUST131658,jimmy kelly,corporate
21374,CUST131659,jesse butler,consumer
21375,CUST131660,timothy norris,consumer
21376,CUST131661,rhonda parker,small business
21377,CUST131666,frank cain,corporate
21378,CUST131667,peter hall,corporate
21379,CUST131668,matthew mccoy,small business
21380,CUST131669,katelyn kennedy,small business
21381,CUST131672,shane lee,consumer
21382,CUST131673,theodore james,consumer
21383,CUST131674,noah barnes,consumer
21384,CUST131677,linda phillips,small business
21385,CUST131678,anna ray,corporate
21386,CUST131680,tracy wright,small business
21387,CUST131681,nathaniel patton,consumer
21388,CUST131682,kimberly richardson,small business
21389,CUST131685,dean lee,corporate
21390,CUST131688,jennifer romero,corporate
21391,CUST131690,samuel reyes,small business
21392,CUST131691,julie taylor,small business
21393,CUST131693,corey bailey,small business
21394,CUST131694,jason wilson,corporate
21395,CUST131695,tyrone reed,corporate
21396,CUST131696,stephanie munoz,corporate
21397,CUST131698,ryan miller,corporate
21398,CUST131699,scott hill,corporate
21399,CUST131700,jamie wolf,corporate
21400,CUST131701,julia williams,consumer
21401,CUST131702,jesus massey,consumer
21402,CUST131703,stephanie sanchez,small business
21403,CUST131704,james reeves,consumer
21404,CUST131705,diana rocha,consumer
21405,CUST131706,jennifer hebert,consumer
21406,CUST131707,nicole rodriguez,corporate
21407,CUST131708,steven jones dvm,consumer
21408,CUST131709,jo lynn phd,consumer
21409,CUST131710,benjamin berg,corporate
21410,CUST131711,bryan berry,corporate
21411,CUST131713,matthew williams,corporate
21412,CUST131716,kathryn durham,corporate
21413,CUST131717,tara wang,consumer
21414,CUST131718,kenneth lloyd,consumer
21415,CUST131719,adam rodriguez,consumer
21416,CUST131720,mathew bradley,consumer
21417,CUST131721,rodney martinez,small business
21418,CUST131723,christina jimenez,consumer
21419,CUST131726,donald ellis,consumer
21420,CUST131727,daniel landry,consumer
21421,CUST131728,mary thompson,consumer
21422,CUST131730,kelsey adams,consumer
21423,CUST131731,jennifer scott,consumer
21424,CUST131732,andrew pierce,corporate
21425,CUST131733,zachary kelley,consumer
21426,CUST131734,randall roberts,consumer
21427,CUST131736,yvonne sparks md,consumer
21428,CUST131738,jonathan scott,small business
21429,CUST131739,marcus simmons,corporate
21430,CUST131740,rachel cole,consumer
21431,CUST131741,sandra campbell,consumer
21432,CUST131744,gerald sanchez dds,small business
21433,CUST131745,laura sandoval,consumer
21434,CUST131747,aaron edwards,corporate
21435,CUST131748,amy raymond,consumer
21436,CUST131749,jody ryan,small business
21437,CUST131753,joseph park,consumer
21438,CUST131754,samantha ellis,small business
21439,CUST131755,chelsea day,consumer
21440,CUST131756,willie livingston,consumer
21441,CUST131757,ryan lewis,consumer
21442,CUST131758,heather bowen,small business
21443,CUST131759,karen drake,small business
21444,CUST131761,raymond buck,consumer
21445,CUST131762,jeff phillips,consumer
21446,CUST131763,scott pratt,consumer
21447,CUST131764,melissa dean,consumer
21448,CUST131765,amy jones,consumer
21449,CUST131766,timothy moore,small business
21450,CUST131768,sydney butler,corporate
21451,CUST131769,javier robertson,consumer
21452,CUST131770,richard hamilton,consumer
21453,CUST131773,evan erickson,corporate
21454,CUST131774,beth dixon,consumer
21455,CUST131775,barbara parks,consumer
21456,CUST131777,martin richards,small business
21457,CUST131778,patricia brown,small business
21458,CUST131779,russell garcia,consumer
21459,CUST131780,douglas ford,corporate
21460,CUST131783,sabrina maxwell,consumer
21461,CUST131787,samuel bishop,small business
21462,CUST131788,juan soto,corporate
21463,CUST131789,natasha weaver,consumer
21464,CUST131790,katherine allen,consumer
21465,CUST131791,mr. daniel reynolds,corporate
21466,CUST131792,mr. jordan gregory,small business
21467,CUST131793,kara collins,consumer
21468,CUST131794,jessica mendoza,corporate
21469,CUST131795,shannon joseph,consumer
21470,CUST131797,douglas martin,consumer
21471,CUST131798,lisa smith,corporate
21472,CUST131799,lynn adkins,consumer
21473,CUST131800,melissa carrillo,consumer
21474,CUST131801,jay payne,corporate
21475,CUST131803,cassie lopez,consumer
21476,CUST131804,jerry powell,small business
21477,CUST131805,christopher smith,consumer
21478,CUST131806,crystal douglas,consumer
21479,CUST131807,chris perez,small business
21480,CUST131808,amy jensen,consumer
21481,CUST131809,angela townsend,consumer
21482,CUST131814,caroline hubbard,consumer
21483,CUST131815,mark west,corporate
21484,CUST131816,james king,consumer
21485,CUST131817,vincent quinn,consumer
21486,CUST131818,james frazier,small business
21487,CUST131819,alex martinez,corporate
21488,CUST131823,mason smith,consumer
21489,CUST131824,dr. gregg johnson,small business
21490,CUST131825,brenda winters,corporate
21491,CUST131828,ashley sanders,small business
21492,CUST131829,craig davis,consumer
21493,CUST131835,arthur snow,small business
21494,CUST131838,richard wallace,consumer
21495,CUST131839,christopher diaz,corporate
21496,CUST131840,michelle bradley,consumer
21497,CUST131842,lawrence martinez,consumer
21498,CUST131844,michelle park,small business
21499,CUST131845,fernando andrews,consumer
21500,CUST131846,aaron ferguson,small business
21501,CUST131849,jesus harvey,consumer
21502,CUST131852,jacob johnson,consumer
21503,CUST131855,pamela williams,consumer
21504,CUST131859,tammy miller,consumer
21505,CUST131860,kimberly griffin,corporate
21506,CUST131864,francisco knox,consumer
21507,CUST131866,dylan hines,consumer
21508,CUST131867,deborah cruz,consumer
21509,CUST131872,christina watkins,corporate
21510,CUST131873,hailey davis,corporate
21511,CUST131876,mrs. stacey warren,corporate
21512,CUST131877,bobby cook,corporate
21513,CUST131878,chloe snyder,consumer
21514,CUST131879,kelly perry,consumer
21515,CUST131880,lydia hurley,consumer
21516,CUST131882,james greene,consumer
21517,CUST131883,jacqueline morris,small business
21518,CUST131884,nathaniel torres,consumer
21519,CUST131885,melanie schaefer,corporate
21520,CUST131889,kathleen ortiz,consumer
21521,CUST131891,cynthia riley,small business
21522,CUST131892,gary anderson,consumer
21523,CUST131893,javier gonzalez,small business
21524,CUST131894,eric brown,consumer
21525,CUST131895,keith bryant,corporate
21526,CUST131896,ashley price,consumer
21527,CUST131897,amy brennan,corporate
21528,CUST131898,douglas dillon,consumer
21529,CUST131900,david rodriguez,corporate
21530,CUST131901,jo ramsey,corporate
21531,CUST131903,brandon ryan,corporate
21532,CUST131904,barbara carson,consumer
21533,CUST131905,mrs. mckenzie ross,consumer
21534,CUST131906,russell cordova,small business
21535,CUST131907,holly cook,corporate
21536,CUST131909,jennifer hill,consumer
21537,CUST131910,christina gross,consumer
21538,CUST131911,jessica choi,consumer
21539,CUST131912,michael hayes,consumer
21540,CUST131913,roger valdez,consumer
21541,CUST131915,ashley rice,consumer
21542,CUST131916,michael anderson,corporate
21543,CUST131917,ryan moore,consumer
21544,CUST131918,stacey carr,consumer
21545,CUST131919,craig oliver,consumer
21546,CUST131920,michael wilkerson,corporate
21547,CUST131922,lori baker,consumer
21548,CUST131923,michelle smith,consumer
21549,CUST131929,joel johnson,small business
21550,CUST131931,allison johnson,corporate
21551,CUST131933,anthony wilson,consumer
21552,CUST131935,kevin chen,consumer
21553,CUST131936,hunter williams,consumer
21554,CUST131937,kathryn oneill,consumer
21555,CUST131939,william snyder,corporate
21556,CUST131941,jill arias,corporate
21557,CUST131942,brenda rogers,consumer
21558,CUST131943,rebecca king,consumer
21559,CUST131944,sara horton,corporate
21560,CUST131946,ann watts,small business
21561,CUST131948,jeremy diaz,consumer
21562,CUST131949,william young,consumer
21563,CUST131950,travis vargas,consumer
21564,CUST131951,kathleen arnold,consumer
21565,CUST131957,cheryl bowman,consumer
21566,CUST131958,noah adams,consumer
21567,CUST131960,savannah rivera,corporate
21568,CUST131961,anthony schmitt,small business
21569,CUST131963,daniel hoover,consumer
21570,CUST131964,connor carter,consumer
21571,CUST131965,christopher wyatt,small business
21572,CUST131967,michael bonilla,consumer
21573,CUST131969,edward goodman,consumer
21574,CUST131971,jeremy cox,small business
21575,CUST131972,cindy cantrell,consumer
21576,CUST131973,michael rogers,small business
21577,CUST131974,richard patterson,small business
21578,CUST131976,patrick martinez,consumer
21579,CUST131977,allison ward,consumer
21580,CUST131980,brenda ross,consumer
21581,CUST131982,loretta garcia,consumer
21582,CUST131983,donald evans,consumer
21583,CUST131984,kim smith,consumer
21584,CUST131985,cynthia smith,consumer
21585,CUST131987,tasha matthews,corporate
21586,CUST131989,lisa miller,corporate
21587,CUST131990,charles rodriguez,small business
21588,CUST131991,edward hansen,consumer
21589,CUST131993,jose jacobs,consumer
21590,CUST131994,anna nelson,corporate
21591,CUST131995,jennifer mckinney,small business
21592,CUST131996,mary lane md,corporate
21593,CUST131998,brenda davidson,corporate
21594,CUST131999,jerry gibbs,consumer
21595,CUST132000,jaime alvarez,consumer
21596,CUST132003,barbara dalton,consumer
21597,CUST132004,austin sutton,consumer
21598,CUST132005,jill morales,consumer
21599,CUST132006,derek burch,corporate
21600,CUST132007,elaine james,consumer
21601,CUST132008,christine ward,consumer
21602,CUST132010,devin decker,small business
21603,CUST132011,samantha juarez,consumer
21604,CUST132014,william anderson,consumer
21605,CUST132016,william mathews,small business
21606,CUST132017,marissa morgan,corporate
21607,CUST132018,james smith,small business
21608,CUST132020,rachel lara md,consumer
21609,CUST132022,danielle williams,consumer
21610,CUST132023,tracy contreras,corporate
21611,CUST132024,jeffery bowman,consumer
21612,CUST132025,karen robbins,consumer
21613,CUST132026,christina york,consumer
21614,CUST132027,jessica williams,consumer
21615,CUST132028,kimberly maddox,corporate
21616,CUST132029,emily jarvis,consumer
21617,CUST132030,michael bauer,consumer
21618,CUST132031,ryan hughes,corporate
21619,CUST132032,kaitlin goodwin,corporate
21620,CUST132033,bradley hernandez phd,consumer
21621,CUST132034,michael campos,corporate
21622,CUST132035,marcus cole,consumer
21623,CUST132036,tiffany lyons,corporate
21624,CUST132037,whitney clark,consumer
21625,CUST132038,bruce fox,consumer
21626,CUST132039,tara freeman,corporate
21627,CUST132040,melissa garcia,corporate
21628,CUST132042,nancy walker,consumer
21629,CUST132045,steven powell,small business
21630,CUST132046,travis hayes,corporate
21631,CUST132047,dawn jenkins,small business
21632,CUST132048,trevor roman,consumer
21633,CUST132049,paul jackson,corporate
21634,CUST132050,jeffery rodriguez,consumer
21635,CUST132052,kimberly martin,consumer
21636,CUST132053,tonya sheppard,consumer
21637,CUST132054,thomas harris,consumer
21638,CUST132055,gail clarke,consumer
21639,CUST132056,sarah collins,consumer
21640,CUST132058,david martin,small business
21641,CUST132059,ann white,consumer
21642,CUST132063,mark collier,consumer
21643,CUST132064,jodi reynolds,consumer
21644,CUST132065,sabrina carney,consumer
21645,CUST132066,cassandra hill,corporate
21646,CUST132067,mark brown,consumer
21647,CUST132068,william lewis,consumer
21648,CUST132069,cynthia schwartz,small business
21649,CUST132070,brendan mckay,consumer
21650,CUST132072,linda barnes dvm,consumer
21651,CUST132075,kyle fox,corporate
21652,CUST132076,amanda chung,consumer
21653,CUST132079,ann jefferson,consumer
21654,CUST132081,jennifer blevins,small business
21655,CUST132082,randy moreno,consumer
21656,CUST132083,courtney gonzales,consumer
21657,CUST132084,amy walker,small business
21658,CUST132085,larry hartman,consumer
21659,CUST132086,michael hoffman,consumer
21660,CUST132087,aaron morris,consumer
21661,CUST132088,maria choi,consumer
21662,CUST132089,brent lynch,consumer
21663,CUST132090,courtney green,corporate
21664,CUST132091,susan mcclain,corporate
21665,CUST132092,sharon king,corporate
21666,CUST132094,bianca phillips,consumer
21667,CUST132095,caroline hatfield,consumer
21668,CUST132101,terrence garcia,consumer
21669,CUST132102,elizabeth goodwin,corporate
21670,CUST132103,joseph lee,corporate
21671,CUST132104,autumn smith,corporate
21672,CUST132105,nicole miller,small business
21673,CUST132109,victoria mcknight,small business
21674,CUST132110,andrew myers,consumer
21675,CUST132112,robert west,corporate
21676,CUST132113,scott hayes,consumer
21677,CUST132114,angela adams,consumer
21678,CUST132115,kimberly taylor,small business
21679,CUST132116,stephanie stone,consumer
21680,CUST132118,david brown,small business
21681,CUST132120,christine munoz md,corporate
21682,CUST132121,amanda miller,consumer
21683,CUST132122,joel lawson,consumer
21684,CUST132124,chris frazier,consumer
21685,CUST132126,autumn bennett,consumer
21686,CUST132127,brian robinson,consumer
21687,CUST132128,sheryl huang,consumer
21688,CUST132129,john chavez,corporate
21689,CUST132130,lisa garza,consumer
21690,CUST132131,heather hartman,small business
21691,CUST132134,aaron bennett,consumer
21692,CUST132135,wanda white,corporate
21693,CUST132136,shawn harvey jr.,consumer
21694,CUST132138,april moore,corporate
21695,CUST132139,chelsey smith,consumer
21696,CUST132141,emily johnson,corporate
21697,CUST132144,micheal young,consumer
21698,CUST132145,amanda armstrong,consumer
21699,CUST132147,elizabeth lee,consumer
21700,CUST132148,linda marshall,corporate
21701,CUST132149,julia salazar,consumer
21702,CUST132150,michael ochoa,small business
21703,CUST132151,eric johnson,consumer
21704,CUST132152,norma miller,consumer
21705,CUST132153,jared andrews,small business
21706,CUST132154,angela williams,consumer
21707,CUST132155,matthew foster,small business
21708,CUST132156,mrs. anna lee,consumer
21709,CUST132157,laura johnson,consumer
21710,CUST132158,cynthia thomas,consumer
21711,CUST132161,jimmy atkinson,consumer
21712,CUST132162,katrina costa,corporate
21713,CUST132163,jordan farley,consumer
21714,CUST132164,shawn nunez,corporate
21715,CUST132168,timothy berry,consumer
21716,CUST132171,marc stark,consumer
21717,CUST132173,mary holmes,corporate
21718,CUST132174,jackie cox,small business
21719,CUST132176,victor scott,consumer
21720,CUST132182,erica campbell,corporate
21721,CUST132183,jordan wiley,consumer
21722,CUST132184,patrick wilson,small business
21723,CUST132187,dale lester,corporate
21724,CUST132188,john wells,corporate
21725,CUST132189,chelsea becker,consumer
21726,CUST132190,ms. anna alexander dvm,consumer
21727,CUST132193,stacey calhoun,consumer
21728,CUST132196,samuel henry,corporate
21729,CUST132197,nicholas graham,consumer
21730,CUST132198,kyle rollins,consumer
21731,CUST132199,tiffany garner,corporate
21732,CUST132200,blake burton,corporate
21733,CUST132201,christopher ellis,corporate
21734,CUST132203,richard jarvis,consumer
21735,CUST132204,sherry craig,consumer
21736,CUST132208,marie dalton,consumer
21737,CUST132209,dr. carrie perez,corporate
21738,CUST132211,christopher reed,consumer
21739,CUST132212,monica stout,corporate
21740,CUST132220,maria tanner,consumer
21741,CUST132222,kelli martinez,consumer
21742,CUST132223,laura garner,consumer
21743,CUST132225,victor ramirez,consumer
21744,CUST132226,ryan sullivan,consumer
21745,CUST132227,james andrade,consumer
21746,CUST132228,kenneth harris,corporate
21747,CUST132229,daniel lopez,consumer
21748,CUST132232,christopher sanford,corporate
21749,CUST132233,shannon hernandez,corporate
21750,CUST132234,jennifer rollins,consumer
21751,CUST132236,cody thomas,consumer
21752,CUST132237,alexander nichols,consumer
21753,CUST132238,shannon curry,consumer
21754,CUST132239,marie brown,consumer
21755,CUST132240,anthony estrada,corporate
21756,CUST132242,suzanne small,consumer
21757,CUST132245,robert montes,consumer
21758,CUST132246,judith reed,small business
21759,CUST132247,abigail martinez,consumer
21760,CUST132248,joseph weaver,consumer
21761,CUST132249,pamela davis,consumer
21762,CUST132250,johnny turner,corporate
21763,CUST132251,sara johnson,consumer
21764,CUST132252,wendy edwards,corporate
21765,CUST132253,kimberly anderson,corporate
21766,CUST132255,brandon wells,corporate
21767,CUST132256,karen scott,consumer
21768,CUST132259,lauren williams,corporate
21769,CUST132261,ms. amanda johnson,consumer
21770,CUST132262,taylor rodgers,small business
21771,CUST132263,margaret adams,corporate
21772,CUST132264,douglas mitchell,small business
21773,CUST132266,james murray,consumer
21774,CUST132268,john harris,consumer
21775,CUST132270,kathryn sharp,consumer
21776,CUST132271,kelly morris,consumer
21777,CUST132272,rachael escobar,corporate
21778,CUST132273,lauren gonzalez,consumer
21779,CUST132276,reginald jones,consumer
21780,CUST132279,michael willis,consumer
21781,CUST132280,chad malone,small business
21782,CUST132282,amanda buckley,consumer
21783,CUST132283,bryan phillips,consumer
21784,CUST132284,peter singh,consumer
21785,CUST132285,margaret rose,corporate
21786,CUST132286,calvin porter,corporate
21787,CUST132287,seth jensen,small business
21788,CUST132288,thomas payne,consumer
21789,CUST132291,sarah sutton,consumer
21790,CUST132292,heather carpenter,small business
21791,CUST132293,ryan cochran,corporate
21792,CUST132295,andrea brady,consumer
21793,CUST132296,david miller,consumer
21794,CUST132297,daniel gomez v,consumer
21795,CUST132298,jacob edwards,consumer
21796,CUST132300,tammy reeves,consumer
21797,CUST132302,derrick anderson,consumer
21798,CUST132303,tammy rose,consumer
21799,CUST132304,karla king,corporate
21800,CUST132305,jill valdez,consumer
21801,CUST132306,ian cohen,corporate
21802,CUST132307,robert moore,consumer
21803,CUST132308,matthew lester,small business
21804,CUST132310,michelle hutchinson,corporate
21805,CUST132312,amy baker,corporate
21806,CUST132313,kristina martin,consumer
21807,CUST132316,michael faulkner,consumer
21808,CUST132317,ashley hancock,consumer
21809,CUST132319,christopher garcia,small business
21810,CUST132324,chelsea jones,corporate
21811,CUST132325,wendy johnson,small business
21812,CUST132326,tony grant,consumer
21813,CUST132327,christy hendrix,consumer
21814,CUST132328,lauren rhodes,corporate
21815,CUST132329,jerry wilson,consumer
21816,CUST132330,teresa davis,corporate
21817,CUST132331,phillip bowers,corporate
21818,CUST132332,michelle rose,corporate
21819,CUST132333,deborah payne phd,corporate
21820,CUST132334,christopher yu,consumer
21821,CUST132335,kyle mathews,small business
21822,CUST132336,kimberly ortiz,consumer
21823,CUST132337,kelsey schmidt,consumer
21824,CUST132338,andrew vincent,consumer
21825,CUST132339,sandra smith,consumer
21826,CUST132340,kyle daniels,small business
21827,CUST132341,nicole wells,consumer
21828,CUST132342,carlos fitzgerald,consumer
21829,CUST132343,blake novak,small business
21830,CUST132344,ashley warner,corporate
21831,CUST132345,timothy walker,consumer
21832,CUST132347,christine fowler,consumer
21833,CUST132348,betty miller,corporate
21834,CUST132349,andrea ward,consumer
21835,CUST132350,donald andrews,small business
21836,CUST132353,james green,consumer
21837,CUST132354,dennis bell,corporate
21838,CUST132355,brittany bishop,consumer
21839,CUST132358,christina perez,small business
21840,CUST132359,leslie nelson,consumer
21841,CUST132361,jessica powell phd,corporate
21842,CUST132362,regina adams,consumer
21843,CUST132363,zachary compton,consumer
21844,CUST132365,russell murray,corporate
21845,CUST132370,diane villarreal,consumer
21846,CUST132372,frances newman,corporate
21847,CUST132373,richard edwards,corporate
21848,CUST132375,joy lee,consumer
21849,CUST132376,charlotte stewart,consumer
21850,CUST132377,vickie palmer,consumer
21851,CUST132378,scott harrison,corporate
21852,CUST132379,chad henderson,consumer
21853,CUST132382,katrina ford,corporate
21854,CUST132383,kevin smith,small business
21855,CUST132384,caitlin walsh,small business
21856,CUST132385,andrea joseph,corporate
21857,CUST132386,mario guerra,small business
21858,CUST132387,brittany gordon,small business
21859,CUST132388,nicole marshall,corporate
21860,CUST132389,ricardo rich,consumer
21861,CUST132390,alicia brown,consumer
21862,CUST132391,gina sanders,consumer
21863,CUST132392,robert wagner,corporate
21864,CUST132393,todd hill,small business
21865,CUST132397,lisa ruiz md,consumer
21866,CUST132398,gerald spears,consumer
21867,CUST132399,clinton wright,small business
21868,CUST132400,alicia hill dvm,consumer
21869,CUST132401,christopher roberts,consumer
21870,CUST132402,gina joyce,consumer
21871,CUST132403,thomas duarte,corporate
21872,CUST132404,stephanie oneill,consumer
21873,CUST132407,ronald nichols,corporate
21874,CUST132408,donald phillips,corporate
21875,CUST132409,christina reed,consumer
21876,CUST132410,austin atkins,consumer
21877,CUST132411,eric white,consumer
21878,CUST132412,anthony roberts,consumer
21879,CUST132413,matthew wilson,consumer
21880,CUST132414,ashley burton,consumer
21881,CUST132416,lacey acosta,consumer
21882,CUST132420,david smith,consumer
21883,CUST132421,sheri martin,consumer
21884,CUST132422,benjamin sullivan,corporate
21885,CUST132423,todd martin,consumer
21886,CUST132424,angelica ritter,small business
21887,CUST132425,john brock,small business
21888,CUST132428,jason benton,consumer
21889,CUST132429,steven mcdaniel,small business
21890,CUST132431,frank johnson,consumer
21891,CUST132432,david martinez,consumer
21892,CUST132433,david price,consumer
21893,CUST132434,heather turner,consumer
21894,CUST132435,timothy rogers,consumer
21895,CUST132436,elizabeth moore,consumer
21896,CUST132437,amanda nelson,consumer
21897,CUST132438,robin ross,consumer
21898,CUST132439,michele miller,consumer
21899,CUST132440,steve hart,consumer
21900,CUST132441,kimberly mcgrath,consumer
21901,CUST132443,cynthia brady,consumer
21902,CUST132444,jamie park,corporate
21903,CUST132445,jennifer quinn,small business
21904,CUST132446,martin stephens,corporate
21905,CUST132447,tracy larsen,small business
21906,CUST132448,mary le md,consumer
21907,CUST132453,peter proctor,small business
21908,CUST132454,michelle lopez,corporate
21909,CUST132455,holly day,consumer
21910,CUST132456,carly castro,consumer
21911,CUST132457,charles powell,consumer
21912,CUST132458,teresa boyd,corporate
21913,CUST132459,ashley romero,corporate
21914,CUST132461,william mitchell,consumer
21915,CUST132464,darryl miller,consumer
21916,CUST132465,kristen horton,consumer
21917,CUST132466,mark klein,consumer
21918,CUST132467,stephanie mendoza,corporate
21919,CUST132468,michael anthony,corporate
21920,CUST132469,karen doyle,consumer
21921,CUST132471,brittany lee,consumer
21922,CUST132472,susan arnold,consumer
21923,CUST132474,jessica elliott,small business
21924,CUST132476,linda thompson,small business
21925,CUST132477,mark williams,small business
21926,CUST132479,sheila sutton,small business
21927,CUST132481,willie brown,small business
21928,CUST132482,melody snyder,consumer
21929,CUST132484,amanda smith,small business
21930,CUST132485,angela gordon,consumer
21931,CUST132486,eric shah,consumer
21932,CUST132487,jonathan mclaughlin,consumer
21933,CUST132488,catherine edwards,corporate
21934,CUST132489,jonathan taylor,small business
21935,CUST132490,mary barber,small business
21936,CUST132492,rebecca gross,consumer
21937,CUST132493,shawn johnson,consumer
21938,CUST132494,keith lane,corporate
21939,CUST132495,beth hamilton,consumer
21940,CUST132496,ashley shaw,consumer
21941,CUST132497,gregory turner,corporate
21942,CUST132498,julian manning,consumer
21943,CUST132499,jenna brown,consumer
