account_length,area_code,international_plan,voice_mail_plan,number_vmail_messages,total_day_minutes,total_day_calls,total_day_charge,total_eve_minutes,total_eve_calls,total_eve_charge,total_night_minutes,total_night_calls,total_night_charge,total_intl_minutes,total_intl_calls,total_intl_charge,customer_service_calls,churn,total_minutes,total_calls,total_charge,avg_day_minutes_per_call,avg_eve_minutes_per_call,avg_night_minutes_per_call,avg_intl_minutes_per_call,day_minutes_share,eve_minutes_share,night_minutes_share,intl_minutes_share,high_service_calls,international_plan_service_risk,high_usage_service_risk,intl_plan_no_vmail,day_charge_per_minute,eve_charge_per_minute,night_charge_per_minute,intl_charge_per_minute,has_vmail_usage,vmail_plan_unused ,new_customer,long_tenure
128,1,0,1,25,265.1,110,45.07,197.4,99,16.78,244.7,91,11.01,10.0,3,2.7,1,False,717.2,303,75.56,2.41,1.993939393939394,2.689010989010989,3.3333333333333335,0.36963190184049083,0.2752370329057445,0.3411879531511433,0.013943112102621304,False,False,False,False,0.1700113164843455,0.08500506585612969,0.044993870044953005,0.27,True,False,False,True
107,1,0,1,26,161.6,123,27.47,195.5,103,16.62,254.4,103,11.45,13.7,3,3.7,1,False,625.2,332,59.24000000000001,1.313821138211382,1.8980582524271845,2.469902912621359,4.566666666666666,0.2584772872680742,0.3126999360204734,0.40690978886756235,0.021912987843889953,False,False,False,False,0.16998762376237625,0.08501278772378518,0.04500786163522012,0.27007299270072993,True,False,False,True
137,1,0,0,0,243.4,114,41.38,121.2,110,10.3,162.6,104,7.32,12.2,5,3.29,0,False,539.4000000000001,333,62.290000000000006,2.135087719298246,1.1018181818181818,1.5634615384615385,2.44,0.4512421208750463,0.2246941045606229,0.30144605116796436,0.022617723396366328,False,False,False,False,0.17000821692686935,0.08498349834983498,0.045018450184501846,0.269672131147541,False,True,False,True
84,0,1,0,0,299.4,71,50.9,61.9,88,5.26,196.9,89,8.86,6.6,7,1.78,2,False,564.8,255,66.8,4.2169014084507035,0.7034090909090909,2.2123595505617977,0.9428571428571428,0.5300991501416431,0.10959631728045327,0.3486189801699717,0.011685552407932011,False,False,False,True,0.17000668002672012,0.08497576736672051,0.04499746063991874,0.2696969696969697,False,True,False,True
75,1,1,0,0,166.7,113,28.34,148.3,122,12.61,186.9,121,8.41,10.1,3,2.73,3,False,512.0,359,52.089999999999996,1.475221238938053,1.2155737704918033,1.5446280991735537,3.3666666666666667,0.3255859375,0.2896484375,0.3650390625,0.0197265625,False,False,False,True,0.17000599880023995,0.08503034389750505,0.04499732477260567,0.2702970297029703,False,True,False,True
118,2,1,0,0,223.4,98,37.98,220.6,101,18.75,203.9,118,9.18,6.3,6,1.7,0,False,654.1999999999999,323,67.61,2.279591836734694,2.1841584158415843,1.7279661016949153,1.05,0.3414857841638643,0.33720574747783555,0.3116783858147356,0.00963008254356466,False,False,False,True,0.17000895255147716,0.08499546690843156,0.04502206964198136,0.2698412698412698,False,True,False,True
121,2,0,1,24,218.2,88,37.09,348.5,108,29.62,212.6,118,9.57,7.5,7,2.03,3,False,786.8000000000001,321,78.31,2.4795454545454545,3.2268518518518516,1.8016949152542372,1.0714285714285714,0.27732587697000505,0.4429334011184545,0.27020843924758514,0.009532282663955262,False,False,False,False,0.16998166819431718,0.08499282639885222,0.04501411100658514,0.27066666666666667,True,False,False,True
147,1,1,0,0,157.0,79,26.69,103.1,94,8.76,211.8,96,9.53,7.1,6,1.92,0,False,479.00000000000006,275,46.900000000000006,1.9873417721518987,1.0968085106382979,2.2062500000000003,1.1833333333333333,0.32776617954070975,0.21524008350730686,0.44217118997912314,0.014822546972860123,False,False,False,True,0.17,0.08496605237633366,0.04499527856468366,0.27042253521126763,False,True,False,True
141,1,1,1,37,258.6,84,43.96,222.0,111,18.87,326.4,97,14.69,11.2,5,3.02,0,False,818.2,297,80.53999999999999,3.0785714285714287,2.0,3.364948453608247,2.2399999999999998,0.31605964311904183,0.2713273038376925,0.39892446834514783,0.013688584698117817,False,False,False,False,0.16999226604795048,0.085,0.04500612745098039,0.2696428571428572,True,False,False,True
74,1,0,0,0,187.7,127,31.91,163.4,148,13.89,196.0,94,8.82,9.1,5,2.46,0,False,556.2,374,57.08,1.4779527559055117,1.104054054054054,2.0851063829787235,1.8199999999999998,0.3374685364976627,0.2937792161093132,0.3523912261776339,0.016361021215390147,False,False,False,False,0.17000532765050613,0.08500611995104039,0.045,0.2703296703296703,False,True,False,True
168,0,0,0,0,128.8,96,21.9,104.9,71,8.92,141.1,128,6.35,11.2,2,3.02,1,False,386.0,297,40.190000000000005,1.3416666666666668,1.4774647887323944,1.10234375,5.6,0.333678756476684,0.2717616580310881,0.3655440414507772,0.029015544041450774,False,False,False,False,0.1700310559006211,0.08503336510962821,0.04500354358610914,0.2696428571428572,False,True,False,True
95,2,0,0,0,156.6,88,26.62,247.6,75,21.05,192.3,115,8.65,12.3,5,3.32,3,False,608.8,283,59.64,1.7795454545454545,3.3013333333333335,1.6721739130434783,2.46,0.25722733245729307,0.4067017082785808,0.31586727989487523,0.02020367936925099,False,False,False,False,0.1699872286079183,0.08501615508885299,0.04498179927197088,0.26991869918699185,False,True,False,True
62,1,0,0,0,120.7,70,20.52,307.2,76,26.11,203.0,99,9.14,13.1,6,3.54,4,False,644.0,251,59.309999999999995,1.7242857142857144,4.042105263157895,2.0505050505050506,2.183333333333333,0.18742236024844722,0.47701863354037266,0.31521739130434784,0.020341614906832298,False,False,False,False,0.1700082850041425,0.08499348958333333,0.045024630541871925,0.2702290076335878,False,True,False,True
85,0,0,1,27,196.4,139,33.39,280.9,90,23.88,89.3,75,4.02,13.8,4,3.73,1,False,580.3999999999999,308,65.02,1.41294964028777,3.121111111111111,1.1906666666666665,3.45,0.33838731909028263,0.48397656788421783,0.15385940730530673,0.023776705720192977,False,False,False,False,0.170010183299389,0.0850124599501602,0.04501679731243001,0.2702898550724638,True,False,False,True
93,2,0,0,0,190.7,114,32.42,218.2,111,18.55,129.6,121,5.83,8.1,3,2.19,3,False,546.6,349,58.989999999999995,1.6728070175438596,1.9657657657657657,1.071074380165289,2.6999999999999997,0.3488840102451518,0.39919502378338817,0.23710208562019758,0.014818880351262349,False,False,False,False,0.1700052438384898,0.08501374885426215,0.04498456790123457,0.27037037037037037,False,True,False,True
76,2,0,1,33,189.7,66,32.25,212.8,65,18.09,165.7,108,7.46,10.0,5,2.7,1,False,578.2,244,60.50000000000001,2.874242424242424,3.273846153846154,1.5342592592592592,2.0,0.3280871670702179,0.36803874092009686,0.28657903839501897,0.017295053614666205,False,False,False,False,0.17000527148128625,0.08500939849624059,0.04502112251056126,0.27,True,False,False,True
73,1,0,0,0,224.4,90,38.15,159.5,88,13.56,192.8,74,8.68,13.0,2,3.51,1,False,589.7,254,63.9,2.493333333333333,1.8125,2.6054054054054054,6.5,0.3805324741393929,0.2704765134814312,0.3269459046973037,0.022045107681872136,False,False,False,False,0.17000891265597146,0.08501567398119123,0.0450207468879668,0.26999999999999996,False,True,False,True
147,1,0,0,0,155.1,117,26.37,239.7,93,20.37,208.8,133,9.4,10.6,4,2.86,0,False,614.1999999999999,347,59.0,1.3256410256410256,2.5774193548387094,1.5699248120300753,2.65,0.2525236079452947,0.39026375773363725,0.3399544122435689,0.017258222077499188,False,False,False,False,0.1700193423597679,0.08498122653316646,0.045019157088122604,0.269811320754717,False,True,False,True
77,0,0,0,0,62.4,89,10.61,169.9,121,14.44,209.6,64,9.43,5.7,6,1.54,5,True,447.59999999999997,280,36.019999999999996,0.701123595505618,1.4041322314049587,3.275,0.9500000000000001,0.13941018766756033,0.3795799821268991,0.4682752457551385,0.012734584450402146,True,False,False,False,0.1700320512820513,0.08499117127722189,0.044990458015267173,0.27017543859649124,False,True,False,True
130,1,0,0,0,183.0,112,31.11,72.9,99,6.2,181.8,78,8.18,9.5,19,2.57,0,False,447.20000000000005,308,48.06,1.6339285714285714,0.7363636363636364,2.330769230769231,0.5,0.40921288014311263,0.16301431127012522,0.40652951699463324,0.0212432915921288,False,False,False,False,0.16999999999999998,0.0850480109739369,0.04499449944994499,0.27052631578947367,False,True,False,True
132,2,0,0,0,81.1,86,13.79,245.2,72,20.84,237.0,115,10.67,10.3,2,2.78,0,False,573.5999999999999,275,48.08,0.9430232558139534,3.4055555555555554,2.0608695652173914,5.15,0.14138772663877266,0.4274755927475593,0.4131799163179917,0.017956764295676435,False,False,False,False,0.17003699136868064,0.08499184339314846,0.0450210970464135,0.2699029126213592,False,True,False,True
174,1,0,0,0,124.3,76,21.13,277.1,112,23.55,250.7,115,11.28,15.5,5,4.19,3,False,667.6,308,60.15,1.6355263157894737,2.474107142857143,2.1799999999999997,3.1,0.18618933493109646,0.41506890353505094,0.3755242660275614,0.02321749550629119,False,False,False,False,0.16999195494770716,0.08498736918080114,0.044994016753091344,0.2703225806451613,False,True,False,True
57,0,0,1,39,213.0,115,36.21,191.1,112,16.24,182.7,115,8.22,9.5,3,2.57,0,False,596.3,345,63.24,1.8521739130434782,1.70625,1.5886956521739128,3.1666666666666665,0.3572027502934765,0.32047627033372467,0.3063894013080664,0.01593157806473252,False,False,False,False,0.17,0.08498168498168497,0.04499178981937603,0.27052631578947367,True,False,False,True
54,0,0,0,0,134.3,73,22.83,155.5,100,13.22,102.1,68,4.59,14.7,4,3.97,3,False,406.59999999999997,245,44.61,1.8397260273972604,1.555,1.5014705882352941,3.675,0.3303000491883916,0.38243974422036403,0.2511067388096409,0.03615346778160354,False,False,False,False,0.16999255398361873,0.08501607717041801,0.04495592556317336,0.27006802721088435,False,True,False,True
20,1,0,0,0,190.0,109,32.3,258.2,84,21.95,181.5,102,8.17,6.3,6,1.7,0,False,636.0,301,64.12,1.7431192660550459,3.0738095238095235,1.7794117647058822,1.05,0.29874213836477986,0.40597484276729556,0.28537735849056606,0.00990566037735849,False,False,False,False,0.16999999999999998,0.08501161890007745,0.04501377410468319,0.2698412698412698,False,True,True,False
142,1,0,0,0,84.8,95,14.42,136.7,63,11.62,250.5,148,11.27,14.2,6,3.83,2,False,486.2,312,41.14,0.8926315789473684,2.1698412698412697,1.6925675675675675,2.3666666666666667,0.174413821472645,0.2811600164541341,0.5152200740436035,0.029206088029617442,False,False,False,False,0.17004716981132076,0.08500365764447695,0.04499001996007984,0.26971830985915496,False,True,False,True
75,2,0,0,0,226.1,105,38.44,201.5,107,17.13,246.2,98,11.08,10.3,5,2.78,1,False,684.0999999999999,315,69.42999999999999,2.1533333333333333,1.8831775700934579,2.5122448979591834,2.06,0.3305072357842421,0.2945475807630464,0.3598889051308289,0.015056278321882768,False,False,False,False,0.17001326846528084,0.08501240694789082,0.04500406173842405,0.2699029126213592,False,True,False,True
172,0,0,0,0,212.0,121,36.04,31.2,115,2.65,293.3,78,13.2,12.6,10,3.4,3,False,549.1,324,55.29,1.7520661157024793,0.271304347826087,3.76025641025641,1.26,0.3860863230741213,0.05682025132034237,0.5341467856492442,0.022946639956292113,False,False,False,False,0.16999999999999998,0.08493589743589744,0.04500511421752471,0.2698412698412698,False,True,False,True
12,0,0,0,0,249.6,118,42.43,252.4,119,21.45,280.2,90,12.61,11.8,3,3.19,1,True,794.0,330,79.67999999999999,2.1152542372881356,2.1210084033613446,3.1133333333333333,3.9333333333333336,0.31435768261964736,0.3178841309823678,0.352896725440806,0.014861460957178841,False,False,False,False,0.1699919871794872,0.08498415213946117,0.045003568879371875,0.2703389830508474,False,True,True,False
57,0,0,1,25,176.8,94,30.06,195.0,75,16.58,213.5,116,9.61,8.3,4,2.24,0,False,593.5999999999999,289,58.49,1.8808510638297873,2.6,1.8405172413793103,2.075,0.29784366576819415,0.3285040431266847,0.35966981132075476,0.01398247978436658,False,False,False,False,0.17002262443438912,0.08502564102564102,0.045011709601873534,0.26987951807228916,True,False,False,True
72,1,0,1,37,220.0,80,37.4,217.3,102,18.47,152.8,71,6.88,14.7,6,3.97,3,False,604.8000000000001,259,66.72,2.75,2.130392156862745,2.1521126760563383,2.4499999999999997,0.3637566137566137,0.359292328042328,0.2526455026455026,0.024305555555555552,False,False,False,False,0.16999999999999998,0.0849976990335941,0.0450261780104712,0.27006802721088435,True,False,False,True
78,1,0,0,0,130.8,64,22.24,223.7,116,19.01,227.8,108,10.25,10.0,5,2.7,1,False,592.3,293,54.2,2.04375,1.928448275862069,2.109259259259259,2.0,0.22083403680567285,0.3776802296133716,0.384602397433733,0.01688333614722269,False,False,False,False,0.17003058103975532,0.08497988377291016,0.04499561018437225,0.27,False,True,False,True
136,1,1,1,33,203.9,106,34.66,187.6,99,15.95,101.7,107,4.58,10.5,6,2.84,3,False,503.7,318,58.03,1.9235849056603773,1.894949494949495,0.9504672897196262,1.75,0.40480444709152275,0.372443915028787,0.20190589636688505,0.02084574151280524,False,False,False,False,0.16998528690534573,0.08502132196162047,0.04503441494591937,0.2704761904761905,True,False,False,True
149,0,0,0,0,140.4,94,23.87,271.8,92,23.1,188.3,108,8.47,11.1,9,3.0,1,False,611.6,303,58.44,1.4936170212765958,2.9543478260869565,1.7435185185185187,1.2333333333333334,0.22956180510137345,0.44440810987573576,0.3078809679529104,0.01814911706998038,False,False,False,False,0.170014245014245,0.08498896247240618,0.04498141263940521,0.2702702702702703,False,True,False,True
98,0,0,0,0,126.3,102,21.47,166.8,85,14.18,187.8,135,8.45,9.4,2,2.54,3,False,490.3,324,46.63999999999999,1.238235294117647,1.9623529411764706,1.3911111111111112,4.7,0.25759738935345705,0.34019987762594334,0.38303079747093616,0.019171935549663472,False,False,False,False,0.16999208234362628,0.08501199040767385,0.04499467518636847,0.2702127659574468,False,True,False,True
135,0,1,1,41,173.1,85,29.43,203.9,107,17.33,122.2,78,5.5,14.6,15,3.94,0,True,513.8,285,56.199999999999996,2.0364705882352943,1.905607476635514,1.5666666666666667,0.9733333333333333,0.3369015181004282,0.3968470221876217,0.2378357337485403,0.02841572596340989,False,False,False,False,0.17001733102253033,0.08499264345267286,0.045008183306055646,0.26986301369863014,True,False,False,True
34,2,0,0,0,124.8,82,21.22,282.2,98,23.99,311.5,78,14.02,10.0,4,2.7,2,False,728.5,262,61.92999999999999,1.5219512195121951,2.8795918367346935,3.9935897435897436,2.5,0.17131091283459163,0.38737131091283455,0.42759094028826355,0.013726835964310227,False,False,False,False,0.1700320512820513,0.08501063075832742,0.045008025682182984,0.27,False,True,False,True
160,1,0,0,0,85.8,77,14.59,165.3,110,14.05,178.5,92,8.03,9.2,4,2.48,3,False,438.8,283,39.15,1.1142857142857143,1.502727272727273,1.940217391304348,2.3,0.19553327256153144,0.37670920692798543,0.4067912488605287,0.02096627164995442,False,False,False,False,0.17004662004662005,0.08499697519661222,0.0449859943977591,0.26956521739130435,False,True,False,True
64,2,0,0,0,154.0,67,26.18,225.8,118,19.19,265.3,86,11.94,3.5,3,0.95,1,False,648.6,274,58.260000000000005,2.298507462686567,1.9135593220338984,3.084883720930233,1.1666666666666667,0.23743447425223557,0.34813444341658956,0.40903484427998765,0.005396238051187172,False,False,False,False,0.16999999999999998,0.08498671390611161,0.04500565397663023,0.2714285714285714,False,True,False,True
59,0,0,1,28,120.9,97,20.55,213.0,92,18.11,163.1,116,7.34,8.5,5,2.3,2,False,505.5,310,48.3,1.2463917525773196,2.3152173913043477,1.4060344827586206,1.7,0.23916913946587537,0.42136498516320475,0.32265084075173095,0.016815034619188922,False,False,False,False,0.16997518610421836,0.08502347417840375,0.045003065603923975,0.27058823529411763,True,False,False,True
142,0,0,0,0,187.0,133,31.79,134.6,74,11.44,242.2,127,10.9,7.4,5,2.0,2,False,571.1999999999999,339,56.129999999999995,1.406015037593985,1.8189189189189188,1.9070866141732283,1.48,0.32738095238095244,0.23564425770308126,0.4240196078431373,0.012955182072829134,False,False,False,False,0.16999999999999998,0.0849925705794948,0.045004128819157725,0.27027027027027023,False,True,False,True
97,1,0,1,24,133.2,135,22.64,217.2,58,18.46,70.6,79,3.18,11.0,3,2.97,1,False,432.0,275,47.25,0.9866666666666666,3.7448275862068963,0.8936708860759492,3.6666666666666665,0.3083333333333333,0.5027777777777778,0.16342592592592592,0.02546296296296296,False,False,False,False,0.16996996996997,0.08499079189686926,0.04504249291784703,0.27,True,False,False,True
52,0,0,0,0,191.9,108,32.62,269.8,96,22.93,236.8,87,10.66,7.8,5,2.11,3,False,706.3,296,68.32,1.776851851851852,2.810416666666667,2.72183908045977,1.56,0.271697578932465,0.3819906555288122,0.3352682995894096,0.011043465949313323,False,False,False,False,0.16998436685773838,0.08498888065233506,0.04501689189189189,0.2705128205128205,False,True,False,True
60,0,0,0,0,220.6,57,37.5,211.1,115,17.94,249.0,129,11.21,6.8,3,1.84,1,False,687.5,304,68.49000000000001,3.8701754385964913,1.8356521739130434,1.930232558139535,2.2666666666666666,0.32087272727272725,0.30705454545454547,0.36218181818181816,0.00989090909090909,False,False,False,False,0.16999093381686312,0.08498342018000948,0.04502008032128514,0.2705882352941177,False,True,False,True
96,1,0,0,0,160.2,117,27.23,267.5,67,22.74,228.5,68,10.28,9.3,5,2.51,2,False,665.5,257,62.76,1.369230769230769,3.9925373134328357,3.360294117647059,1.86,0.2407212622088655,0.4019534184823441,0.34335086401202103,0.013974455296769347,False,False,False,False,0.16997503121098628,0.08500934579439252,0.0449890590809628,0.2698924731182795,False,True,False,True
87,1,0,0,0,151.0,83,25.67,219.7,116,18.67,203.9,127,9.18,9.7,3,2.62,5,True,584.3000000000001,329,56.14,1.819277108433735,1.8939655172413792,1.6055118110236222,3.233333333333333,0.258428889269211,0.3760054766387129,0.34896457299332534,0.01660106109875064,True,False,False,False,0.17,0.08497951752389624,0.04502206964198136,0.2701030927835052,False,True,False,True
81,0,0,0,0,175.5,67,29.84,249.3,85,21.19,270.2,98,12.16,10.2,3,2.75,1,False,705.2,253,65.94,2.6194029850746268,2.9329411764705884,2.757142857142857,3.4,0.24886557005104934,0.353516732841747,0.3831537152580828,0.014463981849120814,False,False,False,False,0.17002849002849002,0.08499799438427598,0.04500370096225019,0.26960784313725494,False,True,False,True
141,1,0,0,0,126.9,98,21.57,180.0,62,15.3,140.8,128,6.34,8.0,2,2.16,1,False,455.7,290,45.370000000000005,1.2948979591836736,2.903225806451613,1.1,4.0,0.2784726793943384,0.39499670836076367,0.3089752029844196,0.017555409260478386,False,False,False,False,0.16997635933806146,0.085,0.045028409090909084,0.27,False,True,False,True
121,0,0,1,30,198.4,129,33.73,75.3,77,6.4,181.2,77,8.15,5.8,3,1.57,3,True,460.7,286,49.849999999999994,1.537984496124031,0.9779220779220779,2.353246753246753,1.9333333333333333,0.4306490123724767,0.16344692858693294,0.39331452138050793,0.012589537660082483,False,False,False,False,0.17001008064516127,0.08499335989375831,0.04497792494481237,0.27068965517241383,True,False,False,True
125,0,0,0,0,229.3,103,38.98,177.4,126,15.08,189.3,95,8.52,12.0,8,3.24,1,False,608.0,332,65.82,2.2262135922330097,1.407936507936508,1.9926315789473685,1.5,0.37713815789473687,0.2917763157894737,0.31134868421052636,0.019736842105263157,False,False,False,False,0.16999563890100303,0.08500563697857948,0.04500792393026941,0.27,False,True,False,True
174,0,0,0,0,192.1,97,32.66,169.9,94,14.44,166.6,54,7.5,11.4,4,3.08,1,False,540.0,249,57.67999999999999,1.9804123711340205,1.8074468085106383,3.085185185185185,2.85,0.35574074074074075,0.31462962962962965,0.3085185185185185,0.021111111111111112,False,False,False,False,0.1700156168662155,0.08499117127722189,0.045018007202881155,0.27017543859649124,False,True,False,True
116,1,0,1,34,268.6,83,45.66,178.2,142,15.15,166.3,106,7.48,11.6,3,3.13,2,False,624.7,334,71.41999999999999,3.236144578313253,1.2549295774647886,1.568867924528302,3.8666666666666667,0.42996638386425484,0.2852569233231951,0.26620777973427245,0.01856891307827757,False,False,False,False,0.16999255398361873,0.08501683501683502,0.0449789536981359,0.26982758620689656,True,False,False,True
149,0,0,1,28,180.7,92,30.72,187.8,64,15.96,265.5,53,11.95,12.6,3,3.4,3,False,646.6,212,62.029999999999994,1.9641304347826085,2.934375,5.009433962264151,4.2,0.27946180018558614,0.2904423136405815,0.4106093411691927,0.01948654500463965,False,False,False,False,0.170005534034311,0.08498402555910543,0.04500941619585687,0.2698412698412698,True,False,False,True
38,0,0,0,0,131.2,98,22.3,162.9,97,13.85,159.0,106,7.15,8.2,6,2.21,2,False,461.3,307,45.51,1.3387755102040815,1.679381443298969,1.5,1.3666666666666665,0.28441361370041185,0.3531324517667462,0.3446780836765662,0.01777585085627574,False,False,False,False,0.16996951219512196,0.08502148557397175,0.0449685534591195,0.26951219512195124,False,True,False,True
40,1,0,1,41,148.1,74,25.18,169.5,88,14.41,214.1,102,9.63,6.2,5,1.67,2,False,537.9000000000001,269,50.89000000000001,2.0013513513513512,1.9261363636363635,2.0990196078431373,1.24,0.27532998698642863,0.31511433351924145,0.39802937348949613,0.011526306004833611,False,False,False,False,0.1700202565833896,0.08501474926253687,0.04497898178421299,0.2693548387096774,True,False,False,True
43,1,1,0,0,251.5,105,42.76,212.8,104,18.09,157.8,67,7.1,9.3,4,2.51,0,False,631.4,280,70.46,2.395238095238095,2.0461538461538464,2.355223880597015,2.325,0.39832119100411784,0.3370288248337029,0.24992081089642068,0.014729173265758634,False,False,False,True,0.17001988071570576,0.08500939849624059,0.04499366286438529,0.2698924731182795,False,True,False,True
113,0,1,0,0,125.2,93,21.28,206.4,119,17.54,129.3,139,5.82,8.3,8,2.24,0,False,469.20000000000005,359,46.88,1.346236559139785,1.734453781512605,0.9302158273381296,1.0375,0.2668371696504689,0.43989769820971864,0.2755754475703325,0.017689684569479967,False,False,False,True,0.16996805111821087,0.08498062015503875,0.04501160092807424,0.26987951807228916,False,True,False,True
126,0,0,0,0,211.6,70,35.97,216.9,80,18.44,153.5,60,6.91,7.8,1,2.11,1,False,589.8,211,63.42999999999999,3.0228571428571427,2.71125,2.558333333333333,7.8,0.35876568328246866,0.36775178026449645,0.2602577144794846,0.013224821973550356,False,False,False,False,0.1699905482041588,0.08501613646841863,0.045016286644951144,0.2705128205128205,False,True,False,True
150,2,0,0,0,178.9,101,30.41,169.1,110,14.37,148.6,100,6.69,13.8,3,3.73,4,True,510.40000000000003,314,55.199999999999996,1.7712871287128713,1.5372727272727271,1.486,4.6000000000000005,0.3505094043887147,0.33130877742946707,0.2911442006269592,0.027037617554858933,False,False,False,False,0.16998323085522637,0.0849793021880544,0.04502018842530283,0.2702898550724638,False,True,False,True
138,0,0,0,0,241.8,93,41.11,170.5,83,14.49,295.3,104,13.29,11.8,7,3.19,3,False,719.4,287,72.08,2.6,2.0542168674698793,2.839423076923077,1.6857142857142857,0.33611342785654713,0.23700305810397554,0.410480956352516,0.016402557686961357,False,False,False,False,0.17001654259718774,0.08498533724340177,0.045005079580088043,0.2703389830508474,False,True,False,True
162,2,0,1,46,224.9,97,38.23,188.2,84,16.0,254.6,61,11.46,12.1,2,3.27,0,False,679.8000000000001,244,68.96,2.318556701030928,2.2404761904761905,4.173770491803278,6.05,0.33083259782288904,0.2768461312150632,0.37452191821123854,0.017799352750809058,False,False,False,False,0.1699866607381058,0.08501594048884166,0.045011783189316576,0.2702479338842975,True,False,False,True
147,2,0,0,0,248.6,83,42.26,148.9,85,12.66,172.5,109,7.76,8.0,4,2.16,3,False,578.0,281,64.84,2.995180722891566,1.7517647058823531,1.5825688073394495,2.0,0.4301038062283737,0.25761245674740485,0.2984429065743945,0.01384083044982699,False,False,False,False,0.16999195494770716,0.0850235057085292,0.04498550724637681,0.27,False,True,False,True
90,1,0,0,0,203.4,146,34.58,226.7,117,19.27,152.4,105,6.86,7.3,4,1.97,1,False,589.8,372,62.67999999999999,1.393150684931507,1.9376068376068376,1.4514285714285715,1.825,0.3448626653102747,0.3843675822312648,0.25839267548321465,0.012377076975245847,False,False,False,False,0.17000983284169124,0.08500220555800618,0.045013123359580055,0.26986301369863014,False,True,False,True
50,1,0,0,0,157.1,90,26.71,223.3,72,18.98,181.4,111,8.16,6.1,2,1.65,1,False,567.9,275,55.49999999999999,1.7455555555555555,3.101388888888889,1.6342342342342342,3.05,0.2766332100721958,0.39320302870223633,0.3194224335270294,0.010741327698538475,False,False,False,False,0.17001909611712288,0.08499776085982982,0.04498346196251378,0.27049180327868855,False,True,False,True
82,1,0,0,0,300.3,109,51.05,181.0,100,15.39,270.1,73,12.15,11.7,4,3.16,0,True,763.1000000000001,286,81.75,2.7550458715596333,1.81,3.7,2.925,0.39352640545144796,0.2371904075481588,0.3539509893854016,0.015332197614991478,False,False,False,False,0.16999666999666999,0.08502762430939227,0.04498333950388745,0.2700854700854701,False,True,False,True
144,0,0,0,0,61.6,117,10.47,77.1,85,6.55,173.0,99,7.79,8.2,7,2.21,4,True,319.9,308,27.02,0.5264957264957265,0.9070588235294117,1.7474747474747474,1.1714285714285713,0.1925601750547046,0.24101281650515785,0.5407939981244139,0.025633010315723664,False,False,False,False,0.16996753246753246,0.08495460440985733,0.045028901734104045,0.26951219512195124,False,True,False,True
70,0,0,0,0,170.2,98,28.93,155.2,102,13.19,228.6,76,10.29,15.0,2,4.05,1,False,569.0,278,56.459999999999994,1.736734693877551,1.5215686274509803,3.0078947368421054,7.5,0.2991212653778559,0.2727592267135325,0.40175746924428823,0.026362038664323375,False,False,False,False,0.16997649823736782,0.08498711340206186,0.04501312335958005,0.26999999999999996,False,True,False,True
144,1,0,0,0,201.1,99,34.19,303.5,74,25.8,224.0,119,10.08,13.2,2,3.56,1,False,741.8000000000001,294,73.63,2.0313131313131314,4.101351351351352,1.8823529411764706,6.6,0.27109733081693177,0.4091399299002426,0.30196818549474247,0.017794553788083037,False,False,False,False,0.17001491795126802,0.08500823723228995,0.045,0.2696969696969697,False,True,False,True
116,1,1,0,0,215.4,104,36.62,204.8,79,17.41,278.5,109,12.53,12.6,5,3.4,3,False,711.3000000000001,297,69.96000000000001,2.0711538461538463,2.5924050632911393,2.555045871559633,2.52,0.3028258118937157,0.28792352031491636,0.39153662308449316,0.017714044706874734,False,False,False,True,0.17000928505106777,0.085009765625,0.04499102333931777,0.2698412698412698,False,True,False,True
55,0,0,1,25,165.6,123,28.15,136.1,95,11.57,175.7,90,7.91,11.0,2,2.97,3,False,488.4,310,50.599999999999994,1.346341463414634,1.4326315789473683,1.952222222222222,5.5,0.3390663390663391,0.2786650286650287,0.35974610974610977,0.022522522522522525,False,False,False,False,0.16998792270531402,0.08501102130786187,0.0450199203187251,0.27,True,False,False,True
70,1,0,1,24,249.5,101,42.42,259.7,98,22.07,222.7,68,10.02,9.8,4,2.65,1,False,741.6999999999999,271,77.16000000000001,2.4702970297029703,2.65,3.275,2.45,0.3363893757583929,0.35014156667116086,0.3002561682621006,0.013212889308345695,False,False,False,False,0.17002004008016033,0.08498267231420871,0.044993264481365064,0.2704081632653061,True,False,False,True
106,2,0,0,0,210.6,96,35.8,249.2,85,21.18,191.4,88,8.61,12.4,1,3.35,2,True,663.5999999999999,270,68.94,2.19375,2.931764705882353,2.1750000000000003,12.4,0.3173598553345389,0.3755274261603376,0.28842676311030746,0.018685955394816156,False,False,False,False,0.16999050332383664,0.08499197431781702,0.04498432601880877,0.2701612903225806,False,True,False,True
94,0,0,0,0,157.9,105,26.84,155.0,101,13.18,189.6,84,8.53,8.0,5,2.16,4,True,510.5,295,50.709999999999994,1.503809523809524,1.5346534653465347,2.257142857142857,1.6,0.3093046033300686,0.3036238981390793,0.3714005876591577,0.015670910871694418,False,False,False,False,0.16998100063331223,0.08503225806451613,0.044989451476793244,0.27,False,True,False,True
111,2,0,0,0,214.3,118,36.43,208.5,76,17.72,182.4,98,8.21,12.0,2,3.24,1,False,617.2,294,65.6,1.8161016949152544,2.7434210526315788,1.8612244897959185,6.0,0.34721322099805574,0.33781594296824363,0.2955281918340894,0.019442644199611146,False,False,False,False,0.1699953336444237,0.08498800959232614,0.0450109649122807,0.27,False,True,False,True
74,1,0,1,35,154.1,104,26.2,123.4,84,10.49,202.1,57,9.09,10.9,9,2.94,2,False,490.5,254,48.72,1.481730769230769,1.4690476190476192,3.545614035087719,1.2111111111111112,0.31416921508664625,0.2515800203873598,0.41202854230377167,0.022222222222222223,False,False,False,False,0.1700194678780013,0.08500810372771475,0.044977733795150916,0.2697247706422018,True,False,False,True
128,1,0,0,0,237.9,125,40.44,247.6,93,21.05,208.9,68,9.4,13.9,4,3.75,1,True,708.3,290,74.64,1.9032,2.6623655913978492,3.072058823529412,3.475,0.33587462939432444,0.34956939150077654,0.2949315261894678,0.019624452915431315,False,False,False,False,0.1699873896595208,0.08501615508885299,0.044997606510292006,0.2697841726618705,False,True,False,True
82,2,0,0,0,143.9,61,24.46,194.9,105,16.57,109.6,94,4.93,11.1,2,3.0,1,False,459.5,262,48.96,2.359016393442623,1.8561904761904762,1.1659574468085105,5.55,0.3131664853101197,0.42415669205658324,0.2385201305767138,0.024156692056583242,False,False,False,False,0.16997915218902016,0.08501795792714212,0.04498175182481752,0.2702702702702703,False,True,False,True
80,1,0,0,0,124.3,100,21.13,173.0,107,14.71,253.2,62,11.39,7.9,9,2.13,1,False,558.4,278,49.36000000000001,1.2429999999999999,1.6168224299065421,4.083870967741936,0.8777777777777778,0.2226002865329513,0.3098137535816619,0.45343839541547276,0.014147564469914041,False,False,False,False,0.16999195494770716,0.08502890173410405,0.04498420221169037,0.26962025316455696,False,True,False,True
78,1,0,0,0,252.9,93,42.99,178.4,112,15.16,263.9,105,11.88,9.5,7,2.57,3,False,704.7,317,72.6,2.7193548387096773,1.592857142857143,2.513333333333333,1.3571428571428572,0.35887611749680715,0.25315737193131826,0.3744855967078189,0.013480913864055626,False,False,False,False,0.16998813760379597,0.08497757847533632,0.045017051913603646,0.27052631578947367,False,True,False,True
90,1,0,0,0,179.1,71,30.45,190.6,81,16.2,127.7,91,5.75,10.6,7,2.86,3,False,508.0,250,55.26,2.5225352112676056,2.3530864197530863,1.4032967032967034,1.5142857142857142,0.3525590551181102,0.37519685039370076,0.2513779527559055,0.020866141732283464,False,False,False,False,0.17001675041876047,0.08499475341028331,0.04502740798747063,0.269811320754717,False,True,False,True
104,0,0,0,0,278.4,106,47.33,81.0,113,6.89,163.2,137,7.34,9.8,5,2.65,1,False,532.3999999999999,361,64.21000000000001,2.6264150943396225,0.7168141592920354,1.1912408759124087,1.9600000000000002,0.5229151014274982,0.15214124718256952,0.3065364387678438,0.01840721262208866,False,False,False,False,0.17000718390804598,0.08506172839506172,0.04497549019607843,0.2704081632653061,False,True,False,True
99,1,0,0,0,198.2,87,33.69,207.3,76,17.62,190.9,113,8.59,8.7,3,2.35,4,False,605.1,279,62.25000000000001,2.27816091954023,2.7276315789473684,1.6893805309734513,2.9,0.3275491654272021,0.34258800198314326,0.31548504379441417,0.014377788795240454,False,False,False,False,0.16997981836528758,0.08499758803666184,0.04499738082765846,0.2701149425287357,False,True,False,True
120,0,0,0,0,212.1,131,36.06,209.4,104,17.8,167.2,96,7.52,5.3,5,1.43,1,True,594.0,336,62.809999999999995,1.619083969465649,2.0134615384615384,1.7416666666666665,1.06,0.35707070707070704,0.3525252525252525,0.28148148148148144,0.008922558922558922,False,False,False,False,0.17001414427157002,0.08500477554918816,0.044976076555023926,0.269811320754717,False,True,False,True
98,2,0,1,21,161.2,114,27.4,252.2,83,21.44,160.2,92,7.21,4.4,8,1.19,4,False,577.9999999999999,297,57.24,1.4140350877192982,3.0385542168674697,1.7413043478260868,0.55,0.2788927335640139,0.4363321799307959,0.2771626297577855,0.007612456747404846,False,False,False,False,0.16997518610421836,0.08501189532117367,0.04500624219725344,0.27045454545454545,True,False,False,True
135,1,0,0,0,151.7,82,25.79,119.0,105,10.12,180.0,100,8.1,10.5,6,2.84,0,False,461.2,293,46.849999999999994,1.8499999999999999,1.1333333333333333,1.8,1.75,0.32892454466608845,0.2580225498699046,0.39028620988725066,0.02276669557675629,False,False,False,False,0.17000659195781148,0.08504201680672269,0.045,0.2704761904761905,False,True,False,True
122,0,0,0,0,170.5,94,28.99,173.7,109,14.76,248.6,75,11.19,11.3,2,3.05,1,False,604.0999999999999,280,57.989999999999995,1.8138297872340425,1.593577981651376,3.3146666666666667,5.65,0.2822380400595928,0.2875351762953154,0.4115212713126966,0.018705512332395303,False,False,False,False,0.17002932551319647,0.0849740932642487,0.04501206757843926,0.26991150442477874,False,True,False,True
95,0,0,0,0,238.1,65,40.48,187.2,98,15.91,190.0,115,8.55,11.8,4,3.19,4,False,627.0999999999999,282,68.13,3.663076923076923,1.9102040816326529,1.6521739130434783,2.95,0.3796842608834317,0.2985169829373306,0.3029819805453676,0.0188167756338702,False,False,False,False,0.17001259974800503,0.08498931623931624,0.045000000000000005,0.2703389830508474,False,True,False,True
93,2,0,1,21,117.9,131,20.04,164.5,115,13.98,217.0,86,9.76,9.8,3,2.65,1,False,509.2,335,46.42999999999999,0.9,1.4304347826086956,2.5232558139534884,3.266666666666667,0.23153967007069914,0.3230557737627651,0.4261586802827966,0.0192458758837392,False,False,False,False,0.16997455470737913,0.08498480243161094,0.04497695852534562,0.2704081632653061,True,False,False,True
157,0,0,0,0,229.8,90,39.07,147.9,121,12.57,241.4,108,10.86,9.6,7,2.59,3,False,628.7,326,65.09,2.5533333333333337,1.2223140495867768,2.2351851851851854,1.3714285714285714,0.36551614442500396,0.2352473357722284,0.38396691585811993,0.015269603944647684,False,False,False,False,0.17001740644038293,0.08498985801217038,0.044987572493786245,0.26979166666666665,False,True,False,True
120,0,0,0,0,165.0,100,28.05,317.2,83,26.96,119.2,86,5.36,8.3,8,2.24,1,False,609.6999999999999,277,62.61000000000001,1.65,3.8216867469879516,1.386046511627907,1.0375,0.27062489749056917,0.5202558635394456,0.1955059865507627,0.013613252419222571,False,False,False,False,0.17,0.08499369482976041,0.04496644295302014,0.26987951807228916,False,True,False,True
103,1,0,0,0,185.0,117,31.45,223.3,94,18.98,222.8,91,10.03,12.6,2,3.4,2,False,643.7,304,63.86,1.5811965811965811,2.375531914893617,2.4483516483516485,6.3,0.2874009631816063,0.34690073015379835,0.34612397079384805,0.01957433587074724,False,False,False,False,0.16999999999999998,0.08499776085982982,0.04501795332136445,0.2698412698412698,False,True,False,True
98,0,0,0,0,161.0,117,27.37,190.9,113,16.23,227.7,113,10.25,12.1,4,3.27,4,False,591.6999999999999,347,57.120000000000005,1.376068376068376,1.6893805309734513,2.0150442477876105,3.025,0.272097346628359,0.3226297110021971,0.3848233902315363,0.020449552137907726,False,False,False,False,0.17,0.08501833420639078,0.045015371102327624,0.2702479338842975,False,True,False,True
125,0,0,0,0,126.7,108,21.54,206.0,90,17.51,247.8,114,11.15,13.3,7,3.59,1,False,593.8,319,53.78999999999999,1.1731481481481483,2.2888888888888888,2.173684210526316,1.9000000000000001,0.21337150555742676,0.3469181542606939,0.4173122263388347,0.022398113843044798,False,False,False,False,0.17000789265982635,0.085,0.04499596448748991,0.2699248120300752,False,True,False,True
36,2,1,1,42,196.8,89,33.46,254.9,122,21.67,138.3,126,6.22,20.0,6,5.4,0,True,610.0,343,66.75,2.2112359550561798,2.089344262295082,1.0976190476190477,3.3333333333333335,0.3226229508196721,0.4178688524590164,0.22672131147540986,0.03278688524590164,False,False,False,False,0.17002032520325203,0.0850137308748529,0.044974692697035426,0.27,True,False,False,True
64,2,0,0,0,162.6,83,27.64,152.3,109,12.95,57.5,122,2.59,14.2,3,3.83,1,False,386.59999999999997,317,47.010000000000005,1.959036144578313,1.3972477064220183,0.4713114754098361,4.733333333333333,0.4205897568546301,0.3939472322814279,0.1487325400931195,0.03673047077082256,False,False,False,False,0.16998769987699877,0.08502954694681548,0.04504347826086956,0.26971830985915496,False,True,False,True
74,1,0,0,0,282.5,114,48.03,219.9,48,18.69,170.0,115,7.65,9.4,4,2.54,1,True,681.8,281,76.91000000000001,2.4780701754385963,4.58125,1.4782608695652173,2.35,0.41434438251686717,0.322528600762687,0.24933998239953067,0.013787034320915225,False,False,False,False,0.17001769911504425,0.08499317871759891,0.045000000000000005,0.2702127659574468,False,True,False,True
112,2,0,1,36,113.7,117,19.33,157.5,82,13.39,177.6,118,7.99,10.0,3,2.7,2,False,458.79999999999995,320,43.410000000000004,0.9717948717948718,1.920731707317073,1.505084745762712,3.3333333333333335,0.24782040104620753,0.3432868352223191,0.38709677419354843,0.021795989537925022,False,False,False,False,0.1700087950747581,0.08501587301587302,0.044988738738738744,0.27,True,False,False,True
46,0,0,0,0,210.2,92,35.73,227.3,77,19.32,200.1,116,9.0,13.1,7,3.54,1,False,650.7,292,67.59,2.284782608695652,2.951948051948052,1.7249999999999999,1.8714285714285714,0.32303672967573377,0.3493161211003535,0.30751498386353154,0.020132165360381125,False,False,False,False,0.16998097050428163,0.08499780026396832,0.044977511244377814,0.2702290076335878,False,True,False,True
41,0,0,1,22,213.8,102,36.35,141.8,86,12.05,142.2,123,6.4,7.2,3,1.94,0,False,505.0,314,56.74,2.096078431372549,1.6488372093023258,1.1560975609756097,2.4,0.4233663366336634,0.2807920792079208,0.28158415841584156,0.014257425742574258,False,False,False,False,0.17001870907390085,0.08497884344146685,0.04500703234880451,0.26944444444444443,True,False,False,True
121,2,0,0,0,190.7,103,32.42,183.5,117,15.6,220.8,103,9.94,9.8,4,2.65,3,False,604.8,327,60.61,1.8514563106796116,1.5683760683760684,2.14368932038835,2.45,0.31531084656084657,0.30340608465608465,0.3650793650793651,0.016203703703703706,False,False,False,False,0.1700052438384898,0.08501362397820163,0.04501811594202898,0.2704081632653061,False,True,False,True
193,1,0,0,0,170.9,124,29.05,132.3,95,11.25,112.9,89,5.08,11.6,3,3.13,1,False,427.70000000000005,311,48.51,1.3782258064516129,1.3926315789473684,1.2685393258426967,3.8666666666666667,0.3995791442599953,0.309328968903437,0.26397007248071075,0.027121814355856904,False,False,False,False,0.16998244587478056,0.08503401360544217,0.0449955713020372,0.26982758620689656,False,True,False,True
130,2,0,0,0,154.2,119,26.21,110.2,98,9.37,227.4,117,10.23,9.2,5,2.48,2,False,500.99999999999994,339,48.29,1.295798319327731,1.1244897959183673,1.9435897435897436,1.8399999999999999,0.3077844311377246,0.2199600798403194,0.45389221556886233,0.018363273453093812,False,False,False,False,0.16997405966277562,0.08502722323049001,0.044986807387862794,0.26956521739130435,False,True,False,True
85,0,0,0,0,201.4,52,34.24,229.4,104,19.5,252.5,106,11.36,12.0,3,3.24,1,False,695.3,265,68.33999999999999,3.873076923076923,2.205769230769231,2.3820754716981134,4.0,0.28965913993959447,0.3299295268229542,0.3631525960017259,0.017258737235725588,False,False,False,False,0.17000993048659385,0.08500435919790758,0.04499009900990099,0.27,False,True,False,True
162,1,0,0,0,70.7,108,12.02,157.5,87,13.39,154.8,82,6.97,9.1,3,2.46,4,True,392.1,280,34.84,0.6546296296296297,1.8103448275862069,1.8878048780487806,3.033333333333333,0.18031114511604182,0.4016832440703902,0.3947972456006121,0.023208365212955877,False,False,False,False,0.17001414427157,0.08501587301587302,0.04502583979328165,0.2703296703296703,False,True,False,True
61,2,0,1,27,187.5,124,31.88,146.6,103,12.46,225.7,129,10.16,6.4,6,1.73,4,True,566.1999999999999,362,56.23,1.5120967741935485,1.4233009708737863,1.7496124031007751,1.0666666666666667,0.33115506888025437,0.25891910985517486,0.3986223949134582,0.011303426351112682,False,False,False,False,0.17002666666666666,0.08499317871759891,0.04501550731058928,0.27031249999999996,True,False,False,True
92,0,0,0,0,91.7,90,15.59,193.7,123,16.46,175.0,86,7.88,9.2,4,2.48,2,False,469.59999999999997,303,42.41,1.018888888888889,1.5747967479674796,2.0348837209302326,2.3,0.19527257240204432,0.4124787052810903,0.3726575809199319,0.019591141396933562,False,False,False,False,0.17001090512540892,0.08497676819824472,0.045028571428571425,0.26956521739130435,False,True,False,True
131,0,0,1,36,214.2,115,36.41,161.7,117,13.74,264.7,102,11.91,9.5,4,2.57,3,False,650.0999999999999,338,64.63,1.862608695652174,1.382051282051282,2.5950980392156864,2.375,0.3294877711121366,0.2487309644670051,0.40716812798031077,0.01461313644054761,False,False,False,False,0.1699813258636788,0.0849721706864564,0.04499433320740461,0.27052631578947367,True,False,False,True
90,1,0,0,0,145.5,92,24.74,217.7,114,18.5,146.9,123,6.61,10.9,2,2.94,3,False,521.0,331,52.78999999999999,1.5815217391304348,1.9096491228070174,1.194308943089431,5.45,0.27927063339731284,0.41785028790786943,0.28195777351247603,0.02092130518234165,False,False,False,False,0.17003436426116839,0.08497932935231971,0.044996596324029955,0.2697247706422018,False,True,False,True
78,1,0,0,0,231.0,115,39.27,230.4,140,19.58,261.4,120,11.76,9.5,3,2.57,1,False,732.3,378,73.17999999999999,2.008695652173913,1.6457142857142857,2.1783333333333332,3.1666666666666665,0.3154444899631299,0.3146251536255633,0.3569575310665028,0.012972825344804043,False,False,False,False,0.17,0.08498263888888888,0.044988523335883705,0.27052631578947367,False,True,False,True
82,0,0,0,0,200.3,96,34.05,201.2,102,17.1,206.1,60,9.27,7.1,1,1.92,4,False,614.7,259,62.34,2.0864583333333333,1.972549019607843,3.435,7.1,0.32585000813404913,0.3273141369773873,0.33528550512445093,0.011550349764112573,False,False,False,False,0.16999500748876684,0.08499005964214713,0.044978165938864625,0.27042253521126763,False,True,False,True
163,0,0,0,0,197.0,109,33.49,202.6,128,17.22,206.4,80,9.29,9.1,10,2.46,1,False,615.1,327,62.46,1.8073394495412844,1.5828125,2.58,0.9099999999999999,0.3202731263209234,0.32937733701837096,0.33555519427735325,0.0147943423833523,False,False,False,False,0.17,0.08499506416584403,0.04500968992248062,0.2703296703296703,False,True,False,True
91,2,1,0,0,129.9,112,22.08,173.3,83,14.73,247.2,130,11.12,11.2,3,3.02,3,False,561.6000000000001,328,50.95,1.1598214285714286,2.0879518072289156,1.9015384615384614,3.733333333333333,0.23130341880341876,0.308582621082621,0.44017094017094005,0.019943019943019936,False,False,False,True,0.16997690531177828,0.08499711482977496,0.04498381877022654,0.2696428571428572,False,True,False,True
75,1,0,1,21,175.8,97,29.89,217.5,106,18.49,237.5,134,10.69,5.3,4,1.43,5,False,636.0999999999999,341,60.49999999999999,1.8123711340206188,2.05188679245283,1.7723880597014925,1.325,0.2763716396792958,0.3419273699103915,0.37336896714353096,0.008332023266781953,True,False,False,False,0.17002275312855517,0.08501149425287356,0.04501052631578947,0.269811320754717,True,False,False,True
91,2,0,0,0,203.1,106,34.53,210.1,113,17.86,195.6,129,8.8,12.0,3,3.24,3,False,620.8,351,64.42999999999999,1.9160377358490566,1.85929203539823,1.5162790697674418,4.0,0.3271585051546392,0.3384342783505155,0.31507731958762886,0.019329896907216496,False,False,False,False,0.17001477104874446,0.08500713945740124,0.044989775051124746,0.27,False,True,False,True
127,2,0,1,36,183.2,117,31.14,126.8,76,10.78,263.3,71,11.85,11.2,8,3.02,1,False,584.5,272,56.790000000000006,1.5658119658119658,1.6684210526315788,3.7084507042253523,1.4,0.3134302822925577,0.21693755346449956,0.4504704875962361,0.019161676646706587,False,False,False,False,0.16997816593886464,0.08501577287066246,0.04500569692366122,0.2696428571428572,True,False,False,True
113,1,0,1,23,205.0,101,34.85,152.0,60,12.92,158.6,59,7.14,10.2,5,2.75,2,False,525.8000000000001,225,57.660000000000004,2.0297029702970297,2.533333333333333,2.688135593220339,2.04,0.38988208444275385,0.28908330163560286,0.30163560289083297,0.01939901103081019,False,False,False,False,0.17,0.085,0.045018915510718786,0.26960784313725494,True,False,False,True
110,2,0,0,0,148.5,115,25.25,276.4,84,23.49,193.6,112,8.71,12.4,3,3.35,1,False,630.9,314,60.8,1.291304347826087,3.2904761904761903,1.7285714285714284,4.133333333333334,0.23537803138373753,0.4381042954509431,0.30686321128546523,0.019654461879854177,False,False,False,False,0.17003367003367004,0.08498552821997106,0.04498966942148761,0.2701612903225806,False,True,False,True
120,1,0,1,39,200.3,68,34.05,220.4,97,18.73,253.8,116,11.42,10.5,4,2.84,0,False,685.0,285,67.04,2.945588235294118,2.272164948453608,2.1879310344827587,2.625,0.2924087591240876,0.32175182481751824,0.3705109489051095,0.015328467153284672,False,False,False,False,0.16999500748876684,0.08498185117967332,0.044996059889676907,0.2704761904761905,True,False,False,True
157,1,0,1,28,192.6,107,32.74,195.5,74,16.62,109.7,139,4.94,6.8,5,1.84,3,False,504.6,325,56.14,1.8,2.641891891891892,0.7892086330935252,1.3599999999999999,0.38168846611177165,0.3874355925485533,0.2173999207292905,0.013476020610384462,False,False,False,False,0.1699896157840083,0.08501278772378518,0.04503190519598906,0.2705882352941177,True,False,False,True
103,2,0,0,0,246.5,47,41.91,195.5,84,16.62,200.5,96,9.02,11.7,4,3.16,1,False,654.2,231,70.71,5.24468085106383,2.3273809523809526,2.0885416666666665,2.925,0.37679608682360133,0.29883827575664934,0.30648119841027205,0.017884439009477223,False,False,False,False,0.17002028397565921,0.08501278772378518,0.04498753117206982,0.2700854700854701,False,True,False,True
117,0,1,0,0,167.1,86,28.41,177.5,87,15.09,249.4,132,11.22,14.1,7,3.81,2,True,608.1,312,58.53,1.9430232558139535,2.0402298850574714,1.8893939393939394,2.0142857142857142,0.2747903305377405,0.29189278079263276,0.4101299128432824,0.02318697582634435,False,False,False,True,0.17001795332136446,0.08501408450704226,0.04498797113071371,0.2702127659574468,False,True,False,True
140,1,0,0,0,231.9,101,39.42,160.1,94,13.61,110.4,98,4.97,14.3,6,3.86,3,False,516.6999999999999,299,61.86,2.2960396039603963,1.7031914893617022,1.126530612244898,2.3833333333333333,0.44880975420940594,0.30985097735629963,0.2136636346042191,0.027675633830075486,False,False,False,False,0.16998706338939198,0.08500936914428482,0.04501811594202898,0.2699300699300699,False,True,False,True
83,0,1,0,0,271.5,87,46.16,216.3,126,18.39,121.1,105,5.45,11.7,4,3.16,1,False,620.6,322,73.16,3.1206896551724137,1.7166666666666668,1.1533333333333333,2.925,0.43747985820174023,0.3485336770866903,0.19513374154044472,0.018852723171124717,False,False,False,True,0.17001841620626149,0.08502080443828017,0.045004128819157725,0.2700854700854701,False,True,False,True
145,0,0,1,43,257.7,97,43.81,162.1,95,13.78,286.9,86,12.91,11.1,4,3.0,2,False,717.8,282,73.5,2.656701030927835,1.7063157894736842,3.3360465116279068,2.775,0.35901365282808584,0.22582892170521038,0.3996935079409306,0.015463917525773196,False,False,False,False,0.17000388048117968,0.08500925354719309,0.04499825723248519,0.2702702702702703,True,False,False,True
113,0,0,0,0,193.8,99,32.95,221.4,125,18.82,172.3,67,7.75,10.6,6,2.86,1,False,598.1,297,62.38,1.9575757575757577,1.7712,2.5716417910447764,1.7666666666666666,0.3240260825948838,0.3701722120046815,0.2880789165691356,0.017722788831299113,False,False,False,False,0.17002063983488133,0.08500451671183379,0.04497968659315148,0.269811320754717,False,True,False,True
56,1,0,0,0,226.0,112,38.42,248.5,118,21.12,140.5,142,6.32,6.9,11,1.86,1,False,621.9,383,67.72000000000001,2.017857142857143,2.1059322033898304,0.9894366197183099,0.6272727272727273,0.3634024762823605,0.3995819263547194,0.22592056600739668,0.011095031355523397,False,False,False,False,0.17,0.08498993963782697,0.044982206405693954,0.26956521739130435,False,True,False,True
96,1,0,0,0,260.4,115,44.27,146.0,46,12.41,269.5,87,12.13,11.5,4,3.11,5,False,687.4,252,71.92,2.2643478260869565,3.1739130434782608,3.0977011494252875,2.875,0.3788187372708757,0.21239453011347106,0.3920570264765784,0.016729706139074776,True,False,True,False,0.1700076804915515,0.085,0.04500927643784787,0.27043478260869563,False,True,False,True
151,0,0,0,0,178.7,116,30.38,292.1,138,24.83,265.9,101,11.97,9.8,4,2.65,0,False,746.5,359,69.83,1.5405172413793102,2.1166666666666667,2.6326732673267323,2.45,0.2393837910247823,0.3912926992632284,0.35619557937039514,0.013127930341594107,False,False,False,False,0.17000559597090095,0.08500513522766175,0.0450169236555096,0.2704081632653061,False,True,False,True
83,1,0,0,0,337.4,120,57.36,227.4,116,19.33,153.9,114,6.93,15.8,7,4.27,0,True,734.4999999999999,357,87.89,2.8116666666666665,1.960344827586207,1.35,2.257142857142857,0.45936010891763107,0.30959836623553444,0.20953029271613346,0.02151123213070116,False,False,False,False,0.17000592768227624,0.08500439753737905,0.04502923976608187,0.27025316455696197,False,True,False,True
139,2,0,1,23,157.6,129,26.79,247.0,96,21.0,259.2,112,11.66,13.7,2,3.7,0,False,677.5,339,63.150000000000006,1.2217054263565892,2.5729166666666665,2.314285714285714,6.85,0.23261992619926197,0.36457564575645757,0.38258302583025827,0.02022140221402214,False,False,False,False,0.16998730964467004,0.08502024291497975,0.04498456790123457,0.27007299270072993,True,False,False,True
115,2,0,1,24,142.1,124,24.16,183.4,129,15.59,164.8,114,7.42,9.6,4,2.59,1,False,499.90000000000003,371,49.760000000000005,1.145967741935484,1.4217054263565891,1.4456140350877194,2.4,0.284256851370274,0.36687337467493497,0.32966593318663734,0.019203840768153627,False,False,False,False,0.1700211118930331,0.08500545256270446,0.045024271844660194,0.26979166666666665,True,False,False,True
87,1,0,0,0,136.3,97,23.17,172.2,108,14.64,137.5,101,6.19,7.1,5,1.92,0,False,453.1,311,45.92,1.4051546391752578,1.5944444444444443,1.3613861386138615,1.42,0.30081659677775324,0.3800485544030015,0.3034650187596557,0.015669830059589492,False,False,False,False,0.16999266324284665,0.08501742160278747,0.04501818181818182,0.27042253521126763,False,True,False,True
141,1,0,0,0,217.1,110,36.91,241.5,111,20.53,253.5,103,11.41,12.0,6,3.24,0,False,724.1,330,72.08999999999999,1.9736363636363636,2.175675675675676,2.4611650485436893,2.0,0.29982046678635543,0.3335174699627123,0.35008976660682223,0.01657229664410993,False,False,False,False,0.17001381851681252,0.0850103519668737,0.045009861932938856,0.27,False,True,False,True
141,2,0,1,36,187.5,99,31.88,241.4,116,20.52,229.5,105,10.33,10.5,5,2.84,3,False,668.9,325,65.57,1.893939393939394,2.081034482758621,2.1857142857142855,2.1,0.2803109582897294,0.36089101509941696,0.3431006129466288,0.015697413664224846,False,False,False,False,0.17002666666666666,0.08500414250207125,0.045010893246187365,0.2704761904761905,True,False,False,True
62,1,0,0,0,98.9,103,16.81,135.4,122,11.51,236.6,82,10.65,12.2,1,3.29,1,False,483.09999999999997,308,42.26,0.9601941747572816,1.1098360655737705,2.8853658536585365,12.2,0.20471951976816397,0.280273235354999,0.48975367418753885,0.02525357068929828,False,False,False,False,0.16996966632962587,0.08500738552437223,0.045012679628064246,0.269672131147541,False,True,False,True
146,1,0,0,0,206.3,151,35.07,148.6,89,12.63,167.2,91,7.52,6.1,3,1.65,1,False,528.1999999999999,334,56.87,1.366225165562914,1.6696629213483145,1.8373626373626373,2.033333333333333,0.3905717531238168,0.2813328284740629,0.3165467625899281,0.011548655812192353,False,False,False,False,0.1699951526902569,0.08499327052489906,0.044976076555023926,0.27049180327868855,False,True,False,True
92,1,0,1,33,243.1,92,41.33,213.8,92,18.17,228.7,104,10.29,12.1,2,3.27,2,False,697.6999999999999,290,73.05999999999999,2.642391304347826,2.323913043478261,2.1990384615384615,6.05,0.3484305575462233,0.30643543070087437,0.327791314318475,0.017342697434427404,False,False,False,False,0.17001234060057588,0.08498596819457437,0.044993441189331,0.2702479338842975,True,False,False,True
185,2,0,1,31,189.8,126,32.27,163.3,133,13.88,264.8,126,11.92,7.5,3,2.03,1,False,625.4000000000001,388,60.10000000000001,1.5063492063492065,1.2278195488721806,2.1015873015873017,2.5,0.303485769107771,0.26111288775183883,0.4234090182283338,0.011992324912056282,False,False,False,False,0.17002107481559536,0.08499693815064299,0.04501510574018127,0.27066666666666667,True,False,False,True
148,1,0,0,0,202.0,102,34.34,243.2,128,20.67,261.3,90,11.76,10.9,3,2.94,1,False,717.4,323,69.71000000000001,1.9803921568627452,1.9,2.9033333333333333,3.6333333333333333,0.28157234457764146,0.3390019514914971,0.3642319487036521,0.015193755227209367,False,False,False,False,0.17,0.08499177631578948,0.045005740528128585,0.2697247706422018,False,True,False,True
94,0,0,1,38,170.1,124,28.92,193.3,116,16.43,105.9,73,4.77,12.8,4,3.46,1,False,482.09999999999997,317,53.580000000000005,1.3717741935483871,1.6663793103448277,1.4506849315068493,3.2,0.35283136278780336,0.4009541588881975,0.21966397013067832,0.02655050819332089,False,False,False,False,0.17001763668430336,0.0849974133471288,0.04504249291784702,0.27031249999999996,True,False,False,True
68,0,0,0,0,237.1,105,40.31,223.5,105,19.0,97.4,79,4.38,13.2,2,3.56,1,False,571.2,291,67.25,2.258095238095238,2.1285714285714286,1.2329113924050634,6.6,0.4150910364145658,0.39128151260504196,0.17051820728291317,0.02310924369747899,False,False,False,False,0.17001265288907635,0.08501118568232663,0.04496919917864476,0.2696969696969697,False,True,False,True
179,0,0,0,0,219.2,92,37.26,149.4,125,12.7,244.7,104,11.01,6.1,5,1.65,0,False,619.4,326,62.61999999999999,2.382608695652174,1.1952,2.3528846153846152,1.22,0.3538908621246367,0.24120116241524056,0.39505973522763965,0.009848240232483048,False,False,False,False,0.1699817518248175,0.08500669344042837,0.044993870044953005,0.27049180327868855,False,True,False,True
94,1,0,0,0,252.6,104,42.94,169.0,125,14.37,170.9,106,7.69,11.1,7,3.0,2,False,603.6,342,68.0,2.4288461538461537,1.352,1.6122641509433964,1.5857142857142856,0.4184890656063618,0.27998674618952946,0.28313452617627566,0.018389662027833,False,False,False,False,0.16999208234362628,0.08502958579881656,0.04499707431246343,0.2702702702702703,False,True,False,True
62,1,0,0,0,147.1,91,25.01,190.4,107,16.18,195.2,115,8.78,12.2,3,3.29,0,False,544.9000000000001,316,53.26,1.6164835164835165,1.7794392523364486,1.697391304347826,4.066666666666666,0.2699577904202605,0.34942191227748204,0.35823086804918325,0.022389429253073953,False,False,False,False,0.17002039428959892,0.08497899159663864,0.044979508196721314,0.269672131147541,False,True,False,True
116,0,0,0,0,173.5,93,29.5,194.1,76,16.5,208.0,112,9.36,16.2,10,4.37,3,False,591.8000000000001,291,59.73,1.8655913978494623,2.5539473684210527,1.8571428571428572,1.6199999999999999,0.2931733693815478,0.3279824264954376,0.35147009124704287,0.027374112875971607,False,False,False,False,0.17002881844380405,0.08500772797527048,0.045,0.2697530864197531,False,True,False,True
70,0,0,0,0,232.1,122,39.46,292.3,112,24.85,201.2,112,9.05,0.0,0,0.0,3,False,725.5999999999999,346,73.36,1.9024590163934425,2.6098214285714287,1.7964285714285713,0.0,0.31987320837927236,0.4028390297684675,0.27728776185226023,0.0,False,False,False,False,0.17001292546316243,0.08501539514197742,0.04498011928429424,0.0,False,True,False,True
94,2,1,1,23,197.1,125,33.51,214.5,136,18.23,282.2,103,12.7,9.5,5,2.57,4,False,703.3,369,67.00999999999999,1.5768,1.5772058823529411,2.739805825242718,1.9,0.28025024882695865,0.3049907578558226,0.40125124413479313,0.013507749182425708,False,False,False,False,0.1700152207001522,0.084988344988345,0.04500354358610914,0.27052631578947367,True,False,False,True
126,1,0,0,0,58.2,94,9.89,138.7,118,11.79,136.8,91,6.16,11.9,1,3.21,5,True,345.59999999999997,304,31.05,0.6191489361702128,1.1754237288135592,1.5032967032967035,11.9,0.1684027777777778,0.40133101851851855,0.3958333333333334,0.03443287037037038,True,False,False,False,0.16993127147766324,0.08500360490266763,0.04502923976608187,0.26974789915966385,False,True,False,True
67,0,0,1,36,115.6,111,19.65,237.7,94,20.2,169.9,103,7.65,9.9,12,2.67,2,False,533.0999999999999,320,50.169999999999995,1.0414414414414415,2.528723404255319,1.6495145631067962,0.8250000000000001,0.21684486963046334,0.4458825736259614,0.31870193209529174,0.01857062464828363,False,False,False,False,0.1699826989619377,0.08498106857383256,0.045026486168334316,0.26969696969696966,True,False,False,True
19,0,0,0,0,186.1,98,31.64,254.3,57,21.62,214.0,127,9.63,14.6,7,3.94,2,False,669.0,289,66.83000000000001,1.8989795918367347,4.46140350877193,1.68503937007874,2.085714285714286,0.27817638266068756,0.38011958146487296,0.31988041853512705,0.021823617339312405,False,False,False,False,0.17001612036539496,0.08501769563507668,0.045000000000000005,0.26986301369863014,False,True,True,False
170,2,1,0,0,259.9,68,44.18,245.0,122,20.83,134.4,121,6.05,8.4,3,2.27,3,False,647.6999999999999,314,73.32999999999998,3.8220588235294115,2.0081967213114753,1.1107438016528925,2.8000000000000003,0.4012660182183109,0.3782615408368072,0.2075034738304771,0.012968967114404819,False,False,False,True,0.1699884570988842,0.0850204081632653,0.04501488095238095,0.2702380952380952,False,True,False,True
73,1,0,0,0,214.3,145,36.43,268.5,135,22.82,241.2,92,10.85,10.8,13,2.92,1,False,734.8,385,73.02,1.4779310344827588,1.988888888888889,2.6217391304347823,0.8307692307692308,0.29164398475775727,0.3654055525313011,0.3282525857376157,0.014697876973326076,False,False,False,False,0.1699953336444237,0.08499068901303539,0.04498341625207297,0.27037037037037037,False,True,False,True
106,0,0,0,0,158.7,74,26.98,64.3,139,5.47,198.5,103,8.93,10.2,4,2.75,1,False,431.7,320,44.13,2.1445945945945946,0.46258992805755395,1.9271844660194175,2.55,0.3676164002779708,0.1489460273337966,0.45981005327773916,0.0236275191104934,False,False,False,False,0.17000630119722748,0.08506998444790047,0.04498740554156171,0.26960784313725494,False,True,False,True
164,2,0,0,0,160.6,111,27.3,163.2,126,13.87,187.1,112,8.42,9.0,3,2.43,1,False,519.9,352,52.02,1.4468468468468467,1.295238095238095,1.6705357142857142,3.0,0.30890555876130027,0.3139065204847086,0.35987689940373147,0.017311021350259664,False,False,False,False,0.16998754669987548,0.08498774509803922,0.0450026723677178,0.27,False,True,False,True
51,0,0,0,0,232.4,109,39.51,187.4,95,15.93,231.2,107,10.4,9.1,3,2.46,1,False,660.1,314,68.3,2.1321100917431193,1.9726315789473685,2.1607476635514016,3.033333333333333,0.352067868504772,0.28389637933646417,0.3502499621269504,0.01378579003181336,False,False,False,False,0.17000860585197933,0.08500533617929562,0.04498269896193772,0.2703296703296703,False,True,False,True
107,1,0,0,0,133.8,85,22.75,180.5,94,15.34,112.2,115,5.05,8.9,4,2.4,0,False,435.4,298,45.54,1.5741176470588236,1.9202127659574468,0.9756521739130435,2.225,0.30730362884703727,0.41456132292145154,0.2576940744143317,0.020440973817179606,False,False,False,False,0.1700298953662182,0.08498614958448754,0.04500891265597148,0.2696629213483146,False,True,False,True
130,1,0,0,0,176.9,109,30.07,90.7,104,7.71,238.0,69,10.71,9.5,2,2.57,1,False,515.1,284,51.06,1.6229357798165138,0.8721153846153846,3.449275362318841,4.75,0.34342846049310816,0.17608231411376432,0.46204620462046203,0.018443020772665502,False,False,False,False,0.1699830412662521,0.08500551267916207,0.045000000000000005,0.27052631578947367,False,True,False,True
80,0,0,0,0,209.9,74,35.68,195.1,77,16.58,208.2,119,9.37,8.8,4,2.38,2,False,622.0,274,64.00999999999999,2.8364864864864865,2.533766233766234,1.749579831932773,2.2,0.337459807073955,0.31366559485530543,0.33472668810289385,0.01414790996784566,False,False,False,False,0.16998570747975225,0.08498206048180419,0.045004803073967335,0.27045454545454545,False,True,False,True
94,1,0,0,0,137.5,118,23.38,203.2,88,17.27,150.0,131,6.75,13.4,2,3.62,0,False,504.09999999999997,339,51.019999999999996,1.1652542372881356,2.309090909090909,1.1450381679389312,6.7,0.27276334060702245,0.40309462408252333,0.2975600079349336,0.026582027375520734,False,False,False,False,0.17003636363636362,0.08499015748031497,0.045,0.2701492537313433,False,True,False,True
118,0,0,1,23,289.5,52,49.22,166.6,111,14.16,119.1,88,5.36,9.5,4,2.57,1,False,584.7,255,71.30999999999999,5.5673076923076925,1.500900900900901,1.3534090909090908,2.375,0.49512570548999485,0.2849324439883701,0.20369420215495124,0.016247648366683767,False,False,False,False,0.17001727115716753,0.08499399759903963,0.045004198152812765,0.27052631578947367,True,False,False,True
117,1,0,1,23,198.1,86,33.68,177.0,86,15.05,180.5,92,8.12,6.8,6,1.84,1,False,562.4,270,58.690000000000005,2.3034883720930233,2.058139534883721,1.9619565217391304,1.1333333333333333,0.3522403982930299,0.3147226173541963,0.32094594594594594,0.01209103840682788,False,False,False,False,0.17001514386673397,0.08502824858757063,0.04498614958448753,0.2705882352941177,True,False,False,True
78,1,0,0,0,149.7,119,25.45,182.2,115,15.49,261.5,126,11.77,9.7,8,2.62,0,False,603.1,368,55.32999999999999,1.257983193277311,1.5843478260869563,2.0753968253968256,1.2125,0.24821754269607027,0.3021057867683634,0.4335931023047587,0.016083568230807494,False,False,False,False,0.17000668002672012,0.08501646542261251,0.04500956022944551,0.2701030927835052,False,True,False,True
131,2,1,1,26,292.9,101,49.79,199.7,97,16.97,255.3,127,11.49,13.8,7,3.73,4,True,761.6999999999999,332,81.97999999999999,2.9,2.058762886597938,2.010236220472441,1.9714285714285715,0.38453459367204934,0.26217670999081005,0.33517132729421034,0.01811736904293029,False,False,False,False,0.1699897575964493,0.08497746619929895,0.045005875440658046,0.2702898550724638,True,False,False,True
63,0,0,0,0,83.0,64,14.11,177.0,106,15.05,245.7,89,11.06,13.0,3,3.51,0,False,518.7,262,43.73,1.296875,1.669811320754717,2.7606741573033706,4.333333333333333,0.1600154231733179,0.34123770965876227,0.4736842105263157,0.02506265664160401,False,False,False,False,0.16999999999999998,0.08502824858757063,0.045014245014245016,0.26999999999999996,False,True,False,True
53,1,0,1,24,145.7,146,24.77,220.5,136,18.74,249.9,96,11.25,13.1,5,3.54,3,False,629.2,383,58.3,0.997945205479452,1.6213235294117647,2.603125,2.62,0.2315638906547997,0.3504450095359186,0.39717101080737444,0.020820089001907183,False,False,False,False,0.17000686341798216,0.08498866213151927,0.04501800720288115,0.2702290076335878,True,False,False,True
62,0,0,0,0,182.3,101,30.99,328.2,93,27.9,245.0,131,11.03,11.2,1,3.02,2,False,766.7,326,72.94,1.804950495049505,3.529032258064516,1.8702290076335877,11.2,0.23777227077083604,0.4280683448545715,0.3195513238554845,0.014608060519107863,False,False,False,False,0.16999451453647832,0.0850091407678245,0.0450204081632653,0.2696428571428572,False,True,False,True
97,1,0,0,0,218.0,86,37.06,184.0,94,15.64,240.5,110,10.82,6.4,8,1.73,3,False,648.9,298,65.25,2.5348837209302326,1.9574468085106382,2.1863636363636365,0.8,0.33595315148713206,0.28355678841115733,0.3706272152874095,0.009862844814301126,False,False,False,False,0.17,0.085,0.04498960498960499,0.27031249999999996,False,True,False,True
105,2,0,0,0,140.6,109,23.9,178.6,51,15.18,217.0,83,9.76,6.8,3,1.84,2,False,543.0,246,50.68,1.2899082568807339,3.5019607843137255,2.6144578313253013,2.2666666666666666,0.2589318600368324,0.3289134438305709,0.3996316758747698,0.012523020257826888,False,False,False,False,0.16998577524893313,0.08499440089585666,0.04497695852534562,0.2705882352941177,False,True,False,True
157,1,0,0,0,152.7,105,25.96,257.5,80,21.89,198.1,93,8.91,9.4,4,2.54,1,False,617.6999999999999,282,59.300000000000004,1.4542857142857142,3.21875,2.1301075268817202,2.35,0.24720738222438077,0.4168690302735956,0.32070584426096815,0.01521774324105553,False,False,False,False,0.17000654878847415,0.08500970873786408,0.04497728419989904,0.2702127659574468,False,True,False,True
66,1,0,1,36,106.7,76,18.14,209.8,77,17.83,190.4,117,8.57,12.1,2,3.27,1,False,519.0,272,47.81,1.4039473684210526,2.724675324675325,1.6273504273504273,6.05,0.20558766859344896,0.4042389210019268,0.366859344894027,0.023314065510597302,False,False,False,False,0.17000937207122774,0.08498570066730218,0.04501050420168067,0.2702479338842975,True,False,False,True
38,1,0,0,0,194.4,94,33.05,186.7,95,15.87,223.3,90,10.05,10.8,5,2.92,3,False,615.2,284,61.89,2.068085106382979,1.9652631578947368,2.4811111111111113,2.16,0.3159947984395318,0.30347854356306886,0.36297139141742524,0.017555266579973992,False,False,False,False,0.1700102880658436,0.08500267809319764,0.045006717420510524,0.27037037037037037,False,True,False,True
106,2,0,0,0,213.9,95,36.36,151.9,70,12.91,260.1,124,11.7,12.2,5,3.29,3,False,638.1000000000001,294,64.26,2.251578947368421,2.17,2.0975806451612904,2.44,0.3352139163140573,0.23805046230998272,0.4076163610719322,0.019119260304027576,False,False,False,False,0.1699859747545582,0.08499012508229098,0.04498269896193771,0.269672131147541,False,True,False,True
99,2,0,0,0,217.2,112,36.92,246.7,89,20.97,226.1,89,10.17,15.8,7,4.27,3,False,705.8,297,72.33,1.9392857142857143,2.7719101123595506,2.540449438202247,2.257142857142857,0.3077359025219609,0.3495324454519694,0.32034570699914994,0.02238594502691981,False,False,False,False,0.1699815837937385,0.08500202675314146,0.04498009730207873,0.27025316455696197,False,True,False,True
144,2,1,0,0,203.5,100,34.6,247.6,103,21.05,194.3,94,8.74,11.9,11,3.21,0,False,657.3000000000001,308,67.6,2.035,2.403883495145631,2.067021276595745,1.0818181818181818,0.3095998782899741,0.3766925300471626,0.2956032253156854,0.018104366347177846,False,False,False,True,0.17002457002457003,0.08501615508885299,0.04498198661863098,0.26974789915966385,False,True,False,True
82,1,0,1,24,155.2,131,26.38,244.5,106,20.78,122.4,68,5.51,10.7,3,2.89,1,False,532.8000000000001,308,55.559999999999995,1.1847328244274808,2.306603773584906,1.8,3.5666666666666664,0.2912912912912912,0.45889639639639634,0.22972972972972971,0.020082582582582578,False,False,False,False,0.16997422680412372,0.08498977505112475,0.04501633986928104,0.27009345794392525,True,False,False,True
86,0,0,1,31,167.6,139,28.49,113.0,118,9.61,246.9,121,11.11,12.2,6,3.29,1,False,539.7,384,52.49999999999999,1.2057553956834532,0.9576271186440678,2.040495867768595,2.033333333333333,0.3105428942004817,0.20937557902538445,0.4574763757643135,0.022605151009820267,False,False,False,False,0.16998806682577566,0.08504424778761062,0.04499797488861887,0.269672131147541,True,False,False,True
70,2,1,0,0,226.7,98,38.54,228.1,115,19.39,73.2,93,3.29,17.6,4,4.75,2,True,545.6,310,65.97,2.313265306122449,1.9834782608695651,0.7870967741935484,4.4,0.41550586510263926,0.41807184750733134,0.13416422287390029,0.03225806451612903,False,False,False,True,0.17000441111601236,0.08500657606313021,0.04494535519125683,0.2698863636363636,False,True,False,True
93,1,0,0,0,179.3,93,30.48,178.6,98,15.18,225.2,131,10.13,11.5,6,3.11,3,False,594.5999999999999,328,58.9,1.9279569892473118,1.8224489795918366,1.7190839694656488,1.9166666666666667,0.30154725866128496,0.30036999663639424,0.3787420114362597,0.01934073326606122,False,False,False,False,0.16999442275515894,0.08499440089585666,0.0449822380106572,0.27043478260869563,False,True,False,True
93,1,0,0,0,151.4,89,25.74,186.4,76,15.84,172.5,120,7.76,10.9,3,2.94,0,False,521.2,288,52.279999999999994,1.701123595505618,2.4526315789473685,1.4375,3.6333333333333333,0.2904834996162701,0.3576362240982348,0.33096699923254025,0.020913277052954718,False,False,False,False,0.1700132100396301,0.08497854077253218,0.04498550724637681,0.2697247706422018,False,True,False,True
120,1,0,0,0,180.0,80,30.6,224.2,82,19.06,265.4,91,11.94,4.7,7,1.27,3,False,674.3,260,62.87,2.25,2.7341463414634144,2.9164835164835163,0.6714285714285715,0.2669434969598102,0.33249295565771914,0.39359335607296453,0.006970191309506156,False,False,False,False,0.17,0.08501338090990188,0.04498869630746044,0.2702127659574468,False,True,False,True
136,1,0,0,0,250.2,121,42.53,267.1,118,22.7,151.0,114,6.8,13.0,2,3.51,1,True,681.3,355,75.54,2.067768595041322,2.2635593220338985,1.3245614035087718,6.5,0.36723910171730517,0.39204462057830625,0.2216351093497725,0.019081168354616176,False,False,False,False,0.16998401278976819,0.08498689629352302,0.045033112582781455,0.26999999999999996,False,True,False,True
106,1,0,0,0,223.0,121,37.91,110.1,98,9.36,188.7,107,8.49,7.1,12,1.92,0,False,528.9,338,57.68,1.8429752066115703,1.123469387755102,1.7635514018691587,0.5916666666666667,0.4216297976933258,0.2081678956324447,0.35677821894498013,0.013424087729249386,False,False,False,False,0.16999999999999998,0.08501362397820163,0.04499205087440382,0.27042253521126763,False,True,False,True
81,1,0,0,0,183.6,116,31.21,152.6,98,12.97,212.2,99,9.55,12.2,6,3.29,3,False,560.6,319,57.02,1.5827586206896551,1.5571428571428572,2.1434343434343432,2.033333333333333,0.32750624331073847,0.2722083481983589,0.378523011059579,0.02176239743132358,False,False,False,False,0.16998910675381265,0.08499344692005244,0.04500471253534402,0.269672131147541,False,True,False,True
127,0,0,1,22,166.0,114,28.22,174.5,103,14.83,244.9,68,11.02,10.2,6,2.75,1,False,595.6,291,56.81999999999999,1.456140350877193,1.6941747572815533,3.601470588235294,1.7,0.27871054398925454,0.2929818670248489,0.41118200134318333,0.017125587642713228,False,False,False,False,0.16999999999999998,0.08498567335243554,0.044997958350347075,0.26960784313725494,True,False,False,True
35,0,0,0,0,149.3,113,25.38,242.2,122,20.59,174.3,104,7.84,8.9,6,2.4,2,False,574.6999999999999,345,56.21,1.3212389380530976,1.9852459016393442,1.6759615384615385,1.4833333333333334,0.2597877153297373,0.4214372716199757,0.30328867235079177,0.015486340699495392,False,False,False,False,0.16999330207635632,0.08501238645747317,0.044979919678714855,0.2696629213483146,False,True,False,True
88,0,0,0,0,65.4,97,11.12,168.2,76,14.3,236.0,113,10.62,13.8,1,3.73,2,False,483.40000000000003,287,39.769999999999996,0.6742268041237114,2.2131578947368418,2.088495575221239,13.8,0.13529168390566818,0.34795200661977654,0.48820852296235,0.02854778651220521,False,False,False,False,0.17003058103975532,0.0850178359096314,0.045,0.2702898550724638,False,True,False,True
123,1,0,0,0,206.9,85,35.17,244.7,78,20.8,221.5,136,9.97,7.7,2,2.08,3,False,680.8000000000001,301,68.02,2.4341176470588235,3.137179487179487,1.6286764705882353,3.85,0.3039071680376028,0.3594300822561692,0.3253525264394829,0.011310223266745006,False,False,False,False,0.16998550024166265,0.085002043318349,0.04501128668171558,0.2701298701298701,False,True,False,True
126,0,0,1,27,186.2,78,31.65,189.6,83,16.12,76.5,139,3.44,9.6,3,2.59,2,False,461.9,303,53.8,2.387179487179487,2.2843373493975903,0.5503597122302158,3.1999999999999997,0.40311755791296816,0.4104784585408097,0.1656202641264343,0.020783719419787832,False,False,False,False,0.16997851772287864,0.08502109704641352,0.04496732026143791,0.26979166666666665,True,False,False,True
104,1,0,1,23,280.2,136,47.63,220.5,92,18.74,136.9,102,6.16,13.3,3,3.59,4,False,650.9,333,76.12,2.0602941176470586,2.3967391304347827,1.3421568627450982,4.433333333333334,0.430480872637886,0.3387617145490859,0.21032416653863883,0.02043324627438931,False,False,False,False,0.1699857244825125,0.08498866213151927,0.0449963476990504,0.2699248120300752,True,False,False,True
93,0,1,0,0,312.0,109,53.04,129.4,100,11.0,217.6,74,9.79,10.5,2,2.84,0,True,669.5,285,76.66999999999999,2.8623853211009176,1.294,2.9405405405405403,5.25,0.46601941747572817,0.19327856609410007,0.3250186706497386,0.01568334578043316,False,False,False,True,0.16999999999999998,0.08500772797527048,0.04499080882352941,0.2704761904761905,False,True,False,True
63,1,1,1,36,199.0,110,33.83,291.3,111,24.76,197.6,92,8.89,11.0,6,2.97,1,False,698.9,319,70.45,1.809090909090909,2.6243243243243244,2.1478260869565218,1.8333333333333333,0.2847331520961511,0.41679782515381314,0.2827300042924596,0.015739018457576193,False,False,False,False,0.16999999999999998,0.08499828355647099,0.044989878542510124,0.27,True,False,False,True
100,1,0,0,0,203.1,96,34.53,217.0,126,18.45,180.9,122,8.14,13.5,2,3.65,3,False,614.5,346,64.77000000000001,2.115625,1.7222222222222223,1.4827868852459016,6.75,0.33051261187957687,0.3531326281529699,0.2943856794141579,0.021969080553295363,False,False,False,False,0.17001477104874446,0.08502304147465438,0.04499723604201216,0.27037037037037037,False,True,False,True
53,1,0,0,0,168.8,97,28.7,220.3,87,18.73,154.3,113,6.94,10.9,2,2.94,0,False,554.3000000000001,299,57.309999999999995,1.7402061855670103,2.532183908045977,1.3654867256637169,5.45,0.304528233808407,0.39743821035540317,0.2783691141980877,0.01966444163810211,False,False,False,False,0.17002369668246445,0.08502042669087607,0.04497731691510045,0.2697247706422018,False,True,False,True
92,1,1,0,0,173.1,140,29.43,240.3,105,20.43,233.2,117,10.49,9.0,5,2.43,1,False,655.5999999999999,367,62.78,1.2364285714285714,2.2885714285714287,1.993162393162393,1.8,0.264032946918853,0.3665344722391703,0.3557046979865772,0.013727882855399635,False,False,False,True,0.17001733102253033,0.0850187265917603,0.04498284734133791,0.27,False,True,False,True
110,0,0,1,40,202.6,103,34.44,118.8,128,10.1,234.9,98,10.57,9.0,9,2.43,2,False,565.3,338,57.54,1.9669902912621358,0.928125,2.396938775510204,1.0,0.3583937732177605,0.21015390058376085,0.4155315761542544,0.015920750044224306,False,False,False,False,0.16999012833168806,0.08501683501683502,0.044997871434653045,0.27,True,False,False,True
110,0,0,0,0,74.5,117,12.67,200.8,98,17.07,192.2,101,8.65,9.8,7,2.65,3,False,477.3,323,41.04,0.6367521367521367,2.048979591836735,1.9029702970297029,1.4000000000000001,0.15608631887701654,0.42069976953697885,0.4026817515189608,0.020532160067043788,False,False,False,False,0.17006711409395972,0.08500996015936255,0.04500520291363164,0.2704081632653061,False,True,False,True
73,1,0,0,0,192.2,86,32.67,168.6,116,14.33,139.8,87,6.29,9.4,6,2.54,1,False,509.99999999999994,295,55.83,2.2348837209302324,1.4534482758620688,1.606896551724138,1.5666666666666667,0.37686274509803924,0.3305882352941177,0.2741176470588236,0.01843137254901961,False,False,False,False,0.1699791883454735,0.08499406880189798,0.04499284692417739,0.2702127659574468,False,True,False,True
138,2,0,0,0,220.2,89,37.43,88.3,125,7.51,195.3,79,8.79,12.9,5,3.48,0,False,516.7,298,57.209999999999994,2.474157303370786,0.7064,2.4721518987341775,2.58,0.4261660538029804,0.17089220050319331,0.37797561447648537,0.024966131217340815,False,False,False,False,0.16998183469573117,0.08505096262740656,0.045007680491551454,0.2697674418604651,False,True,False,True
137,1,1,0,0,135.1,95,22.97,134.1,102,11.4,223.1,81,10.04,12.3,2,3.32,2,True,504.59999999999997,280,47.73,1.4221052631578948,1.3147058823529412,2.754320987654321,6.15,0.26773682124455017,0.2657550535077289,0.4421323820848197,0.024375743162901312,False,False,False,True,0.1700222057735011,0.08501118568232663,0.0450022411474675,0.26991869918699185,False,True,False,True
36,1,0,0,0,253.4,77,43.08,182.4,151,15.5,275.8,103,12.41,8.4,2,2.27,1,False,720.0,333,73.25999999999999,3.290909090909091,1.2079470198675497,2.6776699029126214,4.2,0.35194444444444445,0.25333333333333335,0.3830555555555556,0.011666666666666667,False,False,False,False,0.17000789265982635,0.0849780701754386,0.04499637418419144,0.2702380952380952,False,True,False,True
85,0,0,0,0,225.0,81,38.25,176.9,63,15.04,194.3,110,8.74,7.1,2,1.92,3,False,603.3000000000001,256,63.95,2.7777777777777777,2.807936507936508,1.7663636363636364,3.55,0.3729487817006464,0.29322061992375265,0.32206199237526933,0.011768606000331508,False,False,False,False,0.17,0.08501978518937252,0.04498198661863098,0.27042253521126763,False,True,False,True
108,0,0,0,0,198.5,99,33.75,267.8,60,22.76,354.9,75,15.97,9.4,3,2.54,0,True,830.6,237,75.02000000000001,2.005050505050505,4.463333333333334,4.731999999999999,3.1333333333333333,0.23898386708403563,0.32241752949674934,0.4272814832651095,0.011317120154105466,False,False,False,False,0.17002518891687657,0.08498879761015683,0.04499859115243731,0.2702127659574468,False,True,False,True
22,0,0,0,0,110.3,107,18.75,166.5,93,14.15,202.3,96,9.1,9.5,5,2.57,0,False,488.6,301,44.57,1.030841121495327,1.7903225806451613,2.107291666666667,1.9,0.2257470323372902,0.3407695456406058,0.4140401146131805,0.019443307408923454,False,False,False,False,0.16999093381686312,0.08498498498498498,0.04498269896193771,0.27052631578947367,False,True,True,False
107,1,0,1,37,60.0,102,10.2,102.2,80,8.69,261.8,106,11.78,11.1,3,3.0,0,False,435.1,291,33.67,0.5882352941176471,1.2775,2.469811320754717,3.6999999999999997,0.1378993334865548,0.23488853137209836,0.6017007584463342,0.02551137669501264,False,False,False,False,0.16999999999999998,0.08502935420743639,0.044996180290297935,0.2702702702702703,True,False,False,True
51,2,0,0,0,214.8,94,36.52,149.7,58,12.72,283.4,66,12.75,10.2,5,2.75,0,False,658.1,223,64.74000000000001,2.2851063829787237,2.5810344827586205,4.293939393939394,2.04,0.3263941650205136,0.22747302841513445,0.43063364230360124,0.015499164260750644,False,False,False,False,0.17001862197392925,0.08496993987975952,0.044989414255469304,0.26960784313725494,False,True,False,True
33,1,0,1,29,157.4,99,26.76,117.9,80,10.02,279.2,79,12.56,13.9,11,3.75,4,True,568.4,269,53.09,1.58989898989899,1.4737500000000001,3.534177215189873,1.2636363636363637,0.276917663617171,0.20742434904996485,0.4912033779028853,0.024454609429978888,False,False,False,False,0.17001270648030495,0.08498727735368956,0.044985673352435536,0.2697841726618705,True,False,False,True
106,1,0,0,0,207.9,91,35.34,172.0,109,14.62,191.8,143,8.63,14.4,7,3.89,4,False,586.1,350,62.480000000000004,2.2846153846153845,1.5779816513761469,1.3412587412587413,2.0571428571428574,0.3547176249786726,0.29346527896263436,0.32724790991298414,0.024569186145708924,False,False,False,False,0.16998556998557,0.08499999999999999,0.04499478623566215,0.2701388888888889,False,True,False,True
82,0,0,0,0,207.0,90,35.19,232.9,83,19.8,172.4,108,7.76,9.1,8,2.46,3,False,621.4,289,65.21,2.3,2.806024096385542,1.5962962962962963,1.1375,0.3331187640811072,0.374798841326038,0.27743804312841974,0.014644351464435146,False,False,False,False,0.16999999999999998,0.0850150279089738,0.04501160092807424,0.2703296703296703,False,True,False,True
97,1,1,0,0,143.7,117,24.43,273.0,82,23.21,178.3,81,8.02,10.9,3,2.94,0,False,605.9,283,58.599999999999994,1.228205128205128,3.3292682926829267,2.201234567901235,3.6333333333333333,0.23716784948011221,0.4505694008912362,0.29427298234032023,0.017989767288331408,False,False,False,True,0.1700069589422408,0.08501831501831503,0.04498037016264722,0.2697247706422018,False,True,False,True
108,2,0,0,0,138.6,122,23.56,172.3,117,14.65,231.6,92,10.42,9.8,3,2.65,1,False,552.3,334,51.28,1.1360655737704917,1.4726495726495727,2.517391304347826,3.266666666666667,0.25095057034220536,0.311968133260909,0.4193373166757197,0.017743979721166037,False,False,False,False,0.16998556998557,0.08502611723737666,0.044991364421416234,0.2704081632653061,False,True,False,True
114,1,0,0,0,84.7,118,14.4,249.9,86,21.24,193.4,95,8.7,14.5,8,3.92,1,False,542.5,307,48.260000000000005,0.7177966101694916,2.905813953488372,2.0357894736842104,1.8125,0.15612903225806452,0.46064516129032257,0.35649769585253455,0.026728110599078342,False,False,False,False,0.17001180637544275,0.08499399759903961,0.04498448810754912,0.27034482758620687,False,True,False,True
59,2,0,0,0,155.2,79,26.38,235.3,123,20.0,169.4,80,7.62,8.7,4,2.35,1,False,568.6,286,56.349999999999994,1.9645569620253163,1.9130081300813009,2.1175,2.175,0.2729511079845234,0.41382342595849453,0.29792472740063314,0.015300738656348926,False,False,False,False,0.16997422680412372,0.08499787505312367,0.04498229043683589,0.2701149425287357,False,True,False,True
24,2,0,1,25,164.9,110,28.03,209.3,105,17.79,231.2,55,10.4,6.7,9,1.81,1,False,612.1000000000001,279,58.03,1.4990909090909093,1.9933333333333334,4.203636363636363,0.7444444444444445,0.26940042476719483,0.3419375918967488,0.37771605946740716,0.010945923868648911,False,False,False,False,0.16998180715585204,0.0849976110845676,0.04498269896193772,0.2701492537313433,True,False,True,False
151,0,0,0,0,134.5,88,22.87,143.1,112,12.16,223.9,61,10.08,15.4,1,4.16,1,False,516.9,262,49.269999999999996,1.5284090909090908,1.2776785714285714,3.6704918032786886,15.4,0.2602050686786613,0.2768427161926872,0.4331592184174889,0.029792996711162704,False,False,False,False,0.1700371747211896,0.08497554157931517,0.04502009825815096,0.2701298701298701,False,True,False,True
117,1,0,0,0,143.3,103,24.36,211.3,108,17.96,185.2,96,8.33,11.5,3,3.11,1,False,551.3,310,53.76,1.3912621359223303,1.9564814814814815,1.9291666666666665,3.8333333333333335,0.259931072011609,0.3832758933430075,0.3359332486849265,0.0208597859604571,False,False,False,False,0.16999302163293786,0.08499763369616659,0.04497840172786177,0.27043478260869563,False,True,False,True
114,2,0,1,30,206.2,79,35.05,260.0,91,22.1,291.6,83,13.12,11.4,6,3.08,1,False,769.1999999999999,259,73.35,2.6101265822784807,2.857142857142857,3.513253012048193,1.9000000000000001,0.26807072282891314,0.3380135205408217,0.37909516380655234,0.01482059282371295,False,False,False,False,0.16998060135790494,0.085,0.04499314128943758,0.27017543859649124,True,False,False,True
114,2,0,1,28,225.8,94,38.39,193.0,117,16.41,232.4,100,10.46,8.4,9,2.27,4,False,659.6,320,67.52999999999999,2.402127659574468,1.6495726495726495,2.324,0.9333333333333333,0.34232868405093997,0.2926015767131595,0.3523347483323226,0.012734990903577926,False,False,False,False,0.17001771479185118,0.08502590673575129,0.04500860585197935,0.2702380952380952,True,False,False,True
119,0,0,0,0,138.3,89,23.51,170.5,78,14.49,263.9,98,11.88,13.5,6,3.65,3,False,586.2,271,53.53,1.553932584269663,2.1858974358974357,2.6928571428571426,2.25,0.2359263050153531,0.29085636301603546,0.4501876492664619,0.023029682702149435,False,False,False,False,0.16999276934201013,0.08498533724340177,0.045017051913603646,0.27037037037037037,False,True,False,True
118,0,1,0,0,160.0,123,27.2,175.4,96,14.91,184.8,99,8.32,9.9,3,2.67,2,False,530.1,321,53.1,1.3008130081300813,1.8270833333333334,1.8666666666666667,3.3000000000000003,0.3018298434257687,0.330880965855499,0.3486134691567629,0.01867572156196944,False,False,False,True,0.16999999999999998,0.08500570125427594,0.04502164502164502,0.26969696969696966,False,True,False,True
101,1,0,0,0,206.6,105,35.12,224.9,117,19.12,249.9,100,11.25,14.6,3,3.94,0,False,696.0,325,69.42999999999999,1.9676190476190476,1.9222222222222223,2.499,4.866666666666666,0.2968390804597701,0.323132183908046,0.359051724137931,0.02097701149425287,False,False,False,False,0.16999031945788964,0.08501556247220987,0.04501800720288115,0.26986301369863014,False,True,False,True
117,1,0,0,0,134.7,121,22.9,180.0,83,15.3,200.9,104,9.04,7.7,3,2.08,1,False,523.3000000000001,311,49.32,1.1132231404958677,2.1686746987951806,1.9317307692307693,2.566666666666667,0.25740493025033434,0.3439709535639212,0.38390980317217654,0.014714313013567742,False,False,False,False,0.17000742390497403,0.085,0.044997511199601783,0.2701298701298701,False,True,False,True
49,1,0,1,28,214.4,78,36.45,235.2,100,19.99,206.2,107,9.28,8.0,13,2.16,3,False,663.8,298,67.88,2.7487179487179487,2.352,1.9271028037383175,0.6153846153846154,0.3229888520638747,0.3543235914432058,0.3106357336547153,0.012051822838204279,False,False,False,False,0.17000932835820898,0.08499149659863946,0.04500484966052376,0.27,True,False,False,True
139,1,0,0,0,192.8,104,32.78,234.4,96,19.92,203.2,101,9.14,13.0,3,3.51,3,False,643.4000000000001,304,65.35000000000001,1.853846153846154,2.441666666666667,2.011881188118812,4.333333333333333,0.2996580665216039,0.3643145788001243,0.315822194591234,0.02020516008703761,False,False,False,False,0.1700207468879668,0.08498293515358363,0.04498031496062992,0.26999999999999996,False,True,False,True
92,0,0,1,28,151.1,90,25.69,194.8,79,16.56,239.2,114,10.76,10.0,3,2.7,1,False,595.0999999999999,286,55.71,1.6788888888888889,2.465822784810127,2.0982456140350876,3.3333333333333335,0.25390690640228536,0.32733994286674517,0.4019492522265166,0.016803898504453036,False,False,False,False,0.1700198544010589,0.08501026694045173,0.04498327759197324,0.27,True,False,False,True
148,2,1,0,0,218.9,88,37.21,208.0,85,17.68,203.3,99,9.15,11.1,4,3.0,0,False,641.3000000000001,276,67.04,2.4875000000000003,2.447058823529412,2.0535353535353535,2.775,0.3413379073756432,0.32434118197411504,0.31701231872758456,0.0173085919226571,False,False,False,True,0.16998629511192326,0.08499999999999999,0.04500737825873094,0.2702702702702703,False,True,False,True
131,1,0,1,25,192.7,85,32.76,225.9,105,19.2,254.2,59,11.44,10.9,6,2.94,2,False,683.6999999999999,255,66.33999999999999,2.267058823529412,2.1514285714285717,4.308474576271187,1.8166666666666667,0.2818487640778119,0.3304080737165424,0.3718004972941349,0.0159426649115109,False,False,False,False,0.17000518941359627,0.0849933598937583,0.04500393391030685,0.2697247706422018,True,False,False,True
146,2,1,0,0,204.4,135,34.75,219.1,90,18.62,222.7,114,10.02,10.5,6,2.84,3,False,656.7,345,66.23,1.5140740740740741,2.4344444444444444,1.9535087719298245,1.75,0.31125323587635145,0.33363788640170544,0.3391198416324044,0.0159890360895386,False,False,False,True,0.17000978473581213,0.08498402555910543,0.044993264481365064,0.2704761904761905,False,True,False,True
48,1,0,1,37,211.7,115,35.99,159.9,84,13.59,144.1,80,6.48,12.2,1,3.29,1,False,527.9000000000001,280,59.35,1.8408695652173912,1.9035714285714287,1.80125,12.2,0.40102292100776654,0.30289827618867204,0.2729683652206857,0.02311043758287554,False,False,False,False,0.1700047236655645,0.0849906191369606,0.04496877168632894,0.269672131147541,True,False,False,True
86,1,0,1,28,221.6,74,37.67,288.4,100,24.51,240.3,105,10.81,9.0,2,2.43,1,False,759.3,281,75.42000000000002,2.9945945945945946,2.884,2.2885714285714287,4.5,0.2918477545107336,0.37982352166469113,0.3164757013038325,0.01185302252074279,False,False,False,False,0.16999097472924188,0.0849861303744799,0.044985434873075325,0.27,True,False,False,True
71,1,0,0,0,197.9,108,33.64,181.5,109,15.43,281.4,56,12.66,6.7,5,1.81,3,False,667.5,278,63.540000000000006,1.8324074074074075,1.665137614678899,5.0249999999999995,1.34,0.2964794007490637,0.27191011235955054,0.42157303370786514,0.0100374531835206,False,False,False,False,0.16998484082870136,0.08501377410468319,0.04498933901918977,0.2701492537313433,False,True,False,True
137,2,0,0,0,206.4,122,35.09,128.0,102,10.88,194.5,84,8.75,8.8,5,2.38,2,False,537.6999999999999,313,57.10000000000001,1.6918032786885246,1.2549019607843137,2.3154761904761907,1.7600000000000002,0.38385716942533016,0.2380509577831505,0.36172586944392787,0.0163660033475916,False,False,False,False,0.17000968992248064,0.085,0.04498714652956298,0.27045454545454545,False,True,False,True
137,0,0,0,0,205.9,88,35.0,209.3,86,17.79,289.9,84,13.05,14.5,4,3.92,2,False,719.6,262,69.76,2.3397727272727273,2.433720930232558,3.451190476190476,3.625,0.28613118399110615,0.2908560311284047,0.40286270150083375,0.020150083379655362,False,False,False,False,0.16998542982030113,0.0849976110845676,0.045015522593997936,0.27034482758620687,False,True,False,True
167,2,0,0,0,207.6,88,35.29,132.4,63,11.25,255.2,98,11.48,14.1,5,3.81,0,False,609.3000000000001,254,61.83,2.359090909090909,2.1015873015873017,2.604081632653061,2.82,0.3407188577055637,0.21729853930740192,0.4188412932873789,0.02314130969965534,False,False,False,False,0.169990366088632,0.08496978851963746,0.04498432601880878,0.2702127659574468,False,True,False,True
132,2,0,0,0,99.5,110,16.92,129.1,80,10.97,125.1,124,5.63,9.7,3,2.62,0,False,363.4,317,36.14,0.9045454545454545,1.61375,1.0088709677419354,3.233333333333333,0.2738029719317557,0.35525591634562464,0.3442487616951018,0.026692350027517887,False,False,False,False,0.17005025125628143,0.0849728892331526,0.045003996802557955,0.2701030927835052,False,True,False,True
94,2,0,0,0,177.1,112,30.11,194.0,112,16.49,146.7,108,6.6,5.9,4,1.59,1,False,523.6999999999999,336,54.79,1.58125,1.7321428571428572,1.3583333333333332,1.475,0.3381707084208517,0.37044109222837507,0.28012220737063204,0.011265991980141304,False,False,False,False,0.17001693958215697,0.08499999999999999,0.044989775051124746,0.2694915254237288,False,True,False,True
96,2,0,1,18,172.7,86,29.36,133.4,113,11.34,259.5,70,11.68,9.8,3,2.65,1,False,575.4,272,55.03,2.0081395348837208,1.1805309734513274,3.7071428571428573,3.266666666666667,0.300139033715676,0.2318387208898158,0.45099061522419187,0.017031630170316305,False,False,False,False,0.170005790387956,0.08500749625187407,0.045009633911368016,0.2704081632653061,True,False,False,True
166,2,0,0,0,204.2,115,34.71,179.9,152,15.29,216.8,109,9.76,9.5,5,2.57,1,False,610.4000000000001,381,62.33,1.7756521739130433,1.1835526315789473,1.9889908256880735,1.9,0.3345347313237221,0.2947247706422018,0.3551769331585845,0.015563564875491478,False,False,False,False,0.1699804113614104,0.08499166203446358,0.04501845018450184,0.27052631578947367,False,True,False,True
74,1,0,0,0,85.7,83,14.57,247.7,67,21.05,142.4,85,6.41,10.1,5,2.73,2,False,485.9,240,44.76,1.0325301204819277,3.6970149253731344,1.6752941176470588,2.02,0.17637373945256227,0.5097756740069973,0.2930644165466146,0.02078616999382589,False,False,False,False,0.17001166861143524,0.08498183286233348,0.045014044943820226,0.2702970297029703,False,True,False,True
36,1,0,0,0,157.6,117,26.79,184.3,58,15.67,240.4,99,10.82,11.9,1,3.21,0,False,594.1999999999999,275,56.49,1.3470085470085469,3.177586206896552,2.4282828282828284,11.9,0.26523056210030294,0.3101649276337934,0.4045775833052845,0.020026926960619324,False,False,False,False,0.16998730964467004,0.0850244167118828,0.04500831946755408,0.26974789915966385,False,True,False,True
113,1,0,0,0,215.5,129,36.64,218.7,117,18.59,207.1,91,9.32,6.6,9,1.78,4,False,647.9,346,66.33000000000001,1.6705426356589148,1.869230769230769,2.2758241758241757,0.7333333333333333,0.33261305757061277,0.33755209137212533,0.3196480938416422,0.010186757215619693,False,False,False,False,0.1700232018561485,0.08500228623685414,0.045002414292612265,0.2696969696969697,False,True,False,True
67,1,0,0,0,171.7,80,29.19,110.4,81,9.38,195.4,111,8.79,11.9,4,3.21,2,False,489.4,276,50.57,2.1462499999999998,1.362962962962963,1.7603603603603604,2.975,0.3508377605230895,0.22558234572946467,0.3992644053943605,0.02431548835308541,False,False,False,False,0.17000582411182297,0.08496376811594203,0.04498464687819856,0.26974789915966385,False,True,False,True
158,1,0,0,0,158.0,106,26.86,292.5,114,24.86,241.1,89,10.85,9.1,4,2.46,1,False,700.7,313,65.03,1.490566037735849,2.5657894736842106,2.708988764044944,2.275,0.22548879691736834,0.4174397031539888,0.34408448694162974,0.012987012987012986,False,False,False,False,0.16999999999999998,0.08499145299145298,0.04500207382828702,0.2703296703296703,False,True,False,True
136,2,0,0,0,92.0,117,15.64,253.6,77,21.56,214.1,90,9.63,10.3,10,2.78,1,False,570.0,294,49.61000000000001,0.7863247863247863,3.2935064935064933,2.3788888888888886,1.03,0.16140350877192983,0.44491228070175437,0.3756140350877193,0.018070175438596493,False,False,False,False,0.17,0.08501577287066246,0.04497898178421299,0.2699029126213592,False,True,False,True
196,1,0,0,0,234.0,109,39.78,249.5,114,21.21,173.1,70,7.79,9.1,5,2.46,2,False,665.7,298,71.24,2.146788990825688,2.18859649122807,2.472857142857143,1.8199999999999998,0.3515096890491212,0.37479345050322965,0.2600270392068499,0.013669821240799157,False,False,False,False,0.17,0.08501002004008017,0.045002888503755056,0.2703296703296703,False,True,False,True
113,1,0,0,0,272.1,111,46.26,268.5,118,22.82,213.8,105,9.62,8.5,10,2.3,1,True,762.9000000000001,344,81.0,2.4513513513513514,2.2754237288135593,2.0361904761904763,0.85,0.3566653558788832,0.3519465198584349,0.28024642810329004,0.011141696159391793,False,False,False,False,0.17001102535832413,0.08499068901303539,0.04499532273152478,0.27058823529411763,False,True,False,True
112,2,0,0,0,194.4,101,33.05,190.3,82,16.18,183.4,107,8.25,11.4,2,3.08,0,False,579.5,292,60.559999999999995,1.924752475247525,2.3207317073170732,1.7140186915887852,5.7,0.3354616048317515,0.3283865401207938,0.31647972389991375,0.019672131147540985,False,False,False,False,0.1700102880658436,0.08502364687335785,0.04498364231188658,0.27017543859649124,False,True,False,True
209,1,0,0,0,227.2,128,38.62,258.4,92,21.96,183.5,74,8.26,8.9,4,2.4,3,False,677.9999999999999,298,71.24000000000001,1.775,2.808695652173913,2.47972972972973,2.225,0.33510324483775816,0.3811209439528024,0.2706489675516225,0.013126843657817112,False,False,False,False,0.1699823943661972,0.08498452012383902,0.04501362397820163,0.2696629213483146,False,True,False,True
62,1,0,0,0,248.7,109,42.28,220.0,118,18.7,265.7,78,11.96,13.2,2,3.56,1,True,747.6,307,76.5,2.281651376146789,1.8644067796610169,3.4064102564102563,6.6,0.3326645264847512,0.294275013376137,0.35540395933654356,0.017656500802568215,False,False,False,False,0.17000402090872538,0.08499999999999999,0.04501317275122319,0.2696969696969697,False,True,False,True
110,1,0,1,38,236.3,102,40.17,195.9,112,16.65,183.5,82,8.26,9.7,6,2.62,1,False,625.4000000000001,302,67.7,2.316666666666667,1.749107142857143,2.2378048780487805,1.6166666666666665,0.37783818356251997,0.3132395267029101,0.2934122161816437,0.015510073552926124,False,False,False,False,0.16999576809140923,0.08499234303215926,0.04501362397820163,0.2701030927835052,True,False,False,True
16,2,0,0,0,205.6,69,34.95,169.5,93,14.41,220.1,64,9.9,10.9,3,2.94,0,False,606.1,229,62.199999999999996,2.979710144927536,1.8225806451612903,3.4390625,3.6333333333333333,0.33921795083319584,0.2796568223065501,0.36314139580927235,0.017983831050981686,False,False,False,False,0.16999027237354086,0.08501474926253687,0.04497955474784189,0.2697247706422018,False,True,True,False
73,0,0,0,0,94.1,136,16.0,280.3,122,23.83,205.0,77,9.23,9.8,4,2.65,0,False,589.1999999999999,339,51.71,0.6919117647058823,2.2975409836065577,2.6623376623376624,2.45,0.1597080787508486,0.47572980312287855,0.347929395790903,0.016632722335369995,False,False,False,False,0.17003188097768332,0.08501605422761326,0.045024390243902444,0.2704081632653061,False,True,False,True
128,0,0,0,0,125.2,99,21.28,205.4,107,17.46,254.4,111,11.45,18.9,2,5.1,0,False,603.9,319,55.29,1.2646464646464646,1.9196261682242992,2.291891891891892,9.45,0.20731909256499423,0.34012253684384836,0.42126179831097865,0.03129657228017883,False,False,False,False,0.16996805111821087,0.08500486854917234,0.04500786163522012,0.2698412698412698,False,True,False,True
39,0,0,0,0,60.4,158,10.27,306.2,120,26.03,123.9,46,5.58,12.4,3,3.35,1,False,502.9,327,45.23,0.3822784810126582,2.5516666666666667,2.6934782608695653,4.133333333333334,0.12010340027838537,0.6088685623384371,0.2463710479220521,0.024656989461125475,False,False,False,False,0.17003311258278145,0.08500979751796213,0.045036319612590796,0.2701612903225806,False,True,False,True
103,1,0,1,28,121.0,105,20.57,270.4,100,22.98,160.5,76,7.22,7.7,4,2.08,2,False,559.6,285,52.849999999999994,1.1523809523809523,2.7039999999999997,2.111842105263158,1.925,0.21622587562544673,0.4832022873481057,0.2868120085775554,0.013759828448892066,False,False,False,False,0.17,0.08498520710059172,0.04498442367601246,0.2701298701298701,True,False,False,True
119,1,0,1,29,117.8,66,20.03,256.8,114,21.83,147.6,76,6.64,7.6,3,2.05,3,False,529.8000000000001,259,50.55,1.784848484848485,2.2526315789473683,1.9421052631578946,2.533333333333333,0.22234805587013964,0.4847112117780294,0.27859569648924115,0.014345035862589653,False,False,False,False,0.1700339558573854,0.08500778816199375,0.044986449864498644,0.26973684210526316,True,False,False,True
173,2,0,1,21,232.4,96,39.51,211.9,118,18.01,273.0,102,12.29,5.0,5,1.35,3,False,722.3,321,71.16,2.4208333333333334,1.7957627118644068,2.676470588235294,1.0,0.32174996538834283,0.29336840647930224,0.3779592966911256,0.006922331441229407,False,False,False,False,0.17000860585197933,0.0849929211892402,0.04501831501831501,0.27,True,False,False,True
128,2,1,1,32,223.5,81,38.0,188.8,74,16.05,154.9,101,6.97,9.4,2,2.54,2,True,576.6,258,63.559999999999995,2.759259259259259,2.5513513513513515,1.5336633663366337,4.7,0.38761706555671177,0.3274366978841485,0.2686437738466875,0.016302462712452306,False,False,False,False,0.17002237136465326,0.08501059322033898,0.044996772111039376,0.2702127659574468,True,False,False,True
86,2,0,0,0,176.3,79,29.97,259.2,97,22.03,287.4,78,12.93,6.2,3,1.67,0,False,729.1,257,66.60000000000001,2.2316455696202535,2.672164948453608,3.6846153846153844,2.066666666666667,0.24180496502537377,0.35550678919215467,0.39418461116444925,0.00850363461802222,False,False,False,False,0.16999432785025523,0.0849922839506173,0.04498956158663883,0.2693548387096774,False,True,False,True
114,1,0,1,32,125.2,79,21.28,177.8,105,15.11,232.4,89,10.46,12.9,3,3.48,1,False,548.3,276,50.33,1.5848101265822785,1.6933333333333334,2.6112359550561797,4.3,0.2283421484588729,0.3242750319168339,0.42385555352908993,0.023527266095203357,False,False,False,False,0.16996805111821087,0.08498312710911135,0.04500860585197935,0.2697674418604651,True,False,False,True
104,0,0,0,0,138.7,107,23.58,256.9,113,21.84,234.9,74,10.57,10.0,3,2.7,0,False,640.5,297,58.690000000000005,1.2962616822429907,2.2734513274336283,3.174324324324324,3.3333333333333335,0.2165495706479313,0.4010928961748634,0.3667447306791569,0.0156128024980484,False,False,False,False,0.17000720980533526,0.08501362397820164,0.044997871434653045,0.27,False,True,False,True
148,1,0,0,0,86.3,134,14.67,246.6,92,20.96,251.6,91,11.32,11.3,4,3.05,1,False,595.8,321,50.0,0.6440298507462686,2.6804347826086956,2.764835164835165,2.825,0.14484726418261162,0.41389728096676737,0.4222893588452501,0.01896609600537093,False,False,False,False,0.16998841251448435,0.08499594484995945,0.04499205087440382,0.26991150442477874,False,True,False,True
129,0,0,0,0,207.0,91,35.19,154.9,121,13.17,245.1,112,11.03,13.4,5,3.62,3,False,620.4,329,63.01,2.2747252747252746,1.2801652892561983,2.188392857142857,2.68,0.33365570599613154,0.24967762733720184,0.39506769825918764,0.021598968407479047,False,False,False,False,0.16999999999999998,0.08502259522272433,0.04500203998368013,0.2701492537313433,False,True,False,True
100,2,0,1,30,58.8,104,10.0,219.5,107,18.66,152.3,118,6.85,7.1,3,1.92,0,False,437.70000000000005,332,37.43,0.5653846153846154,2.0514018691588785,1.290677966101695,2.3666666666666667,0.1343385880740233,0.5014850354123829,0.347955220470642,0.016221156042951792,False,False,False,False,0.17006802721088435,0.08501138952164008,0.044977019041365716,0.27042253521126763,True,False,False,True
143,0,0,1,33,239.2,109,40.66,235.5,112,20.02,156.3,95,7.03,9.5,4,2.57,1,False,640.5,320,70.27999999999999,2.1944954128440366,2.1026785714285716,1.645263157894737,2.375,0.3734582357533177,0.36768149882903983,0.2440281030444965,0.01483216237314598,False,False,False,False,0.16998327759197324,0.08501061571125265,0.04497760716570697,0.27052631578947367,True,False,False,True
76,2,0,0,0,198.3,130,33.71,217.1,86,18.45,188.4,96,8.48,12.5,3,3.38,0,False,616.3,315,64.02,1.5253846153846156,2.5244186046511627,1.9625000000000001,4.166666666666667,0.32175888366055494,0.35226350803180273,0.30569527827356807,0.020282330034074317,False,False,False,False,0.16999495713565305,0.08498387839705204,0.04501061571125266,0.2704,False,True,False,True
158,2,0,0,0,205.2,97,34.88,240.6,77,20.45,79.7,108,3.59,14.4,12,3.89,0,False,539.9,294,62.81,2.1154639175257732,3.1246753246753247,0.737962962962963,1.2,0.38007038340433413,0.44563808112613446,0.14761992961659567,0.02667160585293573,False,False,False,False,0.16998050682261212,0.08499584372402327,0.04504391468005019,0.2701388888888889,False,True,False,True
116,2,0,0,0,192.1,98,32.66,312.9,135,26.6,130.2,94,5.86,7.9,2,2.13,3,False,643.1,329,67.25,1.960204081632653,2.3177777777777777,1.3851063829787233,3.95,0.2987093764577826,0.4865495257347224,0.20245684963458246,0.012284248172912456,False,False,False,False,0.1700156168662155,0.08501118568232663,0.04500768049155147,0.26962025316455696,False,True,False,True
54,1,0,0,0,272.6,83,46.34,248.7,74,21.14,197.4,111,8.88,9.5,2,2.57,1,True,728.1999999999999,270,78.92999999999999,3.2843373493975907,3.360810810810811,1.7783783783783784,4.75,0.37434770667399075,0.34152705300741554,0.2710793737984071,0.013045866520186763,False,False,False,False,0.16999266324284665,0.08500201045436269,0.044984802431610946,0.27052631578947367,False,True,False,True
86,1,0,0,0,128.3,121,21.81,197.1,93,16.75,138.4,152,6.23,12.2,5,3.29,7,True,475.99999999999994,371,48.080000000000005,1.0603305785123969,2.1193548387096772,0.9105263157894737,2.44,0.26953781512605046,0.41407563025210087,0.2907563025210084,0.02563025210084034,True,False,False,False,0.16999220576773186,0.0849822425164891,0.045014450867052025,0.269672131147541,False,True,False,True
108,2,0,0,0,169.6,99,28.83,264.1,87,22.45,206.3,78,9.28,9.3,4,2.51,0,False,649.3,268,63.07,1.713131313131313,3.0356321839080462,2.644871794871795,2.325,0.2612043739411674,0.40674572616664106,0.3177267826890498,0.014323117203141847,False,False,False,False,0.1699882075471698,0.08500567966679287,0.04498303441589917,0.2698924731182795,False,True,False,True
66,2,0,0,0,201.3,95,34.22,152.8,66,12.99,233.2,101,10.49,7.5,4,2.03,1,False,594.8,266,59.730000000000004,2.1189473684210527,2.3151515151515154,2.3089108910891087,1.875,0.3384330867518494,0.25689307330195027,0.39206455951580366,0.012609280430396773,False,False,False,False,0.16999503229011423,0.0850130890052356,0.04498284734133791,0.27066666666666667,False,True,False,True
151,0,0,1,17,214.7,97,36.5,138.5,90,11.77,169.1,44,7.61,8.6,4,2.32,1,False,530.9,235,58.199999999999996,2.21340206185567,1.538888888888889,3.8431818181818183,2.15,0.40440760971934453,0.2608777547560746,0.31851572800904127,0.01619890751553965,False,False,False,False,0.17000465766185377,0.08498194945848375,0.04500295683027795,0.2697674418604651,True,False,False,True
99,2,0,0,0,169.2,70,28.76,271.5,77,23.08,170.2,104,7.66,10.6,2,2.86,0,False,621.5,253,62.36,2.417142857142857,3.5259740259740258,1.6365384615384615,5.3,0.27224456958970233,0.43684633950120677,0.2738535800482703,0.017055510860820595,False,False,False,False,0.1699763593380615,0.08500920810313074,0.04500587544065805,0.269811320754717,False,True,False,True
55,1,0,0,0,194.1,121,33.0,176.6,110,15.01,302.8,136,13.63,7.0,7,1.89,2,False,680.5,374,63.53,1.6041322314049586,1.6054545454545455,2.226470588235294,1.0,0.2852314474650992,0.25951506245407785,0.4449669360764144,0.010286554004408524,False,False,False,False,0.17001545595054096,0.08499433748584372,0.04501321003963012,0.26999999999999996,False,True,False,True
78,0,0,0,0,225.1,67,38.27,199.2,127,16.93,175.5,102,7.9,14.6,2,3.94,0,False,614.4,298,67.04,3.3597014925373134,1.568503937007874,1.7205882352941178,7.3,0.3663736979166667,0.32421875,0.28564453125,0.023763020833333332,False,False,False,False,0.17001332741004,0.08498995983935743,0.045014245014245016,0.26986301369863014,False,True,False,True
89,1,0,0,0,213.0,63,36.21,176.6,71,15.01,262.6,126,11.82,9.1,1,2.46,1,True,661.3000000000001,261,65.5,3.380952380952381,2.4873239436619716,2.0841269841269843,9.1,0.322092847421745,0.2670497504914562,0.3970966278542265,0.013760774232572204,False,False,False,False,0.17,0.08499433748584372,0.04501142421934501,0.2703296703296703,False,True,False,True
101,1,0,0,0,183.9,115,31.26,255.9,101,21.75,275.0,145,12.38,10.8,11,2.92,1,False,725.5999999999999,372,68.31,1.5991304347826087,2.5336633663366337,1.896551724137931,0.9818181818181819,0.25344542447629553,0.35267364939360535,0.3789966923925028,0.014884233737596475,False,False,False,False,0.1699836867862969,0.08499413833528723,0.04501818181818182,0.27037037037037037,False,True,False,True
44,1,0,1,34,221.8,105,37.71,161.7,85,13.74,227.7,62,10.25,14.0,7,3.78,0,False,625.2,259,65.48,2.1123809523809527,1.9023529411764704,3.67258064516129,2.0,0.354766474728087,0.25863723608445294,0.36420345489443373,0.02239283429302623,False,False,False,False,0.1700180342651037,0.0849721706864564,0.045015371102327624,0.26999999999999996,True,False,False,True
98,0,0,1,21,64.6,98,10.98,176.1,86,14.97,244.8,84,11.02,0.0,0,0.0,2,False,485.5,268,36.97,0.6591836734693877,2.047674418604651,2.9142857142857146,0.0,0.13305870236869205,0.3627188465499485,0.5042224510813594,0.0,False,False,False,False,0.16996904024767803,0.08500851788756389,0.04501633986928104,0.0,True,False,False,True
64,2,0,1,37,154.6,92,26.28,83.4,103,7.09,165.9,99,7.47,13.3,3,3.59,1,False,417.2,297,44.43000000000001,1.6804347826086956,0.8097087378640777,1.6757575757575758,4.433333333333334,0.37056567593480344,0.1999041227229147,0.3976510067114094,0.031879194630872486,False,False,False,False,0.16998706338939198,0.08501199040767385,0.04502712477396022,0.2699248120300752,True,False,False,True
141,1,0,0,0,260.2,131,44.23,179.2,120,15.23,135.0,119,6.08,7.2,8,1.94,3,False,581.6,378,67.47999999999999,1.9862595419847326,1.4933333333333332,1.134453781512605,0.9,0.44738651994497936,0.30811554332874824,0.23211829436038514,0.012379642365887207,False,False,False,False,0.1699846272098386,0.0849888392857143,0.045037037037037035,0.26944444444444443,False,True,False,True
81,1,0,1,33,161.6,117,27.47,123.0,90,10.46,261.3,101,11.76,12.2,5,3.29,1,False,558.1000000000001,313,52.98,1.3811965811965812,1.3666666666666667,2.587128712871287,2.44,0.28955384339724055,0.22039061100161256,0.46819566385952327,0.021859881741623358,False,False,False,False,0.16998762376237625,0.08504065040650408,0.045005740528128585,0.269672131147541,True,False,False,True
162,2,0,0,0,220.6,117,37.5,155.2,121,13.19,186.7,89,8.4,10.5,11,2.84,1,False,573.0,338,61.92999999999999,1.8854700854700854,1.2826446280991735,2.097752808988764,0.9545454545454546,0.38499127399650956,0.2708551483420593,0.3258289703315881,0.01832460732984293,False,False,False,False,0.16999093381686312,0.08498711340206186,0.044991965720407076,0.2704761904761905,False,True,False,True
83,1,0,1,41,155.9,122,26.5,162.3,107,13.8,127.6,105,5.74,13.1,5,3.54,3,False,458.9000000000001,339,49.58,1.2778688524590165,1.5168224299065423,1.2152380952380952,2.62,0.3397254303769884,0.35367182392678137,0.27805622139899755,0.028546524297232506,False,False,False,False,0.16998075689544578,0.08502772643253234,0.04498432601880878,0.2702290076335878,True,False,False,True
100,2,0,0,0,107.0,63,18.19,105.7,67,8.98,243.1,74,10.94,12.8,3,3.46,4,True,468.59999999999997,207,41.57,1.6984126984126984,1.5776119402985076,3.285135135135135,4.266666666666667,0.22833973538198893,0.2255655142979087,0.5187793427230047,0.027315407597097743,False,False,False,False,0.17,0.08495742667928098,0.045002056766762645,0.27031249999999996,False,True,False,True
59,2,0,0,0,182.5,104,31.03,204.7,95,17.4,229.9,100,10.35,11.3,8,3.05,4,False,628.4,307,61.83,1.7548076923076923,2.154736842105263,2.299,1.4125,0.29042011457670275,0.32574793125397833,0.36584977721196693,0.017982176957352006,False,False,False,False,0.17002739726027397,0.08500244259892525,0.04501957372770769,0.26991150442477874,False,True,False,True
179,1,1,1,38,220.1,78,37.42,234.3,71,19.92,237.3,85,10.68,10.1,4,2.73,4,False,701.8000000000001,238,70.75000000000001,2.8217948717948715,3.3000000000000003,2.791764705882353,2.525,0.3136221145625534,0.3338557993730407,0.33813052151610146,0.014391564548304358,False,False,False,False,0.17001363016810542,0.08501920614596671,0.0450063211125158,0.2702970297029703,True,False,False,True
79,0,0,0,0,152.2,112,25.87,177.2,132,15.06,96.4,87,4.34,5.3,3,1.43,1,False,431.09999999999997,334,46.699999999999996,1.3589285714285713,1.3424242424242423,1.1080459770114943,1.7666666666666666,0.35305033634887495,0.41104152168870334,0.22361401067037814,0.01229413129204361,False,False,False,False,0.1699737187910644,0.08498871331828443,0.0450207468879668,0.269811320754717,False,True,False,True
117,1,0,0,0,181.5,95,30.86,205.1,88,17.43,204.0,82,9.18,14.7,9,3.97,2,False,605.3000000000001,274,61.44,1.9105263157894736,2.330681818181818,2.4878048780487805,1.6333333333333333,0.29985131339831483,0.33884024450685607,0.33702296381959357,0.024285478275235417,False,False,False,False,0.17002754820936639,0.08498293515358361,0.045,0.27006802721088435,False,True,False,True
31,1,0,0,0,166.1,105,28.24,79.3,93,6.74,213.7,98,9.62,12.7,2,3.43,1,False,471.79999999999995,298,48.029999999999994,1.581904761904762,0.8526881720430107,2.1806122448979592,6.35,0.3520559559135227,0.16807969478592624,0.45294616362865625,0.02691818567189487,False,False,False,False,0.1700180614087899,0.08499369482976041,0.045016378100140385,0.27007874015748035,False,True,False,True
122,0,0,1,23,134.2,85,22.81,227.3,132,19.32,122.4,96,5.51,8.5,2,2.3,2,False,492.4,315,49.93999999999999,1.5788235294117645,1.7219696969696972,1.2750000000000001,4.25,0.2725426482534525,0.46161657189277017,0.2485783915515841,0.01726238830219334,False,False,False,False,0.16997019374068556,0.08499780026396832,0.04501633986928104,0.27058823529411763,True,False,False,True
37,0,1,1,39,149.7,122,25.45,211.1,75,17.94,114.3,90,5.14,9.2,4,2.48,1,False,484.29999999999995,291,51.01,1.2270491803278687,2.8146666666666667,1.27,2.3,0.3091059260788767,0.4358868469956639,0.23601073714639687,0.018996489779062566,False,False,False,False,0.17000668002672012,0.08498342018000948,0.044969378827646546,0.26956521739130435,True,False,False,True
90,0,0,1,29,150.1,109,25.52,264.7,103,22.5,178.4,97,8.03,5.8,4,1.57,1,False,598.9999999999999,313,57.62,1.3770642201834862,2.5699029126213593,1.839175257731959,1.45,0.2505843071786311,0.4419031719532555,0.29782971619365617,0.00968280467445743,False,False,False,False,0.17001998667554963,0.08500188893086513,0.04501121076233183,0.27068965517241383,True,False,False,True
159,0,1,0,0,257.1,53,43.71,312.2,127,26.54,183.0,82,8.24,8.8,6,2.38,1,True,761.0999999999999,268,80.86999999999999,4.850943396226415,2.458267716535433,2.231707317073171,1.4666666666666668,0.33780055183287355,0.4101957692813034,0.2404414662987781,0.01156221258704507,False,False,False,True,0.17001166861143524,0.08500960922485586,0.045027322404371586,0.27045454545454545,False,True,False,True
39,1,0,1,36,141.7,121,24.09,232.3,113,19.75,222.1,131,9.99,12.0,5,3.24,1,False,608.1,370,57.07000000000001,1.1710743801652892,2.0557522123893808,1.6954198473282442,2.4,0.23302088472290738,0.38200953790494985,0.3652359809241901,0.01973359644795264,False,False,False,False,0.17000705716302048,0.08501937150236763,0.04497973885637101,0.27,True,False,False,True
194,0,0,0,0,162.3,88,27.59,213.7,118,18.16,192.1,81,8.64,10.9,2,2.94,0,False,579.0,289,57.33,1.844318181818182,1.8110169491525423,2.371604938271605,5.45,0.28031088082901556,0.3690846286701209,0.3317789291882556,0.018825561312607944,False,False,False,False,0.16999383857054837,0.08497894244267666,0.04497657470067674,0.2697247706422018,False,True,False,True
154,1,0,0,0,350.8,75,59.64,216.5,94,18.4,253.9,100,11.43,10.1,9,2.73,1,True,831.3,278,92.2,4.677333333333333,2.3031914893617023,2.539,1.1222222222222222,0.4219896547576086,0.26043546252856975,0.3054252375796945,0.01214964513412727,False,False,False,False,0.17001140250855187,0.08498845265588914,0.04501772351319417,0.2702970297029703,False,True,False,True
112,1,0,0,0,193.3,96,32.86,264.1,123,22.45,128.6,115,5.79,9.1,3,2.46,4,False,595.1,337,63.56,2.013541666666667,2.1471544715447157,1.1182608695652174,3.033333333333333,0.32481935809107715,0.4437909595026046,0.216098134767266,0.015291547639052258,False,False,False,False,0.1699948266942576,0.08500567966679287,0.04502332814930016,0.2703296703296703,False,True,False,True
45,1,0,0,0,78.2,127,13.29,253.4,108,21.54,255.0,100,11.48,18.0,3,4.86,1,False,604.6,338,51.17,0.615748031496063,2.3462962962962965,2.55,6.0,0.12934171352960636,0.4191200793913331,0.4217664571617598,0.029771749917300694,False,False,False,False,0.16994884910485933,0.08500394632991318,0.04501960784313726,0.27,False,True,False,True
132,1,0,0,0,83.4,110,14.18,232.2,137,19.74,146.7,114,6.6,7.6,5,2.05,1,False,469.90000000000003,366,42.57,0.7581818181818182,1.694890510948905,1.2868421052631578,1.52,0.1774845711853586,0.49414769099808464,0.3121940838476271,0.016173653968929558,False,False,False,False,0.1700239808153477,0.08501291989664082,0.044989775051124746,0.26973684210526316,False,True,False,True
128,1,0,0,0,195.6,99,33.25,267.8,120,22.76,164.9,76,7.42,16.0,2,4.32,0,False,644.3,297,67.75,1.9757575757575756,2.231666666666667,2.169736842105263,8.0,0.303585286357287,0.4156448859227069,0.2559366754617414,0.024833152258264785,False,False,False,False,0.16998977505112475,0.08498879761015683,0.04499696785930867,0.27,False,True,False,True
56,0,0,0,0,197.0,110,33.49,222.8,102,18.94,225.3,91,10.14,10.6,6,2.86,2,False,655.7,309,65.43,1.790909090909091,2.1843137254901963,2.475824175824176,1.7666666666666666,0.30044227543083724,0.33978953789842914,0.343602257129785,0.016165929540948604,False,False,False,False,0.17,0.08500897666068223,0.045006657789613845,0.269811320754717,False,True,False,True
151,1,1,0,0,218.0,57,37.06,114.4,88,9.72,269.2,95,12.11,12.4,1,3.35,0,True,613.9999999999999,241,62.24,3.824561403508772,1.3,2.833684210526316,12.4,0.35504885993485347,0.1863192182410424,0.4384364820846906,0.020195439739413686,False,False,False,True,0.17,0.08496503496503496,0.0449851411589896,0.2701612903225806,False,True,False,True
32,1,0,0,0,164.8,98,28.02,229.9,96,19.54,167.3,108,7.53,14.8,2,4.0,2,False,576.8,304,59.09,1.6816326530612247,2.394791666666667,1.5490740740740743,7.4,0.28571428571428575,0.39857836338418867,0.2900485436893204,0.025658807212205273,False,False,False,False,0.17002427184466018,0.08499347542409742,0.04500896592946802,0.27027027027027023,False,True,False,True
90,1,0,0,0,179.2,77,30.46,210.7,99,17.91,276.9,58,12.46,9.2,6,2.48,2,False,676.0,240,63.31,2.327272727272727,2.128282828282828,4.774137931034482,1.5333333333333332,0.2650887573964497,0.3116863905325444,0.4096153846153846,0.013609467455621301,False,False,False,False,0.1699776785714286,0.08500237304224016,0.04499819429396895,0.26956521739130435,False,True,False,True
138,1,0,0,0,170.5,87,28.99,118.2,116,10.05,187.9,111,8.46,11.2,7,3.02,2,False,487.8,321,50.52,1.9597701149425288,1.0189655172413794,1.6927927927927928,1.5999999999999999,0.34952849528495283,0.24231242312423124,0.3851988519885199,0.02296022960229602,False,False,False,False,0.17002932551319647,0.0850253807106599,0.04502394890899415,0.2696428571428572,False,True,False,True
79,0,0,0,0,205.7,123,34.97,214.5,108,18.23,226.1,106,10.17,6.7,18,1.81,1,False,653.0,355,65.18,1.6723577235772358,1.9861111111111112,2.133018867924528,0.37222222222222223,0.3150076569678407,0.32848392036753443,0.3462480857580398,0.010260336906584993,False,False,False,False,0.1700048614487117,0.084988344988345,0.04498009730207873,0.2701492537313433,False,True,False,True
95,1,1,0,0,165.5,84,28.14,286.2,112,24.33,198.9,89,8.95,11.5,2,3.11,1,True,662.1,287,64.53,1.9702380952380953,2.555357142857143,2.2348314606741573,5.75,0.2499622413532699,0.4322609877661984,0.3004077933846851,0.01736897749584655,False,False,False,True,0.17003021148036254,0.0850104821802935,0.044997486173956755,0.27043478260869563,False,True,False,True
127,1,0,0,0,221.0,100,37.57,160.7,113,13.66,233.1,96,10.49,6.8,4,1.84,2,False,621.5999999999999,313,63.56000000000001,2.21,1.4221238938053096,2.428125,1.7,0.3555341055341056,0.2585263835263835,0.37500000000000006,0.01093951093951094,False,False,False,False,0.17,0.08500311138767891,0.04500214500214501,0.2705882352941177,False,True,False,True
137,2,0,0,0,242.1,118,41.16,191.0,93,16.24,218.6,50,9.84,14.7,2,3.97,3,False,666.4000000000001,263,71.21,2.051694915254237,2.053763440860215,4.372,7.35,0.36329531812725085,0.2866146458583433,0.32803121248499395,0.02205882352941176,False,False,False,False,0.17001239157372985,0.0850261780104712,0.045013723696248856,0.27006802721088435,False,True,False,True
97,1,0,0,0,151.6,107,25.77,155.4,96,13.21,240.0,112,10.8,14.7,4,3.97,1,False,561.7,319,53.75,1.416822429906542,1.6187500000000001,2.142857142857143,3.675,0.2698949617233398,0.27666013886416235,0.4272743457361581,0.02617055367633968,False,False,False,False,0.1699868073878628,0.08500643500643501,0.045000000000000005,0.27006802721088435,False,True,False,True
149,1,1,0,0,176.2,87,29.95,145.0,81,12.33,249.5,92,11.23,5.7,4,1.54,0,False,576.4000000000001,264,55.050000000000004,2.0252873563218388,1.7901234567901234,2.7119565217391304,1.425,0.30569049271339344,0.25156141568355306,0.4328591256072171,0.009888965995836224,False,False,False,True,0.1699772985244041,0.08503448275862069,0.04501002004008016,0.27017543859649124,False,True,False,True
117,1,1,1,22,196.0,82,33.32,322.7,82,27.43,225.6,120,10.15,3.7,5,1.0,1,False,748.0000000000001,289,71.9,2.3902439024390243,3.9353658536585363,1.88,0.74,0.26203208556149726,0.43141711229946517,0.3016042780748663,0.004946524064171122,False,False,False,False,0.17,0.08500154942671212,0.044991134751773056,0.27027027027027023,True,False,False,True
84,0,0,0,0,159.5,125,27.12,247.1,90,21.0,187.9,82,8.46,7.2,4,1.94,2,False,601.7,301,58.52,1.276,2.7455555555555553,2.2914634146341464,1.8,0.26508226691042047,0.41066976898786767,0.31228186804055175,0.011966096061160046,False,False,False,False,0.17003134796238245,0.08498583569405099,0.04502394890899415,0.26944444444444443,False,True,False,True
137,1,0,0,0,230.2,113,39.13,220.4,79,18.73,204.7,111,9.21,10.7,7,2.89,4,False,666.0,310,69.96,2.0371681415929204,2.789873417721519,1.844144144144144,1.5285714285714285,0.34564564564564565,0.33093093093093096,0.30735735735735736,0.016066066066066066,False,False,False,False,0.16998262380538665,0.08498185117967332,0.04499267220322424,0.27009345794392525,False,True,False,True
99,1,0,0,0,146.7,64,24.94,274.0,99,23.29,321.3,98,14.46,8.9,1,2.4,3,False,750.9,262,65.09,2.2921875,2.7676767676767677,3.2785714285714285,8.9,0.1953655613264083,0.364895458782794,0.4278865361566121,0.011852443734185645,False,False,False,False,0.17000681663258352,0.08499999999999999,0.0450046685340803,0.2696629213483146,False,True,False,True
85,1,0,0,0,102.0,95,17.34,270.2,139,22.97,148.2,105,6.67,10.7,3,2.89,1,False,531.1,342,49.870000000000005,1.0736842105263158,1.9438848920863308,1.4114285714285713,3.5666666666666664,0.19205422707588024,0.5087554132931651,0.2790434946337789,0.020146864997175672,False,False,False,False,0.17,0.08501110288675055,0.045006747638326586,0.27009345794392525,False,True,False,True
150,2,0,0,0,126.0,99,21.42,238.5,73,20.27,285.1,100,12.83,10.2,6,2.75,3,False,659.8000000000001,278,57.269999999999996,1.2727272727272727,3.267123287671233,2.8510000000000004,1.7,0.19096695968475294,0.3614731736889966,0.43210063655653225,0.015459230069718093,False,False,False,False,0.17,0.0849895178197065,0.0450017537706068,0.26960784313725494,False,True,False,True
43,1,0,0,0,168.4,125,28.63,243.8,89,20.72,214.7,102,9.66,11.1,2,3.0,1,False,638.0000000000001,318,62.00999999999999,1.3472,2.7393258426966294,2.104901960784314,5.55,0.26394984326018806,0.3821316614420062,0.33652037617554853,0.01739811912225705,False,False,False,False,0.17001187648456056,0.08498769483182936,0.044993013507219376,0.2702702702702703,False,True,False,True
98,1,0,0,0,206.5,92,35.11,176.2,152,14.98,232.8,115,10.48,12.4,5,3.35,5,False,627.9,364,63.92000000000001,2.244565217391304,1.1592105263157895,2.0243478260869567,2.48,0.32887402452619846,0.2806179327918458,0.37075967510750124,0.019748367574454532,True,False,True,False,0.17002421307506052,0.08501702610669694,0.04501718213058419,0.2701612903225806,False,True,False,True
112,2,0,0,0,217.1,76,36.91,205.2,100,17.44,185.7,91,8.36,9.4,3,2.54,2,False,617.4,270,65.25,2.856578947368421,2.052,2.0406593406593405,3.1333333333333333,0.351635892452219,0.3323615160349854,0.3007774538386783,0.015225137674117267,False,False,False,False,0.17001381851681252,0.08499025341130606,0.04501884760366182,0.2702127659574468,False,True,False,True
16,2,0,0,0,229.6,78,39.03,205.7,108,17.48,166.2,91,7.48,10.8,2,2.92,0,True,612.3,279,66.91000000000001,2.9435897435897433,1.9046296296296295,1.8263736263736263,5.4,0.374979585170668,0.33594643148783276,0.2714355707986281,0.017638412542871143,False,False,False,False,0.1699912891986063,0.08497812348079728,0.045006016847172085,0.27037037037037037,False,True,True,False
98,1,0,1,22,278.3,89,47.31,93.4,143,7.94,107.6,42,4.84,9.7,5,2.62,0,False,489.00000000000006,279,62.71,3.126966292134832,0.6531468531468532,2.5619047619047617,1.94,0.569120654396728,0.19100204498977505,0.22004089979550098,0.019836400817995908,False,False,False,False,0.16999640675530003,0.08501070663811564,0.04498141263940521,0.2701030927835052,True,False,False,True
84,2,0,0,0,181.5,129,30.86,130.7,112,11.11,186.5,118,8.39,8.5,4,2.3,1,False,507.2,363,52.66,1.4069767441860466,1.1669642857142857,1.5805084745762712,2.125,0.35784700315457413,0.25768927444794953,0.367705047318612,0.016758675078864353,False,False,False,False,0.17002754820936639,0.08500382555470544,0.04498659517426274,0.27058823529411763,False,True,False,True
66,1,0,0,0,167.3,91,28.44,230.0,68,19.55,191.7,118,8.63,10.6,5,2.86,1,True,599.6,282,59.480000000000004,1.8384615384615386,3.3823529411764706,1.6245762711864407,2.12,0.27901934623082053,0.38358905937291526,0.3197131420947298,0.017678452301534354,False,False,False,False,0.169994022713688,0.085,0.045018257694314036,0.269811320754717,False,True,False,True
98,1,0,1,31,121.0,105,20.57,218.9,98,18.61,226.7,110,10.2,12.0,1,3.24,1,False,578.5999999999999,314,52.62,1.1523809523809523,2.2336734693877554,2.060909090909091,12.0,0.20912547528517114,0.3783269961977187,0.3918078119599033,0.020739716557207053,False,False,False,False,0.17,0.08501598903608953,0.044993383325981476,0.27,True,False,False,True
74,1,0,0,0,221.1,124,37.59,110.8,94,9.42,240.1,112,10.8,10.6,3,2.86,0,False,582.6,333,60.67,1.7830645161290322,1.1787234042553192,2.14375,3.533333333333333,0.3795056642636457,0.19018194301407482,0.4121180913147957,0.018194301407483692,False,False,False,False,0.17001356852103122,0.08501805054151625,0.04498125780924615,0.269811320754717,False,True,False,True
119,2,0,0,0,222.8,122,37.88,163.2,107,13.87,160.6,112,7.23,11.2,6,3.02,1,False,557.8000000000001,347,62.00000000000001,1.8262295081967215,1.525233644859813,1.4339285714285714,1.8666666666666665,0.39942631767658654,0.292577984940839,0.287916816063105,0.02007888131946934,False,False,False,False,0.17001795332136446,0.08498774509803922,0.0450186799501868,0.2696428571428572,False,True,False,True
73,1,0,0,0,183.4,80,31.18,242.0,115,20.57,201.4,100,9.06,7.5,3,2.03,4,False,634.3,298,62.84,2.2925,2.1043478260869564,2.0140000000000002,2.5,0.28913763203531456,0.38152293867255244,0.31751537127542173,0.011824058016711336,False,False,False,False,0.17001090512540892,0.085,0.04498510427010924,0.27066666666666667,False,True,False,True
92,1,1,0,0,264.3,91,44.93,160.9,115,13.68,198.6,73,8.94,9.3,5,2.51,0,False,633.1,284,70.06,2.9043956043956047,1.3991304347826088,2.7205479452054795,1.86,0.41746959406096984,0.25414626441320487,0.31369451903332807,0.014689622492497237,False,False,False,True,0.169996216420734,0.08502175264139217,0.04501510574018127,0.2698924731182795,False,True,False,True
21,1,0,0,0,146.0,78,24.82,109.7,79,9.32,247.4,108,11.13,6.8,7,1.84,0,False,509.90000000000003,272,47.11000000000001,1.8717948717948718,1.388607594936709,2.2907407407407407,0.9714285714285714,0.2863306530692292,0.21514022357324966,0.48519317513237886,0.013335948225142183,False,False,False,False,0.17,0.08495897903372836,0.04498787388843978,0.2705882352941177,False,True,True,False
122,2,0,0,0,157.1,134,26.71,184.9,122,15.72,197.2,59,8.87,8.5,5,2.3,4,True,547.7,320,53.599999999999994,1.1723880597014924,1.5155737704918033,3.342372881355932,1.7,0.2868358590469235,0.337593573123973,0.36005112287748764,0.015519444951615847,False,False,False,False,0.17001909611712288,0.08501892915089238,0.04497971602434077,0.27058823529411763,False,True,False,True
133,2,1,0,0,127.3,108,21.64,251.3,81,21.36,135.0,88,6.08,10.3,3,2.78,1,False,523.9,280,51.86,1.1787037037037036,3.1024691358024694,1.5340909090909092,3.4333333333333336,0.24298530253865241,0.47967169307119684,0.25768276388623784,0.019660240503912962,False,False,False,True,0.16999214454045564,0.08499801034619975,0.045037037037037035,0.2699029126213592,False,True,False,True
145,1,0,0,0,187.9,110,31.94,197.0,117,16.75,167.0,108,7.52,4.8,4,1.3,2,False,556.6999999999999,339,57.50999999999999,1.7081818181818182,1.6837606837606838,1.5462962962962963,1.2,0.33752469911981325,0.3538710256870847,0.29998203700377224,0.008622238189329981,False,False,False,False,0.16998403406067056,0.0850253807106599,0.04502994011976048,0.27083333333333337,False,True,False,True
25,0,0,0,0,178.8,90,30.4,141.2,72,12.0,203.0,99,9.14,8.4,5,2.27,2,False,531.4,266,53.81,1.9866666666666668,1.961111111111111,2.0505050505050506,1.6800000000000002,0.33646970267218673,0.2657132103876552,0.3820097854723372,0.01580730146782085,False,False,False,False,0.17002237136465323,0.08498583569405099,0.045024630541871925,0.2702380952380952,False,True,True,False
126,1,0,0,0,256.5,112,43.61,199.5,90,16.96,188.3,122,8.47,7.0,5,1.89,3,False,651.3,329,70.93,2.2901785714285716,2.216666666666667,1.5434426229508198,1.4,0.3938277291570705,0.30631045601105483,0.28911407953324125,0.010747735298633503,False,False,False,False,0.1700194931773879,0.0850125313283208,0.04498141263940521,0.26999999999999996,False,True,False,True
76,1,0,0,0,169.5,77,28.82,124.0,87,10.54,219.4,92,9.87,10.0,3,2.7,0,False,522.9,259,51.93,2.2012987012987013,1.4252873563218391,2.384782608695652,3.3333333333333335,0.32415375788869766,0.23713903231975522,0.4195830942818895,0.019124115509657678,False,False,False,False,0.17002949852507374,0.08499999999999999,0.04498632634457611,0.27,False,True,False,True
113,1,0,0,0,239.7,47,40.75,282.9,110,24.05,238.4,88,10.73,8.7,3,2.35,2,True,769.6999999999999,248,77.88,5.1,2.571818181818182,2.709090909090909,2.9,0.3114200337793946,0.3675457970637911,0.309731064050929,0.01130310510588541,False,False,False,False,0.17000417188151856,0.08501237186284907,0.04500838926174497,0.2701149425287357,False,True,False,True
224,2,1,0,0,171.5,99,29.16,160.0,103,13.6,212.4,102,9.56,5.0,2,1.35,1,True,548.9,306,53.67,1.7323232323232323,1.5533980582524272,2.0823529411764707,2.5,0.31244306795409,0.2914920750592093,0.3869557296411004,0.009109127345600291,False,False,False,True,0.17002915451895043,0.08499999999999999,0.045009416195856876,0.27,False,True,False,True
128,0,0,1,34,142.3,73,24.19,194.8,79,16.56,239.3,81,10.77,16.0,6,4.32,1,False,592.4000000000001,239,55.839999999999996,1.9493150684931508,2.465822784810127,2.954320987654321,2.6666666666666665,0.2402093180283592,0.32883187035786626,0.40395003376097227,0.027008777852802156,False,False,False,False,0.16999297259311313,0.08501026694045173,0.045006268282490595,0.27,True,False,False,True
115,1,0,0,0,184.1,98,31.3,327.0,73,27.8,212.5,106,9.56,7.5,6,2.03,2,False,731.1,283,70.69,1.8785714285714286,4.47945205479452,2.0047169811320753,1.25,0.25181233757351934,0.4472712351251539,0.2906579127342361,0.010258514567090685,False,False,False,False,0.17001629549158068,0.08501529051987768,0.04498823529411765,0.27066666666666667,False,True,False,True
141,1,0,1,28,206.9,126,35.17,264.4,126,22.47,171.8,124,7.73,9.3,11,2.51,2,False,652.3999999999999,387,67.88000000000001,1.642063492063492,2.098412698412698,1.385483870967742,0.8454545454545456,0.31713672593500924,0.40527283874923364,0.26333537706928273,0.014255058246474559,False,False,False,False,0.16998550024166265,0.08498487140695915,0.0449941792782305,0.2698924731182795,True,False,False,True
51,2,0,0,0,259.9,114,44.18,176.2,94,14.98,77.2,112,3.47,15.3,1,4.13,1,False,528.5999999999999,321,66.75999999999999,2.2798245614035086,1.8744680851063829,0.6892857142857143,15.3,0.49167612561483165,0.33333333333333337,0.14604615966704507,0.028944381384790017,False,False,False,False,0.1699884570988842,0.08501702610669694,0.044948186528497414,0.2699346405228758,False,True,False,True
100,1,0,0,0,203.8,122,34.65,283.1,76,24.06,197.3,83,8.88,12.5,3,3.38,0,False,696.7,284,70.96999999999998,1.6704918032786886,3.725,2.3771084337349397,4.166666666666667,0.2925218889048371,0.4063441940577006,0.28319219176115973,0.01794172527630257,False,False,False,False,0.1700196270853778,0.08498763687742845,0.04500760263558034,0.2704,False,True,False,True
96,1,0,1,45,248.8,124,42.3,140.3,77,11.93,263.6,102,11.86,10.3,2,2.78,3,False,663.0,305,68.87,2.0064516129032257,1.8220779220779222,2.5843137254901962,5.15,0.37526395173453997,0.2116138763197587,0.39758672699849174,0.015535444947209653,False,False,False,False,0.170016077170418,0.08503207412687099,0.04499241274658573,0.2699029126213592,True,False,False,True
163,1,0,0,0,122.4,129,20.81,113.4,108,9.64,180.2,97,8.11,12.5,7,3.38,1,False,428.5,341,41.940000000000005,0.9488372093023256,1.05,1.8577319587628864,1.7857142857142858,0.28564760793465577,0.26464410735122523,0.420536756126021,0.029171528588098017,False,False,False,False,0.17001633986928102,0.08500881834215168,0.04500554938956715,0.2704,False,True,False,True
67,1,0,1,40,104.9,65,17.83,216.3,93,18.39,217.4,128,9.78,9.6,9,2.59,1,False,548.2,295,48.59,1.613846153846154,2.3258064516129036,1.6984375,1.0666666666666667,0.191353520612915,0.39456402772710686,0.39657059467347683,0.017511856986501276,False,False,False,False,0.16997140133460437,0.08502080443828017,0.04498620055197792,0.26979166666666665,True,False,False,True
49,2,0,0,0,119.4,69,20.3,273.3,92,23.23,214.4,153,9.65,12.4,7,3.35,2,False,619.5,321,56.53,1.7304347826086957,2.970652173913044,1.4013071895424838,1.7714285714285716,0.1927360774818402,0.4411622276029056,0.3460855528652139,0.020016142050040354,False,False,False,False,0.17001675041876047,0.0849981705085986,0.04500932835820896,0.2701612903225806,False,True,False,True
46,2,0,0,0,250.3,100,42.55,260.6,90,22.15,195.0,104,8.78,13.3,2,3.59,2,True,719.2,296,77.07,2.503,2.8955555555555557,1.875,6.65,0.34802558398220246,0.36234705228031144,0.2711345939933259,0.018492769744160177,False,False,False,False,0.1699960047942469,0.08499616270145816,0.04502564102564102,0.2699248120300752,False,True,False,True
148,1,0,0,0,178.3,98,30.31,282.6,110,24.02,181.0,98,8.15,11.4,4,3.08,1,False,653.3000000000001,310,65.56,1.819387755102041,2.5690909090909093,1.846938775510204,2.85,0.2729220878616256,0.43257309046379916,0.27705495178325423,0.017449869891320986,False,False,False,False,0.16999439147504206,0.08499646142958243,0.045027624309392264,0.27017543859649124,False,True,False,True
112,2,0,0,0,243.4,77,41.38,182.1,97,15.48,259.2,94,11.66,12.8,2,3.46,1,False,697.5,270,71.97999999999999,3.1610389610389613,1.877319587628866,2.7574468085106383,6.4,0.3489605734767025,0.2610752688172043,0.3716129032258064,0.01835125448028674,False,False,False,False,0.17000821692686935,0.08500823723228995,0.04498456790123457,0.27031249999999996,False,True,False,True
78,1,0,0,0,155.0,106,26.35,175.3,101,14.9,155.6,125,7.0,11.8,5,3.19,2,False,497.7,337,51.44,1.4622641509433962,1.7356435643564359,1.2448,2.3600000000000003,0.31143258991360256,0.3522202129797067,0.31263813542294555,0.02370906168374523,False,False,False,False,0.17,0.0849971477467199,0.04498714652956298,0.2703389830508474,False,True,False,True
61,0,0,1,31,288.7,101,49.08,203.8,102,17.32,203.2,49,9.14,8.6,3,2.32,0,False,704.3000000000001,255,77.86,2.8584158415841583,1.9980392156862745,4.146938775510204,2.8666666666666667,0.40991054948175487,0.2893653272753088,0.28851341757773674,0.012210705665199488,False,False,False,False,0.17000346380325598,0.08498527968596663,0.04498031496062992,0.2697674418604651,True,False,False,True
58,2,0,1,29,240.4,80,40.87,118.9,91,10.11,164.2,108,7.39,11.2,3,3.02,1,False,534.7,282,61.39,3.005,1.3065934065934066,1.5203703703703704,3.733333333333333,0.4495979053674958,0.2223676828127922,0.3070880867776323,0.020946325042079668,False,False,False,False,0.17000831946755407,0.08502943650126156,0.04500609013398295,0.2696428571428572,True,False,False,True
155,1,0,0,0,190.3,123,32.35,301.3,96,25.61,214.6,134,9.66,8.0,3,2.16,1,False,714.2,356,69.78,1.5471544715447156,3.138541666666667,1.6014925373134328,2.6666666666666665,0.2664519742369084,0.421870624474937,0.3004760571268552,0.011201344161299356,False,False,False,False,0.1699947451392538,0.08499834052439428,0.04501397949673812,0.27,False,True,False,True
100,2,0,0,0,278.0,76,47.26,176.7,74,15.02,219.5,126,9.88,8.3,4,2.24,0,True,682.5,280,74.39999999999999,3.6578947368421053,2.3878378378378375,1.742063492063492,2.075,0.4073260073260073,0.25890109890109886,0.32161172161172163,0.012161172161172162,False,False,False,False,0.16999999999999998,0.08500282965478212,0.0450113895216401,0.26987951807228916,False,True,False,True
113,2,0,0,0,155.0,93,26.35,330.6,106,28.1,189.4,123,8.52,13.5,3,3.65,1,False,688.5,325,66.62,1.6666666666666667,3.118867924528302,1.5398373983739837,4.5,0.2251270878721859,0.48017429193899785,0.2750907770515614,0.0196078431372549,False,False,False,False,0.17,0.08499697519661222,0.044984160506863775,0.27037037037037037,False,True,False,True
135,2,0,1,27,273.4,141,46.48,154.0,99,13.09,245.8,112,11.06,12.3,6,3.32,1,False,685.5,358,73.94999999999999,1.9390070921985814,1.5555555555555556,2.194642857142857,2.0500000000000003,0.39883296863603207,0.22465353756382203,0.3585703865791393,0.017943107221006567,False,False,False,False,0.1700073152889539,0.08499999999999999,0.044995931651749387,0.26991869918699185,True,False,False,True
99,0,0,0,0,155.3,93,26.4,265.7,95,22.58,145.7,67,6.56,12.4,4,3.35,0,False,579.1,259,58.89,1.6698924731182796,2.7968421052631576,2.1746268656716414,3.1,0.26817475392850976,0.45881540321188047,0.25159730616473835,0.02141253669487135,False,False,False,False,0.16999356084996778,0.08498306360557019,0.04502402196293755,0.2701612903225806,False,True,False,True
59,2,0,1,29,133.1,114,22.63,221.2,82,18.8,131.6,103,5.92,6.8,3,1.84,1,False,492.7,302,49.190000000000005,1.1675438596491228,2.697560975609756,1.2776699029126213,2.2666666666666666,0.27014410391719096,0.4489547391922062,0.2670996549624518,0.013801501928151005,False,False,False,False,0.17002253944402704,0.08499095840867993,0.044984802431610946,0.2705882352941177,True,False,False,True
135,2,0,0,0,246.8,129,41.96,187.8,121,15.96,154.5,109,6.95,12.6,5,3.4,1,False,601.7,364,68.27000000000001,1.9131782945736435,1.5520661157024795,1.4174311926605505,2.52,0.410171181651986,0.31211567226192455,0.25677247797905933,0.02094066810703008,False,False,False,False,0.1700162074554295,0.08498402555910543,0.04498381877022654,0.2698412698412698,False,True,False,True
85,0,1,0,0,165.4,107,28.12,196.0,126,16.66,349.2,110,15.71,9.6,7,2.59,2,False,720.1999999999999,350,63.08,1.5457943925233646,1.5555555555555556,3.1745454545454543,1.3714285714285714,0.22965842821438492,0.2721466259372397,0.48486531519022497,0.013329630658150515,False,False,False,True,0.17001209189842806,0.085,0.04498854524627721,0.26979166666666665,False,True,False,True
88,2,0,0,0,138.3,116,23.51,236.0,138,20.06,179.1,110,8.06,9.6,4,2.59,3,False,563.0,368,54.22,1.192241379310345,1.710144927536232,1.6281818181818182,2.4,0.24564831261101244,0.4191829484902309,0.3181172291296625,0.01705150976909414,False,False,False,False,0.16999276934201013,0.08499999999999999,0.04500279173646008,0.26979166666666665,False,True,False,True
55,2,0,0,0,286.7,100,48.74,134.4,121,11.42,192.9,122,8.68,6.9,5,1.86,2,False,620.9,348,70.7,2.867,1.1107438016528925,1.5811475409836067,1.3800000000000001,0.46174907392494763,0.2164599774520857,0.3106780479948462,0.01111290062812047,False,False,False,False,0.17000348796651554,0.08497023809523808,0.04499740798341109,0.26956521739130435,False,True,False,True
75,1,0,0,0,117.3,114,19.94,201.1,61,17.09,107.9,82,4.86,12.2,3,3.29,1,False,438.49999999999994,260,45.18,1.0289473684210526,3.2967213114754097,1.3158536585365854,4.066666666666666,0.267502850627138,0.45860889395667054,0.24606613454960097,0.027822120866590652,False,False,False,False,0.1699914748508099,0.08498259572352064,0.04504170528266914,0.269672131147541,False,True,False,True
86,0,0,1,23,225.5,107,38.34,246.3,105,20.94,245.7,81,11.06,9.8,2,2.65,0,False,727.3,295,72.99000000000001,2.107476635514019,2.3457142857142856,3.033333333333333,4.9,0.31005087309225904,0.3386498006324763,0.33782483156881615,0.01347449470644851,False,False,False,False,0.17002217294900224,0.08501827040194884,0.045014245014245016,0.2704081632653061,True,False,False,True
97,0,0,0,0,256.4,125,43.59,273.9,100,23.28,222.7,101,10.02,11.1,1,3.0,1,True,764.1,327,79.89,2.0511999999999997,2.739,2.2049504950495047,11.1,0.33555817301400337,0.35846093443266586,0.29145399816777906,0.014526894385551629,False,False,False,False,0.1700078003120125,0.08499452354874043,0.044993264481365064,0.2702702702702703,False,True,False,True
88,1,0,0,0,264.8,124,45.02,245.4,112,20.86,160.5,115,7.22,14.8,2,4.0,1,True,685.5,353,77.1,2.135483870967742,2.1910714285714286,1.3956521739130434,7.4,0.3862873814733771,0.35798687089715536,0.23413566739606126,0.021590080233406275,False,False,False,False,0.17001510574018128,0.0850040749796251,0.04498442367601246,0.27027027027027023,False,True,False,True
54,0,0,0,0,159.8,99,27.17,264.0,64,22.44,115.7,70,5.21,9.7,7,2.62,2,False,549.2,240,57.44,1.6141414141414143,4.125,1.6528571428571428,1.3857142857142857,0.2909686817188638,0.48069919883466855,0.21067006554989073,0.017662053896576838,False,False,False,False,0.1700250312891114,0.085,0.04503025064822817,0.2701030927835052,False,True,False,True
11,1,0,1,28,190.6,86,32.4,220.1,122,18.71,180.3,80,8.11,6.0,3,1.62,3,False,597.0,291,60.839999999999996,2.2162790697674417,1.8040983606557377,2.25375,2.0,0.31926298157453936,0.3686767169179229,0.3020100502512563,0.010050251256281407,False,False,False,False,0.16998950682056663,0.08500681508405271,0.044980587909040484,0.27,True,False,True,False
109,1,0,0,0,184.0,120,31.28,120.4,119,10.23,153.7,86,6.92,11.0,3,2.97,0,False,469.09999999999997,328,51.400000000000006,1.5333333333333334,1.011764705882353,1.7872093023255813,3.6666666666666665,0.39224046045619276,0.25666169260285654,0.32764868897889576,0.023449157962055,False,False,False,False,0.17,0.08496677740863787,0.0450227716330514,0.27,False,True,False,True
90,1,0,0,0,261.8,128,44.51,220.6,104,18.75,136.6,91,6.15,9.6,5,2.59,1,False,628.6,328,72.0,2.0453125,2.121153846153846,1.501098901098901,1.92,0.41648106904231624,0.35093859370028635,0.21730830416799235,0.015272033089405026,False,False,False,False,0.17001527883880824,0.08499546690843156,0.045021961932650074,0.26979166666666665,False,True,False,True
91,0,0,0,0,133.7,75,22.73,195.3,87,16.6,280.5,89,12.62,5.9,2,1.59,0,False,615.4,253,53.54,1.7826666666666666,2.2448275862068967,3.151685393258427,2.95,0.21725706857328567,0.3173545661358466,0.4558011049723757,0.009587260318492039,False,False,False,False,0.17000747943156322,0.08499743983614952,0.04499108734402852,0.2694915254237288,False,True,False,True
105,1,0,1,23,193.5,85,32.9,220.2,90,18.72,272.4,111,12.26,8.5,5,2.3,0,False,694.5999999999999,291,66.17999999999999,2.276470588235294,2.4466666666666663,2.454054054054054,1.7,0.27857759861790965,0.3170169881946444,0.39216815433342933,0.012237258854016702,False,False,False,False,0.17002583979328165,0.08501362397820163,0.045007342143906025,0.27058823529411763,True,False,False,True
71,1,1,0,0,178.2,113,30.29,167.8,94,14.26,182.1,111,8.19,13.6,3,3.67,3,True,541.7,321,56.41,1.5769911504424778,1.7851063829787235,1.6405405405405404,4.533333333333333,0.328964371423297,0.309765552889053,0.3361639283736385,0.025106147314011444,False,False,False,True,0.16997755331088665,0.08498212157330154,0.04497528830313015,0.2698529411764706,False,True,False,True
132,2,0,1,36,226.2,103,38.45,181.6,125,15.44,258.8,102,11.65,10.5,5,2.84,3,True,677.0999999999999,335,68.38000000000001,2.196116504854369,1.4527999999999999,2.5372549019607846,2.1,0.33407177669472754,0.2682026288583666,0.3822182838576282,0.015507310589277805,False,False,False,False,0.1699823165340407,0.08502202643171806,0.045015455950540954,0.2704761904761905,True,False,False,True
112,1,0,0,0,170.4,103,28.97,200.2,71,17.02,258.3,100,11.62,11.6,4,3.13,1,False,640.5000000000001,278,60.739999999999995,1.654368932038835,2.8197183098591547,2.583,2.9,0.2660421545667447,0.3125683060109289,0.4032786885245901,0.01811085089773614,False,False,False,False,0.17001173708920186,0.08501498501498501,0.04498644986449864,0.26982758620689656,False,True,False,True
41,2,0,1,34,194.4,63,33.05,254.9,110,21.67,160.2,115,7.21,17.2,9,4.64,2,False,626.7,297,66.57,3.085714285714286,2.3172727272727274,1.3930434782608694,1.911111111111111,0.3101962661560555,0.4067336843784905,0.25562470081378647,0.02744534865166746,False,False,False,False,0.1700102880658436,0.0850137308748529,0.04500624219725344,0.2697674418604651,True,False,False,True
44,1,0,0,0,240.3,146,40.85,164.6,83,13.99,240.7,106,10.83,10.6,2,2.86,1,False,656.1999999999999,337,68.53,1.645890410958904,1.9831325301204819,2.270754716981132,5.3,0.36619932947272177,0.250838159097836,0.3668088997256934,0.01615361170374886,False,False,False,False,0.16999583853516437,0.08499392466585663,0.04499376817615289,0.269811320754717,False,True,False,True
78,0,0,0,0,75.0,116,12.75,248.7,87,21.14,176.0,83,7.92,9.5,6,2.57,3,False,509.2,292,44.38,0.646551724137931,2.8586206896551722,2.1204819277108435,1.5833333333333333,0.14728986645718775,0.4884131971720346,0.34564021995286726,0.01865671641791045,False,False,False,False,0.17,0.08500201045436269,0.045,0.27052631578947367,False,True,False,True
149,0,0,0,0,69.1,117,11.75,136.3,100,11.59,181.7,53,8.18,6.3,3,1.7,1,False,393.40000000000003,273,33.22,0.5905982905982905,1.3630000000000002,3.4283018867924526,2.1,0.17564819522114894,0.34646670055922724,0.46187086934417887,0.016014234875444837,False,False,False,False,0.17004341534008685,0.08503301540719001,0.04501926252063842,0.2698412698412698,False,True,False,True
72,2,0,1,33,96.6,59,16.42,315.4,98,26.81,163.3,117,7.35,6.2,4,1.67,4,True,581.5,278,52.25000000000001,1.6372881355932203,3.2183673469387752,1.3957264957264959,1.55,0.16612209802235597,0.5423903697334479,0.28082545141874465,0.01066208082545142,False,False,False,False,0.16997929606625262,0.08500317057704503,0.045009185548071026,0.2693548387096774,True,False,False,True
74,2,0,0,0,148.5,111,25.25,146.5,42,12.45,289.2,83,13.01,9.9,6,2.67,3,False,594.1,242,53.38,1.337837837837838,3.488095238095238,3.4843373493975904,1.6500000000000001,0.24995791954216462,0.24659148291533411,0.48678673623969027,0.016663861302810976,False,False,False,False,0.17003367003367004,0.08498293515358361,0.04498616874135546,0.26969696969696966,False,True,False,True
50,2,0,0,0,258.1,106,43.88,161.4,106,13.72,225.1,110,10.13,11.7,5,3.16,1,False,656.3000000000001,327,70.89,2.4349056603773587,1.5226415094339623,2.0463636363636364,2.34,0.39326527502666464,0.2459241200670425,0.34298339174158154,0.017827213164711257,False,False,False,False,0.17001162340178225,0.08500619578686493,0.04500222123500667,0.2700854700854701,False,True,False,True
141,2,0,1,23,149.7,112,25.45,162.5,118,13.81,220.3,115,9.91,7.6,2,2.05,3,False,540.1,347,51.22,1.3366071428571427,1.3771186440677967,1.9156521739130437,3.8,0.27717089427883723,0.3008702092205147,0.407887428254027,0.014071468246620995,False,False,False,False,0.17000668002672012,0.0849846153846154,0.04498411257376305,0.26973684210526316,True,False,False,True
140,0,0,0,0,149.8,134,25.47,164.4,98,13.97,294.7,124,13.26,8.1,2,2.19,1,False,617.0000000000001,358,54.88999999999999,1.117910447761194,1.6775510204081634,2.3766129032258063,4.05,0.24278768233387354,0.26645056726094,0.4776337115072932,0.013128038897893027,False,False,False,False,0.1700267022696929,0.08497566909975669,0.04499491007804547,0.27037037037037037,False,True,False,True
99,0,0,0,0,190.4,102,32.37,158.1,107,13.44,271.5,92,12.22,11.2,4,3.02,2,False,631.2,305,61.05,1.8666666666666667,1.4775700934579439,2.9510869565217392,2.8,0.30164765525982257,0.2504752851711026,0.4301330798479087,0.01774397972116603,False,False,False,False,0.17001050420168065,0.08500948766603415,0.045009208103130756,0.2696428571428572,False,True,False,True
166,0,0,0,0,181.4,108,30.84,253.8,54,21.57,112.3,94,5.05,11.6,6,3.13,1,False,559.1,262,60.589999999999996,1.6796296296296296,4.7,1.1946808510638298,1.9333333333333333,0.324450008942944,0.45394383831157215,0.20085852262564835,0.020747630119835447,False,False,False,False,0.17001102535832413,0.08498817966903073,0.044968833481745324,0.26982758620689656,False,True,False,True
74,1,0,0,0,155.7,116,26.47,173.7,63,14.76,257.4,97,11.58,8.1,4,2.19,0,False,594.9,280,54.99999999999999,1.3422413793103447,2.757142857142857,2.6536082474226803,2.025,0.2617246596066566,0.29198184568835095,0.4326777609682299,0.01361573373676248,False,False,False,False,0.17000642260757867,0.0849740932642487,0.044988344988344996,0.27037037037037037,False,True,False,True
117,2,0,0,0,149.9,95,25.48,256.1,110,21.77,212.7,92,9.57,13.3,13,3.59,2,False,632.0,310,60.41,1.5778947368421052,2.3281818181818186,2.3119565217391305,1.0230769230769232,0.23718354430379748,0.4052215189873418,0.33655063291139237,0.021044303797468356,False,False,False,False,0.16997998665777184,0.08500585708707535,0.044992947813822286,0.2699248120300752,False,True,False,True
85,2,0,0,0,222.3,132,37.79,231.5,101,19.68,223.5,75,10.06,11.0,2,2.97,3,False,688.3,310,70.5,1.684090909090909,2.292079207920792,2.98,5.5,0.3229696353334302,0.33633590004358566,0.3247130611651896,0.015981403457794568,False,False,False,False,0.16999550157444893,0.08501079913606911,0.04501118568232662,0.27,False,True,False,True
36,1,0,1,16,149.4,111,25.4,131.8,113,11.2,132.7,87,5.97,6.7,2,1.81,0,False,420.6,313,44.379999999999995,1.345945945945946,1.1663716814159293,1.525287356321839,3.35,0.35520684736091296,0.3133618640038041,0.31550166428911075,0.015929624346172136,False,False,False,False,0.17001338688085674,0.0849772382397572,0.04498869630746044,0.2701492537313433,True,False,False,True
76,1,0,0,0,204.2,100,34.71,292.6,139,24.87,244.3,105,10.99,10.5,2,2.84,0,False,751.6,346,73.41,2.042,2.1050359712230216,2.3266666666666667,5.25,0.2716870675891431,0.38930282064928157,0.32503991484832356,0.013970196913251728,False,False,False,False,0.1699804113614104,0.08499658236500342,0.04498567335243553,0.2704761904761905,False,True,False,True
165,2,0,0,0,242.9,126,41.29,209.8,65,17.83,228.4,126,10.28,0.0,0,0.0,1,False,681.1,317,69.39999999999999,1.9277777777777778,3.227692307692308,1.8126984126984127,0.0,0.3566289825282631,0.30803112611951255,0.33533989135222436,0.0,False,False,False,False,0.1699876492383697,0.08498570066730218,0.04500875656742556,0.0,False,True,False,True
130,1,0,0,0,150.4,119,25.57,230.5,99,19.59,186.3,76,8.38,12.3,4,3.32,1,False,579.5,298,56.86,1.2638655462184873,2.3282828282828283,2.4513157894736843,3.075,0.25953408110440035,0.39775668679896464,0.3214840379637619,0.021225194132873167,False,False,False,False,0.17001329787234043,0.08498915401301518,0.04498121309715513,0.26991869918699185,False,True,False,True
92,1,1,0,0,130.7,113,22.22,260.6,122,22.15,244.2,98,10.99,9.4,2,2.54,2,True,644.9,335,57.9,1.1566371681415928,2.136065573770492,2.4918367346938775,4.7,0.20266708016746782,0.4040936579314623,0.3786633586602574,0.01457590324081253,False,False,False,True,0.17000765110941088,0.08499616270145816,0.04500409500409501,0.2702127659574468,False,True,False,True
18,0,0,0,0,273.6,93,46.51,114.6,116,9.74,250.6,120,11.28,8.2,4,2.21,1,False,647.0000000000001,333,69.74,2.941935483870968,0.9879310344827585,2.0883333333333334,2.05,0.4228748068006182,0.17712519319938172,0.38732612055641413,0.012673879443585776,False,False,False,False,0.1699926900584795,0.0849912739965096,0.04501197126895451,0.26951219512195124,False,True,True,False
161,1,1,0,0,156.1,114,26.54,180.3,63,15.33,179.6,115,8.08,11.1,9,3.0,2,False,527.1,301,52.949999999999996,1.369298245614035,2.861904761904762,1.5617391304347825,1.2333333333333334,0.29614873837981404,0.34206033010813885,0.3407323088597989,0.02105862265224815,False,False,False,True,0.1700192184497117,0.08502495840266222,0.04498886414253898,0.2702702702702703,False,True,False,True
93,1,0,1,36,178.7,134,30.38,178.6,102,15.18,126.8,82,5.71,8.0,4,2.16,2,False,492.09999999999997,322,53.43000000000001,1.3335820895522388,1.7509803921568627,1.5463414634146342,2.0,0.36313757366388943,0.36293436293436293,0.2576712050396261,0.016256858362121523,False,False,False,False,0.17000559597090095,0.08499440089585666,0.045031545741324924,0.27,True,False,False,True
144,1,0,0,0,177.5,93,30.18,287.4,75,24.43,180.5,118,8.12,11.9,3,3.21,2,False,657.3,289,65.94,1.9086021505376345,3.832,1.5296610169491525,3.966666666666667,0.2700441198843755,0.43724326791419443,0.27460824585425225,0.01810436634717785,False,False,False,False,0.17002816901408452,0.0850034794711204,0.04498614958448753,0.26974789915966385,False,True,False,True
95,1,0,0,0,175.2,91,29.78,244.4,109,20.77,75.8,95,3.41,7.5,2,2.03,1,False,502.90000000000003,297,55.989999999999995,1.925274725274725,2.2422018348623856,0.7978947368421052,3.75,0.34837939948299856,0.48598130841121495,0.15072579041558956,0.014913501690196857,False,False,False,False,0.16997716894977172,0.08498363338788871,0.0449868073878628,0.27066666666666667,False,True,False,True
124,1,0,1,28,251.4,104,42.74,225.1,89,19.13,251.9,121,11.34,7.5,5,2.03,1,False,735.9,319,75.24000000000001,2.417307692307692,2.5292134831460675,2.081818181818182,1.5,0.34162250305748065,0.30588395162386195,0.3423019431988042,0.010191602119853241,False,False,False,False,0.1700079554494829,0.08498445135495335,0.04501786423183803,0.27066666666666667,True,False,False,True
93,1,1,0,0,216.9,61,36.87,207.4,120,17.63,221.7,110,9.98,17.5,5,4.73,1,True,663.5,296,69.21000000000001,3.555737704918033,1.7283333333333333,2.015454545454545,3.5,0.32690278824415975,0.31258477769404674,0.33413715146948003,0.02637528259231349,False,False,False,True,0.16998616874135544,0.08500482160077145,0.04501578709968426,0.2702857142857143,False,True,False,True
109,1,1,1,26,217.2,138,36.92,145.5,111,12.37,280.7,76,12.63,9.3,3,2.51,0,False,652.6999999999999,328,64.43,1.5739130434782609,1.3108108108108107,3.693421052631579,3.1,0.3327715642714877,0.22292017772330322,0.4300597518002145,0.01424850620499464,False,False,False,False,0.1699815837937385,0.08501718213058419,0.044994656216601356,0.2698924731182795,True,False,False,True
80,2,0,0,0,206.3,97,35.07,154.9,98,13.17,263.6,82,11.86,12.4,12,3.35,0,False,637.2,289,63.45,2.12680412371134,1.5806122448979592,3.2146341463414636,1.0333333333333334,0.32376020087884494,0.24309478970495918,0.41368487131198994,0.0194601381042059,False,False,False,False,0.1699951526902569,0.08502259522272433,0.04499241274658573,0.2701612903225806,False,True,False,True
41,1,0,0,0,159.3,66,27.08,125.9,75,10.7,261.9,76,11.79,11.1,5,3.0,1,False,558.2,222,52.57,2.413636363636364,1.6786666666666668,3.4460526315789473,2.2199999999999998,0.28538158366176997,0.22554639914009314,0.46918667144392684,0.019885345754209957,False,False,False,False,0.1699937225360954,0.08498808578236695,0.04501718213058419,0.2702702702702703,False,True,False,True
136,1,0,1,31,143.1,88,24.33,236.6,65,20.11,227.8,120,10.25,11.4,5,3.08,2,False,618.9,278,57.769999999999996,1.6261363636363635,3.64,1.8983333333333334,2.2800000000000002,0.23121667474551624,0.3822911617385684,0.36807238649216356,0.018419777023751818,False,False,False,False,0.170020964360587,0.08499577345731192,0.04499561018437225,0.27017543859649124,True,False,False,True
143,0,0,1,24,186.6,69,31.72,222.0,116,18.87,234.9,138,10.57,11.6,5,3.13,1,False,655.1,328,64.29,2.7043478260869565,1.9137931034482758,1.7021739130434783,2.32,0.2848420088536101,0.3388795603724622,0.3585712105022134,0.01770722027171424,False,False,False,False,0.16998928188638798,0.085,0.044997871434653045,0.26982758620689656,True,False,False,True
118,1,0,1,26,170.8,114,29.04,199.5,125,16.96,169.7,98,7.64,9.6,5,2.59,5,True,549.6,342,56.230000000000004,1.4982456140350877,1.596,1.7316326530612243,1.92,0.31077147016011647,0.36299126637554585,0.30877001455604075,0.017467248908296942,True,False,False,False,0.17002341920374706,0.0850125313283208,0.045020624631703005,0.26979166666666665,True,False,False,True
193,0,0,1,17,124.0,102,21.08,202.9,81,17.25,205.1,129,9.23,12.3,3,3.32,1,False,544.3,315,50.88,1.2156862745098038,2.504938271604938,1.589922480620155,4.1000000000000005,0.22781554289913653,0.3727723681793129,0.37681425684365244,0.02259783207789822,False,False,False,False,0.16999999999999998,0.08501724987678659,0.045002437835202344,0.26991869918699185,True,False,False,True
73,1,0,0,0,198.3,94,33.71,279.3,101,23.74,146.2,87,6.58,14.8,8,4.0,3,False,638.5999999999999,290,68.03,2.1095744680851065,2.7653465346534656,1.6804597701149424,1.85,0.3105230191042907,0.43736298152207964,0.22893830253679925,0.023175696836830573,False,False,False,False,0.16999495713565305,0.08499820981023988,0.045006839945280444,0.27027027027027023,False,True,False,True
62,0,0,0,0,172.8,101,29.38,204.8,97,17.41,240.8,90,10.84,9.1,8,2.46,2,False,627.5000000000001,296,60.089999999999996,1.710891089108911,2.111340206185567,2.6755555555555555,1.1375,0.27537848605577686,0.32637450199203183,0.3837450199203187,0.014501992031872506,False,False,False,False,0.17002314814814812,0.085009765625,0.04501661129568106,0.2703296703296703,False,True,False,True
30,1,0,1,30,217.4,74,36.96,213.8,86,18.17,227.2,104,10.22,6.6,3,1.78,0,False,665.0000000000001,267,67.13000000000001,2.937837837837838,2.486046511627907,2.1846153846153844,2.1999999999999997,0.32691729323308266,0.3215037593984962,0.34165413533834577,0.009924812030075185,False,False,False,False,0.17000919963201472,0.08498596819457437,0.044982394366197186,0.2696969696969697,True,False,False,True
60,0,1,1,29,265.9,113,45.2,215.8,94,18.34,108.1,82,4.86,14.0,12,3.78,0,True,603.8,301,72.18,2.3530973451327433,2.295744680851064,1.318292682926829,1.1666666666666667,0.44037760847962903,0.35740311361377947,0.1790327923153362,0.023186485591255385,False,False,False,False,0.16998871756299364,0.08498609823911028,0.04495837187789085,0.26999999999999996,True,False,False,True
148,2,0,1,14,93.6,137,15.91,193.8,72,16.47,144.9,84,6.52,17.5,5,4.73,1,False,449.79999999999995,298,43.629999999999995,0.6832116788321168,2.691666666666667,1.725,3.5,0.20809248554913296,0.43085815918185866,0.32214317474433085,0.03890618052467764,False,False,False,False,0.16997863247863249,0.084984520123839,0.04499654934437543,0.2702857142857143,True,False,False,True
96,2,0,0,0,98.2,100,16.69,307.2,88,26.11,182.5,120,8.21,7.6,1,2.05,2,False,595.5,309,53.059999999999995,0.982,3.4909090909090907,1.5208333333333333,7.6,0.16490344248530647,0.5158690176322418,0.3064651553316541,0.012762384550797649,False,False,False,False,0.169959266802444,0.08499348958333333,0.04498630136986302,0.26973684210526316,False,True,False,True
87,1,0,0,0,168.2,92,28.59,224.7,100,19.1,169.5,99,7.63,12.9,3,3.48,1,False,575.3,294,58.8,1.8282608695652172,2.247,1.7121212121212122,4.3,0.2923691986789501,0.39057882843733704,0.2946288892751608,0.022423083608552063,False,False,False,False,0.16997621878715816,0.08500222518914109,0.045014749262536874,0.2697674418604651,False,True,False,True
41,0,0,0,0,202.9,97,34.49,153.8,104,13.07,113.5,92,5.11,9.0,3,2.43,3,False,479.20000000000005,296,55.1,2.0917525773195877,1.478846153846154,1.233695652173913,3.0,0.4234140233722871,0.3209515859766277,0.2368530884808013,0.018781302170283804,False,False,False,False,0.16998521439132577,0.08498049414824446,0.045022026431718064,0.27,False,True,False,True
112,1,0,0,0,261.4,108,44.44,154.5,102,13.13,130.9,90,5.89,11.6,2,3.13,1,False,558.4,302,66.59,2.42037037037037,1.5147058823529411,1.4544444444444444,5.8,0.4681232091690544,0.27668338108882523,0.23441977077363899,0.020773638968481375,False,False,False,False,0.17000765110941088,0.08498381877022654,0.044996180290297935,0.26982758620689656,False,True,False,True
88,2,0,0,0,73.3,86,12.46,161.4,82,13.72,239.6,76,10.78,8.2,3,2.21,4,True,482.49999999999994,247,39.17,0.8523255813953488,1.9682926829268292,3.1526315789473682,2.733333333333333,0.15191709844559587,0.33450777202072546,0.49658031088082905,0.01699481865284974,False,False,False,False,0.16998635743519783,0.08500619578686493,0.04499165275459098,0.26951219512195124,False,True,False,True
122,0,0,1,27,253.7,84,43.13,229.2,109,19.48,190.5,123,8.57,9.2,5,2.48,7,False,682.6,321,73.66000000000001,3.020238095238095,2.1027522935779817,1.548780487804878,1.8399999999999999,0.371667154995605,0.33577497802519773,0.2790799882801055,0.013477878699091707,True,False,True,False,0.17000394166338195,0.0849912739965096,0.04498687664041995,0.26956521739130435,True,False,False,True
61,0,0,0,0,45.0,108,7.65,151.3,74,12.86,152.9,94,6.88,9.8,6,2.65,2,False,359.00000000000006,282,30.039999999999996,0.4166666666666667,2.044594594594595,1.6265957446808512,1.6333333333333335,0.12534818941504175,0.42144846796657376,0.4259052924791086,0.027298050139275765,False,False,False,False,0.17,0.0849966953073364,0.044996729888816214,0.2704081632653061,False,True,False,True
176,0,0,0,0,47.4,125,8.06,167.8,90,14.26,163.1,107,7.34,10.5,8,2.84,2,False,388.8,330,32.5,0.3792,1.8644444444444446,1.5242990654205606,1.3125,0.12191358024691357,0.4315843621399177,0.4194958847736625,0.02700617283950617,False,False,False,False,0.17004219409282703,0.08498212157330154,0.045003065603923975,0.2704761904761905,False,True,False,True
30,2,0,0,0,227.4,88,38.66,182.5,100,15.51,191.7,134,8.63,12.5,3,3.38,0,False,614.0999999999999,325,66.17999999999999,2.584090909090909,1.825,1.430597014925373,4.166666666666667,0.37029799706888133,0.2971828692395376,0.31216414264777725,0.020354991043803942,False,False,False,False,0.1700087950747581,0.08498630136986302,0.045018257694314036,0.2704,False,True,False,True
46,1,0,0,0,124.8,133,21.22,157.3,143,13.37,199.3,72,8.97,8.6,4,2.32,2,False,490.00000000000006,352,45.879999999999995,0.9383458646616541,1.1,2.7680555555555557,2.15,0.25469387755102035,0.32102040816326527,0.406734693877551,0.017551020408163264,False,False,False,False,0.1700320512820513,0.08499682136045772,0.04500752634219769,0.2697674418604651,False,True,False,True
100,2,1,0,0,68.5,110,11.65,337.1,115,28.65,205.2,99,9.23,12.1,9,3.27,0,False,622.9,333,52.800000000000004,0.6227272727272727,2.931304347826087,2.0727272727272728,1.3444444444444443,0.1099694975116391,0.541178359287205,0.32942687429764006,0.019425268903515813,False,False,False,True,0.17007299270072992,0.08498961732423613,0.04498050682261209,0.2702479338842975,False,True,False,True
47,1,0,1,37,163.5,77,27.8,203.1,102,17.26,232.0,87,10.44,7.8,4,2.11,2,False,606.4,270,57.61,2.1233766233766236,1.9911764705882353,2.6666666666666665,1.95,0.26962401055408974,0.33492744063324537,0.38258575197889183,0.012862796833773088,False,False,False,False,0.17003058103975535,0.08498276710979814,0.045,0.2705128205128205,True,False,False,True
77,1,0,0,0,163.0,112,27.71,219.1,89,18.62,233.4,66,10.5,6.7,3,1.81,2,False,622.2,270,58.64,1.4553571428571428,2.4617977528089887,3.5363636363636366,2.2333333333333334,0.2619736419157827,0.3521375763420122,0.3751205400192864,0.010768241722918676,False,False,False,False,0.17,0.08498402555910543,0.04498714652956298,0.2701492537313433,False,True,False,True
98,1,0,1,38,213.7,61,36.33,253.0,104,21.51,207.7,73,9.35,10.7,5,2.89,2,False,685.1,243,70.08,3.50327868852459,2.4326923076923075,2.8452054794520545,2.1399999999999997,0.3119252663844694,0.3692891548679025,0.3031674208144796,0.015618157933148444,False,False,False,False,0.17000467945718298,0.0850197628458498,0.04501685122773231,0.27009345794392525,True,False,False,True
125,1,0,1,36,201.3,117,34.22,42.2,78,3.59,125.7,104,5.66,5.4,3,1.46,1,False,374.59999999999997,302,44.93,1.7205128205128206,0.5410256410256411,1.208653846153846,1.8,0.5373731980779499,0.11265349706353446,0.33555792845702087,0.01441537640149493,False,False,False,False,0.16999503229011423,0.08507109004739336,0.04502784407319013,0.27037037037037037,True,False,False,True
194,0,0,0,0,48.4,101,8.23,281.1,138,23.89,218.5,87,9.83,18.2,1,4.91,1,False,566.2,327,46.86,0.4792079207920792,2.0369565217391306,2.5114942528735633,18.2,0.08548216178028964,0.4964676792652773,0.3859060402684563,0.032144118685976684,False,False,False,False,0.17004132231404961,0.08498754891497687,0.044988558352402744,0.2697802197802198,False,True,False,True
128,1,0,1,40,171.2,88,29.1,145.7,109,12.38,196.8,93,8.86,14.0,6,3.78,1,False,527.7,296,54.120000000000005,1.9454545454545453,1.3366972477064218,2.1161290322580646,2.3333333333333335,0.3244267576274398,0.27610384688269846,0.37293916998294485,0.026530225506916808,False,False,False,False,0.1699766355140187,0.08496911461908031,0.045020325203252026,0.26999999999999996,True,False,False,True
190,1,0,1,22,166.5,93,28.31,183.0,92,15.56,121.0,102,5.44,8.5,3,2.3,0,False,479.0,290,51.60999999999999,1.7903225806451613,1.9891304347826086,1.1862745098039216,2.8333333333333335,0.3475991649269311,0.38204592901878914,0.25260960334029225,0.017745302713987474,False,False,False,False,0.17003003003003003,0.0850273224043716,0.04495867768595042,0.27058823529411763,True,False,False,True
59,0,0,0,0,107.8,113,18.33,216.6,125,18.41,217.5,92,9.79,9.9,3,2.67,2,False,551.8,333,49.199999999999996,0.9539823008849557,1.7328,2.364130434782609,3.3000000000000003,0.19536063791228708,0.392533526640087,0.3941645523740486,0.017941283073577386,False,False,False,False,0.17003710575139144,0.08499538319482917,0.04501149425287356,0.26969696969696966,False,True,False,True
47,0,0,1,28,141.3,94,24.02,168.0,108,14.28,113.5,84,5.11,7.8,2,2.11,1,False,430.6,288,45.519999999999996,1.5031914893617022,1.5555555555555556,1.3511904761904763,3.9,0.3281467719461217,0.3901532745006967,0.26358569437993495,0.018114259173246633,False,False,False,False,0.16999292285916487,0.08499999999999999,0.045022026431718064,0.2705128205128205,True,False,False,True
152,1,1,1,20,237.5,120,40.38,253.4,94,21.54,265.2,80,11.93,14.2,3,3.83,9,True,770.3,297,77.67999999999999,1.9791666666666667,2.695744680851064,3.315,4.733333333333333,0.3083214332078411,0.32896274178891344,0.3442814487861872,0.01843437621705829,True,True,True,False,0.17002105263157896,0.08500394632991318,0.04498491704374057,0.26971830985915496,True,False,False,True
95,2,0,1,27,129.5,106,22.02,248.9,90,21.16,268.0,115,12.06,11.9,3,3.21,1,False,658.3,314,58.45,1.221698113207547,2.7655555555555558,2.3304347826086955,3.966666666666667,0.19671882120613704,0.3780950934224518,0.40710922072003647,0.018076864651374754,False,False,False,False,0.17003861003861004,0.08501406187223784,0.045000000000000005,0.26974789915966385,True,False,False,True
31,1,0,1,31,100.1,54,17.02,246.3,97,20.94,255.0,131,11.48,5.9,3,1.59,0,False,607.3,285,51.03,1.8537037037037036,2.539175257731959,1.9465648854961832,1.9666666666666668,0.16482792688951095,0.405565618310555,0.41989132224600695,0.00971513255392722,False,False,False,False,0.17002997002997003,0.08501827040194884,0.04501960784313726,0.2694915254237288,True,False,False,True
121,0,0,1,31,237.1,63,40.31,205.6,117,17.48,196.7,85,8.85,10.1,5,2.73,4,False,649.5,270,69.37,3.7634920634920634,1.7572649572649572,2.3141176470588234,2.02,0.36505003849114703,0.31655119322555814,0.3028483448806774,0.015550423402617397,False,False,False,False,0.17001265288907635,0.08501945525291829,0.04499237417386884,0.2702970297029703,True,False,False,True
111,1,0,0,0,172.8,58,29.38,183.1,108,15.56,158.8,104,7.15,7.9,3,2.13,4,True,522.6,273,54.22,2.9793103448275864,1.6953703703703704,1.526923076923077,2.6333333333333333,0.330654420206659,0.3503635667814772,0.3038652889399158,0.015116724071947953,False,False,False,False,0.17002314814814812,0.08498088476242491,0.045025188916876575,0.26962025316455696,False,True,False,True
44,2,0,0,0,288.1,112,48.98,258.0,92,21.93,192.4,90,8.66,10.2,4,2.75,3,True,748.7,298,82.32,2.5723214285714286,2.8043478260869565,2.137777777777778,2.55,0.38480032055562974,0.3445973019901162,0.2569787631895285,0.013623614264725522,False,False,False,False,0.17001041305102393,0.08499999999999999,0.04501039501039501,0.26960784313725494,False,True,False,True
61,2,1,0,0,78.2,103,13.29,195.9,149,16.65,108.0,100,4.86,10.1,6,2.73,2,False,392.20000000000005,358,37.529999999999994,0.7592233009708738,1.314765100671141,1.08,1.6833333333333333,0.1993880673125956,0.4994900560938296,0.27536970933197347,0.02575216726160122,False,False,False,True,0.16994884910485933,0.08499234303215926,0.045000000000000005,0.2702970297029703,False,True,False,True
65,1,0,0,0,148.7,80,25.28,259.0,94,22.02,149.5,107,6.73,12.7,6,3.43,2,False,569.9000000000001,287,57.46,1.85875,2.75531914893617,1.397196261682243,2.1166666666666667,0.2609229689419196,0.45446569573609397,0.2623267239866643,0.02228461133532198,False,False,False,False,0.1700067249495629,0.08501930501930502,0.04501672240802676,0.27007874015748035,False,True,False,True
74,1,0,1,25,194.6,84,33.08,119.9,103,10.19,175.5,75,7.9,13.1,2,3.54,2,False,503.1,264,54.709999999999994,2.3166666666666664,1.1640776699029127,2.34,6.55,0.38680182866229373,0.2383224011130988,0.3488372093023256,0.02603856092228185,False,False,False,False,0.1699897225077081,0.08498748957464553,0.045014245014245016,0.2702290076335878,True,False,False,True
123,0,0,0,0,159.5,77,27.12,303.8,92,25.82,226.9,120,10.21,12.0,4,3.24,0,False,702.2,293,66.39,2.0714285714285716,3.3021739130434784,1.8908333333333334,3.0,0.2271432640273426,0.43264027342637423,0.3231273141555112,0.017089148390771858,False,False,False,False,0.17003134796238245,0.08499012508229098,0.04499779638607316,0.27,False,True,False,True
58,0,0,1,20,194.5,110,33.07,213.7,89,18.16,236.6,92,10.65,9.5,2,2.57,1,False,654.3,293,64.45,1.768181818181818,2.401123595505618,2.5717391304347825,4.75,0.2972642518722299,0.3266085893321107,0.36160782515665596,0.014519333639003516,False,False,False,False,0.17002570694087404,0.08497894244267666,0.045012679628064246,0.27052631578947367,True,False,False,True
74,0,0,0,0,174.1,96,29.6,251.1,94,21.34,257.6,123,11.59,8.3,5,2.24,2,True,691.0999999999999,318,64.77,1.8135416666666666,2.671276595744681,2.0943089430894313,1.6600000000000001,0.25191723339603533,0.3633338156562003,0.3727391115612792,0.012009839386485316,False,False,False,False,0.17001723147616313,0.08498606133014736,0.044992236024844715,0.26987951807228916,False,True,False,True
125,1,0,0,0,131.8,97,22.41,136.7,100,11.62,308.2,119,13.87,7.7,6,2.08,2,False,584.4000000000001,322,49.98,1.3587628865979382,1.367,2.5899159663865547,1.2833333333333334,0.22553045859000684,0.23391512662559885,0.5273785078713209,0.013175906913073236,False,False,False,False,0.17003034901365705,0.08500365764447695,0.04500324464633355,0.2701298701298701,False,True,False,True
53,0,0,1,18,146.8,107,24.96,310.0,84,26.35,178.7,130,8.04,7.2,7,1.94,0,False,642.7,328,61.29,1.37196261682243,3.6904761904761907,1.3746153846153846,1.0285714285714287,0.22841138945075462,0.4823401275867434,0.27804574451532593,0.011202738447175975,False,False,False,False,0.17002724795640325,0.085,0.044991606043648574,0.26944444444444443,True,False,False,True
99,0,0,1,28,200.7,88,34.12,264.2,116,22.46,172.7,102,7.77,9.1,5,2.46,1,False,646.6999999999999,311,66.80999999999999,2.2806818181818183,2.277586206896552,1.6931372549019608,1.8199999999999998,0.3103448275862069,0.40853564249265506,0.2670480903046235,0.014071439616514613,False,False,False,False,0.17000498256103638,0.08501135503406511,0.04499131441806601,0.2703296703296703,True,False,False,True
99,1,0,0,0,145.6,106,24.75,98.3,106,8.36,230.8,83,10.39,10.9,5,2.94,1,False,485.59999999999997,300,46.44,1.3735849056603773,0.9273584905660377,2.780722891566265,2.18,0.299835255354201,0.20242998352553543,0.4752883031301483,0.022446457990115323,False,False,False,False,0.16998626373626374,0.08504577822990844,0.04501733102253033,0.2697247706422018,False,True,False,True
66,1,0,1,29,229.4,104,39.0,257.4,84,21.88,231.5,119,10.42,8.0,1,2.16,2,False,726.3,308,73.46,2.205769230769231,3.064285714285714,1.9453781512605042,8.0,0.31584744595897013,0.3543990086741016,0.318738813162605,0.011014732204323283,False,False,False,False,0.17000871839581516,0.085003885003885,0.04501079913606911,0.27,True,False,False,True
97,2,0,0,0,211.0,76,35.87,189.0,100,16.07,123.0,102,5.54,4.7,4,1.27,3,False,527.7,282,58.75,2.776315789473684,1.89,1.2058823529411764,1.175,0.399848398711389,0.3581580443433769,0.23308698123934052,0.0089065757058935,False,False,False,False,0.16999999999999998,0.08502645502645503,0.04504065040650407,0.2702127659574468,False,True,False,True
85,2,1,0,0,216.0,73,36.72,188.2,117,16.0,147.1,98,6.62,3.6,7,0.97,2,False,554.9,295,60.309999999999995,2.958904109589041,1.6085470085470084,1.5010204081632652,0.5142857142857143,0.38925932600468555,0.33916020904667504,0.26509280951522796,0.006487655433411426,False,False,False,True,0.16999999999999998,0.08501594048884166,0.04500339904826649,0.26944444444444443,False,True,False,True
108,2,0,0,0,293.0,88,49.81,160.6,101,13.65,143.9,87,6.48,10.0,6,2.7,2,False,607.5,282,72.64,3.3295454545454546,1.59009900990099,1.6540229885057471,1.6666666666666667,0.4823045267489712,0.26436213991769547,0.2368724279835391,0.01646090534979424,False,False,False,False,0.17,0.08499377334993774,0.04503127171646977,0.27,False,True,False,True
133,0,1,1,32,221.1,137,37.59,264.9,99,22.52,168.9,108,7.6,15.4,4,4.16,2,True,670.3,348,71.86999999999999,1.6138686131386861,2.6757575757575753,1.5638888888888889,3.85,0.3298523049380874,0.39519618081456065,0.25197672683872896,0.022974787408623007,False,False,False,False,0.17001356852103122,0.08501321253303133,0.04499703966844286,0.2701298701298701,True,False,False,True
51,2,0,0,0,181.5,108,30.86,196.9,87,16.74,187.2,119,8.42,10.3,2,2.78,1,False,575.8999999999999,316,58.8,1.6805555555555556,2.2632183908045977,1.573109243697479,5.15,0.31515888175030393,0.34189963535336004,0.3250564334085779,0.017885049487758296,False,False,False,False,0.17002754820936639,0.0850177755205688,0.04497863247863248,0.2699029126213592,False,True,False,True
186,1,0,1,26,74.3,107,12.63,177.3,116,15.07,296.3,90,13.33,14.5,3,3.92,2,False,562.4000000000001,316,44.95,0.694392523364486,1.528448275862069,3.292222222222222,4.833333333333333,0.13211237553342814,0.3152560455192034,0.5268492176386913,0.025782361308677094,False,False,False,False,0.16998654104979813,0.08499717992103778,0.0449881876476544,0.27034482758620687,True,False,False,True
44,1,1,0,0,62.3,92,10.59,275.0,82,23.38,138.7,108,6.24,10.8,3,2.92,1,False,486.8,285,43.13,0.6771739130434782,3.3536585365853657,1.2842592592592592,3.6,0.12797863599013967,0.5649137222678718,0.2849219391947411,0.02218570254724733,False,False,False,True,0.16998394863563404,0.08501818181818181,0.04498918529199712,0.27037037037037037,False,True,False,True
64,0,0,1,31,228.6,88,38.86,248.5,109,21.12,167.1,124,7.52,9.0,1,2.43,3,False,653.2,322,69.93,2.5977272727272727,2.279816513761468,1.3475806451612902,9.0,0.34996938150642987,0.3804347826086956,0.25581751377832207,0.013778322106552356,False,False,False,False,0.1699912510936133,0.08498993963782697,0.045002992220227404,0.27,True,False,False,True
114,1,0,1,36,309.9,90,52.68,200.3,89,17.03,183.5,105,8.26,14.2,2,3.83,1,False,707.9000000000001,286,81.80000000000001,3.443333333333333,2.250561797752809,1.7476190476190476,7.1,0.43777369684983747,0.28294956914818475,0.2592174035880774,0.020059330413900265,False,False,False,False,0.16999031945788964,0.08502246630054917,0.04501362397820163,0.26971830985915496,True,False,False,True
92,1,0,0,0,201.9,74,34.32,226.8,119,19.28,217.5,80,9.79,13.7,6,3.7,3,False,659.9000000000001,279,67.09,2.7283783783783786,1.9058823529411766,2.71875,2.283333333333333,0.30595544779512046,0.34368843764206697,0.3295953932414002,0.02076072132141233,False,False,False,False,0.1699851411589896,0.08500881834215168,0.04501149425287356,0.27007299270072993,False,True,False,True
110,0,0,0,0,149.8,112,25.47,180.0,93,15.3,140.0,119,6.3,11.7,4,3.16,2,False,481.5,328,50.22999999999999,1.3375000000000001,1.935483870967742,1.1764705882352942,2.925,0.3111111111111111,0.37383177570093457,0.29075804776739356,0.024299065420560748,False,False,False,False,0.1700267022696929,0.085,0.045,0.2700854700854701,False,True,False,True
90,0,0,1,30,183.8,76,31.25,229.7,95,19.52,144.1,124,6.48,7.7,3,2.08,1,False,565.3000000000001,298,59.33,2.418421052631579,2.417894736842105,1.1620967741935484,2.566666666666667,0.32513709534760304,0.4063329205731469,0.25490889793030247,0.01362108614894746,False,False,False,False,0.17002176278563655,0.08498040922942969,0.04496877168632894,0.2701298701298701,True,False,False,True
72,0,0,1,21,186.7,108,31.74,335.0,86,28.48,187.2,119,8.42,16.5,4,4.46,1,False,725.4000000000001,317,73.1,1.7287037037037036,3.895348837209302,1.573109243697479,4.125,0.2573752412462089,0.46181417149159076,0.2580645161290322,0.022746071133167903,False,False,False,False,0.17000535618639528,0.08501492537313433,0.04497863247863248,0.2703030303030303,True,False,False,True
113,1,0,0,0,209.4,151,35.6,347.3,113,29.52,246.0,116,11.07,7.4,2,2.0,1,True,810.1,382,78.19,1.3867549668874173,3.0734513274336286,2.1206896551724137,3.7,0.2584866065917788,0.42871250462905813,0.30366621404764843,0.009134674731514627,False,False,False,False,0.17000955109837632,0.08499856032248776,0.045,0.27027027027027023,False,True,False,True
171,1,0,1,25,223.2,77,37.94,183.2,118,15.57,150.8,90,6.79,10.2,3,2.75,3,False,567.4000000000001,288,63.05,2.8987012987012983,1.5525423728813559,1.6755555555555557,3.4,0.3933732816355304,0.3228762777581952,0.26577370461755373,0.017976735988720474,False,False,False,False,0.1699820788530466,0.08498908296943232,0.04502652519893899,0.26960784313725494,True,False,False,True
104,1,0,0,0,164.2,109,27.91,155.4,90,13.21,168.9,117,7.6,10.7,8,2.89,1,False,499.2,324,51.61000000000001,1.5064220183486237,1.7266666666666668,1.4435897435897436,1.3375,0.32892628205128205,0.3112980769230769,0.33834134615384615,0.021434294871794872,False,False,False,False,0.1699756394640682,0.08500643500643501,0.04499703966844286,0.27009345794392525,False,True,False,True
165,0,0,0,0,150.5,75,25.59,193.1,93,16.41,311.6,93,14.02,10.3,2,2.78,1,False,665.5,263,58.8,2.006666666666667,2.076344086021505,3.350537634408602,5.15,0.2261457550713749,0.2901577761081893,0.4682193839218633,0.015477084898572503,False,False,False,False,0.17003322259136214,0.08498187467633352,0.04499358151476251,0.2699029126213592,False,True,False,True
104,2,0,0,0,234.2,128,39.81,293.1,92,24.91,183.9,79,8.28,9.8,6,2.65,0,True,720.9999999999999,305,75.65,1.8296875,3.1858695652173914,2.3278481012658228,1.6333333333333335,0.3248266296809986,0.40651872399445227,0.25506241331484053,0.013592233009708741,False,False,False,False,0.16998292058070028,0.08498805868304332,0.04502446982055464,0.2704081632653061,False,True,False,True
110,0,0,0,0,55.3,102,9.4,164.7,124,14.0,200.7,108,9.03,10.2,5,2.75,1,False,430.9,339,35.18,0.542156862745098,1.3282258064516128,1.8583333333333332,2.04,0.12833604084474357,0.38222325365514037,0.4657693200278487,0.023671385472267346,False,False,False,False,0.16998191681735986,0.08500303582270796,0.04499252615844544,0.26960784313725494,False,True,False,True
90,0,1,0,0,221.8,97,37.71,203.8,134,17.32,215.8,154,9.71,8.4,4,2.27,1,False,649.8000000000001,389,67.01,2.28659793814433,1.5208955223880598,1.4012987012987013,2.1,0.3413357956294244,0.3136349646044937,0.33210218528778085,0.012927054478301015,False,False,False,True,0.1700180342651037,0.08498527968596663,0.04499536607970343,0.2702380952380952,False,True,False,True
114,1,0,0,0,169.6,85,28.83,58.9,86,5.01,179.3,124,8.07,7.4,8,2.0,1,False,415.2,303,43.91,1.9952941176470587,0.6848837209302325,1.445967741935484,0.925,0.40847784200385356,0.14185934489402696,0.43184007707129096,0.01782273603082852,False,False,False,False,0.1699882075471698,0.08505942275042444,0.04500836586726157,0.27027027027027023,False,True,False,True
109,0,0,0,0,218.9,105,37.21,299.9,87,25.49,158.6,110,7.14,11.3,4,3.05,2,False,688.6999999999999,306,72.89,2.084761904761905,3.447126436781609,1.4418181818181817,2.825,0.31784521562363877,0.43545810948163205,0.2302889501960215,0.016407724698707712,False,False,False,False,0.16998629511192326,0.0849949983327776,0.045018915510718786,0.26991150442477874,False,True,False,True
92,2,0,0,0,176.3,85,29.97,93.4,125,7.94,207.2,107,9.32,9.6,1,2.59,2,False,486.50000000000006,318,49.81999999999999,2.0741176470588236,0.7472000000000001,1.936448598130841,9.6,0.3623843782117163,0.19198355601233297,0.4258992805755395,0.019732785200411097,False,False,False,False,0.16999432785025523,0.08501070663811564,0.044980694980694985,0.26979166666666665,False,True,False,True
82,2,0,1,29,207.2,111,35.22,254.1,137,21.6,169.3,92,7.62,9.5,5,2.57,2,False,640.0999999999999,345,67.00999999999999,1.8666666666666665,1.8547445255474453,1.840217391304348,1.9,0.3236994219653179,0.396969223558819,0.2644899234494611,0.014841431026402127,False,False,False,False,0.16998069498069499,0.08500590318772137,0.04500886001181335,0.27052631578947367,True,False,False,True
90,1,0,0,0,205.7,138,34.97,161.9,83,13.76,269.7,104,12.14,12.5,6,3.38,2,False,649.8,331,64.25,1.4905797101449274,1.9506024096385544,2.5932692307692307,2.0833333333333335,0.31655894121268086,0.2491535857186827,0.4150507848568791,0.019236688211757464,False,False,False,False,0.1700048614487117,0.08499073502161827,0.04501297738227661,0.2704,False,True,False,True
87,0,0,1,28,151.4,95,25.74,152.4,97,12.95,250.1,109,11.25,0.0,0,0.0,1,False,553.9,301,49.94,1.5936842105263158,1.5711340206185567,2.2944954128440367,0.0,0.2733345369200217,0.27513991695251855,0.4515255461274598,0.0,False,False,False,False,0.1700132100396301,0.08497375328083989,0.04498200719712115,0.0,True,False,False,True
124,2,0,0,0,157.5,70,26.78,130.7,79,11.11,193.4,98,8.7,9.6,4,2.59,3,False,491.20000000000005,251,49.18000000000001,2.25,1.6544303797468354,1.9734693877551022,2.4,0.32064332247557,0.2660830618892508,0.393729641693811,0.019543973941368076,False,False,False,False,0.17003174603174603,0.08500382555470544,0.04498448810754912,0.26979166666666665,False,True,False,True
84,1,0,0,0,159.0,80,27.03,167.9,128,14.27,167.6,101,7.54,12.3,5,3.32,1,False,506.8,314,52.16,1.9875,1.31171875,1.6594059405940593,2.46,0.31373322809786897,0.3312943962115233,0.33070244672454613,0.024269928966061564,False,False,False,False,0.17,0.08499106611078022,0.044988066825775656,0.26991869918699185,False,True,False,True
75,2,0,1,46,214.1,62,36.4,200.9,111,17.08,246.8,126,11.11,9.2,6,2.48,0,False,671.0,305,67.07000000000001,3.453225806451613,1.8099099099099099,1.9587301587301589,1.5333333333333332,0.31907600596125185,0.2994038748137109,0.3678092399403875,0.013710879284649775,False,False,False,False,0.170014012143858,0.08501742160278744,0.045016207455429495,0.26956521739130435,True,False,False,True
102,2,0,0,0,102.6,89,17.44,246.0,77,20.91,170.5,140,7.67,9.1,4,2.46,2,False,528.2,310,48.480000000000004,1.152808988764045,3.1948051948051948,1.2178571428571427,2.275,0.19424460431654675,0.4657326770162817,0.32279439606209764,0.017228322605073832,False,False,False,False,0.16998050682261212,0.085,0.04498533724340176,0.2703296703296703,False,True,False,True
62,1,1,0,0,159.7,86,27.15,197.5,76,16.79,121.6,105,5.47,13.9,6,3.75,0,True,492.69999999999993,273,53.16,1.8569767441860463,2.598684210526316,1.158095238095238,2.316666666666667,0.3241323320478994,0.40085244570732703,0.24680332859752388,0.028211893647249853,False,False,False,True,0.17000626174076394,0.08501265822784809,0.044983552631578945,0.2697841726618705,False,True,False,True
143,2,0,0,0,202.8,109,34.48,165.8,104,14.09,143.9,71,6.48,4.6,4,1.24,1,False,517.1,288,56.29,1.8605504587155965,1.5942307692307693,2.026760563380282,1.15,0.39218719783407463,0.32063430671050086,0.2782827306130342,0.008895764842390252,False,False,False,False,0.1700197238658777,0.08498190591073582,0.04503127171646977,0.26956521739130435,False,True,False,True
53,1,0,0,0,57.5,95,9.78,265.5,131,22.57,244.3,128,10.99,11.6,6,3.13,3,False,578.9,360,46.470000000000006,0.6052631578947368,2.0267175572519083,1.90859375,1.9333333333333333,0.09932630851615133,0.45862843323544655,0.42200725513905685,0.02003800310934531,False,False,False,False,0.1700869565217391,0.08500941619585688,0.04498567335243553,0.26982758620689656,False,True,False,True
112,1,0,0,0,335.5,77,57.04,212.5,109,18.06,265.0,132,11.93,12.7,8,3.43,2,True,825.7,326,90.46000000000001,4.357142857142857,1.9495412844036697,2.007575757575758,1.5875,0.40632190868354123,0.25735739372653504,0.3209398086472084,0.015380888942715271,False,False,False,False,0.17001490312965722,0.08498823529411764,0.0450188679245283,0.27007874015748035,False,True,False,True
129,1,0,0,0,139.5,119,23.72,289.3,105,24.59,129.4,97,5.82,13.1,8,3.54,0,False,571.3000000000001,329,57.67,1.1722689075630253,2.7552380952380955,1.3340206185567012,1.6375,0.24417994048660946,0.5063889375109399,0.22650096271661121,0.02293015928583931,False,False,False,False,0.1700358422939068,0.0849982716902869,0.04497681607418856,0.2702290076335878,False,True,False,True
28,1,0,0,0,187.8,94,31.93,248.6,86,21.13,208.8,124,9.4,10.6,5,2.86,0,False,655.8000000000001,309,65.32000000000001,1.997872340425532,2.8906976744186044,1.6838709677419357,2.12,0.28636779505946935,0.3790789874961878,0.3183897529734675,0.016163464470875265,False,False,False,False,0.17002129925452608,0.08499597747385358,0.045019157088122604,0.269811320754717,False,True,True,False
90,1,0,0,0,193.7,83,32.93,154.2,79,13.11,299.0,60,13.46,12.7,3,3.43,1,False,659.6,225,62.93,2.333734939759036,1.9518987341772152,4.983333333333333,4.233333333333333,0.2936628259551243,0.23377804730139476,0.4533050333535476,0.01925409338993329,False,False,False,False,0.17000516262261228,0.08501945525291829,0.04501672240802676,0.27007874015748035,False,True,False,True
151,2,0,0,0,156.4,108,26.59,233.4,118,19.84,195.7,141,8.81,7.7,6,2.08,4,False,593.2,373,57.32,1.4481481481481482,1.9779661016949153,1.3879432624113475,1.2833333333333334,0.26365475387727577,0.3934592043155765,0.32990559676331754,0.012980445043830073,False,False,False,False,0.17001278772378517,0.08500428449014567,0.045017884517118044,0.2701298701298701,False,True,False,True
41,0,0,1,37,239.8,110,40.77,221.9,115,18.86,189.1,100,8.51,7.3,1,1.97,2,False,658.1,326,70.11,2.18,1.9295652173913045,1.891,7.3,0.36438231271843186,0.3371827989667224,0.28734234918705365,0.011092539127792128,False,False,False,False,0.17001668056713928,0.08499324019828751,0.04500264410364886,0.26986301369863014,True,False,False,True
48,2,0,1,43,172.0,111,29.24,200.2,64,17.02,233.1,96,10.49,8.0,5,2.16,1,False,613.3,276,58.91,1.5495495495495495,3.128125,2.428125,1.6,0.280450024457851,0.3264307842817544,0.3800750040763085,0.013044187184086092,False,False,False,False,0.16999999999999998,0.08501498501498501,0.04500214500214501,0.27,True,False,False,True
153,2,0,0,0,195.4,107,33.22,154.6,96,13.14,142.8,97,6.43,11.6,6,3.13,1,False,504.40000000000003,306,55.92,1.8261682242990656,1.6104166666666666,1.4721649484536083,1.9333333333333333,0.387390959555908,0.3065027755749405,0.2831086439333862,0.022997620935765264,False,False,False,False,0.17001023541453428,0.08499353169469599,0.045028011204481785,0.26982758620689656,False,True,False,True
110,1,1,0,0,293.3,79,49.86,188.5,90,16.02,266.9,91,12.01,14.5,4,3.92,0,True,763.2,264,81.81,3.7126582278481015,2.0944444444444446,2.9329670329670328,3.625,0.3843029350104822,0.24698637316561844,0.3497117400419287,0.018998951781970648,False,False,False,True,0.16999659052165017,0.0849867374005305,0.044998126639190714,0.27034482758620687,False,True,False,True
163,1,0,0,0,191.3,89,32.52,193.9,87,16.48,268.4,121,12.08,12.8,4,3.46,1,False,666.4,301,64.53999999999999,2.149438202247191,2.2287356321839082,2.218181818181818,3.2,0.2870648259303722,0.29096638655462187,0.4027611044417767,0.019207683073229294,False,False,False,False,0.16999477260846838,0.0849922640536359,0.04500745156482862,0.27031249999999996,False,True,False,True
126,2,0,0,0,122.4,88,20.81,143.8,111,12.22,157.0,106,7.07,11.5,3,3.11,1,False,434.70000000000005,308,43.21,1.3909090909090909,1.2954954954954956,1.4811320754716981,3.8333333333333335,0.28157349896480327,0.330802852541983,0.3611686220381872,0.026455026455026454,False,False,False,False,0.17001633986928102,0.08497913769123783,0.04503184713375796,0.27043478260869563,False,True,False,True
126,1,0,0,0,161.4,110,27.44,220.6,125,18.75,249.2,78,11.21,5.1,2,1.38,0,False,636.3000000000001,315,58.78,1.4672727272727273,1.7648,3.1948717948717946,2.55,0.2536539368222536,0.34669181203834665,0.3916391639163916,0.008015087223008014,False,False,False,False,0.17001239157372985,0.08499546690843156,0.044983948635634034,0.27058823529411763,False,True,False,True
97,2,0,0,0,144.2,91,24.51,226.7,137,19.27,144.6,72,6.51,13.8,4,3.73,3,False,529.3,304,54.019999999999996,1.5846153846153845,1.654744525547445,2.0083333333333333,3.45,0.2724352918949556,0.4283015303230682,0.27319100699036464,0.026072170791611567,False,False,False,False,0.1699722607489598,0.08500220555800618,0.045020746887966805,0.2702898550724638,False,True,False,True
95,0,1,1,37,220.2,109,37.43,185.3,99,15.75,205.1,82,9.23,4.1,2,1.11,0,True,614.7,292,63.519999999999996,2.020183486238532,1.871717171717172,2.5012195121951217,2.05,0.3582235236700829,0.3014478607450789,0.33365869529851955,0.006669920286318528,False,False,False,False,0.16998183469573117,0.08499730167296275,0.045002437835202344,0.27073170731707324,True,False,False,True
87,2,0,0,0,256.2,105,43.55,160.7,102,13.66,249.4,80,11.22,7.4,2,2.0,4,False,673.6999999999999,289,70.42999999999999,2.44,1.5754901960784313,3.1175,3.7,0.3802879620008906,0.238533471871753,0.37019444856761174,0.010984117559744695,False,False,False,False,0.16998438719750195,0.08500311138767891,0.04498797113071371,0.27027027027027023,False,True,False,True
97,1,0,0,0,112.7,119,19.16,217.7,109,18.5,152.1,76,6.84,6.5,5,1.76,1,False,489.0,309,46.26,0.9470588235294118,1.9972477064220182,2.001315789473684,1.3,0.23047034764826177,0.4451942740286298,0.31104294478527605,0.013292433537832311,False,False,False,False,0.17000887311446317,0.08497932935231971,0.04497041420118343,0.27076923076923076,False,True,False,True
76,1,0,0,0,299.5,125,50.92,226.7,92,19.27,210.7,134,9.48,13.7,4,3.7,0,True,750.6000000000001,355,83.37,2.396,2.4641304347826085,1.5723880597014925,3.425,0.3990141220357047,0.3020250466293631,0.280708766320277,0.01825206501465494,False,False,False,False,0.17001669449081805,0.08500220555800618,0.04499288087327955,0.27007299270072993,False,True,False,True
140,0,0,0,0,194.8,107,33.12,170.9,99,14.53,225.1,93,10.13,13.9,4,3.75,0,False,604.7,303,61.53,1.8205607476635515,1.7262626262626264,2.4204301075268817,3.475,0.3221432115098396,0.28261948073424836,0.3722507028278485,0.022986604928063502,False,False,False,False,0.17002053388090346,0.085020479812756,0.04500222123500667,0.2697841726618705,False,True,False,True
169,1,0,0,0,100.8,112,17.14,230.0,69,19.55,193.6,95,8.71,9.5,2,2.57,0,False,533.9,278,47.97,0.9,3.3333333333333335,2.037894736842105,4.75,0.18879940063682338,0.43079228319910096,0.36261472185802585,0.017793594306049824,False,False,False,False,0.17003968253968255,0.085,0.04498966942148761,0.27052631578947367,False,True,False,True
68,0,0,1,22,82.5,97,14.03,289.9,94,24.64,180.0,114,8.1,4.8,4,1.3,3,False,557.1999999999999,309,48.07,0.8505154639175257,3.0840425531914892,1.5789473684210527,1.2,0.14806173725771718,0.5202799712849965,0.3230437903804738,0.008614501076812634,False,False,False,False,0.17006060606060605,0.0849948258020007,0.045,0.27083333333333337,True,False,False,True
122,1,0,1,34,146.4,104,24.89,89.7,103,7.62,220.0,91,9.9,15.6,4,4.21,2,False,471.70000000000005,302,46.62,1.4076923076923078,0.870873786407767,2.4175824175824174,3.9,0.31036675853296586,0.1901632393470426,0.4663981344074623,0.033071867712529145,False,False,False,False,0.17001366120218578,0.08494983277591973,0.045,0.26987179487179486,True,False,False,True
36,0,0,0,0,177.9,129,30.24,224.6,87,19.09,306.3,102,13.78,10.8,6,2.92,2,False,719.5999999999999,324,66.03,1.3790697674418606,2.5816091954022986,3.0029411764705882,1.8,0.24722067815453033,0.312117843246248,0.4256531406336854,0.015008337965536411,False,False,False,False,0.1699831365935919,0.08499554764024933,0.04498857329415605,0.27037037037037037,False,True,False,True
120,2,0,1,27,153.5,84,26.1,194.0,73,16.49,256.5,94,11.54,10.2,7,2.75,5,False,614.2,258,56.88,1.8273809523809523,2.6575342465753424,2.728723404255319,1.457142857142857,0.24991859329208724,0.3158580267014002,0.41761641159231516,0.01660696841419733,True,False,False,False,0.1700325732899023,0.08499999999999999,0.04499025341130604,0.26960784313725494,True,False,False,True
64,0,0,1,19,180.1,106,30.62,127.5,92,10.84,237.4,118,10.68,7.5,3,2.03,0,False,552.5,319,54.17,1.6990566037735848,1.3858695652173914,2.011864406779661,2.5,0.325972850678733,0.23076923076923078,0.42968325791855205,0.013574660633484163,False,False,False,False,0.1700166574125486,0.08501960784313725,0.04498736310025274,0.27066666666666667,True,False,False,True
13,1,0,1,31,265.3,94,45.1,147.6,95,12.55,259.3,117,11.67,12.9,1,3.48,1,False,685.1,307,72.80000000000001,2.822340425531915,1.5536842105263158,2.2162393162393164,12.9,0.38724273828638156,0.21544300102174863,0.3784848927163918,0.01882936797547803,False,False,False,False,0.1699962306822465,0.08502710027100271,0.045005784805244885,0.2697674418604651,True,False,True,False
106,1,0,0,0,128.6,83,21.86,134.0,114,11.39,210.6,113,9.48,11.4,2,3.08,0,False,484.6,312,45.81,1.5493975903614456,1.1754385964912282,1.863716814159292,5.7,0.26537350392075937,0.2765167148163434,0.43458522492777546,0.02352455633512175,False,False,False,False,0.16998444790046657,0.085,0.045014245014245016,0.27017543859649124,False,True,False,True
74,0,0,0,0,165.3,120,28.1,198.5,106,16.87,208.5,102,9.38,9.8,3,2.65,1,False,582.0999999999999,331,57.0,1.3775000000000002,1.8726415094339623,2.0441176470588234,3.266666666666667,0.28397182614671024,0.3410066998797458,0.35818587871499746,0.016835595258546644,False,False,False,False,0.16999395039322443,0.08498740554156171,0.04498800959232614,0.2704081632653061,False,True,False,True
83,1,0,0,0,195.0,92,33.15,210.5,83,17.89,180.6,92,8.13,11.0,13,2.97,0,False,597.1,280,62.14,2.119565217391304,2.536144578313253,1.9630434782608694,0.8461538461538461,0.3265784625690839,0.3525372634399598,0.30246189917936694,0.018422374811589346,False,False,False,False,0.16999999999999998,0.08498812351543943,0.04501661129568107,0.27,False,True,False,True
49,1,0,0,0,213.8,79,36.35,265.1,93,22.53,239.8,128,10.79,15.6,7,4.21,0,False,734.3000000000001,307,73.88,2.706329113924051,2.850537634408602,1.8734375,2.2285714285714286,0.2911616505515457,0.36102410458940487,0.3265695219937355,0.0212447228653139,False,False,False,False,0.17001870907390085,0.0849867974349302,0.044995829858215174,0.26987179487179486,False,True,False,True
111,2,0,1,24,205.5,114,34.94,219.3,99,18.64,215.9,95,9.72,14.0,4,3.78,1,False,654.7,312,67.08,1.8026315789473684,2.2151515151515153,2.2726315789473683,3.5,0.31388422178096836,0.3349625782801283,0.32976936001221935,0.021383839926683974,False,False,False,False,0.1700243309002433,0.08499772001823985,0.045020842982862436,0.26999999999999996,True,False,False,True
50,1,0,1,22,252.9,112,42.99,177.9,99,15.12,158.4,146,7.13,8.5,4,2.3,3,False,597.7,361,67.53999999999999,2.258035714285714,1.796969696969697,1.084931506849315,2.125,0.42312196754224524,0.2976409570018404,0.2650158942613351,0.014221181194579218,False,False,False,False,0.16998813760379597,0.08499156829679595,0.04501262626262626,0.27058823529411763,True,False,False,True
88,1,0,0,0,192.0,91,32.64,127.6,127,10.85,155.6,125,7.0,7.5,5,2.03,1,False,482.70000000000005,348,52.52,2.10989010989011,1.0047244094488188,1.2448,1.5,0.39776258545680543,0.2643463849181686,0.3223534286306194,0.015537600994406462,False,False,False,False,0.17,0.08503134796238244,0.04498714652956298,0.27066666666666667,False,True,False,True
131,1,0,1,39,69.1,122,11.75,101.3,136,8.61,104.8,94,4.72,9.1,4,2.46,0,False,284.3,356,27.54,0.5663934426229508,0.7448529411764706,1.1148936170212767,2.275,0.24305311290889903,0.3563137530777348,0.3686246922265213,0.03200844178684488,False,False,False,False,0.17004341534008685,0.08499506416584403,0.0450381679389313,0.2703296703296703,True,False,False,True
79,0,0,0,0,261.7,97,44.49,210.6,48,17.9,256.7,83,11.55,6.0,3,1.62,3,True,735.0,231,75.56,2.6979381443298966,4.3875,3.092771084337349,2.0,0.35605442176870744,0.28653061224489795,0.3492517006802721,0.00816326530612245,False,False,False,False,0.1700038211692778,0.08499525166191832,0.04499415660303857,0.27,False,True,False,True
140,1,0,0,0,235.5,81,40.04,257.2,130,21.86,103.1,111,4.64,11.5,4,3.11,2,False,607.3,326,69.64999999999999,2.9074074074074074,1.9784615384615383,0.9288288288288288,2.875,0.38778198583895934,0.4235139140457764,0.1697678247982875,0.018936275316976784,False,False,False,False,0.1700212314225053,0.08499222395023329,0.04500484966052376,0.27043478260869563,False,True,False,True
105,0,0,0,0,213.4,100,36.28,204.9,52,17.42,179.7,93,8.09,9.5,6,2.57,1,False,607.5,251,64.36,2.134,3.9403846153846156,1.932258064516129,1.5833333333333333,0.35127572016460906,0.33728395061728395,0.29580246913580244,0.015637860082304528,False,False,False,False,0.17000937207122774,0.08501708150317229,0.04501947690595437,0.27052631578947367,False,True,False,True
87,1,0,1,22,263.8,65,44.85,103.4,115,8.79,208.1,109,9.36,8.5,3,2.3,3,False,583.8000000000001,292,65.3,4.058461538461539,0.8991304347826088,1.9091743119266054,2.8333333333333335,0.4518670777663583,0.17711545049674546,0.356457690990065,0.014559780746831105,False,False,False,False,0.17001516300227446,0.08500967117988394,0.04497837578087458,0.27058823529411763,True,False,False,True
96,2,0,1,31,183.4,126,31.18,195.5,106,16.62,180.1,93,8.1,10.5,5,2.84,1,False,569.5,330,58.739999999999995,1.4555555555555555,1.8443396226415094,1.9365591397849462,2.1,0.32203687445127305,0.34328358208955223,0.31624231782265144,0.018437225636523266,False,False,False,False,0.17001090512540892,0.08501278772378518,0.044975013881177126,0.2704761904761905,True,False,False,True
130,1,0,0,0,242.5,101,41.23,102.8,114,8.74,142.4,89,6.41,9.3,2,2.51,2,False,497.00000000000006,306,58.88999999999999,2.400990099009901,0.9017543859649123,1.6,4.65,0.48792756539235405,0.20684104627766597,0.28651911468812874,0.018712273641851105,False,False,False,False,0.17002061855670103,0.08501945525291829,0.045014044943820226,0.2698924731182795,False,True,False,True
34,1,0,0,0,151.0,102,25.67,131.4,101,11.17,186.6,86,8.4,9.9,7,2.67,0,False,478.9,296,47.910000000000004,1.4803921568627452,1.300990099009901,2.169767441860465,1.4142857142857144,0.31530590937565256,0.27437878471497185,0.3896429317185216,0.02067237419085404,False,False,False,False,0.17,0.0850076103500761,0.04501607717041801,0.26969696969696966,False,True,False,True
139,1,0,0,0,138.1,103,23.48,164.5,100,13.98,134.9,63,6.07,8.3,2,2.24,1,False,445.8,268,45.77,1.340776699029126,1.645,2.141269841269841,4.15,0.30978017048003587,0.3689995513683266,0.30260206370569764,0.018618214445939883,False,False,False,False,0.17002172338884866,0.08498480243161094,0.04499629355077835,0.26987951807228916,False,True,False,True
63,1,0,0,0,211.2,80,35.9,237.7,93,20.2,259.2,58,11.66,12.3,2,3.32,0,False,720.3999999999999,233,71.07999999999998,2.6399999999999997,2.5559139784946234,4.468965517241379,6.15,0.29317046085508053,0.3299555802332038,0.35980011104941706,0.01707384786229873,False,False,False,False,0.1699810606060606,0.08498106857383256,0.04498456790123457,0.26991869918699185,False,True,False,True
152,1,0,0,0,197.1,126,33.51,130.1,76,11.06,78.1,100,3.51,7.4,4,2.0,3,False,412.69999999999993,306,50.08,1.5642857142857143,1.7118421052631578,0.7809999999999999,1.85,0.4775866246668283,0.31524109522655686,0.18924157984007756,0.01793070026653744,False,False,False,False,0.1700152207001522,0.08501152959262107,0.04494238156209987,0.27027027027027023,False,True,False,True
147,0,0,0,0,205.3,95,34.9,166.7,128,14.17,240.6,84,10.83,7.8,4,2.11,1,False,620.4,311,62.01,2.1610526315789476,1.30234375,2.8642857142857143,1.95,0.3309155383623469,0.2686976144422953,0.38781431334622823,0.012572533849129593,False,False,False,False,0.16999512907939598,0.08500299940011997,0.045012468827930176,0.2705128205128205,False,True,False,True
112,1,0,1,22,181.8,110,30.91,228.1,123,19.39,262.7,141,11.82,9.2,4,2.48,2,False,681.8,378,64.6,1.6527272727272728,1.8544715447154472,1.8631205673758864,2.3,0.26664711058961577,0.3345555881490173,0.3853036080962159,0.013493693165151071,False,False,False,False,0.17002200220022,0.08500657606313021,0.0449942900647126,0.26956521739130435,True,False,False,True
120,1,0,0,0,252.0,120,42.84,150.2,106,12.77,151.8,96,6.83,9.6,1,2.59,2,False,563.6,323,65.03,2.1,1.4169811320754715,1.58125,9.6,0.44712562100780695,0.2665010645848119,0.26933995741660754,0.017033356990773598,False,False,False,False,0.17,0.08501997336884155,0.04499341238471673,0.26979166666666665,False,True,False,True
171,1,0,0,0,231.2,135,39.3,188.7,74,16.04,206.9,124,9.31,12.3,1,3.32,1,False,639.0999999999999,334,67.96999999999998,1.7125925925925924,2.55,1.6685483870967743,12.3,0.36175872320450636,0.29525895790956036,0.32373650445939606,0.019245814426537323,False,False,False,False,0.1699826989619377,0.08500264970853207,0.04499758337361044,0.26991869918699185,False,True,False,True
101,1,0,1,33,200.1,108,34.02,188.9,122,16.06,205.1,90,9.23,15.5,4,4.19,0,False,609.6,324,63.5,1.8527777777777776,1.548360655737705,2.278888888888889,3.875,0.32824803149606296,0.3098753280839895,0.3364501312335958,0.025426509186351705,False,False,False,False,0.17001499250374816,0.0850185283218634,0.045002437835202344,0.2703225806451613,True,False,False,True
151,0,0,0,0,175.3,106,29.8,144.3,87,12.27,160.2,88,7.21,11.8,5,3.19,0,False,491.6,286,52.47,1.6537735849056605,1.6586206896551725,1.8204545454545453,2.3600000000000003,0.35659072416598864,0.2935313262815297,0.32587469487388115,0.02400325467860049,False,False,False,False,0.1699942954934398,0.08503118503118502,0.04500624219725344,0.2703389830508474,False,True,False,True
60,0,0,0,0,125.1,99,21.27,248.8,62,21.15,211.3,79,9.51,11.2,3,3.02,3,False,596.4000000000001,243,54.95,1.2636363636363637,4.012903225806451,2.6746835443037975,3.733333333333333,0.20975855130784704,0.4171696847753185,0.3542924211938296,0.018779342723004692,False,False,False,False,0.17002398081534773,0.085008038585209,0.04500709891150023,0.2696428571428572,False,True,False,True
42,0,0,0,0,241.2,134,41.0,116.5,114,9.9,152.2,91,6.85,10.6,4,2.86,0,False,520.5,343,60.61,1.7999999999999998,1.0219298245614035,1.6725274725274724,2.65,0.46340057636887605,0.22382324687800192,0.2924111431316042,0.020365033621517772,False,False,False,False,0.16998341625207297,0.0849785407725322,0.04500657030223391,0.269811320754717,False,True,False,True
84,0,0,0,0,217.1,99,36.91,236.0,68,20.06,118.3,120,5.32,9.4,4,2.54,1,False,580.8,291,64.83,2.1929292929292927,3.4705882352941178,0.9858333333333333,2.35,0.3737947658402204,0.40633608815427,0.20368457300275483,0.01618457300275482,False,False,False,False,0.17001381851681252,0.08499999999999999,0.04497041420118344,0.2702127659574468,False,True,False,True
65,2,0,0,0,195.4,110,33.22,181.2,109,15.4,178.5,105,8.03,8.9,4,2.4,0,False,564.0,328,59.05,1.7763636363636364,1.6623853211009174,1.7,2.225,0.3464539007092199,0.3212765957446808,0.31648936170212766,0.015780141843971633,False,False,False,False,0.17001023541453428,0.08498896247240618,0.0449859943977591,0.2696629213483146,False,True,False,True
75,1,1,0,0,222.4,78,37.81,327.0,111,27.8,208.0,104,9.36,8.7,9,2.35,1,True,766.1,302,77.32,2.8512820512820514,2.945945945945946,2.0,0.9666666666666666,0.2903015272157682,0.42683722751599007,0.2715050254535961,0.011356219814645607,False,False,False,True,0.1700089928057554,0.08501529051987768,0.045,0.2701149425287357,False,True,False,True
189,1,0,1,38,256.7,98,43.64,150.5,120,12.79,123.0,87,5.54,11.4,3,3.08,3,False,541.6,308,65.05,2.6193877551020406,1.2541666666666667,1.4137931034482758,3.8000000000000003,0.4739660265878877,0.27788035450516985,0.22710487444608565,0.021048744460856722,False,False,False,False,0.1700038955979743,0.08498338870431893,0.04504065040650407,0.27017543859649124,True,False,False,True
63,1,0,1,32,30.9,113,5.25,187.0,113,15.9,230.8,101,10.39,8.6,7,2.32,1,False,457.30000000000007,334,33.86,0.2734513274336283,1.654867256637168,2.2851485148514854,1.2285714285714284,0.06757052263284495,0.4089219330855018,0.5047015088563306,0.018806035425322543,False,False,False,False,0.16990291262135923,0.08502673796791443,0.04501733102253033,0.2697674418604651,True,False,False,True
108,2,0,0,0,187.4,101,31.86,199.9,126,16.99,216.1,107,9.72,12.6,8,3.4,1,False,616.0,342,61.96999999999999,1.8554455445544555,1.5865079365079366,2.019626168224299,1.575,0.3042207792207792,0.32451298701298703,0.3508116883116883,0.020454545454545454,False,False,False,False,0.17001067235859124,0.08499249624812405,0.04497917630726516,0.2698412698412698,False,True,False,True
71,1,0,0,0,277.5,104,47.18,131.8,121,11.2,126.9,101,5.71,8.2,2,2.21,1,False,544.4000000000001,328,66.29999999999998,2.668269230769231,1.0892561983471076,1.2564356435643564,4.1,0.5097354886113151,0.24210139603232916,0.23310066127847168,0.015062454077883905,False,False,False,False,0.17001801801801802,0.0849772382397572,0.044996059889676907,0.26951219512195124,False,True,False,True
137,2,0,0,0,147.2,119,25.02,192.8,91,16.39,172.7,105,7.77,10.2,4,2.75,1,False,522.9000000000001,319,51.92999999999999,1.2369747899159662,2.1186813186813187,1.6447619047619046,2.55,0.281506980302161,0.3687129470262,0.33027347485178804,0.019506597819850827,False,False,False,False,0.16997282608695652,0.0850103734439834,0.04499131441806601,0.26960784313725494,False,True,False,True
82,0,0,0,0,185.8,36,31.59,276.5,134,23.5,192.1,104,8.64,5.7,7,1.54,4,False,660.1,281,65.27000000000001,5.161111111111111,2.0634328358208953,1.8471153846153845,0.8142857142857143,0.2814725041660355,0.4188759278897137,0.29101651264959855,0.008635055294652326,False,False,False,False,0.170021528525296,0.08499095840867993,0.04497657470067674,0.27017543859649124,False,True,False,True
96,1,0,0,0,97.6,98,16.59,105.5,118,8.97,220.2,105,9.91,11.6,9,3.13,1,False,434.9,330,38.6,0.9959183673469387,0.8940677966101694,2.097142857142857,1.2888888888888888,0.22441940676017474,0.24258450218441022,0.506323292710968,0.026672798344447,False,False,False,False,0.1699795081967213,0.08502369668246446,0.04500454132606722,0.26982758620689656,False,True,False,True
37,1,0,0,0,206.0,89,35.02,186.0,88,15.81,307.1,86,13.82,8.4,11,2.27,0,False,707.5,274,66.92,2.3146067415730336,2.1136363636363638,3.57093023255814,0.7636363636363637,0.2911660777385159,0.2628975265017668,0.43406360424028273,0.01187279151943463,False,False,False,False,0.17,0.085,0.04500162813415825,0.2702380952380952,False,True,False,True
98,1,0,0,0,216.8,86,36.86,190.8,114,16.22,187.5,79,8.44,11.0,9,2.97,0,False,606.1,288,64.49,2.5209302325581397,1.6736842105263159,2.3734177215189876,1.2222222222222223,0.35769674971126875,0.3147995380300281,0.3093548919320244,0.018148820326678767,False,False,False,False,0.17001845018450185,0.08501048218029349,0.04501333333333333,0.27,False,True,False,True
121,1,0,0,0,103.3,110,17.56,129.1,82,10.97,167.1,113,7.52,10.7,3,2.89,0,False,410.2,308,38.94,0.9390909090909091,1.5743902439024389,1.4787610619469027,3.5666666666666664,0.25182837640175526,0.3147245246221355,0.40736226231106776,0.026084836665041442,False,False,False,False,0.16999031945788964,0.0849728892331526,0.045002992220227404,0.27009345794392525,False,True,False,True
94,1,0,0,0,139.4,95,23.7,159.1,92,13.52,128.2,129,5.77,7.7,3,2.08,0,False,434.4,319,45.06999999999999,1.4673684210526317,1.7293478260869564,0.993798449612403,2.566666666666667,0.32090239410681404,0.3662523020257827,0.2951197053406998,0.0177255985267035,False,False,False,False,0.17001434720229555,0.08497800125707103,0.04500780031201248,0.2701298701298701,False,True,False,True
99,1,0,0,0,191.2,110,32.5,163.9,102,13.93,243.6,114,10.96,14.1,3,3.81,1,False,612.8000000000001,329,61.2,1.738181818181818,1.6068627450980393,2.136842105263158,4.7,0.3120104438642297,0.26746083550913835,0.39751958224543077,0.02300913838120104,False,False,False,False,0.16997907949790797,0.0849908480780964,0.04499178981937603,0.2702127659574468,False,True,False,True
163,2,0,1,23,160.0,104,27.2,189.4,64,16.1,229.9,118,10.35,10.4,7,2.81,1,False,589.6999999999999,293,56.46,1.5384615384615385,2.959375,1.9483050847457628,1.4857142857142858,0.27132440223842635,0.3211802611497372,0.38985925046633885,0.017636086145497713,False,False,False,False,0.16999999999999998,0.08500527983104542,0.04501957372770769,0.2701923076923077,True,False,False,True
161,2,0,0,0,221.7,95,37.69,193.0,82,16.41,194.1,113,8.73,6.5,4,1.76,3,False,615.3,294,64.59,2.333684210526316,2.3536585365853657,1.7176991150442478,1.625,0.3603120429058996,0.3136681293677881,0.31545587518283763,0.010563952543474728,False,False,False,False,0.17000451059990979,0.08502590673575129,0.04497681607418857,0.27076923076923076,False,True,False,True
99,1,0,0,0,62.9,81,10.69,231.0,64,19.64,168.9,121,7.6,8.5,5,2.3,1,False,471.29999999999995,271,40.23,0.7765432098765432,3.609375,1.3958677685950414,1.7,0.133460640780819,0.49013367281986003,0.35837046467218336,0.018035221727137705,False,False,False,False,0.16995230524642288,0.08502164502164503,0.04499703966844286,0.27058823529411763,False,True,False,True
108,1,0,0,0,215.6,78,36.65,195.3,119,16.6,194.4,65,8.75,3.6,5,0.97,1,False,608.9,267,62.97,2.764102564102564,1.6411764705882355,2.990769230769231,0.72,0.35408112990638857,0.32074232222039745,0.31926424700279193,0.005912300870422073,False,False,False,False,0.16999072356215214,0.08499743983614952,0.04501028806584362,0.26944444444444443,False,True,False,True
84,2,0,1,42,165.3,97,28.1,223.5,118,19.0,260.8,72,11.74,7.6,7,2.05,3,False,657.2,294,60.89,1.7041237113402063,1.8940677966101696,3.6222222222222222,1.0857142857142856,0.2515216068167985,0.3400791235544735,0.39683505782105905,0.011564211807668897,False,False,False,False,0.16999395039322443,0.08501118568232663,0.04501533742331288,0.26973684210526316,True,False,False,True
139,2,0,0,0,203.2,81,34.54,152.5,99,12.96,197.8,76,8.9,9.7,3,2.62,2,False,563.2,259,59.019999999999996,2.5086419753086417,1.5404040404040404,2.6026315789473684,3.233333333333333,0.3607954545454545,0.2707741477272727,0.35120738636363635,0.01722301136363636,False,False,False,False,0.16998031496062993,0.08498360655737705,0.04499494438827098,0.2701030927835052,False,True,False,True
69,2,0,0,0,195.3,70,33.2,216.7,108,18.42,259.9,119,11.7,12.5,4,3.38,3,False,684.4,301,66.7,2.79,2.0064814814814813,2.184033613445378,3.125,0.2853594389246055,0.31662770309760374,0.3797486849795441,0.01826417299824664,False,False,False,False,0.16999487967229904,0.08500230733733273,0.04501731435167372,0.2704,False,True,False,True
129,2,0,0,0,143.7,114,24.43,297.8,98,25.31,212.6,86,9.57,11.4,8,3.08,4,False,665.5,306,62.38999999999999,1.2605263157894735,3.038775510204082,2.472093023255814,1.425,0.21592787377911343,0.4474830954169797,0.31945905334335084,0.017129977460555973,False,False,False,False,0.1700069589422408,0.08498992612491604,0.04501411100658514,0.27017543859649124,False,True,False,True
106,1,0,0,0,114.4,104,19.45,78.3,101,6.66,232.7,78,10.47,0.0,0,0.0,2,False,425.4,283,36.58,1.1,0.7752475247524753,2.9833333333333334,0.0,0.2689233662435355,0.18406205923836388,0.5470145745181006,0.0,False,False,False,False,0.1700174825174825,0.08505747126436781,0.04499355393210142,0.0,False,True,False,True
168,1,0,1,22,175.9,70,29.9,211.7,105,17.99,174.5,81,7.85,7.3,5,1.97,2,False,569.4,261,57.71,2.512857142857143,2.016190476190476,2.154320987654321,1.46,0.30892167193537057,0.3717948717948718,0.30646294344924485,0.01282051282051282,False,False,False,False,0.16998294485503126,0.08497874350495985,0.04498567335243553,0.26986301369863014,True,False,False,True
57,0,1,1,30,234.5,130,39.87,195.2,116,16.59,268.8,94,12.1,11.4,4,3.08,2,False,709.9,344,71.63999999999999,1.8038461538461539,1.682758620689655,2.8595744680851065,2.85,0.33032821524158335,0.27496830539512607,0.3786448795605015,0.016058599802789127,False,False,False,False,0.17002132196162045,0.08498975409836065,0.04501488095238095,0.27017543859649124,True,False,False,True
67,1,0,0,0,210.7,116,35.82,219.2,86,18.63,179.7,83,8.09,7.2,6,1.94,1,False,616.8,291,64.48,1.8163793103448276,2.5488372093023255,2.165060240963855,1.2,0.3416018158236057,0.3553826199740597,0.2913424124513619,0.011673151750972765,False,False,False,False,0.17000474608448032,0.08499087591240875,0.04501947690595437,0.26944444444444443,False,True,False,True
127,0,0,0,0,182.3,124,30.99,169.9,110,14.44,184.0,116,8.28,9.3,3,2.51,1,False,545.5,353,56.22,1.4701612903225807,1.5445454545454547,1.5862068965517242,3.1,0.33418881759853347,0.31145737855178734,0.3373052245646196,0.01704857928505958,False,False,False,False,0.16999451453647832,0.08499117127722189,0.045,0.2698924731182795,False,True,False,True
78,2,0,0,0,190.3,88,32.35,194.5,89,16.53,256.5,109,11.54,11.7,5,3.16,2,False,653.0,291,63.58,2.1625,2.1853932584269664,2.353211009174312,2.34,0.2914241960183767,0.29785604900459417,0.39280245022970905,0.01791730474732006,False,False,False,False,0.1699947451392538,0.08498714652956299,0.04499025341130604,0.2700854700854701,False,True,False,True
100,1,0,1,38,177.1,88,30.11,163.7,108,13.91,242.7,72,10.92,7.4,2,2.0,0,False,590.9,270,56.94,2.0124999999999997,1.5157407407407406,3.370833333333333,3.7,0.29971230326620407,0.277035031308174,0.410729395836859,0.012523269588762905,False,False,False,False,0.17001693958215697,0.08497251069028712,0.0449938195302843,0.27027027027027023,True,False,False,True
113,1,0,0,0,215.6,96,36.65,193.4,127,16.44,105.4,115,4.74,13.5,3,3.65,1,False,527.9,341,61.480000000000004,2.245833333333333,1.5228346456692914,0.9165217391304349,4.5,0.4084106838416367,0.3663572646334533,0.19965902633074448,0.02557302519416556,False,False,False,False,0.16999072356215214,0.08500517063081696,0.04497153700189753,0.27037037037037037,False,True,False,True
78,2,0,0,0,137.4,109,23.36,237.6,49,20.2,206.7,136,9.3,14.0,11,3.78,3,False,595.7,305,56.64,1.2605504587155965,4.848979591836734,1.5198529411764705,1.2727272727272727,0.2306530132617089,0.3988584858150075,0.34698673829108606,0.02350176263219741,False,False,False,False,0.1700145560407569,0.08501683501683502,0.04499274310595066,0.26999999999999996,False,True,False,True
129,2,0,1,36,192.8,103,32.78,177.0,83,15.05,216.5,118,9.74,16.4,5,4.43,1,False,602.6999999999999,309,62.0,1.871844660194175,2.1325301204819276,1.8347457627118644,3.28,0.31989381118300986,0.29367844698855156,0.3592168574746972,0.0272108843537415,False,False,False,False,0.1700207468879668,0.08502824858757063,0.04498845265588915,0.2701219512195122,True,False,False,True
57,2,0,0,0,149.3,100,25.38,200.2,110,17.02,231.7,101,10.43,11.9,3,3.21,2,False,593.1,314,56.04,1.493,1.8199999999999998,2.294059405940594,3.966666666666667,0.25172820772213794,0.33754847411903555,0.3906592480188838,0.020064070139942675,False,False,False,False,0.16999330207635632,0.08501498501498501,0.04501510574018127,0.26974789915966385,False,True,False,True
82,0,0,0,0,143.7,116,24.43,170.7,99,14.51,287.7,95,12.95,7.8,5,2.11,1,False,609.8999999999999,315,54.0,1.2387931034482758,1.7242424242424241,3.028421052631579,1.56,0.235612395474668,0.279881947860305,0.471716674864732,0.012788981800295134,False,False,False,False,0.1700069589422408,0.08500292911540715,0.045012165450121655,0.2705128205128205,False,True,False,True
94,2,0,0,0,271.2,105,46.1,202.6,105,17.22,221.6,51,9.97,11.5,3,3.11,3,True,706.9,264,76.4,2.5828571428571427,1.9295238095238094,4.345098039215686,3.8333333333333335,0.3836469090394681,0.2866034799830245,0.3134813976517188,0.016268213325788657,False,False,False,False,0.16998525073746315,0.08499506416584403,0.04499097472924188,0.27043478260869563,False,True,False,True
90,1,0,0,0,207.2,121,35.22,292.5,104,24.86,226.3,103,10.18,8.0,1,2.16,2,False,734.0,329,72.41999999999999,1.7123966942148758,2.8125,2.1970873786407767,8.0,0.28228882833787466,0.39850136239782014,0.3083106267029973,0.010899182561307902,False,False,False,False,0.16998069498069499,0.08499145299145298,0.04498453380468404,0.27,False,True,False,True
48,2,0,0,0,300.4,94,51.07,133.2,103,11.32,197.4,94,8.88,7.2,5,1.94,2,False,638.2,296,73.21,3.1957446808510634,1.2932038834951456,2.1,1.44,0.4706988404888749,0.20871200250705105,0.3093074271388279,0.011281729865246004,False,False,False,False,0.17000665778961385,0.084984984984985,0.044984802431610946,0.26944444444444443,False,True,False,True
85,0,0,1,37,229.6,123,39.03,132.3,90,11.25,211.9,76,9.54,9.5,8,2.57,2,False,583.3,297,62.39,1.8666666666666667,1.4700000000000002,2.7881578947368424,1.1875,0.3936224927138694,0.22681296074061377,0.36327790159437684,0.016286644951140065,False,False,False,False,0.1699912891986063,0.08503401360544217,0.04502123643227937,0.27052631578947367,True,False,False,True
93,1,1,1,20,187.5,110,31.88,169.8,94,14.43,175.3,127,7.89,12.1,4,3.27,1,False,544.7,335,57.470000000000006,1.7045454545454546,1.8063829787234045,1.3803149606299214,3.025,0.3442261795483752,0.3117312281990086,0.32182852946576096,0.022214062786855147,False,False,False,False,0.17002666666666666,0.08498233215547703,0.04500855675984027,0.2702479338842975,True,False,False,True
169,1,1,0,0,57.1,98,9.71,199.7,78,16.97,274.7,103,12.36,6.5,6,1.76,3,False,538.0,285,40.8,0.5826530612244898,2.56025641025641,2.666990291262136,1.0833333333333333,0.10613382899628253,0.37118959107806687,0.5105947955390334,0.012081784386617101,False,False,False,True,0.17005253940455342,0.08497746619929895,0.04499453949763378,0.27076923076923076,False,True,False,True
68,1,0,0,0,162.1,86,27.56,155.0,86,13.18,189.7,87,8.54,11.0,9,2.97,5,True,517.8,268,52.24999999999999,1.8848837209302325,1.802325581395349,2.1804597701149424,1.2222222222222223,0.3130552336809579,0.29934337582078024,0.36635766705291617,0.021243723445345697,True,False,False,False,0.17001850709438618,0.08503225806451613,0.045018450184501846,0.27,False,True,False,True
91,1,1,0,0,145.0,89,24.65,175.8,102,14.94,223.7,151,10.07,16.7,3,4.51,2,True,561.2,345,54.169999999999995,1.6292134831460674,1.723529411764706,1.481456953642384,5.566666666666666,0.2583749109052031,0.3132573057733428,0.3986101211689237,0.029757662152530288,False,False,False,True,0.16999999999999998,0.08498293515358361,0.04501564595440322,0.27005988023952093,False,True,False,True
68,2,0,0,0,159.5,123,27.12,240.8,93,20.47,210.3,76,9.46,11.4,3,3.08,1,False,622.0,295,60.13,1.2967479674796747,2.589247311827957,2.767105263157895,3.8000000000000003,0.25643086816720256,0.3871382636655949,0.33810289389067527,0.018327974276527333,False,False,False,False,0.17003134796238245,0.08500830564784052,0.044983357108892064,0.27017543859649124,False,True,False,True
101,2,0,0,0,190.7,72,32.42,208.6,103,17.73,203.8,111,9.17,8.8,8,2.38,1,False,611.8999999999999,294,61.70000000000001,2.648611111111111,2.0252427184466018,1.8360360360360362,1.1,0.31165223075665965,0.34090537669553855,0.33306095767282246,0.014381434874979577,False,False,False,False,0.1700052438384898,0.08499520613614574,0.04499509322865554,0.27045454545454545,False,True,False,True
67,2,0,1,20,230.6,40,39.2,189.1,58,16.07,162.2,115,7.3,9.4,2,2.54,1,False,591.3,215,65.11,5.765,3.2603448275862066,1.4104347826086956,4.7,0.38998816167765943,0.31980382208692715,0.27431084052088617,0.015897175714527315,False,False,False,False,0.16999132697311364,0.08498149127445796,0.045006165228113446,0.2702127659574468,True,False,False,True
66,1,0,0,0,34.0,133,5.78,278.6,61,23.68,129.6,120,5.83,11.5,3,3.11,0,False,453.70000000000005,317,38.4,0.2556390977443609,4.567213114754098,1.0799999999999998,3.8333333333333335,0.07493938726030416,0.6140621556094336,0.285651311439277,0.02534714569098523,False,False,False,False,0.17,0.08499641062455132,0.04498456790123457,0.27043478260869563,False,True,False,True
116,1,0,1,17,193.4,112,32.88,240.6,131,20.45,248.1,98,11.16,11.4,3,3.08,5,False,693.5,344,67.57,1.7267857142857144,1.8366412213740457,2.5316326530612243,3.8000000000000003,0.2788752703677001,0.3469358327325162,0.35775054073540014,0.016438356164383564,True,False,True,False,0.17001034126163392,0.08499584372402327,0.04498186215235792,0.27017543859649124,True,False,False,True
158,0,0,0,0,202.0,126,34.34,163.5,86,13.9,195.4,84,8.79,10.4,6,2.81,1,False,571.3,302,59.84,1.6031746031746033,1.9011627906976745,2.3261904761904764,1.7333333333333334,0.353579555399965,0.28618939261333803,0.3420269560651147,0.01820409592158236,False,False,False,False,0.17,0.08501529051987768,0.04498464687819856,0.2701923076923077,False,True,False,True
78,1,0,0,0,191.7,122,32.59,241.4,88,20.52,203.5,86,9.16,9.1,5,2.46,1,False,645.7,301,64.72999999999999,1.571311475409836,2.743181818181818,2.366279069767442,1.8199999999999998,0.29688709927210777,0.3738578287130246,0.31516183986371377,0.014093232151153785,False,False,False,False,0.17000521648408976,0.08500414250207125,0.04501228501228501,0.2703296703296703,False,True,False,True
119,1,0,1,26,161.3,97,27.42,250.3,110,21.28,142.4,92,6.41,6.6,8,1.78,1,False,560.6,307,56.89,1.6628865979381444,2.2754545454545454,1.547826086956522,0.825,0.287727434891188,0.4464859079557617,0.2540135569033179,0.011773100249732429,False,False,False,False,0.16999380037197767,0.08501797842588893,0.045014044943820226,0.2696969696969697,True,False,False,True
120,1,0,0,0,150.6,85,25.6,119.0,128,10.12,232.9,123,10.48,6.4,2,1.73,1,False,508.9,338,47.93,1.771764705882353,0.9296875,1.8934959349593496,3.2,0.2959324032226371,0.23383768913342504,0.45765376301827476,0.012576144625663196,False,False,False,False,0.16998671978751662,0.08504201680672269,0.044997853155860884,0.27031249999999996,False,True,False,True
155,2,0,0,0,184.6,102,31.38,196.0,117,16.66,226.5,122,10.19,7.8,1,2.11,1,False,614.9,342,60.339999999999996,1.8098039215686275,1.6752136752136753,1.8565573770491803,7.8,0.30021141649048627,0.318751016425435,0.36835257765490326,0.012684989429175475,False,False,False,False,0.16998916576381365,0.085,0.04498896247240618,0.2705128205128205,False,True,False,True
106,0,0,0,0,220.7,120,37.52,270.2,95,22.97,121.6,113,5.47,8.7,5,2.35,1,False,621.2,333,68.31,1.8391666666666666,2.8442105263157895,1.0761061946902655,1.7399999999999998,0.35528010302640045,0.43496458467482285,0.19575016097875078,0.014005151320025755,False,False,False,False,0.17000453103760763,0.08501110288675055,0.044983552631578945,0.2701149425287357,False,True,False,True
146,1,0,1,32,154.0,80,26.18,185.5,91,15.77,148.2,107,6.67,8.2,4,2.21,3,False,495.9,282,50.830000000000005,1.925,2.0384615384615383,1.3850467289719626,2.05,0.31054648114539224,0.3740673522887679,0.29885057471264365,0.016535591853196207,False,False,False,False,0.16999999999999998,0.08501347708894878,0.045006747638326586,0.26951219512195124,True,False,False,True
101,1,0,1,29,121.1,116,20.59,186.4,100,15.84,241.7,75,10.88,10.1,6,2.73,0,False,559.3000000000001,297,50.04,1.0439655172413793,1.864,3.2226666666666666,1.6833333333333333,0.21652065081351685,0.3332737350259252,0.4321473270159127,0.01805828714464509,False,False,False,False,0.17002477291494633,0.08497854077253218,0.04501448076127431,0.2702970297029703,True,False,False,True
22,2,0,1,23,182.1,94,30.96,164.6,59,13.99,128.8,102,5.8,12.7,4,3.43,3,False,488.2,259,54.18,1.9372340425531915,2.789830508474576,1.2627450980392159,3.175,0.3730028676771815,0.337156902908644,0.2638263006964359,0.02601392871773863,False,False,False,False,0.1700164744645799,0.08499392466585663,0.04503105590062111,0.27007874015748035,True,False,True,False
41,1,0,0,0,209.9,105,35.68,121.9,105,10.36,253.7,104,11.42,9.6,4,2.59,1,False,595.1,318,60.05,1.9990476190476192,1.160952380952381,2.439423076923077,2.4,0.35271382960846914,0.20483952276928247,0.4263149050579734,0.01613174256427491,False,False,False,False,0.16998570747975225,0.08498769483182936,0.045013795821836816,0.26979166666666665,False,True,False,True
69,1,0,0,0,167.5,76,28.48,242.1,92,20.58,101.2,103,4.55,11.4,4,3.08,2,False,522.2,275,56.69,2.2039473684210527,2.631521739130435,0.9825242718446602,2.85,0.3207583301417081,0.463615472998851,0.19379548065875143,0.02183071620068939,False,False,False,False,0.17002985074626867,0.08500619578686493,0.04496047430830039,0.27017543859649124,False,True,False,True
33,1,0,0,0,213.9,88,36.36,239.8,119,20.38,148.7,71,6.69,9.8,14,2.65,2,False,612.2,292,66.08,2.430681818181818,2.015126050420168,2.0943661971830982,0.7000000000000001,0.34939562234563865,0.39170205815093107,0.24289447892845473,0.016007840574975497,False,False,False,False,0.1699859747545582,0.08498748957464553,0.04498991257565569,0.2704081632653061,False,True,False,True
112,1,0,0,0,115.8,108,19.69,243.3,111,20.68,184.6,78,8.31,13.1,5,3.54,1,False,556.8000000000001,302,52.220000000000006,1.0722222222222222,2.191891891891892,2.3666666666666667,2.62,0.20797413793103445,0.4369612068965517,0.331537356321839,0.02352729885057471,False,False,False,False,0.17003454231433507,0.08499794492396218,0.04501625135427953,0.2702290076335878,False,True,False,True
136,1,0,1,21,179.4,88,30.5,181.1,97,15.39,320.7,120,14.43,9.5,4,2.57,2,False,690.7,309,62.89,2.0386363636363636,1.8670103092783505,2.6725,2.375,0.2597364992037064,0.2621977703778775,0.46431156797451856,0.013754162443897494,False,False,False,False,0.17001114827201783,0.0849806736609608,0.04499532273152479,0.27052631578947367,True,False,False,True
128,2,0,0,0,187.3,84,31.84,270.8,95,23.02,206.4,68,9.29,10.1,5,2.73,1,False,674.6,252,66.88000000000001,2.229761904761905,2.850526315789474,3.0352941176470587,2.02,0.2776460124518233,0.4014230655203083,0.30595908686629114,0.01497183516157723,False,False,False,False,0.16999466097170313,0.08500738552437223,0.04500968992248062,0.2702970297029703,False,True,False,True
27,0,0,0,0,201.2,128,34.2,227.2,100,19.31,145.8,91,6.56,8.4,3,2.27,2,False,582.6,322,62.34000000000001,1.571875,2.272,1.6021978021978023,2.8000000000000003,0.3453484380363886,0.38997596979059385,0.2502574665293512,0.014418125643666324,False,False,False,False,0.16998011928429427,0.0849911971830986,0.04499314128943758,0.2702380952380952,False,True,True,False
161,1,1,0,0,189.6,78,32.23,267.4,117,22.73,184.5,137,8.3,1.3,6,0.35,1,False,642.8,338,63.60999999999999,2.4307692307692306,2.2854700854700853,1.3467153284671534,0.21666666666666667,0.29495955196017426,0.41599253266957065,0.28702551337896703,0.0020224019912881146,False,False,False,True,0.16998945147679323,0.08500373971578161,0.04498644986449865,0.2692307692307692,False,True,False,True
120,1,0,1,31,153.5,83,26.1,219.1,96,18.62,237.4,76,10.68,11.4,4,3.08,0,False,621.4,259,58.48,1.8493975903614457,2.2822916666666666,3.123684210526316,2.85,0.24702285162536208,0.35259092372063083,0.3820405535886708,0.018345671065336338,False,False,False,False,0.1700325732899023,0.08498402555910543,0.04498736310025274,0.27017543859649124,True,False,False,True
113,1,0,0,0,187.6,97,31.89,208.2,118,17.7,158.9,101,7.15,8.7,6,2.35,2,False,563.4,322,59.09,1.934020618556701,1.7644067796610168,1.5732673267326733,1.45,0.3329783457578985,0.369542066027689,0.28203762868299614,0.0154419595314164,False,False,False,False,0.16998933901918978,0.08501440922190202,0.04499685336689742,0.2701149425287357,False,True,False,True
122,1,1,0,0,230.9,132,39.25,243.2,99,20.67,182.4,57,8.21,11.0,2,2.97,0,True,667.5,290,71.1,1.7492424242424243,2.4565656565656564,3.2,5.5,0.3459176029962547,0.3643445692883895,0.27325842696629216,0.01647940074906367,False,False,False,True,0.16998700736249459,0.08499177631578948,0.0450109649122807,0.27,False,True,False,True
148,1,0,1,26,244.9,150,41.63,118.0,138,10.03,236.0,91,10.62,15.2,4,4.1,2,False,614.1,383,66.38,1.6326666666666667,0.855072463768116,2.5934065934065935,3.8,0.3987949845302068,0.19215111545350919,0.38430223090701837,0.02475166910926559,False,False,False,False,0.1699877501020825,0.08499999999999999,0.045,0.26973684210526316,True,False,False,True
74,1,0,0,0,230.9,93,39.25,223.0,78,18.96,157.8,101,7.1,9.7,2,2.62,3,False,621.4000000000001,274,67.93,2.4827956989247313,2.858974358974359,1.5623762376237624,4.85,0.37158030254264557,0.35886707434824583,0.25394271000965557,0.015609913099452845,False,False,False,False,0.16998700736249459,0.08502242152466367,0.04499366286438529,0.2701030927835052,False,True,False,True
106,1,0,0,0,187.1,104,31.81,250.2,117,21.27,144.9,81,6.52,11.0,3,2.97,1,False,593.1999999999999,305,62.56999999999999,1.7990384615384616,2.1384615384615384,1.788888888888889,3.6666666666666665,0.31540795684423467,0.4217801753202967,0.24426837491571143,0.01854349291975725,False,False,False,False,0.1700160342063068,0.08501199040767386,0.04499654934437543,0.27,False,True,False,True
179,1,0,0,0,170.7,54,29.02,191.1,108,16.24,214.6,107,9.66,13.3,4,3.59,1,False,589.6999999999999,273,58.510000000000005,3.161111111111111,1.7694444444444444,2.005607476635514,3.325,0.2894692216381211,0.3240630829235205,0.36391385450228936,0.022553840936069193,False,False,False,False,0.1700058582308143,0.08498168498168497,0.04501397949673812,0.2699248120300752,False,True,False,True
77,2,0,0,0,189.5,112,32.22,207.0,95,17.6,214.1,91,9.63,9.2,7,2.48,0,False,619.8000000000001,305,61.93,1.6919642857142858,2.1789473684210527,2.352747252747253,1.3142857142857143,0.3057437883188125,0.3339787028073572,0.345434010971281,0.014843497902549206,False,False,False,False,0.1700263852242744,0.08502415458937199,0.04497898178421299,0.26956521739130435,False,True,False,True
127,0,1,0,0,176.9,110,30.07,167.9,100,14.27,182.2,138,8.2,7.7,2,2.08,1,True,534.7,350,54.620000000000005,1.6081818181818182,1.679,1.3202898550724638,3.85,0.33083972320927624,0.31400785487189076,0.3407518234524032,0.014400598466429772,False,False,False,True,0.1699830412662521,0.08499106611078022,0.04500548847420417,0.2701298701298701,False,True,False,True
80,1,0,0,0,161.1,99,27.39,198.8,81,16.9,228.4,116,10.28,10.6,4,2.86,1,False,598.9,300,57.43,1.6272727272727272,2.454320987654321,1.9689655172413794,2.65,0.2689931541158791,0.3319418934713642,0.38136583736850893,0.017699115044247787,False,False,False,False,0.17001862197392925,0.08501006036217303,0.04500875656742556,0.269811320754717,False,True,False,True
61,1,0,1,20,254.4,133,43.25,161.7,96,13.74,251.4,91,11.31,10.5,4,2.84,0,False,678.0,324,71.14,1.912781954887218,1.684375,2.7626373626373626,2.625,0.3752212389380531,0.23849557522123893,0.37079646017699114,0.015486725663716814,False,False,False,False,0.1700078616352201,0.0849721706864564,0.044988066825775656,0.2704761904761905,True,False,False,True
135,2,1,1,24,127.7,54,21.71,215.0,105,18.28,234.3,84,10.54,5.8,4,1.57,2,False,582.8,247,52.1,2.3648148148148147,2.0476190476190474,2.7892857142857146,1.45,0.21911461908030203,0.36890871654083734,0.4020247083047358,0.009951956074124914,False,False,False,False,0.17000783085356305,0.0850232558139535,0.044985061886470334,0.27068965517241383,True,False,False,True
115,1,0,1,26,170.5,107,28.99,217.2,77,18.46,225.7,71,10.16,13.6,5,3.67,6,False,627.0,260,61.28,1.5934579439252337,2.8207792207792206,3.1788732394366197,2.7199999999999998,0.2719298245614035,0.3464114832535885,0.3599681020733652,0.021690590111642743,True,False,False,False,0.17002932551319647,0.08499079189686926,0.04501550731058928,0.2698529411764706,True,False,False,True
107,2,1,0,0,273.5,104,46.5,183.8,68,15.62,153.8,67,6.92,11.0,9,2.97,2,False,622.1,248,72.00999999999999,2.6298076923076925,2.7029411764705884,2.2955223880597018,1.2222222222222223,0.4396399292718212,0.2954508921395274,0.24722713390130205,0.0176820446873493,False,False,False,True,0.170018281535649,0.08498367791077258,0.04499349804941482,0.27,False,True,False,True
112,1,1,0,0,161.9,138,27.52,200.9,114,17.08,134.0,134,6.03,10.7,4,2.89,1,False,507.5,390,53.519999999999996,1.1731884057971016,1.762280701754386,1.0,2.675,0.31901477832512315,0.39586206896551723,0.26403940886699506,0.02108374384236453,False,False,False,True,0.16998147004323655,0.08501742160278744,0.045000000000000005,0.27009345794392525,False,True,False,True
103,0,1,0,0,62.8,124,10.68,170.4,66,14.48,280.2,78,12.61,9.4,4,2.54,3,False,522.8,272,40.309999999999995,0.5064516129032258,2.581818181818182,3.592307692307692,2.35,0.12012241775057383,0.3259372609028309,0.5359602142310635,0.017980107115531753,False,False,False,True,0.1700636942675159,0.08497652582159625,0.045003568879371875,0.2702127659574468,False,True,False,True
69,1,0,0,0,228.2,70,38.79,263.7,80,22.41,142.6,60,6.42,10.7,5,2.89,3,False,645.2,215,70.51,3.26,3.2962499999999997,2.3766666666666665,2.1399999999999997,0.3536887786732796,0.4087104773713577,0.22101673899566024,0.016584004959702414,False,False,False,False,0.16998247151621385,0.08498293515358363,0.045021037868162694,0.27009345794392525,False,True,False,True
85,0,0,0,0,209.8,82,35.67,194.5,94,16.53,200.4,85,9.02,11.3,3,3.05,0,False,616.0,264,64.27,2.5585365853658537,2.0691489361702127,2.3576470588235297,3.766666666666667,0.3405844155844156,0.3157467532467532,0.32532467532467535,0.018344155844155847,False,False,False,False,0.1700190657769304,0.08498714652956299,0.045009980039920156,0.26991150442477874,False,True,False,True
24,0,0,0,0,265.6,86,45.15,208.8,102,17.75,182.5,105,8.21,11.1,6,3.0,2,True,668.0000000000001,299,74.11,3.088372093023256,2.047058823529412,1.7380952380952381,1.8499999999999999,0.39760479041916164,0.3125748502994012,0.27320359281437123,0.016616766467065863,False,False,False,False,0.16999246987951805,0.0850095785440613,0.04498630136986302,0.2702702702702703,False,True,True,False
90,1,0,0,0,214.9,97,36.53,117.8,117,10.01,133.7,78,6.02,11.8,2,3.19,2,False,478.2,294,55.75,2.2154639175257733,1.0068376068376068,1.714102564102564,5.9,0.4493935591802593,0.24634044332915098,0.2795901296528649,0.024675867837724803,False,False,False,False,0.1699860400186133,0.08497453310696094,0.04502617801047121,0.2703389830508474,False,True,False,True
137,2,0,0,0,110.5,79,18.79,223.2,111,18.97,169.5,64,7.63,10.5,3,2.84,3,False,513.7,257,48.230000000000004,1.3987341772151898,2.0108108108108107,2.6484375,3.5,0.2151060930504185,0.43449484134708966,0.329959120109013,0.020439945493478683,False,False,False,False,0.17004524886877828,0.0849910394265233,0.045014749262536874,0.2704761904761905,False,True,False,True
69,2,1,1,33,271.5,98,46.16,253.4,102,21.54,165.4,85,7.44,8.2,2,2.21,1,True,698.5,287,77.34999999999998,2.770408163265306,2.484313725490196,1.9458823529411766,4.1,0.38869005010737295,0.36277738010021476,0.23679312813171083,0.011739441660701502,False,False,False,False,0.17001841620626149,0.08500394632991318,0.04498186215235792,0.26951219512195124,True,False,False,True
45,0,0,0,0,112.8,108,19.18,218.8,120,18.6,240.2,106,10.81,9.0,3,2.43,2,False,580.8,337,51.02,1.0444444444444445,1.8233333333333335,2.2660377358490567,3.0,0.19421487603305787,0.3767217630853995,0.41356749311294766,0.015495867768595042,False,False,False,False,0.1700354609929078,0.0850091407678245,0.04500416319733556,0.27,False,True,False,True
73,0,0,0,0,187.3,118,31.84,239.7,90,20.37,167.5,108,7.54,15.1,2,4.08,1,False,609.6,318,63.83,1.5872881355932205,2.663333333333333,1.5509259259259258,7.55,0.30725065616797903,0.3932086614173228,0.27477034120734906,0.02477034120734908,False,False,False,False,0.16999466097170313,0.08498122653316646,0.045014925373134326,0.27019867549668874,False,True,False,True
92,1,0,0,0,197.0,84,33.49,269.3,105,22.89,158.9,105,7.15,10.8,4,2.92,1,False,636.0,298,66.45,2.3452380952380953,2.564761904761905,1.5133333333333334,2.7,0.30974842767295596,0.4234276729559749,0.24984276729559748,0.016981132075471698,False,False,False,False,0.17,0.0849981433345711,0.04499685336689742,0.27037037037037037,False,True,False,True
113,1,0,1,32,180.4,89,30.67,129.4,124,11.0,166.9,124,7.51,8.4,2,2.27,1,False,485.1,339,51.45,2.0269662921348317,1.0435483870967743,1.3459677419354839,4.2,0.37188208616780044,0.266749123891981,0.3440527726242012,0.017316017316017316,False,False,False,False,0.1700110864745011,0.08500772797527048,0.04499700419412822,0.2702380952380952,True,False,False,True
135,1,0,1,22,197.1,113,33.51,259.4,95,22.05,134.7,135,6.06,14.6,5,3.94,2,False,605.8000000000001,348,65.56,1.7442477876106195,2.7305263157894735,0.9977777777777777,2.92,0.32535490260812144,0.4281941234730933,0.22235061076262788,0.024100363156157146,False,False,False,False,0.1700152207001522,0.08500385505011566,0.04498886414253898,0.26986301369863014,True,False,False,True
100,1,0,1,26,153.7,115,26.13,137.8,146,11.71,213.5,104,9.61,15.9,5,4.29,1,False,520.9,370,51.74,1.3365217391304347,0.9438356164383562,2.0528846153846154,3.18,0.2950662315223651,0.2645421386062584,0.40986753695526973,0.030524092916106742,False,False,False,False,0.17000650618087185,0.08497822931785196,0.045011709601873534,0.269811320754717,True,False,False,True
96,1,0,1,27,261.3,96,44.42,220.9,101,18.78,179.4,97,8.07,11.3,2,3.05,1,False,672.9,296,74.32000000000001,2.7218750000000003,2.1871287128712873,1.8494845360824743,5.65,0.3883192153366028,0.3282805766087086,0.26660722246990637,0.01679298558478229,False,False,False,False,0.1699961729812476,0.0850158442734269,0.04498327759197324,0.26991150442477874,True,False,False,True
108,2,0,0,0,246.2,102,41.85,202.4,134,17.2,180.1,95,8.1,9.4,5,2.54,1,False,638.1,336,69.69,2.4137254901960783,1.51044776119403,1.8957894736842105,1.8800000000000001,0.3858329415452123,0.31719166274878546,0.28224416235699734,0.014731233349004858,False,False,False,False,0.16998375304630384,0.08498023715415019,0.044975013881177126,0.2702127659574468,False,True,False,True
84,2,0,0,0,191.0,88,32.47,318.8,119,27.1,247.3,79,11.13,6.5,4,1.76,0,False,763.6,290,72.46000000000001,2.1704545454545454,2.6789915966386557,3.1303797468354433,1.625,0.250130958617077,0.4174960712414877,0.32386066003143005,0.008512310110005238,False,False,False,False,0.16999999999999998,0.08500627352572146,0.04500606550748079,0.27076923076923076,False,True,False,True
134,0,0,0,0,208.3,86,35.41,253.6,89,21.56,291.0,86,13.1,12.6,3,3.4,1,False,765.5,264,73.47,2.422093023255814,2.849438202247191,3.383720930232558,4.2,0.27210973220117574,0.3312867406923579,0.380143696930111,0.016459830176355324,False,False,False,False,0.1699951992318771,0.08501577287066246,0.04501718213058419,0.2698412698412698,False,True,False,True
72,1,0,0,0,253.0,73,43.01,219.3,78,18.64,210.8,89,9.49,9.8,4,2.65,0,False,692.9,244,73.79,3.4657534246575343,2.8115384615384618,2.3685393258426966,2.45,0.3651320536874008,0.3164958868523597,0.3042286044162217,0.014143455044017898,False,False,False,False,0.16999999999999998,0.08499772001823985,0.04501897533206831,0.2704081632653061,False,True,False,True
83,0,0,0,0,202.3,87,34.39,201.5,111,17.13,101.7,82,4.58,6.8,4,1.84,0,False,512.3,284,57.94,2.325287356321839,1.8153153153153154,1.2402439024390244,1.7,0.3948858090962327,0.39332422408744877,0.1985164942416553,0.013273472574663284,False,False,False,False,0.16999505684626792,0.08501240694789082,0.04503441494591937,0.2705882352941177,False,True,False,True
137,0,0,0,0,174.4,120,29.65,156.3,98,13.29,136.5,121,6.14,10.2,5,2.75,0,False,477.40000000000003,344,51.83,1.4533333333333334,1.5948979591836736,1.128099173553719,2.04,0.3653121072475911,0.32739840804356934,0.2859237536656891,0.021365731043150395,False,False,False,False,0.17001146788990823,0.08502879078694817,0.04498168498168498,0.26960784313725494,False,True,False,True
56,1,0,1,30,127.1,89,21.61,172.1,116,14.63,194.6,111,8.76,12.1,3,3.27,1,False,505.9,319,48.27,1.4280898876404493,1.4836206896551725,1.753153153153153,4.033333333333333,0.2512354220201621,0.34018580747183236,0.3846610001976675,0.02391777031033801,False,False,False,False,0.17002360346184106,0.08500871586287043,0.04501541623843782,0.2702479338842975,True,False,False,True
61,2,1,1,16,143.5,76,24.4,242.6,58,20.62,147.7,95,6.65,11.3,3,3.05,0,False,545.0999999999999,232,54.71999999999999,1.888157894736842,4.182758620689655,1.554736842105263,3.766666666666667,0.26325444872500464,0.4450559530361402,0.2709594569803706,0.020730141258484686,False,False,False,False,0.1700348432055749,0.08499587798845837,0.04502369668246446,0.26991150442477874,True,False,False,True
171,2,0,1,17,186.9,94,31.77,240.0,138,20.4,200.9,64,9.04,5.8,3,1.57,1,False,633.5999999999999,299,62.78,1.9882978723404257,1.7391304347826086,3.1390625,1.9333333333333333,0.29498106060606066,0.37878787878787884,0.3170770202020203,0.009154040404040406,False,False,False,False,0.169983948635634,0.08499999999999999,0.044997511199601783,0.27068965517241383,True,False,False,True
58,2,0,0,0,234.8,89,39.92,106.8,131,9.08,178.5,122,8.03,9.9,6,2.67,0,False,530.0,348,59.7,2.6382022471910114,0.815267175572519,1.4631147540983607,1.6500000000000001,0.4430188679245283,0.20150943396226415,0.33679245283018866,0.01867924528301887,False,False,False,False,0.17001703577512778,0.0850187265917603,0.0449859943977591,0.26969696969696966,False,True,False,True
156,2,0,0,0,123.7,96,21.03,103.0,80,8.76,189.4,82,8.52,13.1,4,3.54,1,False,429.20000000000005,262,41.85,1.2885416666666667,1.2875,2.309756097560976,3.275,0.28821062441752093,0.23998136067101583,0.4412861136999068,0.03052190121155638,False,False,False,False,0.17000808407437348,0.08504854368932038,0.044984160506863775,0.2702290076335878,False,True,False,True
166,2,0,0,0,173.9,103,29.56,276.4,83,23.49,190.8,113,8.59,15.3,5,4.13,0,False,656.3999999999999,304,65.77,1.688349514563107,3.3301204819277106,1.688495575221239,3.06,0.26492992078001226,0.42108470444850704,0.29067641681901285,0.023308957952468012,False,False,False,False,0.16998274870615296,0.08498552821997106,0.045020964360587,0.2699346405228758,False,True,False,True
75,1,0,0,0,314.6,102,53.48,169.8,86,14.43,285.1,100,12.83,5.7,3,1.54,2,True,775.2,291,82.28,3.0843137254901962,1.974418604651163,2.8510000000000004,1.9000000000000001,0.4058307533539732,0.21904024767801858,0.36777605779153766,0.007352941176470588,False,False,False,False,0.16999364272091544,0.08498233215547703,0.0450017537706068,0.27017543859649124,False,True,False,True
83,2,0,0,0,227.9,78,38.74,207.5,115,17.64,211.7,100,9.53,12.1,5,3.27,1,False,659.1999999999999,298,69.17999999999999,2.921794871794872,1.8043478260869565,2.117,2.42,0.3457220873786408,0.3147754854368932,0.32114684466019416,0.018355582524271847,False,False,False,False,0.16998683633172446,0.08501204819277108,0.045016532829475674,0.2702479338842975,False,True,False,True
243,2,0,0,0,95.5,92,16.24,163.7,63,13.91,264.2,118,11.89,6.6,6,1.78,2,False,530.0,279,43.82,1.0380434782608696,2.598412698412698,2.2389830508474575,1.0999999999999999,0.180188679245283,0.30886792452830186,0.49849056603773584,0.012452830188679244,False,False,False,False,0.1700523560209424,0.08497251069028712,0.04500378501135504,0.2696969696969697,False,True,False,True
150,1,0,0,0,146.3,133,24.87,202.7,95,17.23,234.7,103,10.56,13.1,3,3.54,1,False,596.8000000000001,334,56.2,1.1,2.1336842105263156,2.278640776699029,4.366666666666666,0.24514075067024127,0.3396447721179624,0.39326407506702404,0.021950402144772115,False,False,False,False,0.16999316473000683,0.085002466699556,0.04499360886237751,0.2702290076335878,False,True,False,True
92,2,0,1,16,184.0,99,31.28,76.4,134,6.49,185.1,96,8.33,12.7,3,3.43,2,False,458.2,332,49.53,1.8585858585858586,0.5701492537313433,1.9281249999999999,4.233333333333333,0.4015713662156264,0.1667394151025753,0.4039720646006111,0.027717154081187252,False,False,False,False,0.17,0.08494764397905759,0.04500270124257159,0.27007874015748035,True,False,False,True
80,1,0,0,0,105.8,110,17.99,43.9,88,3.73,189.6,87,8.53,13.1,5,3.54,0,False,352.4,290,33.79,0.9618181818181818,0.49886363636363634,2.179310344827586,2.62,0.30022701475595914,0.12457434733257662,0.5380249716231555,0.03717366628830874,False,False,False,False,0.17003780718336484,0.08496583143507973,0.044989451476793244,0.2702290076335878,False,True,False,True
134,1,0,0,0,178.0,110,30.26,153.8,64,13.07,236.6,105,10.65,11.7,4,3.16,1,False,580.1,283,57.14,1.6181818181818182,2.403125,2.2533333333333334,2.925,0.30684364764695743,0.2651267022927082,0.4078607136700569,0.020168936390277538,False,False,False,False,0.17,0.08498049414824446,0.045012679628064246,0.2700854700854701,False,True,False,True
77,2,0,1,24,149.4,74,25.4,123.9,72,10.53,174.3,84,7.84,10.1,6,2.73,1,False,457.70000000000005,236,46.49999999999999,2.018918918918919,1.7208333333333334,2.075,1.6833333333333333,0.3264146821061831,0.27070133275071007,0.38081712912388027,0.022066856019226564,False,False,False,False,0.17001338688085674,0.08498789346246972,0.044979919678714855,0.2702970297029703,True,False,False,True
147,2,0,0,0,209.4,104,35.6,132.5,78,11.26,149.4,123,6.72,11.3,3,3.05,2,False,502.59999999999997,308,56.629999999999995,2.0134615384615384,1.6987179487179487,1.2146341463414634,3.766666666666667,0.4166335057699961,0.2636291285316355,0.29725427775567054,0.022483087942697974,False,False,False,False,0.17000955109837632,0.0849811320754717,0.044979919678714855,0.26991150442477874,False,True,False,True
74,1,0,0,0,172.1,105,29.26,211.7,99,17.99,182.2,105,8.2,11.6,6,3.13,1,False,577.6,315,58.580000000000005,1.639047619047619,2.138383838383838,1.735238095238095,1.9333333333333333,0.29795706371191133,0.36651662049861494,0.31544321329639885,0.02008310249307479,False,False,False,False,0.17001743172574085,0.08497874350495985,0.04500548847420417,0.26982758620689656,False,True,False,True
138,2,1,0,0,169.3,82,28.78,217.9,147,18.52,184.2,77,8.29,9.4,9,2.54,1,False,580.8000000000001,315,58.129999999999995,2.0646341463414637,1.482312925170068,2.3922077922077922,1.0444444444444445,0.2914944903581267,0.3751721763085399,0.3171487603305785,0.016184573002754818,False,False,False,True,0.16999409332545776,0.08499311610830655,0.04500542888165038,0.2702127659574468,False,True,False,True
64,1,0,0,0,194.2,147,33.01,173.4,87,14.74,268.7,114,12.09,5.5,2,1.49,2,False,641.8,350,61.330000000000005,1.3210884353741497,1.993103448275862,2.3570175438596492,2.75,0.30258647553755064,0.27017762542848245,0.41866625116858835,0.008569647865378623,False,False,False,False,0.1699794026776519,0.08500576701268743,0.044994417566058806,0.27090909090909093,False,True,False,True
120,2,0,0,0,198.8,56,33.8,230.1,73,19.56,119.8,81,5.39,9.9,3,2.67,2,False,558.5999999999999,213,61.42,3.5500000000000003,3.1520547945205477,1.4790123456790123,3.3000000000000003,0.35588972431077703,0.4119226638023631,0.21446473326172577,0.017722878625134268,False,False,False,False,0.17002012072434605,0.08500651890482398,0.04499165275459098,0.26969696969696966,False,True,False,True
121,0,1,0,0,167.7,94,28.51,93.7,121,7.96,241.3,115,10.86,13.4,1,3.62,3,True,516.1,331,50.949999999999996,1.7840425531914892,0.7743801652892562,2.0982608695652174,13.4,0.3249370277078085,0.18155396241038557,0.46754504940902925,0.025963960472776593,False,False,False,True,0.17000596302921886,0.08495197438633938,0.045006216328222125,0.2701492537313433,False,True,False,True
88,1,0,0,0,202.2,86,34.37,216.8,93,18.43,239.4,99,10.77,11.8,2,3.19,2,False,670.1999999999999,280,66.75999999999999,2.3511627906976744,2.331182795698925,2.4181818181818184,5.9,0.3017009847806625,0.32348552670844527,0.3572068039391227,0.017606684571769622,False,False,False,False,0.16998021760633036,0.08500922509225092,0.044987468671679194,0.2703389830508474,False,True,False,True
104,1,0,0,0,76.4,116,12.99,115.6,74,9.83,226.3,94,10.18,9.4,3,2.54,3,False,427.7,287,35.54,0.6586206896551725,1.5621621621621622,2.4074468085106386,3.1333333333333333,0.17862988075754035,0.2702829085807809,0.5291091886836569,0.02197802197802198,False,False,False,False,0.1700261780104712,0.08503460207612457,0.04498453380468404,0.2702127659574468,False,True,False,True
27,2,0,0,0,72.7,75,12.36,208.6,117,17.73,65.8,71,2.96,9.9,3,2.67,1,False,357.0,266,35.72,0.9693333333333334,1.7829059829059828,0.9267605633802817,3.3000000000000003,0.20364145658263305,0.5843137254901961,0.18431372549019606,0.027731092436974792,False,False,False,False,0.17001375515818432,0.08499520613614574,0.044984802431610946,0.26969696969696966,False,True,True,False
81,1,0,1,31,210.4,100,35.77,225.5,97,19.17,168.7,120,7.59,9.7,4,2.62,0,False,614.3,321,65.15,2.104,2.3247422680412373,1.4058333333333333,2.425,0.3425036627055185,0.36708448640729285,0.27462152042975746,0.015790330457431223,False,False,False,False,0.17000950570342208,0.08501108647450112,0.044991108476585655,0.2701030927835052,True,False,False,True
64,2,1,1,33,127.2,93,21.62,162.9,104,13.85,247.4,109,11.13,8.1,13,2.19,0,False,545.6,319,48.79,1.367741935483871,1.5663461538461538,2.2697247706422017,0.6230769230769231,0.23313782991202345,0.29857038123167157,0.4534457478005865,0.014846041055718474,False,False,False,False,0.16996855345911951,0.08502148557397175,0.04498787388843978,0.27037037037037037,True,False,False,True
107,2,0,1,28,201.8,79,34.31,304.9,128,25.92,225.6,133,10.15,11.9,8,3.21,1,False,744.1999999999999,348,73.59,2.5544303797468357,2.38203125,1.6962406015037594,1.4875,0.27116366568126854,0.4097016930932545,0.3031443160440742,0.01599032518140285,False,False,False,False,0.17001982160555004,0.08501147917349952,0.044991134751773056,0.26974789915966385,True,False,False,True
88,1,0,1,17,219.5,78,37.32,222.1,94,18.88,188.3,92,8.47,16.1,5,4.35,1,False,646.0000000000001,269,69.02,2.8141025641025643,2.3627659574468085,2.0467391304347826,3.22,0.33978328173374606,0.3438080495356036,0.29148606811145505,0.024922600619195046,False,False,False,False,0.17002277904328017,0.085006753714543,0.04498141263940521,0.27018633540372666,True,False,False,True
111,0,0,0,0,99.3,112,16.88,270.5,136,22.99,225.3,94,10.14,9.0,6,2.43,3,False,604.1,348,52.44,0.8866071428571428,1.9889705882352942,2.396808510638298,1.5,0.16437675881476577,0.44777354742592285,0.37295149809634165,0.014898195662969706,False,False,False,False,0.16998992950654582,0.08499075785582255,0.045006657789613845,0.27,False,True,False,True
77,1,0,0,0,239.2,114,40.66,150.0,115,12.75,160.8,81,7.24,10.3,2,2.78,5,False,560.3,312,63.43,2.0982456140350876,1.3043478260869565,1.9851851851851854,5.15,0.4269141531322506,0.26771372479029093,0.2869891129751919,0.018383009102266645,True,False,True,False,0.16998327759197324,0.085,0.045024875621890545,0.2699029126213592,False,True,False,True
67,1,1,0,0,120.9,58,20.55,235.0,88,19.98,95.1,130,4.28,11.4,11,3.08,2,False,462.4,287,47.89,2.0844827586206898,2.6704545454545454,0.7315384615384615,1.0363636363636364,0.261461937716263,0.5082179930795848,0.20566608996539792,0.02465397923875433,False,False,False,True,0.16997518610421836,0.08502127659574468,0.04500525762355416,0.27017543859649124,False,True,False,True
102,0,0,0,0,224.7,81,38.2,129.4,112,11.0,167.6,109,7.54,15.8,6,4.27,1,False,537.5,308,61.010000000000005,2.774074074074074,1.155357142857143,1.5376146788990825,2.6333333333333333,0.41804651162790696,0.24074418604651163,0.3118139534883721,0.029395348837209304,False,False,False,False,0.17000445037828218,0.08500772797527048,0.044988066825775656,0.27025316455696197,False,True,False,True
146,0,0,1,19,176.6,88,30.02,162.7,66,13.83,215.5,98,9.7,14.6,6,3.94,1,False,569.4,258,57.489999999999995,2.006818181818182,2.465151515151515,2.1989795918367347,2.433333333333333,0.3101510361784334,0.2857393747804707,0.3784685634000703,0.02564102564102564,False,False,False,False,0.16998867497168743,0.08500307314074985,0.04501160092807424,0.26986301369863014,True,False,False,True
96,1,0,0,0,180.6,92,30.7,190.9,114,16.23,295.6,125,13.3,10.3,4,2.78,1,True,677.4,335,63.010000000000005,1.9630434782608694,1.674561403508772,2.3648000000000002,2.575,0.26660761736049604,0.28181281369943906,0.436374372601122,0.015205196338943018,False,False,False,False,0.1699889258028793,0.08501833420639078,0.04499323410013532,0.2699029126213592,False,True,False,True
149,0,0,0,0,237.6,79,40.39,192.4,107,16.35,207.4,111,9.33,9.1,9,2.46,0,False,646.5,306,68.53,3.007594936708861,1.7981308411214953,1.8684684684684685,1.011111111111111,0.36751740139211136,0.29760247486465585,0.3208043310131477,0.014075792730085072,False,False,False,False,0.1699915824915825,0.08497920997920999,0.04498553519768563,0.2703296703296703,False,True,False,True
129,1,0,0,0,198.4,91,33.73,264.7,106,22.5,111.4,101,5.01,9.2,2,2.48,2,False,583.7,300,63.71999999999999,2.1802197802197805,2.4971698113207546,1.102970297029703,4.6,0.3399006338872708,0.4534863799897207,0.19085146479355833,0.015761521329450058,False,False,False,False,0.17001008064516127,0.08500188893086513,0.044973070017953316,0.26956521739130435,False,True,False,True
166,0,0,0,0,274.3,110,46.63,52.9,109,4.5,246.1,119,11.07,10.9,5,2.94,0,False,584.1999999999999,343,65.14,2.4936363636363637,0.4853211009174312,2.068067226890756,2.18,0.469530982540226,0.09055118110236221,0.42125984251968507,0.01865799383772681,False,False,False,False,0.16999635435654392,0.08506616257088848,0.044981714750101584,0.2697247706422018,False,True,False,True
149,2,0,0,0,217.7,91,37.01,273.5,74,23.25,226.9,99,10.21,9.6,3,2.59,3,False,727.7,267,73.06,2.3923076923076922,3.695945945945946,2.291919191919192,3.1999999999999997,0.2991617424762951,0.3758416930053593,0.3118043149649581,0.013192249553387384,False,False,False,False,0.1700045934772623,0.0850091407678245,0.04499779638607316,0.26979166666666665,False,True,False,True
70,1,0,0,0,134.7,96,22.9,235.9,90,20.05,260.2,113,11.71,7.6,6,2.05,3,False,638.4,305,56.71,1.403125,2.6211111111111114,2.302654867256637,1.2666666666666666,0.21099624060150374,0.36951754385964913,0.4075814536340852,0.011904761904761904,False,False,False,False,0.17000742390497403,0.08499364137346334,0.04500384319754036,0.26973684210526316,False,True,False,True
66,2,0,0,0,256.3,135,43.57,180.2,106,15.32,187.3,135,8.43,6.2,7,1.67,2,False,630.0,383,68.99,1.8985185185185185,1.7,1.3874074074074074,0.8857142857142858,0.40682539682539687,0.286031746031746,0.29730158730158734,0.009841269841269842,False,False,False,False,0.16999609832227858,0.08501664816870146,0.04500800854244527,0.2693548387096774,False,True,False,True
160,1,0,0,0,176.2,90,29.95,196.0,115,16.66,263.9,95,11.88,9.2,4,2.48,1,False,645.3,304,60.97,1.9577777777777776,1.7043478260869565,2.777894736842105,2.3,0.27305129397179606,0.3037346970401364,0.40895707422904076,0.014256934759026809,False,False,False,False,0.1699772985244041,0.085,0.045017051913603646,0.26956521739130435,False,True,False,True
129,1,0,1,37,205.0,94,34.85,165.4,103,14.06,185.0,81,8.32,11.7,8,3.16,1,False,567.1,286,60.39,2.1808510638297873,1.6058252427184467,2.2839506172839505,1.4625,0.3614882736730735,0.29165931934403105,0.326221125022042,0.020631281960853464,False,False,False,False,0.17,0.08500604594921403,0.04497297297297297,0.2700854700854701,True,False,False,True
93,0,0,0,0,267.9,114,45.54,223.0,74,18.96,262.7,90,11.82,11.3,3,3.05,3,True,764.8999999999999,281,79.36999999999999,2.3499999999999996,3.0135135135135136,2.9188888888888886,3.766666666666667,0.35024186168126553,0.291541377957903,0.3434435873970454,0.01477317296378612,False,False,False,False,0.16998880179171333,0.08502242152466367,0.0449942900647126,0.26991150442477874,False,True,False,True
169,1,0,0,0,179.2,111,30.46,175.2,130,14.89,228.6,92,10.29,9.9,6,2.67,2,False,592.9,339,58.31,1.6144144144144144,1.3476923076923075,2.484782608695652,1.6500000000000001,0.3022432113341204,0.2954967110811267,0.38556248945859334,0.016697588126159554,False,False,False,False,0.1699776785714286,0.08498858447488586,0.04501312335958005,0.26969696969696966,False,True,False,True
58,1,0,0,0,149.4,145,25.4,196.5,105,16.7,209.5,108,9.43,14.9,3,4.02,1,False,570.3,361,55.55,1.030344827586207,1.8714285714285714,1.9398148148148149,4.966666666666667,0.26196738558653343,0.34455549710678596,0.36735051727161144,0.026126600035069263,False,False,False,False,0.17001338688085674,0.08498727735368956,0.04501193317422434,0.2697986577181208,False,True,False,True
45,0,0,0,0,207.6,71,35.29,152.7,94,12.98,217.8,125,9.8,12.4,13,3.35,1,False,590.4999999999999,303,61.419999999999995,2.923943661971831,1.6244680851063829,1.7424000000000002,0.9538461538461539,0.3515664690939882,0.2585944115156647,0.36883996613039804,0.0209991532599492,False,False,False,False,0.169990366088632,0.08500327439423708,0.04499540863177227,0.2701612903225806,False,True,False,True
155,2,0,0,0,165.4,108,28.12,183.7,103,15.61,80.2,108,3.61,8.9,4,2.4,3,False,438.2,323,49.74,1.5314814814814814,1.783495145631068,0.7425925925925926,2.225,0.3774532177088088,0.41921497033318117,0.18302145139205844,0.020310360565951622,False,False,False,False,0.17001209189842806,0.0849755035383778,0.04501246882793017,0.2696629213483146,False,True,False,True
52,1,0,0,0,209.8,114,35.67,171.3,82,14.56,154.6,119,6.96,9.9,9,2.67,4,False,545.6,324,59.86000000000001,1.8403508771929826,2.0890243902439027,1.2991596638655463,1.1,0.3845307917888563,0.31396627565982405,0.28335777126099704,0.018145161290322582,False,False,False,False,0.1700190657769304,0.08499708114419148,0.04501940491591203,0.26969696969696966,False,True,False,True
119,1,0,1,27,220.1,128,37.42,268.2,133,22.8,146.5,80,6.59,11.1,3,3.0,0,False,645.9,344,69.81,1.71953125,2.0165413533834586,1.83125,3.6999999999999997,0.34076482427620375,0.41523455643288437,0.2268152964855241,0.017185322805387832,False,False,False,False,0.17001363016810542,0.08501118568232663,0.04498293515358362,0.2702702702702703,True,False,False,True
86,2,0,0,0,141.3,72,24.02,154.3,95,13.12,210.6,91,9.48,8.2,5,2.21,1,False,514.4000000000001,263,48.830000000000005,1.9625000000000001,1.6242105263157895,2.314285714285714,1.64,0.27468895800933124,0.29996111975116635,0.4094090202177293,0.015940902021772934,False,False,False,False,0.16999292285916487,0.0850291639662994,0.045014245014245016,0.26951219512195124,False,True,False,True
42,0,0,0,0,196.5,89,33.41,241.3,123,20.51,143.2,105,6.44,4.0,7,1.08,0,False,585.0,324,61.44,2.207865168539326,1.961788617886179,1.3638095238095238,0.5714285714285714,0.33589743589743587,0.4124786324786325,0.24478632478632475,0.006837606837606838,False,False,False,False,0.17002544529262084,0.08499792789059263,0.04497206703910615,0.27,False,True,False,True
123,0,0,0,0,105.0,150,17.85,251.6,90,21.39,258.0,93,11.61,14.9,5,4.02,0,False,629.5,338,54.870000000000005,0.7,2.7955555555555556,2.774193548387097,2.98,0.16679904686258937,0.3996822875297855,0.40984908657664815,0.023669579030976967,False,False,False,False,0.17,0.08501589825119238,0.045,0.2697986577181208,False,True,False,True
98,2,0,0,0,271.4,119,46.14,190.4,102,16.18,284.7,118,12.81,11.1,6,3.0,4,True,757.6,345,78.13,2.280672268907563,1.8666666666666667,2.4127118644067798,1.8499999999999999,0.3582365364308342,0.25131995776135163,0.37579197465681097,0.014651531151003167,False,False,False,False,0.17000736919675757,0.08497899159663864,0.04499473129610116,0.2702702702702703,False,True,False,True
149,2,0,1,43,206.7,79,35.14,174.6,122,14.84,241.5,80,10.87,10.9,3,2.94,1,False,633.6999999999999,284,63.79,2.6164556962025314,1.4311475409836065,3.01875,3.6333333333333333,0.32617958024301724,0.2755246962284993,0.3810951554363264,0.017200568092157174,False,False,False,False,0.17000483792936624,0.0849942726231386,0.0450103519668737,0.2697247706422018,True,False,False,True
160,0,0,0,0,166.8,109,28.36,236.0,117,20.06,307.6,77,13.84,9.3,1,2.51,1,False,719.7,304,64.77000000000001,1.5302752293577984,2.017094017094017,3.994805194805195,9.3,0.23176323468111712,0.3279144087814367,0.4274003056829234,0.012922050854522717,False,False,False,False,0.1700239808153477,0.08499999999999999,0.04499349804941482,0.2698924731182795,False,True,False,True
103,1,0,0,0,204.9,107,34.83,135.2,102,11.49,208.2,106,9.37,10.4,3,2.81,5,False,558.6999999999999,318,58.5,1.9149532710280375,1.3254901960784313,1.9641509433962263,3.466666666666667,0.36674422767138004,0.2419903347055665,0.3726507964918561,0.018614641131197426,True,False,True,False,0.16998535871156661,0.08498520710059172,0.045004803073967335,0.2701923076923077,False,True,False,True
132,1,0,1,15,154.6,128,26.28,245.6,106,20.88,148.6,90,6.69,9.1,4,2.46,1,False,557.9,328,56.309999999999995,1.2078125,2.3169811320754716,1.651111111111111,2.275,0.2771105932962897,0.44022226205413156,0.2663559777737946,0.01631116687578419,False,False,False,False,0.16998706338939198,0.08501628664495114,0.04502018842530283,0.2703296703296703,True,False,False,True
137,1,0,0,0,127.0,107,21.59,323.2,75,27.47,143.9,127,6.48,7.5,2,2.03,1,False,601.6,311,57.57000000000001,1.1869158878504673,4.309333333333333,1.1330708661417324,3.75,0.21110372340425532,0.5372340425531914,0.23919547872340424,0.012466755319148936,False,False,False,False,0.17,0.08499381188118812,0.04503127171646977,0.27066666666666667,False,True,False,True
129,1,1,0,0,267.4,78,45.46,204.2,85,17.36,111.7,146,5.03,5.9,4,1.59,1,False,589.1999999999999,313,69.44,3.428205128205128,2.4023529411764706,0.7650684931506849,1.475,0.4538357094365241,0.346571622539036,0.18957909029192127,0.010013577732518672,False,False,False,True,0.17000747943156322,0.08501469147894221,0.0450313339301701,0.2694915254237288,False,True,False,True
62,1,0,0,0,281.0,66,47.77,160.6,108,13.65,77.9,74,3.51,0.0,0,0.0,1,False,519.5,248,64.93,4.257575757575758,1.487037037037037,1.0527027027027027,0.0,0.5409047160731473,0.3091434071222329,0.14995187680461983,0.0,False,False,False,False,0.17,0.08499377334993774,0.04505776636713735,0.0,False,True,False,True
32,0,0,0,0,171.2,82,29.1,185.6,102,15.78,203.3,64,9.15,10.2,7,2.75,1,False,570.3,255,56.78,2.0878048780487806,1.8196078431372549,3.1765625,1.457142857142857,0.30019288093985624,0.3254427494301245,0.3564790461160793,0.01788532351394003,False,False,False,False,0.1699766355140187,0.08502155172413793,0.04500737825873094,0.26960784313725494,False,True,False,True
86,2,0,0,0,124.1,82,21.1,202.6,120,17.22,289.6,119,13.03,6.7,8,1.81,3,False,623.0,329,53.160000000000004,1.5134146341463415,1.6883333333333332,2.4336134453781515,0.8375,0.19919743178170143,0.3252006420545746,0.4648475120385233,0.010754414125200642,False,False,False,False,0.17002417405318293,0.08499506416584403,0.044993093922651925,0.2701492537313433,False,True,False,True
130,1,0,0,0,162.8,113,27.68,290.3,111,24.68,114.9,140,5.17,7.2,3,1.94,1,False,575.2,367,59.47,1.44070796460177,2.6153153153153155,0.8207142857142857,2.4,0.28303198887343534,0.5046940194714882,0.19975660639777468,0.012517385257301807,False,False,False,False,0.17002457002457,0.08501550120564932,0.04499564838990426,0.26944444444444443,False,True,False,True
42,0,0,0,0,146.3,84,24.87,255.9,113,21.75,45.0,117,2.03,8.0,12,2.16,1,False,455.20000000000005,326,50.81,1.7416666666666667,2.2646017699115046,0.38461538461538464,0.6666666666666666,0.32139718804920914,0.5621704745166959,0.09885764499121265,0.017574692442882248,False,False,False,False,0.16999316473000683,0.08499413833528723,0.04511111111111111,0.27,False,True,False,True
73,1,0,0,0,254.8,85,43.32,143.4,80,12.19,153.9,102,6.93,15.0,7,4.05,2,False,567.1,274,66.49,2.9976470588235293,1.7925,1.5088235294117647,2.142857142857143,0.44930347381414215,0.2528654558278963,0.2713807088696879,0.026450361488273674,False,False,False,False,0.17001569858712715,0.08500697350069734,0.04502923976608187,0.26999999999999996,False,True,False,True
66,0,0,1,26,254.9,108,43.33,243.2,135,20.67,190.8,95,8.59,5.4,3,1.46,2,False,694.3000000000001,341,74.05,2.3601851851851854,1.8014814814814815,2.008421052631579,1.8,0.36713236353161455,0.350280858418551,0.2748091603053435,0.007777617744490854,False,False,False,False,0.1699882306786975,0.08499177631578948,0.045020964360587,0.27037037037037037,True,False,False,True
103,2,0,1,31,107.7,124,18.31,188.9,104,16.06,196.2,98,8.83,8.9,3,2.4,0,False,501.7,329,45.599999999999994,0.8685483870967742,1.8163461538461538,2.0020408163265304,2.966666666666667,0.21467012158660556,0.3765198325692645,0.39107036077337054,0.01773968507075942,False,False,False,False,0.17000928505106777,0.0850185283218634,0.04500509683995923,0.2696629213483146,True,False,False,True
128,0,0,0,0,158.8,75,27.0,264.8,91,22.51,270.0,77,12.15,7.6,7,2.05,1,False,701.2,250,63.71,2.1173333333333333,2.90989010989011,3.5064935064935066,1.0857142857142856,0.226468910439247,0.37763833428408444,0.3850541928123217,0.010838562464346833,False,False,False,False,0.17002518891687657,0.08500755287009064,0.045,0.26973684210526316,False,True,False,True
104,1,0,0,0,182.9,113,31.09,239.6,85,20.37,229.8,104,10.34,5.5,4,1.49,2,False,657.8,306,63.29,1.6185840707964603,2.8188235294117647,2.2096153846153848,1.375,0.27804803891760416,0.36424445120097293,0.34934630586804505,0.008361204013377928,False,False,False,False,0.16998359759431383,0.08501669449081804,0.04499564838990426,0.27090909090909093,False,True,False,True
103,1,0,0,0,198.5,112,33.75,42.5,90,3.61,179.2,124,8.06,12.4,5,3.35,0,False,432.59999999999997,331,48.77,1.7723214285714286,0.4722222222222222,1.4451612903225806,2.48,0.45885344429033753,0.09824318076745261,0.41423948220064727,0.028663892741562648,False,False,False,False,0.17002518891687657,0.08494117647058823,0.04497767857142858,0.2701612903225806,False,True,False,True
87,2,0,0,0,110.9,91,18.85,158.5,115,13.47,207.5,131,9.34,6.2,5,1.67,1,False,483.09999999999997,342,43.33,1.2186813186813188,1.3782608695652174,1.583969465648855,1.24,0.22955909749534262,0.32808942247981787,0.42951769819913066,0.012833781825708964,False,False,False,False,0.16997294860234446,0.08498422712933755,0.04501204819277108,0.2693548387096774,False,True,False,True
109,1,0,1,27,166.9,85,28.37,221.2,92,18.8,197.3,97,8.88,12.3,4,3.32,1,True,597.7,278,59.370000000000005,1.963529411764706,2.404347826086956,2.0340206185567014,3.075,0.2792370754559143,0.3700853270871674,0.3300987117282918,0.0205788857286264,False,False,False,False,0.16998202516476932,0.08499095840867993,0.04500760263558034,0.26991869918699185,True,False,False,True
97,2,0,0,0,120.8,96,20.54,169.8,101,14.43,194.1,63,8.73,11.9,3,3.21,4,True,496.6,263,46.910000000000004,1.2583333333333333,1.6811881188118813,3.0809523809523807,3.966666666666667,0.24325412807088198,0.3419250906161901,0.3908578332662102,0.02396294804671768,False,False,False,False,0.17003311258278145,0.08498233215547703,0.04497681607418857,0.26974789915966385,False,True,False,True
106,1,0,0,0,165.3,118,28.1,210.0,101,17.85,187.2,93,8.42,8.5,3,2.3,2,False,571.0,315,56.67,1.4008474576271188,2.0792079207920793,2.0129032258064514,2.8333333333333335,0.289492119089317,0.36777583187390545,0.32784588441331,0.0148861646234676,False,False,False,False,0.16999395039322443,0.085,0.04497863247863248,0.27058823529411763,False,True,False,True
125,1,0,0,0,126.7,113,21.54,155.5,131,13.22,206.2,112,9.28,14.4,7,3.89,2,False,502.79999999999995,363,47.93,1.1212389380530974,1.1870229007633588,1.8410714285714285,2.0571428571428574,0.251988862370724,0.3092680986475736,0.41010342084327767,0.028639618138424826,False,False,False,False,0.17000789265982635,0.08501607717041801,0.04500484966052376,0.2701388888888889,False,True,False,True
108,0,0,1,35,215.9,106,36.7,200.6,107,17.05,195.4,107,8.79,15.5,7,4.19,0,False,627.4,327,66.73,2.0367924528301886,1.874766355140187,1.8261682242990656,2.2142857142857144,0.3441185846350016,0.3197322282435448,0.3114440548294549,0.024705132291998725,False,False,False,False,0.16998610467809172,0.0849950149551346,0.04498464687819856,0.2703225806451613,True,False,False,True
125,1,0,0,0,140.1,132,23.82,209.6,126,17.82,264.1,77,11.88,8.0,2,2.16,1,False,621.8,337,55.68000000000001,1.0613636363636363,1.6634920634920634,3.42987012987013,4.0,0.22531360566098424,0.33708587970408493,0.42473464136378264,0.01286587327114828,False,False,False,False,0.17002141327623127,0.08501908396946566,0.04498296099962135,0.27,False,True,False,True
72,2,1,1,29,139.8,114,23.77,138.2,91,11.75,221.0,88,9.95,5.5,6,1.49,0,False,504.5,299,46.96,1.2263157894736842,1.5186813186813186,2.5113636363636362,0.9166666666666666,0.27710604558969276,0.2739345887016848,0.4380574826560951,0.010901883052527254,False,False,False,False,0.1700286123032904,0.08502170767004343,0.04502262443438914,0.27090909090909093,True,False,False,True
23,2,0,0,0,321.6,107,54.67,251.6,115,21.39,141.1,158,6.35,11.3,3,3.05,2,True,725.6,383,85.46,3.005607476635514,2.187826086956522,0.8930379746835443,3.766666666666667,0.4432194046306505,0.346747519294377,0.19445975744211685,0.015573318632855567,False,False,False,False,0.16999378109452737,0.08501589825119238,0.04500354358610914,0.26991150442477874,False,True,True,False
149,2,0,0,0,166.6,61,28.32,218.8,107,18.6,208.3,131,9.37,8.2,6,2.21,7,False,601.9000000000001,305,58.5,2.7311475409836063,2.0448598130841122,1.5900763358778627,1.3666666666666665,0.27679016447914934,0.363515534141884,0.3460707758763914,0.013623525502575175,True,False,False,False,0.16998799519807925,0.0850091407678245,0.04498319731156984,0.26951219512195124,False,True,False,True
73,1,0,0,0,214.2,90,36.41,196.8,78,16.73,157.9,112,7.11,5.9,8,1.59,0,False,574.8,288,61.84,2.38,2.5230769230769234,1.4098214285714286,0.7375,0.37265135699373697,0.3423799582463466,0.2747042449547669,0.010264439805149619,False,False,False,False,0.1699813258636788,0.08501016260162601,0.045028499050031666,0.2694915254237288,False,True,False,True
61,1,0,0,0,260.0,123,44.2,210.5,127,17.89,234.7,70,10.56,9.0,3,2.43,1,True,714.2,323,75.08000000000001,2.113821138211382,1.6574803149606299,3.3528571428571428,3.0,0.364043685242229,0.2947353682441893,0.3286194343321198,0.012601512181461775,False,False,False,False,0.17,0.08498812351543943,0.04499360886237751,0.27,False,True,False,True
161,1,0,0,0,191.9,113,32.62,70.9,87,6.03,204.8,107,9.22,13.4,4,3.62,4,True,481.0,311,51.489999999999995,1.6982300884955752,0.8149425287356322,1.9140186915887851,3.35,0.39896049896049895,0.1474012474012474,0.4257796257796258,0.02785862785862786,False,False,False,False,0.16998436685773838,0.085049365303244,0.04501953125,0.2701492537313433,False,True,False,True
118,1,0,1,24,118.1,83,20.08,109.6,72,9.32,245.5,73,11.05,16.9,2,4.56,1,False,490.09999999999997,230,45.010000000000005,1.42289156626506,1.5222222222222221,3.363013698630137,8.45,0.24097123036115078,0.22362783105488676,0.5009181799632728,0.034482758620689655,False,False,False,False,0.17002540220152412,0.08503649635036498,0.045010183299389,0.2698224852071006,True,False,False,True
23,0,0,0,0,190.2,89,32.33,166.4,108,14.14,219.8,73,9.89,15.0,4,4.05,6,False,591.4000000000001,274,60.41,2.137078651685393,1.5407407407407407,3.010958904109589,3.75,0.32160973960094685,0.28136624957727424,0.371660466689212,0.025363544132566786,True,False,True,False,0.1699789695057834,0.08497596153846154,0.04499545040946315,0.26999999999999996,False,True,True,False
127,1,0,1,25,82.2,95,13.97,163.3,109,13.88,264.9,104,11.92,5.1,6,1.38,0,False,515.5,314,41.150000000000006,0.8652631578947368,1.498165137614679,2.5471153846153842,0.85,0.1594568380213385,0.31677982541222116,0.5138700290979631,0.009893307468477205,False,False,False,False,0.16995133819951339,0.08499693815064299,0.04499811249528124,0.27058823529411763,True,False,False,True
42,1,0,1,32,163.8,80,27.85,177.8,123,15.11,190.4,106,8.57,8.1,5,2.19,0,False,540.1,314,53.72,2.0475000000000003,1.4455284552845529,1.7962264150943397,1.6199999999999999,0.30327717089427886,0.32919829661173855,0.35252730975745233,0.01499722273653027,False,False,False,False,0.17002442002442003,0.08498312710911135,0.04501050420168067,0.27037037037037037,True,False,False,True
118,1,0,0,0,267.8,145,45.53,316.4,121,26.89,208.6,91,9.39,14.4,11,3.89,5,True,807.2,368,85.7,1.846896551724138,2.614876033057851,2.292307692307692,1.309090909090909,0.3317641228939544,0.3919722497522299,0.258424182358771,0.017839444995044598,True,False,True,False,0.17001493651979088,0.08498735777496841,0.045014381591562805,0.2701388888888889,False,True,False,True
45,2,0,0,0,159.8,91,27.17,120.4,86,10.23,163.0,93,7.34,10.6,3,2.86,2,False,453.80000000000007,273,47.60000000000001,1.7560439560439562,1.4000000000000001,1.7526881720430108,3.533333333333333,0.3521375055090348,0.2653151167915381,0.35918907007492284,0.023358307624504183,False,False,False,False,0.1700250312891114,0.08496677740863787,0.04503067484662577,0.269811320754717,False,True,False,True
50,0,0,1,24,214.3,129,36.43,289.8,55,24.63,312.5,130,14.06,10.6,4,2.86,1,False,827.2,318,77.98,1.6612403100775195,5.2690909090909095,2.4038461538461537,2.65,0.2590667311411992,0.3503384912959381,0.3777804642166344,0.01281431334622824,False,False,False,False,0.1699953336444237,0.08498964803312628,0.044992000000000004,0.269811320754717,True,False,False,True
179,2,0,0,0,287.3,123,48.84,288.0,114,24.48,266.0,112,11.97,10.5,4,2.84,0,True,851.8,353,88.13000000000001,2.3357723577235774,2.526315789473684,2.375,2.625,0.3372857478281287,0.3381075369805119,0.3122798779056117,0.012326837285747828,False,False,False,False,0.16999651931778628,0.085,0.045000000000000005,0.2704761904761905,False,True,False,True
152,0,0,0,0,101.2,122,17.2,141.6,87,12.04,198.5,124,8.93,7.5,3,2.03,2,False,448.8,336,40.2,0.8295081967213115,1.6275862068965516,1.6008064516129032,2.5,0.22549019607843138,0.3155080213903743,0.4422905525846702,0.016711229946524065,False,False,False,False,0.16996047430830039,0.08502824858757062,0.04498740554156171,0.27066666666666667,False,True,False,True
105,1,0,0,0,102.8,74,17.48,281.7,125,23.94,228.1,113,10.26,13.2,5,3.56,2,False,625.8000000000001,317,55.24,1.3891891891891892,2.2536,2.01858407079646,2.6399999999999997,0.16426973473953338,0.4501438159156279,0.3644934483860658,0.021093000958772767,False,False,False,False,0.17003891050583658,0.08498402555910543,0.04498027181060938,0.2696969696969697,False,True,False,True
72,1,0,0,0,109.1,97,18.55,115.7,96,9.83,295.8,84,13.31,8.3,6,2.24,0,False,528.9,283,43.93000000000001,1.1247422680412371,1.2052083333333334,3.5214285714285714,1.3833333333333335,0.20627717905086027,0.21875590848931747,0.5592739648326717,0.01569294762715069,False,False,False,False,0.1700274977085243,0.08496110630942091,0.04499661933739013,0.26987951807228916,False,True,False,True
52,0,0,0,0,215.9,67,36.7,217.0,108,18.45,342.8,130,15.43,5.2,2,1.4,1,False,780.9000000000001,307,71.98000000000002,3.2223880597014927,2.009259259259259,2.636923076923077,2.6,0.27647586118581124,0.2778844922525291,0.438980663337175,0.006658983224484568,False,False,False,False,0.16998610467809172,0.08502304147465438,0.045011668611435234,0.2692307692307692,False,True,False,True
125,1,0,0,0,203.4,110,34.58,128.7,97,10.94,190.5,113,8.57,11.0,4,2.97,1,False,533.6,324,57.059999999999995,1.8490909090909091,1.3268041237113402,1.6858407079646018,2.75,0.38118440779610197,0.24119190404797597,0.35700899550224885,0.02061469265367316,False,False,False,False,0.17000983284169124,0.085003885003885,0.04498687664041995,0.27,False,True,False,True
143,2,0,0,0,110.1,113,18.72,169.0,59,14.37,166.7,94,7.5,9.2,2,2.48,1,False,455.0,268,43.06999999999999,0.9743362831858406,2.864406779661017,1.773404255319149,4.6,0.24197802197802196,0.37142857142857144,0.36637362637362636,0.020219780219780218,False,False,False,False,0.17002724795640325,0.08502958579881656,0.04499100179964007,0.26956521739130435,False,True,False,True
65,1,0,0,0,111.0,51,18.87,219.8,84,18.68,202.0,89,9.09,4.4,14,1.19,1,False,537.1999999999999,238,47.83,2.176470588235294,2.6166666666666667,2.269662921348315,0.31428571428571433,0.2066269545793001,0.4091586001489204,0.37602382725242,0.008190618019359644,False,False,False,False,0.17,0.08498635122838943,0.045,0.27045454545454545,False,True,False,True
80,1,0,0,0,239.9,121,40.78,142.3,51,12.1,364.3,106,16.39,9.3,5,2.51,1,False,755.8,283,71.78000000000002,1.9826446280991736,2.790196078431373,3.436792452830189,1.86,0.3174120137602541,0.1882773220428685,0.48200582164593814,0.012304842550939403,False,False,False,False,0.16998749478949562,0.08503162333099086,0.04499039253362613,0.2698924731182795,False,True,False,True
43,1,0,0,0,84.2,134,14.31,80.8,103,6.87,196.1,79,8.82,10.8,2,2.92,1,False,371.90000000000003,318,32.92,0.6283582089552239,0.7844660194174757,2.482278481012658,5.4,0.22640494756655014,0.21726270502823336,0.5272922828717397,0.02904006453347674,False,False,False,False,0.16995249406175772,0.08502475247524753,0.044977052524222336,0.27037037037037037,False,True,False,True
143,1,0,0,0,209.1,127,35.55,106.1,80,9.02,179.6,90,8.08,14.0,6,3.78,0,False,508.79999999999995,303,56.42999999999999,1.6464566929133857,1.32625,1.9955555555555555,2.3333333333333335,0.41096698113207547,0.20852987421383648,0.3529874213836478,0.027515723270440252,False,False,False,False,0.17001434720229555,0.08501413760603205,0.04498886414253898,0.26999999999999996,False,True,False,True
81,1,0,1,24,130.1,117,22.12,196.0,61,16.66,139.3,123,6.27,11.4,5,3.08,0,False,476.8,306,48.129999999999995,1.111965811965812,3.2131147540983607,1.132520325203252,2.2800000000000002,0.27286073825503354,0.4110738255033557,0.2921560402684564,0.023909395973154363,False,False,False,False,0.17002305918524213,0.085,0.04501076812634601,0.27017543859649124,True,False,False,True
205,2,0,1,24,175.8,139,29.89,155.0,98,13.18,180.7,64,8.13,7.8,5,2.11,2,False,519.3,306,53.31,1.264748201438849,1.5816326530612246,2.8234375,1.56,0.33853264009243217,0.2984787213556711,0.34796841902561143,0.015020219526285385,False,False,False,False,0.17002275312855517,0.08503225806451613,0.04499169894853349,0.2705128205128205,True,False,False,True
24,1,0,0,0,241.9,104,41.12,145.2,112,12.34,214.5,105,9.65,6.6,5,1.78,1,False,608.2,326,64.88999999999999,2.3259615384615384,1.2964285714285713,2.0428571428571427,1.3199999999999998,0.3977310095363367,0.2387372574810917,0.3526800394607037,0.010851693521867805,False,False,False,False,0.16998759818106654,0.0849862258953168,0.04498834498834499,0.2696969696969697,False,True,True,False
74,1,0,0,0,136.7,106,23.24,228.6,105,19.43,265.3,114,11.94,9.8,4,2.65,0,False,640.3999999999999,329,57.26,1.2896226415094338,2.177142857142857,2.3271929824561406,2.45,0.21346033728919428,0.35696439725171775,0.41427232979387896,0.015302935665209249,False,False,False,False,0.1700073152889539,0.08499562554680665,0.04500565397663023,0.2704081632653061,False,True,False,True
74,1,0,0,0,200.4,87,34.07,309.2,105,26.28,152.1,118,6.84,10.0,2,2.7,1,False,671.7,312,69.89,2.303448275862069,2.9447619047619047,1.2889830508474576,5.0,0.29834747655203214,0.46032454965014136,0.22644037516748547,0.014887598630340925,False,False,False,False,0.17000998003992016,0.08499353169469599,0.04497041420118343,0.27,False,True,False,True
74,2,1,0,0,125.8,103,21.39,207.7,96,17.65,207.4,143,9.33,14.1,4,3.81,1,True,555.0,346,52.18,1.221359223300971,2.1635416666666667,1.4503496503496505,3.525,0.22666666666666666,0.3742342342342342,0.3736936936936937,0.025405405405405406,False,False,False,True,0.17003179650238476,0.08497833413577274,0.04498553519768563,0.2702127659574468,False,True,False,True
200,0,0,0,0,128.2,87,21.79,133.2,105,11.32,177.6,123,7.99,11.2,2,3.02,1,False,450.2,317,44.120000000000005,1.4735632183908045,1.2685714285714285,1.4439024390243902,5.6,0.28476232785428696,0.29586850288760547,0.394491337183474,0.024877832074633496,False,False,False,False,0.1699687987519501,0.084984984984985,0.044988738738738744,0.2696428571428572,False,True,False,True
86,0,0,0,0,226.3,88,38.47,223.0,107,18.96,255.6,92,11.5,13.0,3,3.51,4,False,717.9,290,72.44000000000001,2.5715909090909093,2.0841121495327104,2.778260869565217,4.333333333333333,0.31522496169382924,0.31062822120072436,0.3560384454659423,0.01810837163950411,False,False,False,False,0.16999558108705257,0.08502242152466367,0.04499217527386542,0.26999999999999996,False,True,False,True
91,2,0,1,37,162.3,107,27.59,233.9,115,19.88,277.4,94,12.48,9.2,4,2.48,0,False,682.8000000000001,320,62.43,1.5168224299065423,2.033913043478261,2.9510638297872336,2.3,0.23769771528998243,0.3425600468658465,0.40626830697129457,0.01347393087287639,False,False,False,False,0.16999383857054837,0.08499358700299273,0.04498918529199712,0.26956521739130435,True,False,False,True
130,1,0,0,0,120.5,127,20.49,189.7,52,16.12,270.1,107,12.15,14.3,2,3.86,1,False,594.5999999999999,288,52.62,0.9488188976377953,3.648076923076923,2.524299065420561,7.15,0.20265724857046757,0.3190380087453751,0.4542549613185336,0.024049781365623954,False,False,False,False,0.17004149377593358,0.08497627833421192,0.04498333950388745,0.2699300699300699,False,True,False,True
56,0,0,0,0,91.1,90,15.49,179.3,115,15.24,300.7,89,13.53,11.9,8,3.21,2,False,582.9999999999999,302,47.47,1.0122222222222221,1.5591304347826087,3.378651685393258,1.4875,0.15626072041166383,0.30754716981132085,0.5157804459691253,0.020411663807890227,False,False,False,False,0.17003293084522503,0.08499721137757947,0.044995011639507816,0.26974789915966385,False,True,False,True
117,1,0,0,0,168.8,137,28.7,241.4,107,20.52,204.8,106,9.22,15.5,4,4.19,0,False,630.5,354,62.629999999999995,1.2321167883211679,2.25607476635514,1.9320754716981132,3.875,0.2677240285487708,0.3828707375099128,0.32482157018239494,0.02458366375892149,False,False,False,False,0.17002369668246445,0.08500414250207125,0.04501953125,0.2703225806451613,False,True,False,True
126,1,0,0,0,226.2,88,38.45,140.3,114,11.93,208.9,110,9.4,6.4,2,1.73,0,False,581.8,314,61.51,2.5704545454545453,1.230701754385965,1.8990909090909092,3.2,0.38879339979374355,0.24114816088002755,0.35905809556548646,0.011000343760742525,False,False,False,False,0.1699823165340407,0.08503207412687099,0.044997606510292006,0.27031249999999996,False,True,False,True
132,2,0,0,0,191.9,107,32.62,206.9,127,17.59,272.0,88,12.24,12.6,2,3.4,1,False,683.4,324,65.85,1.7934579439252336,1.6291338582677166,3.090909090909091,6.3,0.2808018729880012,0.30275095112671935,0.39800995024875624,0.018437225636523266,False,False,False,False,0.16998436685773838,0.08501691638472691,0.045,0.2698412698412698,False,True,False,True
81,1,0,1,28,167.9,147,28.54,190.7,105,16.21,193.0,103,8.69,9.2,6,2.48,4,True,560.8000000000001,361,55.919999999999995,1.1421768707482993,1.8161904761904761,1.8737864077669903,1.5333333333333332,0.2993937232524964,0.3400499286733238,0.34415121255349496,0.016405135520684733,False,False,False,False,0.16998213222156044,0.0850026219192449,0.04502590673575129,0.26956521739130435,True,False,False,True
122,1,0,0,0,180.0,88,30.6,145.0,77,12.33,233.7,120,10.52,11.5,6,3.11,2,False,570.2,291,56.56,2.0454545454545454,1.8831168831168832,1.9475,1.9166666666666667,0.3156787092248334,0.25429673798667135,0.409856190810242,0.02016836197825324,False,False,False,False,0.17,0.08503448275862069,0.04501497646555413,0.27043478260869563,False,True,False,True
46,0,0,0,0,257.4,67,43.76,261.1,91,22.19,204.4,107,9.2,13.4,5,3.62,2,True,736.3,270,78.77000000000001,3.841791044776119,2.8692307692307697,1.9102803738317757,2.68,0.3495857666711938,0.35461089229933457,0.2776042374032324,0.018199103626239305,False,False,False,False,0.17000777000777,0.08498659517426273,0.04500978473581213,0.2701492537313433,False,True,False,True
99,0,0,0,0,159.7,83,27.15,155.4,121,13.21,255.7,114,11.51,8.4,3,2.27,1,False,579.1999999999999,321,54.14,1.9240963855421684,1.284297520661157,2.242982456140351,2.8000000000000003,0.275725138121547,0.26830110497237575,0.44147099447513816,0.01450276243093923,False,False,False,False,0.17000626174076394,0.08500643500643501,0.045013687915526006,0.2702380952380952,False,True,False,True
87,0,0,0,0,237.2,124,40.32,222.6,87,18.92,173.3,81,7.8,11.0,3,2.97,1,False,644.0999999999999,295,70.01,1.9129032258064516,2.5586206896551724,2.139506172839506,3.6666666666666665,0.36826579723645403,0.34559850954820687,0.26905759975159144,0.01707809346374787,False,False,False,False,0.1699831365935919,0.08499550763701708,0.04500865551067513,0.27,False,True,False,True
108,1,0,0,0,103.0,129,17.51,242.3,103,20.6,170.2,89,7.66,7.9,3,2.13,1,False,523.4,324,47.9,0.7984496124031008,2.3524271844660194,1.9123595505617976,2.6333333333333333,0.19679021780664885,0.46293465800534966,0.32518150554069547,0.015093618647306076,False,False,False,False,0.17,0.08501857201815931,0.04500587544065805,0.26962025316455696,False,True,False,True
53,1,0,0,0,205.1,86,34.87,160.5,95,13.64,149.5,142,6.73,10.7,2,2.89,3,False,525.8000000000001,325,58.129999999999995,2.3848837209302327,1.6894736842105262,1.0528169014084507,5.35,0.39007227082540885,0.305249144161278,0.2843286420692278,0.020349942944085198,False,False,False,False,0.17001462701121403,0.08498442367601246,0.04501672240802676,0.27009345794392525,False,True,False,True
144,1,1,0,0,150.0,69,25.5,285.9,73,24.3,190.6,121,8.58,9.4,15,2.54,0,False,635.9,278,60.919999999999995,2.1739130434782608,3.916438356164383,1.5752066115702479,0.6266666666666667,0.23588614562038057,0.4495989935524453,0.29973266236829693,0.014782198458877183,False,False,False,True,0.17,0.08499475341028333,0.045015739769150055,0.2702127659574468,False,True,False,True
91,2,0,1,23,232.4,97,39.51,186.0,88,15.81,190.5,128,8.57,12.3,3,3.32,3,False,621.1999999999999,316,67.21,2.3958762886597937,2.1136363636363638,1.48828125,4.1000000000000005,0.3741146168705731,0.2994204764971024,0.30666452028332264,0.019800386349001935,False,False,False,False,0.17000860585197933,0.085,0.04498687664041995,0.26991869918699185,True,False,False,True
58,0,0,0,0,165.4,100,28.12,115.7,87,9.83,193.8,118,8.72,12.8,5,3.46,2,False,487.70000000000005,310,50.13,1.6540000000000001,1.3298850574712644,1.6423728813559324,2.56,0.33914291572688127,0.23723600574123435,0.3973754357186795,0.026245642813204836,False,False,False,False,0.17001209189842806,0.08496110630942091,0.04499484004127967,0.27031249999999996,False,True,False,True
5,1,0,0,0,199.2,106,33.86,187.3,12,15.92,214.0,85,9.63,13.3,3,3.59,3,False,613.8,206,63.0,1.8792452830188677,15.608333333333334,2.5176470588235293,4.433333333333334,0.32453567937438904,0.30514825676116003,0.3486477680026067,0.021668295861844253,False,False,False,False,0.16997991967871487,0.08499733048585156,0.045000000000000005,0.2699248120300752,False,True,True,False
97,0,0,0,0,217.6,81,36.99,320.5,51,27.24,150.7,110,6.78,4.2,3,1.13,0,False,693.0,245,72.14,2.68641975308642,6.284313725490196,1.3699999999999999,1.4000000000000001,0.313997113997114,0.4624819624819625,0.21746031746031744,0.006060606060606061,False,False,False,False,0.16999080882352943,0.08499219968798752,0.04499004644990047,0.26904761904761904,False,True,False,True
142,1,0,1,30,154.0,75,26.18,165.8,97,14.09,270.0,83,12.15,10.8,5,2.92,1,False,600.5999999999999,260,55.339999999999996,2.0533333333333332,1.709278350515464,3.253012048192771,2.16,0.25641025641025644,0.2760572760572761,0.4495504495504496,0.017982017982017987,False,False,False,False,0.16999999999999998,0.08498190591073582,0.045,0.27037037037037037,True,False,False,True
9,0,0,1,31,193.8,130,32.95,202.6,98,17.22,191.2,102,8.6,13.3,2,3.59,1,False,600.8999999999999,332,62.36,1.4907692307692308,2.0673469387755103,1.8745098039215684,6.65,0.32251622566150784,0.33716092527874864,0.31818938259277757,0.022133466466966224,False,False,False,False,0.17002063983488133,0.08499506416584403,0.04497907949790795,0.2699248120300752,True,False,True,False
73,1,0,0,0,175.4,130,29.82,248.1,105,21.09,122.4,85,5.51,12.2,4,3.29,0,False,558.1,324,59.709999999999994,1.3492307692307692,2.362857142857143,1.4400000000000002,3.05,0.31428059487547033,0.44454398853252103,0.21931553485038524,0.02185988174162336,False,False,False,False,0.17001140250855187,0.08500604594921403,0.04501633986928104,0.269672131147541,False,True,False,True
43,0,0,0,0,230.2,147,39.13,186.7,121,15.87,128.4,100,5.78,9.2,3,2.48,0,False,554.5,371,63.26,1.565986394557823,1.54297520661157,1.284,3.0666666666666664,0.4151487826871055,0.33669972948602345,0.2315599639314698,0.01659152389540126,False,False,False,False,0.16998262380538665,0.08500267809319764,0.04501557632398754,0.26956521739130435,False,True,False,True
122,0,0,1,33,174.9,103,29.73,248.2,105,21.1,164.6,116,7.41,13.5,3,3.65,1,True,601.2,327,61.88999999999999,1.6980582524271846,2.3638095238095236,1.4189655172413793,4.5,0.29091816367265466,0.4128409846972721,0.27378576180971387,0.022455089820359278,False,False,False,False,0.1699828473413379,0.08501208702659147,0.045018226002430134,0.27037037037037037,True,False,False,True
93,1,0,0,0,190.2,68,32.33,262.2,64,22.29,130.0,92,5.85,8.8,4,2.38,0,False,591.1999999999999,228,62.85,2.7970588235294116,4.096875,1.4130434782608696,2.2,0.32171853856562926,0.4435047361299053,0.21989174560216512,0.014884979702300408,False,False,False,False,0.1699789695057834,0.08501144164759726,0.045,0.27045454545454545,False,True,False,True
85,1,0,0,0,176.4,122,29.99,224.9,123,19.12,219.6,50,9.88,11.5,1,3.11,1,False,632.4,296,62.1,1.4459016393442623,1.8284552845528457,4.3919999999999995,11.5,0.27893738140417457,0.355629348513599,0.34724857685009486,0.018184693232131562,False,False,False,False,0.17001133786848072,0.08501556247220987,0.044990892531876145,0.27043478260869563,False,True,False,True
87,1,0,0,0,228.7,90,38.88,163.0,99,13.86,154.1,90,6.93,11.8,3,3.19,1,False,557.5999999999999,282,62.86,2.541111111111111,1.6464646464646464,1.712222222222222,3.9333333333333336,0.41015064562410336,0.2923242467718795,0.27636298421807753,0.021162123385939747,False,False,False,False,0.170004372540446,0.08503067484662577,0.044970798182998054,0.2703389830508474,False,True,False,True
137,0,0,0,0,144.0,90,24.48,181.6,100,15.44,128.1,93,5.76,12.3,2,3.32,0,False,466.00000000000006,285,49.0,1.6,1.8159999999999998,1.3774193548387097,6.15,0.30901287553648066,0.3896995708154506,0.2748927038626609,0.026394849785407723,False,False,False,False,0.17,0.08502202643171806,0.04496487119437939,0.26991869918699185,False,True,False,True
21,2,0,1,31,135.9,90,23.1,271.0,84,23.04,179.1,89,8.06,9.5,7,2.57,6,False,595.5,270,56.77,1.51,3.2261904761904763,2.0123595505617975,1.3571428571428572,0.22821158690176324,0.4550797649034425,0.30075566750629723,0.01595298068849706,True,False,False,False,0.16997792494481237,0.08501845018450184,0.04500279173646008,0.27052631578947367,True,False,True,False
104,1,0,0,0,130.5,77,22.19,131.2,117,11.15,264.7,63,11.91,13.0,6,3.51,0,False,539.4,263,48.76,1.6948051948051948,1.1213675213675214,4.201587301587302,2.1666666666666665,0.24193548387096775,0.2432332220986281,0.4907304412309974,0.024100852799406748,False,False,False,False,0.1700383141762452,0.08498475609756098,0.04499433320740461,0.26999999999999996,False,True,False,True
93,0,0,1,21,134.2,105,22.81,162.5,128,13.81,186.6,90,8.4,11.8,2,3.19,4,True,495.09999999999997,325,48.209999999999994,1.278095238095238,1.26953125,2.0733333333333333,5.9,0.2710563522520703,0.3282165219147647,0.3768935568572006,0.023833568975964455,False,False,False,False,0.16997019374068556,0.0849846153846154,0.04501607717041801,0.2703389830508474,True,False,False,True
63,1,0,0,0,278.0,102,47.26,266.4,114,22.64,224.1,118,10.08,13.1,4,3.54,4,True,781.6,338,83.52000000000001,2.7254901960784315,2.3368421052631576,1.8991525423728812,3.275,0.3556806550665302,0.3408393039918116,0.2867195496417605,0.016760491299897644,False,False,False,False,0.16999999999999998,0.084984984984985,0.04497991967871486,0.2702290076335878,False,True,False,True
161,1,0,0,0,105.4,70,17.92,214.8,122,18.26,223.6,126,10.06,7.8,5,2.11,0,False,551.6,323,48.35000000000001,1.5057142857142858,1.7606557377049181,1.7746031746031745,1.56,0.19108049311094996,0.38941261783901376,0.40536620739666424,0.014140681653372008,False,False,False,False,0.1700189753320683,0.08500931098696463,0.04499105545617174,0.2705128205128205,False,True,False,True
103,0,0,1,24,111.8,85,19.01,239.6,102,20.37,268.3,81,12.07,6.9,4,1.86,1,False,626.6,272,53.31,1.3152941176470587,2.3490196078431373,3.312345679012346,1.725,0.1784232365145228,0.3823811043728056,0.42818384934567505,0.01101180976699649,False,False,False,False,0.17003577817531307,0.08501669449081804,0.04498695490122997,0.26956521739130435,True,False,False,True
84,1,0,1,33,159.1,106,27.05,149.8,101,12.73,213.4,108,9.6,13.0,18,3.51,1,False,535.3,333,52.89,1.5009433962264151,1.4831683168316834,1.975925925925926,0.7222222222222222,0.2972165141042406,0.2798430786474874,0.3986549598356062,0.024285447412665796,False,False,False,False,0.1700188560653677,0.0849799732977303,0.04498594189315838,0.26999999999999996,True,False,False,True
92,2,0,0,0,212.4,105,36.11,224.6,118,19.09,221.3,105,9.96,9.0,4,2.43,1,False,667.3,332,67.59,2.022857142857143,1.9033898305084744,2.107619047619048,2.25,0.3182976172635996,0.33658024876367454,0.3316349468005395,0.013487187172186424,False,False,False,False,0.17000941619585686,0.08499554764024933,0.045006778129236334,0.27,False,True,False,True
77,1,0,0,0,142.3,112,24.19,306.3,111,26.04,196.5,82,8.84,9.9,1,2.67,1,False,655.0,306,61.74000000000001,1.2705357142857143,2.7594594594594595,2.3963414634146343,9.9,0.21725190839694658,0.4676335877862596,0.3,0.015114503816793894,False,False,False,False,0.16999297259311313,0.08501469147894221,0.04498727735368957,0.26969696969696966,False,True,False,True
64,1,1,0,0,346.8,55,58.96,249.5,79,21.21,275.4,102,12.39,13.3,9,3.59,1,True,884.9999999999999,245,96.15,6.305454545454546,3.1582278481012658,2.6999999999999997,1.4777777777777779,0.39186440677966106,0.2819209039548023,0.31118644067796614,0.015028248587570623,False,False,False,True,0.17001153402537486,0.08501002004008017,0.044989106753812645,0.2699248120300752,False,True,False,True
159,1,0,1,15,113.9,102,19.36,145.3,146,12.35,195.2,137,8.78,11.8,9,3.19,1,False,466.20000000000005,394,43.68,1.1166666666666667,0.9952054794520548,1.424817518248175,1.3111111111111111,0.2443157443157443,0.31166881166881166,0.41870441870441866,0.02531102531102531,False,False,False,False,0.16997366110623352,0.0849965588437715,0.044979508196721314,0.2703389830508474,True,False,False,True
110,1,1,1,27,267.9,103,45.54,263.3,74,22.38,178.1,106,8.01,8.3,2,2.24,1,True,717.6,285,78.17,2.6009708737864075,3.558108108108108,1.680188679245283,4.15,0.37332775919732436,0.36691750278706803,0.24818840579710144,0.011566332218506132,False,False,False,False,0.16998880179171333,0.08499810102544625,0.04497473329590118,0.26987951807228916,True,False,False,True
138,2,0,0,0,171.4,117,29.14,115.2,128,9.79,224.5,115,10.1,17.0,4,4.59,3,False,528.1,364,53.620000000000005,1.464957264957265,0.9,1.9521739130434783,4.25,0.32455974247301644,0.21814050369248247,0.4251088808937701,0.03219087294073092,False,False,False,False,0.17001166861143524,0.08498263888888888,0.04498886414253898,0.27,False,True,False,True
178,0,0,0,0,275.4,150,46.82,187.5,62,15.94,147.1,126,6.62,13.6,3,3.67,1,False,623.6,341,73.05,1.8359999999999999,3.024193548387097,1.1674603174603173,4.533333333333333,0.44162924951892235,0.300673508659397,0.2358883899935856,0.02180885182809493,False,False,False,False,0.17000726216412493,0.08501333333333333,0.04500339904826649,0.2698529411764706,False,True,False,True
38,1,0,1,31,197.2,118,33.52,249.9,70,21.24,298.9,104,13.45,3.9,2,1.05,0,False,749.9,294,69.26,1.671186440677966,3.5700000000000003,2.8740384615384613,1.95,0.2629683957861048,0.33324443259101216,0.3985864781970929,0.005200693425790106,False,False,False,False,0.1699797160243408,0.08499399759903961,0.04499832719973235,0.2692307692307693,True,False,False,True
45,2,0,1,26,91.7,104,15.59,150.6,119,12.8,63.3,103,2.85,7.7,5,2.08,1,False,313.3,331,33.32,0.8817307692307692,1.265546218487395,0.6145631067961165,1.54,0.2926907117778487,0.4806894350462815,0.20204277050750077,0.024577082668368975,False,False,False,False,0.17001090512540892,0.08499335989375831,0.045023696682464455,0.2701298701298701,True,False,False,True
70,2,0,0,0,126.3,99,21.47,141.6,106,12.04,255.9,96,11.52,9.6,2,2.59,0,False,533.4,303,47.620000000000005,1.2757575757575756,1.3358490566037735,2.665625,4.8,0.23678290213723285,0.265466816647919,0.47975253093363335,0.01799775028121485,False,False,False,False,0.16999208234362628,0.08502824858757062,0.045017584994138334,0.26979166666666665,False,True,False,True
147,2,0,1,33,251.5,107,42.76,234.1,110,19.9,213.4,87,9.6,10.4,6,2.81,3,False,709.4,310,75.07,2.350467289719626,2.128181818181818,2.452873563218391,1.7333333333333334,0.3545249506625317,0.3299971807160981,0.3008175923315478,0.014660276289822386,False,False,False,False,0.17001988071570576,0.08500640751815464,0.04498594189315838,0.2701923076923077,True,False,False,True
94,2,0,0,0,190.6,108,32.4,152.3,95,12.95,144.7,97,6.51,7.5,5,2.03,1,False,495.09999999999997,305,53.88999999999999,1.7648148148148148,1.6031578947368421,1.4917525773195874,1.5,0.3849727327812563,0.3076146233084226,0.2922641890527166,0.015148454857604526,False,False,False,False,0.16998950682056663,0.08502954694681548,0.04498963372494817,0.27066666666666667,False,True,False,True
179,2,0,0,0,116.1,101,19.74,201.8,99,17.15,181.9,103,8.19,11.6,5,3.13,0,False,511.4,308,48.21,1.1495049504950494,2.0383838383838384,1.7660194174757282,2.32,0.22702385608134532,0.39460305044974586,0.3556902620258115,0.02268283144309738,False,False,False,False,0.17002583979328165,0.08498513379583746,0.045024738867509614,0.26982758620689656,False,True,False,True
59,2,0,0,0,179.4,80,30.5,232.5,99,19.76,175.8,105,7.91,14.7,3,3.97,0,False,602.4000000000001,287,62.14,2.2425,2.3484848484848486,1.6742857142857144,4.8999999999999995,0.297808764940239,0.3859561752988047,0.2918326693227091,0.024402390438247008,False,False,False,False,0.17001114827201783,0.08498924731182797,0.0449943117178612,0.27006802721088435,False,True,False,True
165,1,0,0,0,207.7,109,35.31,164.8,94,14.01,54.5,91,2.45,7.9,3,2.13,0,False,434.9,297,53.900000000000006,1.9055045871559633,1.7531914893617022,0.5989010989010989,2.6333333333333333,0.4775810531156588,0.3789376868245574,0.1253161646355484,0.01816509542423546,False,False,False,False,0.17000481463649497,0.08501213592233009,0.044954128440366975,0.26962025316455696,False,True,False,True
133,0,0,0,0,277.3,138,47.14,228.4,117,19.41,117.3,103,5.28,12.8,4,3.46,2,True,635.8,362,75.28999999999999,2.0094202898550724,1.952136752136752,1.1388349514563108,3.2,0.4361434413337528,0.35923246303869144,0.18449197860962568,0.02013211701793017,False,False,False,False,0.16999639379733142,0.08498248686514887,0.04501278772378517,0.27031249999999996,False,True,False,True
140,1,0,0,0,125.3,84,21.3,167.6,121,14.25,260.6,94,11.73,8.4,4,2.27,1,False,561.9,303,49.550000000000004,1.4916666666666667,1.3851239669421487,2.7723404255319153,2.1,0.22299341519843388,0.2982737141840185,0.46378359138636777,0.014949279231179927,False,False,False,False,0.16999201915403034,0.08502386634844869,0.04501151189562548,0.2702380952380952,False,True,False,True
93,0,0,1,32,138.1,91,23.48,167.3,72,14.22,238.9,115,10.75,6.8,3,1.84,2,False,551.0999999999999,281,50.290000000000006,1.5175824175824175,2.323611111111111,2.077391304347826,2.2666666666666666,0.25058972963164583,0.30357466884413,0.4334966430774815,0.01233895844674288,False,False,False,False,0.17002172338884866,0.084997011356844,0.04499790707408958,0.2705882352941177,True,False,False,True
64,1,0,1,27,201.3,101,34.22,143.8,89,12.22,150.2,127,6.76,12.3,3,3.32,1,False,507.6,320,56.519999999999996,1.9930693069306933,1.6157303370786518,1.1826771653543307,4.1000000000000005,0.3965721040189125,0.28329393223010246,0.2959022852639874,0.024231678486997636,False,False,False,False,0.16999503229011423,0.08497913769123783,0.04500665778961385,0.26991869918699185,True,False,False,True
48,1,0,0,0,190.4,92,32.37,317.5,85,26.99,133.4,113,6.0,8.3,4,2.24,2,False,649.5999999999999,294,67.6,2.0695652173913044,3.735294117647059,1.1805309734513274,2.075,0.2931034482758621,0.48876231527093605,0.2053571428571429,0.012777093596059117,False,False,False,False,0.17001050420168065,0.08500787401574803,0.04497751124437781,0.26987951807228916,False,True,False,True
181,0,0,0,0,143.3,91,24.36,195.5,58,16.62,223.3,95,10.05,6.0,7,1.62,1,False,568.1,251,52.65,1.574725274725275,3.3706896551724137,2.350526315789474,0.8571428571428571,0.2522443231825383,0.3441295546558704,0.3930646013025876,0.010561520859003696,False,False,False,False,0.16999302163293786,0.08501278772378518,0.045006717420510524,0.27,False,True,False,True
168,1,0,1,42,97.4,57,16.56,203.6,98,17.31,173.9,124,7.83,11.4,2,3.08,2,False,486.29999999999995,281,44.779999999999994,1.7087719298245616,2.0775510204081633,1.4024193548387098,5.7,0.20028788813489617,0.41867160189183633,0.35759819041743784,0.023442319555829736,False,False,False,False,0.17002053388090346,0.08501964636542239,0.04502587694077056,0.27017543859649124,True,False,False,True
155,1,0,0,0,181.4,111,30.84,167.7,92,14.25,168.5,122,7.58,11.3,3,3.05,3,False,528.9,328,55.72,1.6342342342342342,1.8228260869565216,1.3811475409836065,3.766666666666667,0.3429759878994139,0.3170731707317073,0.31858574399697487,0.021365097371903955,False,False,False,False,0.17001102535832413,0.08497316636851521,0.044985163204747776,0.26991150442477874,False,True,False,True
11,1,0,0,0,143.4,130,24.38,289.4,50,24.6,194.0,100,8.73,9.7,6,2.62,2,False,636.5,286,60.330000000000005,1.103076923076923,5.787999999999999,1.94,1.6166666666666665,0.2252945797329144,0.45467399842890804,0.30479183032207385,0.015239591516103691,False,False,False,False,0.1700139470013947,0.08500345542501729,0.045000000000000005,0.2701030927835052,False,True,True,False
182,1,0,0,0,104.9,111,17.83,198.5,120,16.87,258.2,91,11.62,8.0,5,2.16,2,False,569.5999999999999,327,48.480000000000004,0.945045045045045,1.6541666666666666,2.837362637362637,1.6,0.18416432584269668,0.3484901685393259,0.45330056179775285,0.014044943820224722,False,False,False,False,0.16997140133460437,0.08498740554156171,0.04500387296669248,0.27,False,True,False,True
102,1,0,0,0,114.8,125,19.52,81.9,126,6.96,304.3,101,13.69,12.0,4,3.24,0,False,513.0,356,43.410000000000004,0.9184,0.65,3.012871287128713,3.0,0.22378167641325536,0.15964912280701757,0.59317738791423,0.023391812865497075,False,False,False,False,0.1700348432055749,0.08498168498168497,0.04498849819257311,0.27,False,True,False,True
122,1,0,0,0,232.5,96,39.53,205.5,120,17.47,213.7,91,9.62,11.9,2,3.21,0,False,663.6,309,69.83,2.421875,1.7125,2.3483516483516484,5.95,0.35036166365280286,0.3096745027124774,0.32203134418324286,0.017932489451476793,False,False,False,False,0.17002150537634408,0.08501216545012165,0.045016378100140385,0.26974789915966385,False,True,False,True
41,1,0,0,0,143.6,117,24.41,152.4,108,12.95,194.4,110,8.75,8.6,3,2.32,1,False,499.0,338,48.43,1.2273504273504272,1.4111111111111112,1.7672727272727273,2.8666666666666667,0.2877755511022044,0.3054108216432866,0.38957915831663326,0.017234468937875752,False,False,False,False,0.16998607242339833,0.08497375328083989,0.04501028806584362,0.2697674418604651,False,True,False,True
132,1,0,0,0,176.7,132,30.04,244.1,80,20.75,176.3,120,7.93,9.1,4,2.46,2,False,606.1999999999999,336,61.18,1.3386363636363636,3.05125,1.4691666666666667,2.275,0.291487957769713,0.40267238535136923,0.29082810953480703,0.015011547344110856,False,False,False,False,0.17000565930956424,0.08500614502253175,0.04498014747589336,0.2703296703296703,False,True,False,True
76,1,0,0,0,263.4,148,44.78,230.3,69,19.58,170.6,101,7.68,11.4,5,3.08,1,True,675.6999999999999,323,75.11999999999999,1.7797297297297296,3.33768115942029,1.689108910891089,2.2800000000000002,0.3898179665532041,0.340831730057718,0.2524789107592127,0.016871392629865326,False,False,False,False,0.17000759301442675,0.08501953973078592,0.045017584994138334,0.27017543859649124,False,True,False,True
115,1,0,1,33,145.0,72,24.65,194.5,157,16.53,242.3,138,10.9,14.2,3,3.83,2,False,596.0,370,55.91,2.013888888888889,1.2388535031847134,1.7557971014492755,4.733333333333333,0.24328859060402686,0.3263422818791946,0.40654362416107387,0.023825503355704696,False,False,False,False,0.16999999999999998,0.08498714652956299,0.044985555096987206,0.26971830985915496,True,False,False,True
154,2,0,0,0,166.9,99,28.37,154.9,97,13.17,189.4,89,8.52,7.2,5,1.94,0,False,518.4000000000001,290,52.0,1.685858585858586,1.5969072164948455,2.1280898876404497,1.44,0.32195216049382713,0.298804012345679,0.36535493827160487,0.013888888888888886,False,False,False,False,0.16998202516476932,0.08502259522272433,0.044984160506863775,0.26944444444444443,False,True,False,True
100,2,0,0,0,142.5,87,24.23,195.7,88,16.63,122.1,117,5.49,7.8,8,2.11,2,False,468.09999999999997,300,48.46,1.6379310344827587,2.223863636363636,1.0435897435897434,0.975,0.304422132023072,0.41807306131168553,0.260841700491348,0.01666310617389447,False,False,False,False,0.17003508771929826,0.08497700562084824,0.04496314496314497,0.2705128205128205,False,True,False,True
146,2,1,0,0,133.0,65,22.61,262.8,93,22.34,214.3,128,9.64,11.2,3,3.02,1,False,621.3000000000001,289,57.61000000000001,2.046153846153846,2.8258064516129036,1.67421875,3.733333333333333,0.21406727828746175,0.422984065668759,0.34492193787220343,0.018026718171575726,False,False,False,True,0.16999999999999998,0.0850076103500761,0.044983667755482966,0.2696428571428572,False,True,False,True
67,1,0,1,28,95.0,94,16.15,291.2,73,24.75,159.6,114,7.18,10.0,2,2.7,2,False,555.8,283,50.78,1.0106382978723405,3.989041095890411,1.4,5.0,0.17092479309103994,0.5239294710327456,0.2871536523929471,0.017992083483267363,False,False,False,False,0.16999999999999998,0.08499313186813187,0.0449874686716792,0.27,True,False,False,True
161,2,1,0,0,194.2,106,33.01,249.4,105,21.2,254.9,129,11.47,12.9,1,3.48,1,True,711.4,341,69.16,1.8320754716981131,2.375238095238095,1.975968992248062,12.9,0.27298285071689626,0.3505763283666011,0.35830756255271295,0.018133258363789713,False,False,False,True,0.1699794026776519,0.08500400962309543,0.04499803844644959,0.2697674418604651,False,True,False,True
70,1,0,0,0,222.8,114,37.88,215.9,113,18.35,223.5,122,10.06,0.0,0,0.0,1,False,662.2,349,66.29,1.9543859649122808,1.9106194690265488,1.8319672131147542,0.0,0.3364542434309876,0.32603443068559346,0.33751132588341887,0.0,False,False,False,False,0.17001795332136446,0.08499305233904586,0.04501118568232662,0.0,False,True,False,True
99,1,0,1,42,216.0,125,36.72,232.3,104,19.75,215.5,100,9.7,9.3,4,2.51,2,True,673.0999999999999,333,68.68,1.728,2.2336538461538464,2.155,2.325,0.32090328331600065,0.3451195958995692,0.320160451641658,0.01381666914277225,False,False,False,False,0.16999999999999998,0.08501937150236763,0.04501160092807424,0.2698924731182795,True,False,False,True
87,1,0,0,0,146.3,108,24.87,171.8,102,14.6,167.5,66,7.54,5.3,9,1.43,1,False,490.90000000000003,285,48.44,1.3546296296296296,1.684313725490196,2.537878787878788,0.5888888888888889,0.2980240374821756,0.34996944387859036,0.34121002240782233,0.010796496231411691,False,False,False,False,0.16999316473000683,0.0849825378346915,0.045014925373134326,0.269811320754717,False,True,False,True
87,2,0,0,0,234.8,85,39.92,140.9,91,11.98,204.3,93,9.19,9.5,5,2.57,1,False,589.5,274,63.660000000000004,2.762352941176471,1.5483516483516484,2.196774193548387,1.9,0.398303647158609,0.2390161153519932,0.34656488549618325,0.016115351993214587,False,False,False,False,0.17001703577512778,0.08502484031227821,0.044982868330885946,0.27052631578947367,False,True,False,True
70,0,0,0,0,198.6,111,33.76,213.9,115,18.18,171.2,105,7.7,10.6,6,2.86,2,False,594.3000000000001,337,62.5,1.7891891891891891,1.86,1.6304761904761904,1.7666666666666666,0.33417465926299844,0.3599192327107521,0.2880699983173481,0.017836109708901225,False,False,False,False,0.16998992950654582,0.0849929873772791,0.0449766355140187,0.269811320754717,False,True,False,True
119,0,0,1,32,142.6,77,24.24,208.2,126,17.7,171.0,102,7.69,12.0,2,3.24,3,False,533.8,307,52.87,1.8519480519480518,1.6523809523809523,1.6764705882352942,6.0,0.2671412514050206,0.39003372049456725,0.3203446983889097,0.022480329711502437,False,False,False,False,0.1699859747545582,0.08501440922190202,0.04497076023391813,0.27,True,False,False,True
87,2,1,0,0,134.2,80,22.81,165.0,71,14.03,173.1,102,7.79,10.7,5,2.89,0,False,482.99999999999994,258,47.519999999999996,1.6774999999999998,2.323943661971831,1.6970588235294117,2.1399999999999997,0.27784679089026915,0.34161490683229817,0.3583850931677019,0.02215320910973085,False,False,False,True,0.16997019374068556,0.08503030303030303,0.045002888503755056,0.27009345794392525,False,True,False,True
112,1,0,0,0,111.9,92,19.02,114.0,143,9.69,146.8,79,6.61,14.1,3,3.81,5,True,386.80000000000007,317,39.13,1.216304347826087,0.7972027972027972,1.858227848101266,4.7,0.2892967942088934,0.2947259565667011,0.37952430196483966,0.03645294725956566,True,False,False,False,0.16997319034852545,0.08499999999999999,0.04502724795640327,0.2702127659574468,False,True,False,True
75,1,0,0,0,122.8,89,20.88,211.3,104,17.96,261.4,91,11.76,10.7,2,2.89,2,False,606.2,286,53.49,1.3797752808988764,2.0317307692307693,2.872527472527472,5.35,0.20257340811613328,0.3485648300890795,0.4312108215110524,0.017650940283734737,False,False,False,False,0.1700325732899023,0.08499763369616659,0.044988523335883705,0.27009345794392525,False,True,False,True
150,2,0,0,0,189.3,77,32.18,220.9,105,18.78,238.7,117,10.74,9.2,5,2.48,4,False,658.1000000000001,304,64.18,2.4584415584415584,2.103809523809524,2.04017094017094,1.8399999999999999,0.28764625436863694,0.3356632730588056,0.36271083421972333,0.013979638352833912,False,False,False,False,0.1699947173798204,0.0850158442734269,0.0449937159614579,0.26956521739130435,False,True,False,True
161,2,0,1,38,240.4,112,40.87,201.8,102,17.15,206.1,112,9.27,16.1,6,4.35,0,False,664.4000000000001,332,71.63999999999999,2.1464285714285714,1.9784313725490197,1.8401785714285714,2.6833333333333336,0.36183022275737503,0.3037326911499097,0.3102046959662853,0.02423239012642986,False,False,False,False,0.17000831946755407,0.08498513379583746,0.044978165938864625,0.27018633540372666,True,False,False,True
91,2,1,1,24,93.5,112,15.9,183.4,128,15.59,240.7,133,10.83,9.9,3,2.67,0,False,527.4999999999999,376,44.99,0.8348214285714286,1.4328125,1.8097744360902255,3.3000000000000003,0.17725118483412325,0.3476777251184835,0.4563033175355451,0.018767772511848347,False,False,False,False,0.17005347593582887,0.08500545256270446,0.04499376817615289,0.26969696969696966,True,False,False,True
124,1,0,0,0,158.6,104,26.96,211.2,77,17.95,179.3,104,8.07,10.2,8,2.75,3,False,559.3,293,55.73,1.525,2.742857142857143,1.7240384615384616,1.275,0.28356874664759524,0.37761487573752905,0.32057929554800646,0.0182370820668693,False,False,False,False,0.16998738965952082,0.0849905303030303,0.04500836586726157,0.26960784313725494,False,True,False,True
158,2,0,0,0,220.9,129,37.55,242.2,108,20.59,233.3,75,10.5,6.4,5,1.73,0,False,702.8000000000001,317,70.37,1.7124031007751939,2.2425925925925925,3.110666666666667,1.28,0.314314171883893,0.3446215139442231,0.3319578827546955,0.00910643141718839,False,False,False,False,0.1699864191942055,0.08501238645747317,0.04500642948992713,0.27031249999999996,False,True,False,True
102,1,0,0,0,144.4,87,24.55,266.5,128,22.65,217.6,59,9.79,7.1,7,1.92,0,False,635.6,281,58.910000000000004,1.6597701149425288,2.08203125,3.688135593220339,1.0142857142857142,0.22718691000629326,0.41928886091881684,0.34235368156073,0.011170547514159848,False,False,False,False,0.17001385041551245,0.0849906191369606,0.04499080882352941,0.27042253521126763,False,True,False,True
85,2,0,0,0,212.3,107,36.09,228.4,103,19.41,163.3,116,7.35,7.7,3,2.08,0,False,611.7,329,64.93,1.9841121495327103,2.21747572815534,1.4077586206896553,2.566666666666667,0.34706555501062614,0.3733856465587706,0.2669609285597515,0.012587869870851724,False,False,False,False,0.16999528968440886,0.08498248686514887,0.045009185548071026,0.2701298701298701,False,True,False,True
79,2,0,0,0,147.0,72,24.99,165.7,102,14.08,243.2,107,10.94,8.4,9,2.27,1,False,564.3,290,52.28,2.0416666666666665,1.6245098039215684,2.272897196261682,0.9333333333333333,0.26049973418394473,0.2936381357433989,0.430976430976431,0.014885699096225414,False,False,False,False,0.16999999999999998,0.08497284248642124,0.044983552631578945,0.2702380952380952,False,True,False,True
139,2,0,1,25,96.2,112,16.35,178.9,70,15.21,182.1,84,8.19,12.9,10,3.48,2,False,470.1,276,43.23,0.8589285714285715,2.5557142857142856,2.1678571428571427,1.29,0.20463731121038076,0.38055732822803656,0.387364390555201,0.02744097000638162,False,False,False,False,0.16995841995841998,0.08501956400223588,0.04497528830313015,0.2697674418604651,True,False,False,True
103,1,0,0,0,263.4,118,44.78,179.1,69,15.22,214.7,112,9.66,10.3,2,2.78,0,False,667.5,301,72.44,2.2322033898305085,2.5956521739130434,1.9169642857142857,5.15,0.39460674157303366,0.26831460674157304,0.3216479400749063,0.015430711610486892,False,False,False,False,0.17000759301442675,0.08498045784477946,0.044993013507219376,0.2699029126213592,False,True,False,True
98,1,1,0,0,12.5,67,2.13,256.6,90,21.81,169.4,88,7.62,7.7,9,2.08,1,False,446.2,254,33.64,0.1865671641791045,2.8511111111111114,1.925,0.8555555555555556,0.028014343343792023,0.5750784401613627,0.3796503809950695,0.017256835499775885,False,False,False,True,0.1704,0.08499610288386593,0.04498229043683589,0.2701298701298701,False,True,False,True
78,0,0,0,0,162.3,116,27.59,192.4,86,16.35,240.6,100,10.83,10.1,3,2.73,2,False,605.4000000000001,305,57.49999999999999,1.399137931034483,2.2372093023255815,2.406,3.3666666666666667,0.2680872150644202,0.3178064089857945,0.3974231912784935,0.016683184671291706,False,False,False,False,0.16999383857054837,0.08497920997920999,0.045012468827930176,0.2702970297029703,False,True,False,True
50,0,0,0,0,183.6,107,31.21,58.6,118,4.98,202.6,99,9.12,8.7,3,2.35,1,False,453.49999999999994,327,47.66,1.7158878504672896,0.4966101694915254,2.0464646464646465,2.9,0.4048511576626241,0.1292171995589857,0.4467475192943771,0.01918412348401323,False,False,False,False,0.16998910675381265,0.08498293515358363,0.04501480750246791,0.2701149425287357,False,True,False,True
86,1,0,1,38,123.0,158,20.91,133.9,119,11.38,138.2,103,6.22,13.3,4,3.59,1,False,408.4,384,42.099999999999994,0.7784810126582279,1.1252100840336134,1.341747572815534,3.325,0.3011753183153771,0.32786483839373165,0.33839373163565134,0.03256611165523996,False,False,False,False,0.17,0.08498879761015683,0.04500723589001447,0.2699248120300752,True,False,False,True
92,2,0,0,0,208.0,125,35.36,198.9,76,16.91,76.4,97,3.44,8.6,6,2.32,0,False,491.9,304,58.029999999999994,1.664,2.6171052631578946,0.7876288659793815,1.4333333333333333,0.4228501727993495,0.40435047773937793,0.155316121162838,0.01748322829843464,False,False,False,False,0.16999999999999998,0.08501759678230267,0.0450261780104712,0.2697674418604651,False,True,False,True
174,1,0,0,0,239.2,72,40.66,188.5,124,16.02,105.6,116,4.75,8.8,3,2.38,1,False,542.0999999999999,315,63.809999999999995,3.322222222222222,1.5201612903225807,0.9103448275862068,2.9333333333333336,0.44124700239808157,0.3477218225419665,0.19479800774764805,0.016233167312304005,False,False,False,False,0.16998327759197324,0.0849867374005305,0.04498106060606061,0.27045454545454545,False,True,False,True
124,2,0,0,0,193.0,97,32.81,89.8,99,7.63,172.8,104,7.78,15.3,3,4.13,1,False,470.90000000000003,303,52.35000000000001,1.9896907216494846,0.907070707070707,1.6615384615384616,5.1000000000000005,0.4098534720747504,0.19069866213633466,0.36695689105967294,0.032490974729241874,False,False,False,False,0.17,0.08496659242761692,0.045023148148148145,0.2699346405228758,False,True,False,True
190,1,0,1,26,116.7,71,19.84,145.9,88,12.4,175.1,103,7.88,9.9,3,2.67,1,False,447.6,265,42.790000000000006,1.643661971830986,1.6579545454545455,1.7,3.3000000000000003,0.26072386058981234,0.32596067917783733,0.3911974977658623,0.022117962466487937,False,False,False,False,0.17000856898029135,0.08498971898560657,0.045002855511136496,0.26969696969696966,True,False,False,True
101,2,0,0,0,93.8,127,15.95,150.0,104,12.75,241.1,116,10.85,10.7,2,2.89,1,False,495.59999999999997,349,42.44,0.7385826771653543,1.4423076923076923,2.078448275862069,5.35,0.18926553672316385,0.3026634382566586,0.4864810330912026,0.02158999192897498,False,False,False,False,0.17004264392324095,0.085,0.04500207382828702,0.27009345794392525,False,True,False,True
185,1,1,1,30,154.1,114,26.2,118.7,106,10.09,258.4,105,11.63,12.9,3,3.48,2,False,544.1,328,51.4,1.3517543859649122,1.119811320754717,2.4609523809523806,4.3,0.2832199963242051,0.2181584267597868,0.4749126998713471,0.023708877044660907,False,False,False,False,0.1700194678780013,0.08500421229991575,0.0450077399380805,0.2697674418604651,True,False,False,True
68,1,0,1,29,239.5,82,40.72,203.8,105,17.32,167.8,70,7.55,9.9,6,2.67,0,False,621.0,263,68.26,2.9207317073170733,1.940952380952381,2.3971428571428572,1.6500000000000001,0.3856682769726248,0.3281803542673108,0.2702093397745572,0.015942028985507246,False,False,False,False,0.17002087682672234,0.08498527968596663,0.04499404052443384,0.26969696969696966,True,False,False,True
117,2,0,1,25,216.0,140,36.72,224.1,69,19.05,267.9,112,12.06,11.8,4,3.19,0,False,719.8,325,71.02,1.542857142857143,3.247826086956522,2.3919642857142853,2.95,0.30008335648791334,0.3113364823562101,0.3721867185329258,0.01639344262295082,False,False,False,False,0.16999999999999998,0.08500669344042838,0.04501679731243002,0.2703389830508474,True,False,False,True
118,0,0,0,0,187.4,97,31.86,177.8,89,15.11,233.4,97,10.5,12.2,6,3.29,1,False,610.8000000000001,289,60.76,1.931958762886598,1.9977528089887642,2.406185567010309,2.033333333333333,0.30681074001309755,0.2910936476751801,0.3821218074656188,0.019973804846103466,False,False,False,False,0.17001067235859124,0.08498312710911135,0.04498714652956298,0.269672131147541,False,True,False,True
124,1,0,0,0,167.4,119,28.46,233.2,143,19.82,109.6,115,4.93,10.3,5,2.78,0,False,520.5,382,55.99,1.4067226890756304,1.6307692307692307,0.9530434782608695,2.06,0.32161383285302597,0.44803073967339097,0.210566762728146,0.01978866474543708,False,False,False,False,0.17001194743130227,0.08499142367066896,0.04498175182481752,0.2699029126213592,False,True,False,True
22,2,0,0,0,160.4,108,27.27,218.1,88,18.54,192.9,115,8.68,12.5,4,3.38,1,False,583.9,315,57.870000000000005,1.4851851851851852,2.478409090909091,1.6773913043478261,3.125,0.27470457270080495,0.3735228635040247,0.33036478849118,0.02140777530399041,False,False,False,False,0.17001246882793017,0.08500687757909216,0.04499740798341109,0.2704,False,True,True,False
75,1,0,0,0,143.2,92,24.34,209.1,142,17.77,173.0,96,7.79,11.9,9,3.21,1,False,537.1999999999999,339,53.11,1.5565217391304347,1.4725352112676056,1.8020833333333333,1.3222222222222222,0.2665673864482502,0.38924050632911394,0.3220402084884587,0.02215189873417722,False,False,False,False,0.16997206703910617,0.08498326159732185,0.045028901734104045,0.26974789915966385,False,True,False,True
164,0,0,1,25,219.1,88,37.25,151.5,99,12.88,50.1,60,2.25,14.3,6,3.86,1,False,435.00000000000006,253,56.24,2.4897727272727272,1.5303030303030303,0.8350000000000001,2.3833333333333333,0.5036781609195401,0.3482758620689655,0.11517241379310343,0.0328735632183908,False,False,False,False,0.17001369237790964,0.08501650165016503,0.04491017964071856,0.2699300699300699,True,False,False,True
177,1,0,0,0,232.8,106,39.58,175.2,97,14.89,212.2,77,9.55,12.5,7,3.38,2,False,632.7,287,67.39999999999999,2.1962264150943396,1.806185567010309,2.7558441558441555,1.7857142857142858,0.36794689426268373,0.2769084874348032,0.33538801959854586,0.019756598703967124,False,False,False,False,0.17001718213058417,0.08498858447488586,0.04500471253534402,0.2704,False,True,False,True
110,0,0,0,0,162.0,81,27.54,247.5,89,21.04,155.5,99,7.0,8.9,8,2.4,0,False,573.9,277,57.98,2.0,2.7808988764044944,1.5707070707070707,1.1125,0.2822791427077888,0.43125980135912184,0.2709531277225998,0.015507928210489633,False,False,False,False,0.16999999999999998,0.08501010101010101,0.04501607717041801,0.2696629213483146,False,True,False,True
158,0,0,0,0,209.9,112,35.68,221.3,82,18.81,210.0,93,9.45,8.2,3,2.21,1,False,649.4000000000001,290,66.14999999999999,1.874107142857143,2.698780487804878,2.2580645161290325,2.733333333333333,0.323221435170927,0.3407761010163227,0.3233754234678164,0.012627040344933782,False,False,False,False,0.16998570747975225,0.08499774062358788,0.045,0.26951219512195124,False,True,False,True
114,1,0,0,0,191.5,88,32.56,175.2,78,14.89,220.3,118,9.91,0.0,0,0.0,0,False,587.0,284,57.36,2.1761363636363638,2.246153846153846,1.866949152542373,0.0,0.3262350936967632,0.2984667802385008,0.37529812606473595,0.0,False,False,False,False,0.17002610966057444,0.08498858447488586,0.04498411257376305,0.0,False,True,False,True
64,0,0,1,19,291.1,150,49.49,226.7,123,19.27,219.1,67,9.86,7.5,2,2.03,1,False,744.4,342,80.65,1.9406666666666668,1.8430894308943089,3.270149253731343,3.75,0.3910531972058034,0.3045405695862439,0.29433100483610963,0.010075228371843095,False,False,False,False,0.17001030573686018,0.08500220555800618,0.045002282062984934,0.27066666666666667,True,False,False,True
111,1,0,0,0,255.9,97,43.5,204.1,129,17.35,171.3,84,7.71,12.3,5,3.32,3,False,643.5999999999999,315,71.88,2.638144329896907,1.582170542635659,2.0392857142857146,2.46,0.39760720944686145,0.317122436295836,0.2661591050341828,0.019111249223119953,False,False,False,False,0.16998827667057445,0.08500734933855954,0.04500875656742557,0.26991869918699185,False,True,False,True
60,0,0,0,0,252.7,97,42.96,221.1,121,18.79,109.9,100,4.95,12.4,4,3.35,2,False,596.0999999999999,322,70.05,2.605154639175258,1.8272727272727272,1.099,3.1,0.4239221607112901,0.3709109209864117,0.18436503942291566,0.020801878879382656,False,False,False,False,0.170003957261575,0.08498417005879692,0.045040946314831666,0.2701612903225806,False,True,False,True
113,0,0,0,0,132.1,72,22.46,247.5,107,21.04,246.2,123,11.08,6.9,6,1.86,3,False,632.6999999999999,308,56.44,1.8347222222222221,2.3130841121495327,2.0016260162601625,1.1500000000000001,0.20878773510352458,0.3911806543385491,0.3891259680733365,0.010905642484589854,False,False,False,False,0.17002271006813022,0.08501010101010101,0.04500406173842405,0.26956521739130435,False,True,False,True
109,0,0,0,0,217.0,115,36.89,207.0,142,17.6,268.0,106,12.06,8.2,4,2.21,1,False,700.2,367,68.75999999999999,1.8869565217391304,1.4577464788732395,2.5283018867924527,2.05,0.30991145387032276,0.29562982005141386,0.38274778634675805,0.011710939731505282,False,False,False,False,0.17,0.08502415458937199,0.045000000000000005,0.26951219512195124,False,True,False,True
105,2,0,1,42,101.9,79,17.32,223.1,97,18.96,241.6,77,10.87,12.9,2,3.48,0,False,579.5,255,50.629999999999995,1.289873417721519,2.3,3.1376623376623374,6.45,0.17584124245038826,0.38498705780845555,0.4169111302847282,0.022260569456427955,False,False,False,False,0.16997055937193326,0.08498431196772749,0.04499172185430463,0.2697674418604651,True,False,False,True
85,2,0,0,0,211.5,100,35.96,184.6,88,15.69,164.3,131,7.39,13.3,4,3.59,2,False,573.7,323,62.629999999999995,2.115,2.0977272727272727,1.254198473282443,3.325,0.3686595781767474,0.32177096043228165,0.2863866132124804,0.0231828481784905,False,False,False,False,0.17002364066193854,0.08499458288190682,0.04497869750456482,0.2699248120300752,False,True,False,True
131,2,0,0,0,153.4,86,26.08,198.5,81,16.87,164.4,83,7.4,10.4,3,2.81,0,False,526.6999999999999,253,53.160000000000004,1.7837209302325583,2.450617283950617,1.9807228915662651,3.466666666666667,0.29124738940573386,0.37687488133662433,0.31213214353521934,0.019745585722422635,False,False,False,False,0.17001303780964797,0.08498740554156171,0.045012165450121655,0.2701923076923077,False,True,False,True
59,2,0,0,0,166.3,95,28.27,239.3,87,20.34,123.2,108,5.54,10.0,3,2.7,2,False,538.8000000000001,293,56.85,1.7505263157894737,2.750574712643678,1.1407407407407408,3.3333333333333335,0.308648849294729,0.44413511507052705,0.22865627319970303,0.01855976243504083,False,False,False,False,0.16999398677089594,0.08499791057250312,0.04496753246753247,0.27,False,True,False,True
148,0,0,0,0,185.2,87,31.48,170.4,96,14.48,165.1,104,7.43,9.5,13,2.57,1,False,530.2,300,55.96,2.1287356321839077,1.7750000000000001,1.5875,0.7307692307692307,0.3493021501320256,0.32138815541305166,0.3113919275745001,0.01791776688042248,False,False,False,False,0.16997840172786177,0.08497652582159625,0.04500302846759539,0.27052631578947367,False,True,False,True
210,0,0,0,0,104.6,121,17.78,149.5,71,12.71,255.1,67,11.48,6.5,8,1.76,2,False,515.7,267,43.73,0.8644628099173554,2.1056338028169015,3.807462686567164,0.8125,0.20283110335466353,0.28989722707000193,0.4946674423114213,0.012604227263913127,False,False,False,False,0.16998087954110902,0.08501672240802677,0.04500196001568013,0.27076923076923076,False,True,False,True
106,2,0,0,0,274.4,120,46.65,198.6,82,16.88,160.8,62,7.24,6.0,3,1.62,1,False,639.8,267,72.39,2.2866666666666666,2.421951219512195,2.5935483870967744,2.0,0.4288840262582057,0.31040950296967806,0.2513285401688028,0.009377930603313536,False,False,False,False,0.17000728862973763,0.08499496475327291,0.045024875621890545,0.27,False,True,False,True
57,1,0,1,29,279.9,121,47.58,223.1,109,18.96,251.7,94,11.33,13.0,2,3.51,1,False,767.7,326,81.38,2.3132231404958676,2.046788990825688,2.677659574468085,6.5,0.36459554513481823,0.29060831053797054,0.3278624462680734,0.01693369805913768,False,False,False,False,0.169989281886388,0.08498431196772749,0.04501390544298769,0.26999999999999996,True,False,False,True
98,2,0,0,0,187.2,127,31.82,195.6,88,16.63,181.8,129,8.18,5.1,4,1.38,1,False,569.6999999999999,348,58.010000000000005,1.474015748031496,2.2227272727272727,1.4093023255813955,1.275,0.3285939968404424,0.3433385992627699,0.3191153238546604,0.008952080042127436,False,False,False,False,0.16997863247863249,0.08502044989775051,0.04499449944994499,0.27058823529411763,False,True,False,True
157,1,0,0,0,276.2,95,46.95,165.8,119,14.09,151.6,79,6.82,2.2,4,0.59,3,False,595.8000000000001,297,68.45000000000002,2.9073684210526314,1.39327731092437,1.918987341772152,0.55,0.46357838200738494,0.2782813024504867,0.2544478012755958,0.0036925142665323934,False,False,False,False,0.1699855177407676,0.08498190591073582,0.0449868073878628,0.26818181818181813,False,True,False,True
116,1,0,1,35,200.4,104,34.07,272.8,89,23.19,214.5,100,9.65,8.3,4,2.24,1,False,696.0,297,69.15,1.926923076923077,3.065168539325843,2.145,2.075,0.28793103448275864,0.3919540229885058,0.3081896551724138,0.01192528735632184,False,False,False,False,0.17000998003992016,0.08500733137829912,0.04498834498834499,0.26987951807228916,True,False,False,True
30,2,0,0,0,162.3,96,27.59,244.0,122,20.74,180.1,89,8.1,9.1,4,2.46,2,False,595.5,311,58.89,1.690625,2.0,2.0235955056179775,2.275,0.272544080604534,0.40973971452560876,0.3024349286314022,0.015281276238455078,False,False,False,False,0.16999383857054837,0.08499999999999999,0.044975013881177126,0.2703296703296703,False,True,False,True
111,2,0,0,0,176.9,128,30.07,102.8,56,8.74,213.7,84,9.62,10.5,2,2.84,4,True,503.9,270,51.269999999999996,1.38203125,1.8357142857142856,2.544047619047619,5.25,0.3510617185949593,0.20400873189124827,0.42409208176225444,0.020837467751538004,False,False,False,False,0.1699830412662521,0.08501945525291829,0.045016378100140385,0.2704761904761905,False,True,False,True
52,1,0,0,0,165.5,78,28.14,205.5,89,17.47,213.6,124,9.61,12.2,6,3.29,0,False,596.8000000000001,297,58.51,2.121794871794872,2.308988764044944,1.7225806451612902,2.033333333333333,0.27731233243967823,0.3443364611260053,0.35790884718498656,0.020442359249329755,False,False,False,False,0.17003021148036254,0.08501216545012165,0.044990636704119846,0.269672131147541,False,True,False,True
135,2,0,1,28,201.4,100,34.24,246.5,117,20.95,154.8,131,6.97,12.9,4,3.48,2,True,615.6,352,65.64,2.0140000000000002,2.106837606837607,1.1816793893129771,3.225,0.3271604938271605,0.4004223521767381,0.25146198830409355,0.020955165692007796,False,False,False,False,0.17000993048659385,0.08498985801217038,0.04502583979328165,0.2697674418604651,True,False,False,True
86,2,0,0,0,190.5,115,32.39,179.6,130,15.27,258.5,89,11.63,10.1,5,2.73,3,False,638.7,339,62.019999999999996,1.6565217391304348,1.3815384615384616,2.904494382022472,2.02,0.2982620948802254,0.28119617974009703,0.4047283544700172,0.015813370909660247,False,False,False,False,0.1700262467191601,0.08502227171492205,0.044990328820116054,0.2702970297029703,False,True,False,True
151,2,0,0,0,235.9,104,40.1,80.6,91,6.85,212.8,116,9.58,5.8,2,1.57,3,False,535.0999999999999,313,58.1,2.268269230769231,0.8857142857142857,1.8344827586206898,2.9,0.4408521771631472,0.1506260512053822,0.3976826761353019,0.010839095496168943,False,False,False,False,0.16998728274692668,0.08498759305210918,0.0450187969924812,0.27068965517241383,False,True,False,True
117,1,0,0,0,144.6,115,24.58,258.8,66,22.0,253.2,113,11.39,7.4,9,2.0,2,False,663.9999999999999,303,59.97,1.257391304347826,3.9212121212121214,2.24070796460177,0.8222222222222223,0.21777108433734943,0.3897590361445784,0.38132530120481933,0.011144578313253014,False,False,False,False,0.16998616874135547,0.08500772797527048,0.04498420221169037,0.27027027027027023,False,True,False,True
82,0,0,0,0,101.0,93,17.17,155.6,104,13.23,304.4,93,13.7,13.3,2,3.59,0,False,574.3,292,47.69,1.086021505376344,1.4961538461538462,3.2731182795698923,6.65,0.175866271983284,0.27093853386731676,0.5300365662545707,0.02315862789482849,False,False,False,False,0.17,0.08502570694087404,0.04500657030223391,0.2699248120300752,False,True,False,True
152,1,0,0,0,206.3,98,35.07,292.8,82,24.89,43.7,121,1.97,10.6,4,2.86,1,False,553.4000000000001,305,64.79,2.105102040816327,3.5707317073170732,0.36115702479338846,2.65,0.37278641127574985,0.5290928803758582,0.07896638959161546,0.019154318756776288,False,False,False,False,0.1699951526902569,0.08500683060109289,0.04508009153318077,0.269811320754717,False,True,False,True
108,0,0,1,15,165.1,85,28.07,267.0,93,22.7,250.7,114,11.28,10.9,4,2.94,1,False,693.6999999999999,296,64.99,1.9423529411764706,2.870967741935484,2.199122807017544,2.725,0.23799913507279805,0.38489260487242327,0.36139541588582963,0.015712844168949115,False,False,False,False,0.17001817080557238,0.0850187265917603,0.044994016753091344,0.2697247706422018,True,False,False,True
98,0,0,0,0,165.0,129,28.05,202.6,113,17.22,172.3,94,7.75,12.5,7,3.38,1,True,552.4000000000001,343,56.4,1.2790697674418605,1.7929203539823009,1.8329787234042554,1.7857142857142858,0.2986965966690803,0.3667632150615495,0.3119116582186821,0.022628530050687903,False,False,False,False,0.17,0.08499506416584403,0.04497968659315148,0.2704,False,True,False,True
47,1,0,0,0,155.3,116,26.4,188.2,85,16.0,247.0,73,11.12,12.3,4,3.32,3,False,602.8,278,56.839999999999996,1.338793103448276,2.2141176470588233,3.3835616438356166,3.075,0.25763105507631057,0.3122096881220969,0.4097544790975448,0.02040477770404778,False,False,False,False,0.16999356084996778,0.08501594048884166,0.045020242914979754,0.26991869918699185,False,True,False,True
189,1,0,0,0,208.3,106,35.41,236.7,123,20.12,179.1,120,8.06,11.3,5,3.05,3,False,635.4,354,66.64,1.9650943396226417,1.924390243902439,1.4925,2.2600000000000002,0.3278249921309412,0.3725212464589235,0.2818696883852691,0.017784073024866228,False,False,False,False,0.1699951992318771,0.08500211237853825,0.04500279173646008,0.26991150442477874,False,True,False,True
159,1,0,0,0,189.1,105,32.15,246.1,147,20.92,242.0,106,10.89,10.4,5,2.81,1,True,687.6,363,66.77,1.8009523809523809,1.6741496598639456,2.2830188679245285,2.08,0.27501454333915065,0.3579115764979639,0.3519488074461896,0.015125072716695753,False,False,False,False,0.17001586462189316,0.08500609508329948,0.045000000000000005,0.2701923076923077,False,True,False,True
11,0,0,1,24,131.5,98,22.36,230.2,111,19.57,283.7,87,12.77,10.0,3,2.7,2,False,655.4,299,57.400000000000006,1.3418367346938775,2.0738738738738736,3.2609195402298847,3.3333333333333335,0.20064083002746416,0.351235886481538,0.43286542569423253,0.015257857796765334,False,False,False,False,0.1700380228136882,0.08501303214596004,0.04501233697567853,0.27,True,False,True,False
111,0,0,0,0,142.3,75,24.19,122.8,106,10.44,229.5,94,10.33,12.8,9,3.46,2,False,507.40000000000003,284,48.42,1.8973333333333335,1.1584905660377358,2.4414893617021276,1.4222222222222223,0.28044934962554197,0.24201813165155694,0.45230587307843906,0.025226645644461962,False,False,False,False,0.16999297259311313,0.08501628664495114,0.045010893246187365,0.27031249999999996,False,True,False,True
99,0,0,1,19,87.7,103,14.91,223.0,86,18.96,182.3,112,8.2,7.3,4,1.97,2,False,500.3,305,44.040000000000006,0.8514563106796117,2.5930232558139537,1.6276785714285715,1.825,0.1752948231061363,0.4457325604637218,0.36438137117729363,0.01459124525284829,False,False,False,False,0.17001140250855187,0.08502242152466367,0.04498080087767416,0.26986301369863014,True,False,False,True
114,1,1,1,31,174.5,104,29.67,224.2,92,19.06,116.3,91,5.23,12.3,10,3.32,2,False,527.3,297,57.28000000000001,1.6778846153846154,2.4369565217391305,1.278021978021978,1.23,0.33093115873316903,0.4251849042290916,0.22055755736772237,0.02332637967001707,False,False,False,False,0.17002865329512895,0.08501338090990188,0.04496990541702494,0.26991869918699185,True,False,False,True
71,1,0,0,0,103.3,103,17.56,138.5,79,11.77,164.8,98,7.42,9.0,2,2.43,2,False,415.6,282,39.18,1.0029126213592232,1.7531645569620253,1.6816326530612247,4.5,0.24855630413859478,0.3332531280076997,0.3965351299326275,0.02165543792107796,False,False,False,False,0.16999031945788964,0.08498194945848375,0.045024271844660194,0.27,False,True,False,True
100,0,0,1,25,246.6,94,41.92,141.4,112,12.02,189.8,109,8.54,13.0,5,3.51,1,False,590.8,320,65.99,2.623404255319149,1.2625,1.7412844036697248,2.6,0.4174001354096141,0.2393364928909953,0.3212593094109682,0.022004062288422478,False,False,False,False,0.1699918896999189,0.085007072135785,0.044994731296101154,0.26999999999999996,True,False,False,True
83,1,0,1,37,78.5,109,13.35,210.5,101,17.89,179.7,102,8.09,11.8,4,3.19,1,False,480.5,316,42.519999999999996,0.7201834862385321,2.0841584158415842,1.761764705882353,2.95,0.16337148803329865,0.4380853277835588,0.3739854318418314,0.024557752341311134,False,False,False,False,0.1700636942675159,0.08498812351543943,0.04501947690595437,0.2703389830508474,True,False,False,True
64,0,0,0,0,148.1,73,25.18,164.9,101,14.02,216.0,125,9.72,12.3,2,3.32,5,True,541.3,301,52.24,2.028767123287671,1.6326732673267328,1.728,6.15,0.273600591169407,0.30463698503602443,0.39903934971365235,0.022723074080916315,True,False,False,False,0.1700202565833896,0.08502122498483929,0.045000000000000005,0.26991869918699185,False,True,False,True
105,0,0,0,0,206.2,84,35.05,256.4,138,21.79,117.1,91,5.27,9.0,3,2.43,1,False,588.6999999999999,316,64.54,2.4547619047619045,1.8579710144927535,1.2868131868131867,3.0,0.35026329199932055,0.4355359266179718,0.19891285884151522,0.01528792254119246,False,False,False,False,0.16998060135790494,0.08498439937597504,0.04500426985482493,0.27,False,True,False,True
144,1,0,1,33,251.6,87,42.77,197.6,118,16.8,209.2,97,9.41,12.2,3,3.29,2,False,670.6,305,72.27000000000001,2.891954022988506,1.6745762711864407,2.156701030927835,4.066666666666666,0.3751864002385923,0.29466149716671636,0.3119594393080823,0.018192663286609005,False,False,False,False,0.16999205087440383,0.08502024291497977,0.04498087954110899,0.269672131147541,True,False,False,True
106,1,1,1,26,270.3,111,45.95,215.2,90,18.29,254.0,133,11.43,14.4,7,3.89,1,True,753.9,341,79.56000000000002,2.4351351351351354,2.391111111111111,1.9097744360902256,2.0571428571428574,0.3585356148030243,0.28544899854092054,0.3369147101737631,0.01910067648229208,False,False,False,False,0.16999630040695524,0.0849907063197026,0.045,0.2701388888888889,True,False,False,True
19,2,0,1,34,156.6,97,26.62,224.2,97,19.06,260.9,135,11.74,11.3,1,3.05,1,False,652.9999999999999,330,60.47,1.6144329896907217,2.311340206185567,1.9325925925925924,11.3,0.2398162327718224,0.3433384379785605,0.39954058192955594,0.01730474732006126,False,False,False,False,0.1699872286079183,0.08501338090990188,0.04499808355691837,0.26991150442477874,True,False,True,False
46,0,0,0,0,139.4,81,23.7,223.7,113,19.01,173.1,77,7.79,13.6,6,3.67,1,False,549.8000000000001,277,54.17,1.7209876543209877,1.9796460176991149,2.248051948051948,2.2666666666666666,0.25354674427064383,0.4068752273554019,0.3148417606402328,0.02473626773372135,False,False,False,False,0.17001434720229555,0.08497988377291016,0.045002888503755056,0.2698529411764706,False,True,False,True
127,2,0,0,0,220.2,108,37.43,188.4,124,16.01,172.7,113,7.77,11.7,3,3.16,2,False,593.0,348,64.36999999999999,2.0388888888888888,1.5193548387096774,1.5283185840707965,3.9,0.37133220910623943,0.31770657672849917,0.2912310286677909,0.01973018549747049,False,False,False,False,0.16998183469573117,0.0849787685774947,0.04499131441806601,0.2700854700854701,False,True,False,True
9,1,0,1,39,214.1,108,36.4,169.2,115,14.38,189.7,117,8.54,10.1,3,2.73,1,False,583.1,343,62.05,1.9824074074074074,1.4713043478260868,1.6213675213675214,3.3666666666666667,0.3671754416052135,0.29017321214199965,0.3253301320528211,0.017321214199965698,False,False,False,False,0.170014012143858,0.08498817966903074,0.045018450184501846,0.2702970297029703,True,False,True,False
157,1,0,0,0,196.0,74,33.32,213.4,96,18.14,196.8,81,8.86,7.9,6,2.13,1,False,614.1,257,62.45,2.6486486486486487,2.222916666666667,2.4296296296296296,1.3166666666666667,0.3191662595668458,0.3475004070998209,0.32046897899364923,0.012864354339684091,False,False,False,False,0.17,0.08500468603561387,0.045020325203252026,0.26962025316455696,False,True,False,True
105,1,0,0,0,106.4,71,18.09,240.1,83,20.41,147.7,114,6.65,5.3,4,1.43,6,True,499.5,272,46.58,1.4985915492957746,2.8927710843373493,1.2956140350877192,1.325,0.21301301301301304,0.48068068068068065,0.29569569569569565,0.01061061061061061,True,False,False,False,0.17001879699248118,0.08500624739691795,0.04502369668246446,0.269811320754717,False,True,False,True
31,1,0,0,0,177.3,129,30.14,152.8,105,12.99,162.9,92,7.33,5.1,2,1.38,0,False,498.1,328,51.84,1.3744186046511628,1.4552380952380954,1.7706521739130436,2.55,0.35595261995583216,0.306765709696848,0.3270427624974905,0.010238907849829351,False,False,False,False,0.16999435984207556,0.0850130890052356,0.044996930632289746,0.27058823529411763,False,True,False,True
95,0,0,1,32,262.2,123,44.57,165.2,82,14.04,194.3,57,8.74,10.6,5,2.86,0,False,632.3000000000001,267,70.21,2.131707317073171,2.0146341463414634,3.4087719298245616,2.12,0.41467657757393633,0.2612683852601613,0.3072908429542938,0.01676419421160841,False,False,False,False,0.16998474446987033,0.08498789346246974,0.04498198661863098,0.269811320754717,True,False,False,True
132,1,0,0,0,193.3,106,32.86,128.3,94,10.91,162.1,119,7.29,11.6,4,3.13,5,True,495.30000000000007,323,54.19,1.8235849056603775,1.3648936170212767,1.3621848739495799,2.9,0.3902685241267918,0.2590349283262669,0.32727639814253984,0.023420149404401368,True,False,True,False,0.1699948266942576,0.08503507404520654,0.04497223935842073,0.26982758620689656,False,True,False,True
119,0,0,1,24,217.2,94,36.92,138.7,52,11.79,139.3,85,6.27,11.3,4,3.05,0,False,506.5,235,58.03,2.31063829787234,2.667307692307692,1.6388235294117648,2.825,0.42882527147087857,0.27384007897334645,0.2750246791707799,0.022309970384995065,False,False,False,False,0.1699815837937385,0.08500360490266763,0.04501076812634601,0.26991150442477874,True,False,False,True
16,0,0,0,0,209.5,89,35.62,172.8,85,14.69,94.1,102,4.23,8.8,4,2.38,1,False,485.2,280,56.919999999999995,2.353932584269663,2.0329411764705885,0.9225490196078431,2.2,0.4317807089859852,0.3561417971970322,0.19394064303380049,0.018136850783182196,False,False,False,False,0.17002386634844868,0.08501157407407406,0.04495217853347503,0.27045454545454545,False,True,True,False
99,0,0,0,0,95.4,105,16.22,207.2,101,17.61,136.0,117,6.12,5.6,5,1.51,1,False,444.20000000000005,328,41.459999999999994,0.9085714285714286,2.0514851485148515,1.1623931623931625,1.1199999999999999,0.21476812246735705,0.46645655110310663,0.30616839261593876,0.012606933813597477,False,False,False,False,0.17002096436058697,0.08499034749034749,0.045,0.2696428571428572,False,True,False,True
76,0,0,1,26,214.6,110,36.48,205.2,87,17.44,134.6,140,6.06,8.1,2,2.19,1,False,562.5,339,62.17,1.950909090909091,2.3586206896551722,0.9614285714285714,4.05,0.3815111111111111,0.36479999999999996,0.23928888888888888,0.0144,False,False,False,False,0.1699906803355079,0.08499025341130606,0.0450222882615156,0.27037037037037037,True,False,False,True
167,1,0,0,0,131.6,120,22.37,211.3,96,17.96,168.3,97,7.57,11.1,4,3.0,4,True,522.3,317,50.9,1.0966666666666667,2.201041666666667,1.7350515463917526,2.775,0.25196247367413366,0.40455676814091523,0.3222286042504308,0.02125215393452039,False,False,False,False,0.16998480243161096,0.08499763369616659,0.044979203802733216,0.2702702702702703,False,True,False,True
129,1,0,0,0,168.4,117,28.63,217.1,129,18.45,81.6,100,3.67,11.8,7,3.19,1,False,478.90000000000003,353,53.94,1.4393162393162393,1.6829457364341085,0.816,1.6857142857142857,0.35163917310503234,0.4533305491751931,0.17039047817916056,0.024639799540613908,False,False,False,False,0.17001187648456056,0.08498387839705204,0.04497549019607843,0.2703389830508474,False,True,False,True
116,0,0,0,0,146.4,123,24.89,176.6,113,15.01,212.6,102,9.57,7.8,5,2.11,1,False,543.4,343,51.58,1.1902439024390243,1.5628318584070795,2.0843137254901962,1.56,0.26941479573058524,0.3249907986750092,0.3912403386087597,0.014354066985645933,False,False,False,False,0.17001366120218578,0.08499433748584372,0.04501411100658514,0.2705128205128205,False,True,False,True
60,1,1,0,0,183.0,110,31.11,206.7,93,17.57,203.8,119,9.17,11.1,6,3.0,1,False,604.6,328,60.85,1.6636363636363636,2.2225806451612904,1.7126050420168069,1.8499999999999999,0.30267945749255704,0.34187892821700294,0.3370823685081045,0.01835924578233543,False,False,False,True,0.16999999999999998,0.08500241896468312,0.04499509322865554,0.2702702702702703,False,True,False,True
47,0,0,1,28,112.2,70,19.07,154.8,106,13.16,166.7,105,7.5,10.6,2,2.86,0,False,444.3,283,42.59,1.602857142857143,1.4603773584905662,1.5876190476190475,5.3,0.2525320729237002,0.3484132343011479,0.37519693900517664,0.023857753769975242,False,False,False,False,0.16996434937611407,0.08501291989664082,0.04499100179964007,0.269811320754717,True,False,False,True
40,2,1,0,0,170.7,55,29.02,179.1,108,15.22,281.9,89,12.69,8.2,9,2.21,3,False,639.9,261,59.14,3.1036363636363635,1.6583333333333332,3.1674157303370785,0.911111111111111,0.26676043131739335,0.279887482419128,0.4405375839974996,0.012814502265979058,False,False,False,True,0.1700058582308143,0.08498045784477946,0.04501596310748492,0.26951219512195124,False,True,False,True
173,2,0,0,0,172.5,78,29.33,142.6,91,12.12,102.0,63,4.59,10.9,2,2.94,0,False,428.0,234,48.97999999999999,2.2115384615384617,1.567032967032967,1.619047619047619,5.45,0.4030373831775701,0.33317757009345794,0.2383177570093458,0.02546728971962617,False,False,False,False,0.17002898550724638,0.0849929873772791,0.045,0.2697247706422018,False,True,False,True
157,2,0,1,30,194.3,107,33.03,243.2,108,20.67,322.2,114,14.5,7.1,5,1.92,1,False,766.8000000000001,334,70.12,1.8158878504672897,2.2518518518518515,2.826315789473684,1.42,0.2533907146583203,0.31716223265519033,0.42018779342723,0.009259259259259259,False,False,False,False,0.16999485331960884,0.08499177631578948,0.04500310366232154,0.27042253521126763,True,False,False,True
66,0,0,1,32,187.8,117,31.93,129.8,90,11.03,132.3,113,5.95,12.0,3,3.24,2,False,461.90000000000003,323,52.150000000000006,1.6051282051282052,1.4422222222222223,1.1707964601769913,4.0,0.40658151114959945,0.28101320632171467,0.2864256332539511,0.025979649274734787,False,False,False,False,0.17002129925452608,0.08497688751926039,0.04497354497354497,0.27,True,False,False,True
50,1,1,1,26,307.1,94,52.21,289.4,78,24.6,174.9,109,7.87,8.0,3,2.16,0,False,779.4,284,86.84,3.2670212765957447,3.71025641025641,1.6045871559633027,2.6666666666666665,0.3940210418270465,0.3713112650756992,0.2244033872209392,0.010264305876315114,False,False,False,False,0.17000976880494953,0.08500345542501729,0.04499714122355632,0.27,True,False,False,True
72,1,0,0,0,118.2,106,20.09,167.2,136,14.21,214.2,106,9.64,12.2,3,3.29,3,False,511.79999999999995,351,47.23,1.1150943396226416,1.2294117647058822,2.020754716981132,4.066666666666666,0.23094958968347012,0.3266901133255178,0.41852286049237986,0.023837436498632278,False,False,False,False,0.16996615905245346,0.08498803827751197,0.045004668534080305,0.269672131147541,False,True,False,True
130,2,0,0,0,154.0,95,26.18,205.9,106,17.5,233.7,75,10.52,12.9,1,3.48,1,False,606.4999999999999,277,57.68,1.6210526315789473,1.9424528301886792,3.1159999999999997,12.9,0.25391591096455074,0.33948887056883764,0.385325638911789,0.021269579554822757,False,False,False,False,0.16999999999999998,0.08499271491015056,0.04501497646555413,0.2697674418604651,False,True,False,True
143,0,0,0,0,155.5,101,26.44,213.4,89,18.14,237.9,61,10.71,7.6,11,2.05,1,False,614.4,262,57.339999999999996,1.5396039603960396,2.397752808988764,3.9,0.6909090909090909,0.2530924479166667,0.3473307291666667,0.38720703125,0.012369791666666666,False,False,False,False,0.17003215434083602,0.08500468603561387,0.04501891551071879,0.26973684210526316,False,True,False,True
32,0,0,0,0,157.9,88,26.84,180.8,132,15.37,132.5,102,5.96,12.8,3,3.46,1,False,484.00000000000006,325,51.63,1.794318181818182,1.3696969696969699,1.2990196078431373,4.266666666666667,0.3262396694214876,0.37355371900826445,0.27376033057851235,0.026446280991735537,False,False,False,False,0.16998100063331223,0.08501106194690264,0.0449811320754717,0.27031249999999996,False,True,False,True
166,1,0,0,0,203.4,81,34.58,167.7,110,14.25,132.0,124,5.94,9.2,5,2.48,2,False,512.3000000000001,320,57.24999999999999,2.511111111111111,1.5245454545454544,1.064516129032258,1.8399999999999999,0.39703298848331053,0.32734725746632826,0.25766152644934603,0.017958227601015026,False,False,False,False,0.17000983284169124,0.08497316636851521,0.045000000000000005,0.26956521739130435,False,True,False,True
72,0,0,1,39,92.8,98,15.78,271.2,115,23.05,167.1,83,7.52,5.8,7,1.57,1,False,536.9,303,47.919999999999995,0.946938775510204,2.358260869565217,2.013253012048193,0.8285714285714285,0.17284410504749487,0.5051219966474204,0.3112311417396163,0.01080275656546843,False,False,False,False,0.17004310344827586,0.08499262536873158,0.045002992220227404,0.27068965517241383,True,False,False,True
134,1,0,1,32,216.8,78,36.86,102.2,111,8.69,174.0,83,7.83,8.6,2,2.32,0,False,501.6,274,55.699999999999996,2.77948717948718,0.9207207207207208,2.0963855421686746,4.3,0.43221690590111644,0.20374800637958532,0.34688995215311,0.017145135566188196,False,False,False,False,0.17001845018450185,0.08502935420743639,0.045,0.2697674418604651,True,False,False,True
13,1,0,0,0,193.2,89,32.84,194.4,90,16.52,186.5,104,8.39,9.7,2,2.62,4,False,583.8000000000001,285,60.37,2.1707865168539326,2.16,1.7932692307692308,4.85,0.3309352517985611,0.33299075025693725,0.31945871873929427,0.01661527920520726,False,False,False,False,0.16997929606625262,0.08497942386831275,0.04498659517426274,0.2701030927835052,False,True,True,False
90,1,0,0,0,113.2,108,19.24,189.3,63,16.09,271.8,124,12.23,14.1,4,3.81,3,False,588.4,299,51.370000000000005,1.0481481481481483,3.0047619047619047,2.1919354838709677,3.525,0.19238613188307274,0.32171991842284164,0.4619306594153637,0.023963290278721957,False,False,False,False,0.16996466431095406,0.0849973586899102,0.04499632082413539,0.2702127659574468,False,True,False,True
111,1,0,1,36,166.2,54,28.25,238.8,109,20.3,108.8,92,4.9,11.2,2,3.02,3,False,525.0,257,56.47,3.0777777777777775,2.1908256880733945,1.182608695652174,5.6,0.31657142857142856,0.4548571428571429,0.20723809523809522,0.021333333333333333,False,False,False,False,0.1699759326113117,0.08500837520938023,0.04503676470588236,0.2696428571428572,True,False,False,True
101,0,0,1,23,262.2,101,44.57,157.0,80,13.35,129.1,100,5.81,7.3,14,1.97,1,False,555.5999999999999,295,65.7,2.596039603960396,1.9625,1.291,0.5214285714285715,0.47192224622030243,0.2825773938084954,0.23236141108711306,0.013138948884089275,False,False,False,False,0.16998474446987033,0.08503184713375796,0.04500387296669248,0.26986301369863014,True,False,False,True
72,1,0,0,0,207.8,92,35.33,195.7,110,16.63,184.8,124,8.32,13.1,4,3.54,0,False,601.4,330,63.81999999999999,2.258695652173913,1.779090909090909,1.4903225806451614,3.275,0.3455271034253409,0.32540738277352843,0.30728300631859,0.02178250748254074,False,False,False,False,0.17001924927815204,0.08497700562084824,0.04502164502164502,0.2702290076335878,False,True,False,True
67,2,0,1,35,245.4,89,41.72,148.2,102,12.6,274.0,136,12.33,7.5,6,2.03,1,False,675.1,333,68.68,2.757303370786517,1.4529411764705882,2.014705882352941,1.25,0.36350170345134053,0.21952303362464817,0.40586579765960595,0.011109465264405273,False,False,False,False,0.1700081499592502,0.08502024291497975,0.045,0.27066666666666667,True,False,False,True
172,0,0,0,0,287.1,108,48.81,178.4,125,15.16,153.2,98,6.89,14.4,2,3.89,3,True,633.1,333,74.75,2.6583333333333337,1.4272,1.5632653061224488,7.2,0.4534828621070921,0.28178802716790396,0.24198388880113725,0.022745221923866688,False,False,False,False,0.17001044932079415,0.08497757847533632,0.04497389033942559,0.2701388888888889,False,True,False,True
154,2,0,1,32,192.3,82,32.69,165.3,134,14.05,205.0,74,9.23,9.0,1,2.43,2,False,571.6,291,58.4,2.3451219512195123,1.233582089552239,2.77027027027027,9.0,0.33642407277816655,0.28918824352694195,0.35864240727781665,0.015745276417074877,False,False,False,False,0.16999479979199167,0.08499697519661222,0.045024390243902444,0.27,True,False,False,True
69,2,0,0,0,194.2,122,33.01,242.1,81,20.58,215.8,80,9.71,9.7,3,2.62,2,False,661.8,286,65.92,1.5918032786885246,2.988888888888889,2.6975000000000002,3.233333333333333,0.29344212753097615,0.3658204895738894,0.3260803868238139,0.01465699607132064,False,False,False,False,0.1699794026776519,0.08500619578686493,0.04499536607970343,0.2701030927835052,False,True,False,True
123,1,0,0,0,211.0,92,35.87,217.0,102,18.45,214.8,104,9.67,9.8,7,2.65,3,False,652.5999999999999,305,66.64,2.2934782608695654,2.127450980392157,2.0653846153846156,1.4000000000000001,0.3233220962304628,0.3325160894882011,0.3291449586270304,0.015016855654305857,False,False,False,False,0.16999999999999998,0.08502304147465438,0.04501862197392923,0.2704081632653061,False,True,False,True
130,1,0,1,12,141.9,92,24.12,228.9,102,19.46,195.1,101,8.78,8.7,5,2.35,0,False,574.6,300,54.71,1.5423913043478261,2.2441176470588236,1.9316831683168316,1.7399999999999998,0.24695440306300034,0.3983640793595545,0.33954054994778976,0.015140967629655411,False,False,False,False,0.16997885835095136,0.08501529051987768,0.04500256278831368,0.2701149425287357,True,False,False,True
142,1,0,1,26,220.5,94,37.49,239.5,126,20.36,254.3,109,11.44,5.9,9,1.59,2,False,720.1999999999999,338,70.88000000000001,2.345744680851064,1.9007936507936507,2.33302752293578,0.6555555555555556,0.30616495417939465,0.3325465148569842,0.3530963621216329,0.008192168841988338,False,False,False,False,0.17002267573696145,0.08501043841336117,0.04498623672827369,0.2694915254237288,True,False,False,True
87,0,0,1,28,143.5,106,24.4,223.5,147,19.0,175.4,69,7.89,11.2,5,3.02,0,False,553.6,327,54.31,1.3537735849056605,1.5204081632653061,2.5420289855072467,2.2399999999999998,0.2592124277456647,0.4037210982658959,0.3168352601156069,0.020231213872832367,False,False,False,False,0.1700348432055749,0.08501118568232663,0.04498289623717217,0.2696428571428572,True,False,False,True
149,1,0,0,0,156.0,56,26.52,56.0,116,4.76,163.3,104,7.35,8.9,8,2.4,0,False,384.2,284,41.03,2.7857142857142856,0.4827586206896552,1.5701923076923079,1.1125,0.4060385216033316,0.14575741801145237,0.42503904216553884,0.023165018219677255,False,False,False,False,0.16999999999999998,0.08499999999999999,0.045009185548071026,0.2696629213483146,False,True,False,True
146,0,1,0,0,160.1,63,27.22,208.4,112,17.71,177.6,98,7.99,9.2,3,2.48,2,False,555.3000000000001,276,55.4,2.541269841269841,1.8607142857142858,1.8122448979591836,3.0666666666666664,0.28831262380695116,0.37529263461192147,0.31982712047541867,0.016567621105708624,False,False,False,True,0.17001873828856964,0.08498080614203456,0.044988738738738744,0.26956521739130435,False,True,False,True
88,1,1,0,0,235.1,98,39.97,251.8,79,21.4,285.9,76,12.87,7.2,2,1.94,4,True,780.0,255,76.17999999999999,2.3989795918367345,3.187341772151899,3.7618421052631574,3.6,0.3014102564102564,0.32282051282051283,0.36653846153846154,0.009230769230769232,False,False,False,True,0.17001276052743514,0.08498808578236695,0.045015739769150055,0.26944444444444443,False,True,False,True
48,2,0,0,0,188.4,63,32.03,165.9,89,14.1,205.7,71,9.26,13.2,2,3.56,1,False,573.2,225,58.95,2.9904761904761905,1.8640449438202247,2.897183098591549,6.6,0.3286810886252617,0.2894277739009072,0.35886252616887643,0.02302861130495464,False,False,False,False,0.17001061571125264,0.08499095840867993,0.04501701507049101,0.2696969696969697,False,True,False,True
135,1,0,0,0,194.8,97,33.12,235.3,118,20.0,174.4,126,7.85,11.0,3,2.97,1,False,615.5,344,63.94,2.0082474226804123,1.9940677966101696,1.384126984126984,3.6666666666666665,0.31649065800162474,0.3822908204711617,0.2833468724614135,0.017871649065800164,False,False,False,False,0.17002053388090346,0.08499787505312367,0.04501146788990825,0.27,False,True,False,True
100,2,0,0,0,247.8,117,42.13,130.0,95,11.05,134.3,125,6.04,6.9,2,1.86,1,False,519.0,339,61.080000000000005,2.117948717948718,1.368421052631579,1.0744,3.45,0.47745664739884397,0.2504816955684008,0.2587668593448941,0.013294797687861272,False,False,False,False,0.17001614205004037,0.085,0.04497393894266567,0.26956521739130435,False,True,False,True
98,1,0,0,0,221.2,80,37.6,213.6,104,18.16,291.8,89,13.13,11.9,3,3.21,4,False,738.4999999999999,276,72.1,2.7649999999999997,2.0538461538461537,3.2786516853932586,3.966666666666667,0.29952606635071094,0.28923493568043335,0.3951252538930265,0.016113744075829387,False,False,False,False,0.16998191681735986,0.0850187265917603,0.0449965729952022,0.26974789915966385,False,True,False,True
75,2,0,1,26,118.5,86,20.15,213.9,118,18.18,132.6,99,5.97,13.4,3,3.62,2,False,478.4,306,47.919999999999995,1.377906976744186,1.8127118644067797,1.3393939393939394,4.466666666666667,0.24770066889632109,0.44711538461538464,0.27717391304347827,0.028010033444816056,False,False,False,False,0.170042194092827,0.0849929873772791,0.04502262443438914,0.2701492537313433,True,False,False,True
180,1,0,1,33,231.8,78,39.41,232.9,79,19.8,206.9,121,9.31,7.6,4,2.05,1,False,679.2,282,70.57,2.971794871794872,2.948101265822785,1.709917355371901,1.9,0.341283863368669,0.34290341578327443,0.30462308598351,0.011189634864546523,False,False,False,False,0.17001725625539255,0.0850150279089738,0.04499758337361044,0.26973684210526316,True,False,False,True
100,1,0,1,25,215.9,90,36.7,257.9,92,21.92,180.2,157,8.11,11.6,4,3.13,1,False,665.6,343,69.86,2.398888888888889,2.803260869565217,1.1477707006369426,2.9,0.32436899038461536,0.38746995192307687,0.2707331730769231,0.017427884615384616,False,False,False,False,0.16998610467809172,0.08499418379216753,0.04500554938956715,0.26982758620689656,True,False,False,True
119,1,0,1,35,217.1,92,36.91,220.8,134,18.77,249.5,93,11.23,8.0,5,2.16,2,False,695.4,324,69.07,2.359782608695652,1.6477611940298509,2.682795698924731,1.6,0.3121944204774231,0.31751509922346854,0.3587863100373886,0.011504170261719874,False,False,False,False,0.17001381851681252,0.08500905797101449,0.04501002004008016,0.27,True,False,False,True
155,0,0,1,39,183.3,106,31.16,205.1,101,17.43,263.7,90,11.87,5.1,7,1.38,1,False,657.1999999999999,304,61.84,1.729245283018868,2.0306930693069307,2.9299999999999997,0.7285714285714285,0.2789105295191723,0.3120815581253804,0.40124771758977484,0.00776019476567255,False,False,False,False,0.16999454446262957,0.08498293515358361,0.045013272658323854,0.27058823529411763,True,False,False,True
78,1,1,0,0,236.8,141,40.26,265.3,101,22.55,152.4,77,6.86,9.5,2,2.57,1,True,664.0,321,72.24,1.6794326241134752,2.626732673267327,1.9792207792207792,4.75,0.3566265060240964,0.39954819277108433,0.22951807228915663,0.01430722891566265,False,False,False,True,0.17001689189189187,0.08499811534112325,0.045013123359580055,0.27052631578947367,False,True,False,True
153,1,0,0,0,193.8,90,32.95,195.3,121,16.6,182.7,108,8.22,8.5,3,2.3,1,False,580.3,322,60.07,2.1533333333333333,1.6140495867768596,1.6916666666666667,2.8333333333333335,0.33396519041874895,0.33655006031363094,0.3148371531966224,0.01464759607099776,False,False,False,False,0.17002063983488133,0.08499743983614952,0.04499178981937603,0.27058823529411763,False,True,False,True
154,1,0,0,0,191.4,93,32.54,205.4,119,17.46,205.7,121,9.26,10.2,3,2.75,3,False,612.7,336,62.01,2.0580645161290323,1.7260504201680673,1.7,3.4,0.31238779174147213,0.33523747347804794,0.3357271095152603,0.01664762526521952,False,False,False,False,0.17001044932079415,0.08500486854917234,0.04501701507049101,0.26960784313725494,False,True,False,True
48,0,0,0,0,275.2,67,46.78,180.2,108,15.32,159.0,110,7.15,7.9,2,2.13,1,False,622.3,287,71.38,4.107462686567164,1.6685185185185185,1.4454545454545455,3.95,0.44223043548127916,0.28957094648883175,0.2555037763136751,0.012694841716214047,False,False,False,False,0.16998546511627907,0.08501664816870146,0.0449685534591195,0.26962025316455696,False,True,False,True
94,0,0,0,0,174.0,85,29.58,241.1,114,20.49,207.8,94,9.35,7.9,1,2.13,1,False,630.8000000000001,294,61.55,2.0470588235294116,2.114912280701754,2.2106382978723405,7.9,0.27584020291693084,0.38221306277742545,0.32942295497780594,0.012523779327837666,False,False,False,False,0.16999999999999998,0.08498548320199087,0.04499518768046198,0.26962025316455696,False,True,False,True
139,1,0,0,0,165.0,132,28.05,249.7,86,21.22,170.3,128,7.66,12.6,8,3.4,1,False,597.6,354,60.32999999999999,1.25,2.903488372093023,1.33046875,1.575,0.2761044176706827,0.4178380187416332,0.28497322623828647,0.02108433734939759,False,False,False,False,0.17,0.08498197837404886,0.044979448032883146,0.2698412698412698,False,True,False,True
126,1,0,0,0,228.7,102,38.88,168.7,99,14.34,223.5,100,10.06,11.8,4,3.19,1,False,632.6999999999999,305,66.47,2.242156862745098,1.704040404040404,2.235,2.95,0.36146672988778256,0.26663505610874033,0.35324798482693226,0.01865022917654497,False,False,False,False,0.170004372540446,0.08500296384113812,0.04501118568232662,0.2703389830508474,False,True,False,True
122,1,0,0,0,107.9,88,18.34,235.8,109,20.04,228.6,119,10.29,9.5,3,2.57,2,False,581.8000000000001,319,51.239999999999995,1.2261363636363638,2.163302752293578,1.9210084033613446,3.1666666666666665,0.18545892059126848,0.4052939154348573,0.39291852870402194,0.01632863526985218,False,False,False,False,0.16997219647822057,0.08498727735368956,0.04501312335958005,0.27052631578947367,False,True,False,True
131,1,0,1,28,249.6,87,42.43,227.2,138,19.31,239.9,92,10.8,7.6,3,2.05,3,False,724.3,320,74.58999999999999,2.8689655172413793,1.6463768115942028,2.607608695652174,2.533333333333333,0.34460858760182245,0.3136821758939666,0.331216346817617,0.010492889686593954,False,False,False,False,0.1699919871794872,0.0849911971830986,0.045018757815756566,0.26973684210526316,True,False,False,True
36,2,0,0,0,178.6,83,30.36,213.1,103,18.11,198.0,119,8.91,10.9,5,2.94,1,False,600.6,310,60.31999999999999,2.1518072289156627,2.0689320388349515,1.6638655462184875,2.18,0.29736929736929735,0.3548118548118548,0.32967032967032966,0.018148518148518148,False,False,False,False,0.16998880179171333,0.08498357578601595,0.045,0.2697247706422018,False,True,False,True
180,2,0,0,0,139.0,96,23.63,224.9,64,19.12,170.8,118,7.69,15.7,5,4.24,2,False,550.4000000000001,283,54.68,1.4479166666666667,3.5140625,1.4474576271186441,3.1399999999999997,0.25254360465116277,0.4086119186046511,0.31031976744186046,0.028524709302325577,False,False,False,False,0.16999999999999998,0.08501556247220987,0.04502341920374707,0.270063694267516,False,True,False,True
25,1,0,0,0,134.3,98,22.83,202.3,109,17.2,195.9,100,8.82,12.6,5,3.4,2,False,545.1,312,52.25,1.3704081632653062,1.8559633027522937,1.959,2.52,0.2463768115942029,0.3711245643001284,0.3593835993395707,0.02311502476609796,False,False,False,False,0.16999255398361873,0.08502224419179435,0.045022970903522204,0.2698412698412698,False,True,True,False
120,1,0,0,0,178.4,97,30.33,168.3,113,14.31,120.5,93,5.42,9.3,9,2.51,1,False,476.50000000000006,312,52.57,1.839175257731959,1.4893805309734514,1.2956989247311828,1.0333333333333334,0.3743966421825813,0.3532004197271773,0.2528856243441763,0.01951731374606506,False,False,False,False,0.17001121076233183,0.08502673796791443,0.04497925311203319,0.2698924731182795,False,True,False,True
109,2,0,0,0,170.7,101,29.02,240.2,82,20.42,119.0,112,5.36,11.4,4,3.08,2,False,541.3,299,57.879999999999995,1.69009900990099,2.9292682926829268,1.0625,2.85,0.3153519305375947,0.44374653611675596,0.2198411232218733,0.0210604101237761,False,False,False,False,0.1700058582308143,0.08501248959200668,0.04504201680672269,0.27017543859649124,False,True,False,True
162,2,0,1,33,184.5,139,31.37,183.2,78,15.57,127.4,106,5.73,12.3,6,3.32,0,False,507.40000000000003,329,55.99,1.3273381294964028,2.3487179487179484,1.2018867924528303,2.0500000000000003,0.3636184469846275,0.3610563657863618,0.2510839574300355,0.024241229798975167,False,False,False,False,0.1700271002710027,0.08498908296943232,0.044976452119309264,0.26991869918699185,True,False,False,True
124,2,0,1,37,161.2,109,27.4,204.2,79,17.36,231.5,87,10.42,8.9,4,2.4,1,False,605.8,279,57.58,1.4788990825688073,2.5848101265822785,2.660919540229885,2.225,0.26609442060085836,0.3370749422251568,0.3821393199075603,0.014691317266424564,False,False,False,False,0.16997518610421836,0.08501469147894221,0.04501079913606911,0.2696629213483146,True,False,False,True
177,0,0,0,0,84.9,77,14.43,257.5,109,21.89,210.5,66,9.47,7.5,5,2.03,2,False,560.4,257,47.82,1.1025974025974026,2.3623853211009176,3.1893939393939394,1.5,0.15149892933618844,0.45949321912919344,0.37562455389007854,0.013383297644539615,False,False,False,False,0.16996466431095406,0.08500970873786408,0.04498812351543943,0.27066666666666667,False,True,False,True
91,2,0,0,0,217.9,71,37.04,230.1,116,19.56,232.1,110,10.44,10.6,2,2.86,1,False,690.7,299,69.89999999999999,3.0690140845070424,1.9836206896551725,2.11,5.3,0.3154770522658173,0.3331402924569277,0.3360359056030114,0.01534674967424352,False,False,False,False,0.1699862322166131,0.08500651890482398,0.04498061180525635,0.269811320754717,False,True,False,True
105,0,0,0,0,270.9,98,46.05,226.2,110,19.23,178.8,60,8.05,8.8,5,2.38,0,True,684.6999999999999,273,75.71,2.7642857142857142,2.056363636363636,2.98,1.7600000000000002,0.39564772893237915,0.33036366291806635,0.2611362640572514,0.012852344092303201,False,False,False,False,0.1699889258028793,0.08501326259946951,0.045022371364653244,0.27045454545454545,False,True,False,True
24,2,0,0,0,243.0,91,41.31,183.9,77,15.63,184.3,109,8.29,15.3,6,4.13,0,True,626.5,283,69.36,2.67032967032967,2.3883116883116884,1.6908256880733945,2.5500000000000003,0.38786911412609737,0.2935355147645651,0.2941739824421389,0.024421388667198726,False,False,False,False,0.17,0.08499184339314846,0.04498100922409115,0.2699346405228758,False,True,True,False
86,0,0,0,0,126.3,115,21.47,168.8,112,14.35,154.6,95,6.96,9.8,7,2.65,2,False,459.50000000000006,329,45.43,1.0982608695652174,1.5071428571428573,1.6273684210526316,1.4000000000000001,0.27486398258977146,0.3673558215451578,0.3364526659412404,0.02132752992383025,False,False,False,False,0.16999208234362628,0.08501184834123222,0.04501940491591203,0.2704081632653061,False,True,False,True
91,2,0,0,0,159.0,109,27.03,255.1,142,21.68,82.4,73,3.71,10.1,4,2.73,0,False,506.6,328,55.15,1.4587155963302751,1.7964788732394366,1.1287671232876713,2.525,0.31385708645874455,0.5035530990919858,0.1626529806553494,0.01993683379392025,False,False,False,False,0.17,0.08498627989023912,0.045024271844660194,0.2702970297029703,False,True,False,True
147,1,1,1,24,219.9,118,37.38,208.5,116,17.72,352.5,111,15.86,8.1,4,2.19,3,False,789.0,349,73.15,1.8635593220338984,1.7974137931034482,3.175675675675676,2.025,0.27870722433460077,0.26425855513307983,0.4467680608365019,0.01026615969581749,False,False,False,False,0.16998635743519783,0.08498800959232614,0.04499290780141844,0.27037037037037037,True,False,False,True
108,2,0,1,34,162.1,83,27.56,171.8,117,14.6,259.8,76,11.69,9.6,3,2.59,4,True,603.3000000000001,279,56.44,1.953012048192771,1.4683760683760685,3.418421052631579,3.1999999999999997,0.26868887783855455,0.2847671142052047,0.4306315266036797,0.015912481352560914,False,False,False,False,0.17001850709438618,0.0849825378346915,0.044996150885296377,0.26979166666666665,True,False,False,True
159,2,0,0,0,198.8,107,33.8,195.5,91,16.62,213.3,120,9.6,16.5,7,4.46,5,False,624.1,325,64.48,1.857943925233645,2.1483516483516483,1.7775,2.357142857142857,0.31853869572183946,0.3132510815574427,0.34177215189873417,0.026438070821983656,True,False,True,False,0.17002012072434605,0.08501278772378518,0.045007032348804495,0.2703030303030303,False,True,False,True
136,2,1,0,0,256.8,90,43.66,230.1,104,19.56,143.6,82,6.46,9.1,10,2.46,3,False,639.6,286,72.13999999999999,2.8533333333333335,2.2125,1.751219512195122,0.9099999999999999,0.40150093808630394,0.3597560975609756,0.22451532207629768,0.014227642276422764,False,False,False,True,0.1700155763239875,0.08500651890482398,0.04498607242339833,0.2703296703296703,False,True,False,True
45,0,0,1,38,196.8,92,33.46,254.2,108,21.61,261.8,85,11.78,7.7,2,2.08,1,False,720.5,287,68.92999999999999,2.139130434782609,2.3537037037037036,3.08,3.85,0.2731436502428869,0.35281054823039554,0.3633587786259542,0.010687022900763359,False,False,False,False,0.17002032520325203,0.08501180173092053,0.044996180290297935,0.2701298701298701,True,False,False,True
122,1,0,0,0,140.1,120,23.82,231.4,128,19.67,188.1,127,8.46,11.2,5,3.02,2,False,570.8000000000001,380,54.970000000000006,1.1675,1.8078125,1.4811023622047244,2.2399999999999998,0.24544498948843724,0.40539593552908193,0.32953749124036436,0.019621583742116325,False,False,False,False,0.17002141327623127,0.08500432152117546,0.044976076555023926,0.2696428571428572,False,True,False,True
138,1,0,0,0,194.3,83,33.03,189.9,97,16.14,232.2,102,10.45,9.0,3,2.43,5,False,625.4000000000001,285,62.050000000000004,2.3409638554216867,1.9577319587628867,2.276470588235294,3.0,0.3106811640550048,0.3036456667732651,0.3712823792772625,0.01439078989446754,True,False,True,False,0.16999485331960884,0.08499210110584518,0.04500430663221361,0.27,False,True,False,True
132,1,0,0,0,117.6,66,19.99,214.0,108,18.19,239.5,94,10.78,8.8,5,2.38,1,False,579.9,273,51.34,1.7818181818181817,1.9814814814814814,2.547872340425532,1.7600000000000002,0.20279358510087947,0.369029142955682,0.41300224176582173,0.015175030177616832,False,False,False,False,0.16998299319727891,0.085,0.045010438413361165,0.27045454545454545,False,True,False,True
58,2,0,0,0,243.1,105,41.33,231.4,108,19.67,180.9,120,8.14,7.8,4,2.11,2,False,663.1999999999999,337,71.25,2.315238095238095,2.142592592592593,1.5075,1.95,0.366556091676719,0.3489143546441496,0.2727683956574186,0.011761158021712908,False,False,False,False,0.17001234060057588,0.08500432152117546,0.04499723604201216,0.2705128205128205,False,True,False,True
81,1,0,0,0,145.4,132,24.72,129.3,91,10.99,186.4,109,8.39,5.2,4,1.4,1,False,466.3,336,45.5,1.1015151515151516,1.420879120879121,1.7100917431192661,1.3,0.31181642719279434,0.27728929873472014,0.39974265494316963,0.011151619129315891,False,False,False,False,0.17001375515818432,0.08499613302397524,0.04501072961373391,0.2692307692307692,False,True,False,True
87,1,0,0,0,169.1,105,28.75,169.9,102,14.44,244.9,106,11.02,9.9,10,2.67,3,False,593.8,323,56.879999999999995,1.6104761904761904,1.665686274509804,2.310377358490566,0.99,0.28477601886156956,0.28612327382957226,0.4124284270798249,0.016672280229033345,False,False,False,False,0.17001774098166766,0.08499117127722189,0.044997958350347075,0.26969696969696966,False,True,False,True
116,2,0,0,0,229.3,93,38.98,184.5,111,15.68,168.2,91,7.57,8.8,3,2.38,2,False,590.8,298,64.61,2.4655913978494626,1.662162162162162,1.8483516483516482,2.9333333333333336,0.3881178063642519,0.312288422477996,0.2846987136086662,0.014895057549085988,False,False,False,False,0.16999563890100303,0.08498644986449864,0.04500594530321047,0.27045454545454545,False,True,False,True
62,2,0,1,33,186.4,84,31.69,201.0,136,17.09,286.7,103,12.9,11.1,3,3.0,2,True,685.1999999999999,326,64.68,2.219047619047619,1.4779411764705883,2.783495145631068,3.6999999999999997,0.27203736135434914,0.29334500875656744,0.4184179801517805,0.01619964973730298,False,False,False,False,0.1700107296137339,0.08502487562189055,0.04499476805022672,0.2702702702702703,True,False,False,True
98,1,0,0,0,162.8,65,27.68,185.0,109,15.73,219.5,104,9.88,6.0,3,1.62,2,False,573.3,281,54.91,2.5046153846153847,1.6972477064220184,2.110576923076923,2.0,0.28396999825571256,0.322693179836037,0.38287109715681145,0.010465724751439039,False,False,False,False,0.17002457002457,0.08502702702702702,0.0450113895216401,0.27,False,True,False,True
107,2,1,0,0,194.4,83,33.05,247.8,84,21.06,245.4,93,11.04,11.2,7,3.02,2,False,698.8000000000001,267,68.17,2.342168674698795,2.95,2.638709677419355,1.5999999999999999,0.27819118488838007,0.35460789925586716,0.35117344018317115,0.016027475672581566,False,False,False,True,0.1700102880658436,0.08498789346246972,0.04498777506112469,0.2696428571428572,False,True,False,True
30,2,0,0,0,145.0,76,24.65,240.7,112,20.46,197.1,134,8.87,7.1,4,1.92,3,False,589.9,326,55.9,1.9078947368421053,2.149107142857143,1.4708955223880598,1.775,0.24580437362264793,0.40803526021359554,0.3341244278691304,0.012035938294626208,False,False,False,False,0.16999999999999998,0.08500207727461571,0.0450025367833587,0.27042253521126763,False,True,False,True
40,0,0,1,31,224.7,69,38.2,134.5,81,11.43,120.3,104,5.41,7.5,5,2.03,1,True,487.0,259,57.07000000000001,3.2565217391304344,1.6604938271604939,1.1567307692307691,1.5,0.4613963039014373,0.27618069815195073,0.24702258726899384,0.015400410677618069,False,False,False,False,0.17000445037828218,0.0849814126394052,0.04497090606816293,0.27066666666666667,True,False,False,True
72,0,0,0,0,147.0,79,24.99,162.3,103,13.8,162.9,80,7.33,10.5,4,2.84,1,False,482.70000000000005,266,48.959999999999994,1.860759493670886,1.575728155339806,2.03625,2.625,0.3045369794903667,0.3362336855189559,0.33747669359850835,0.021752641392169047,False,False,False,False,0.16999999999999998,0.08502772643253234,0.044996930632289746,0.2704761904761905,False,True,False,True
95,1,0,1,39,260.8,130,44.34,213.4,111,18.14,195.6,97,8.8,10.1,5,2.73,1,False,679.9000000000001,343,74.01,2.0061538461538464,1.9225225225225226,2.0164948453608247,2.02,0.38358582144433,0.3138696867186351,0.28768936608324747,0.01485512575378732,False,False,False,False,0.1700153374233129,0.08500468603561387,0.044989775051124746,0.2702970297029703,True,False,False,True
42,1,0,0,0,155.4,127,26.42,164.1,45,13.95,157.7,128,7.1,9.0,3,2.43,0,False,486.2,303,49.900000000000006,1.2236220472440946,3.6466666666666665,1.23203125,3.0,0.31962155491567257,0.33751542575071986,0.3243521184697655,0.01851090086384204,False,False,False,False,0.17001287001287002,0.0850091407678245,0.04502219403931516,0.27,False,True,False,True
86,1,0,0,0,166.2,112,28.25,255.3,81,21.7,228.1,97,10.26,5.4,7,1.46,1,False,655.0,297,61.67,1.4839285714285713,3.151851851851852,2.3515463917525774,0.7714285714285715,0.2537404580152672,0.3897709923664122,0.3482442748091603,0.008244274809160306,False,False,False,False,0.1699759326113117,0.08499804151978065,0.04498027181060938,0.27037037037037037,False,True,False,True
55,2,0,1,45,130.5,114,22.19,208.4,94,17.71,141.6,114,6.37,11.0,5,2.97,4,True,491.5,327,49.24,1.144736842105263,2.217021276595745,1.2421052631578946,2.2,0.26551373346897256,0.42400813835198375,0.2880976602238047,0.022380467955239063,False,False,False,False,0.1700383141762452,0.08498080614203456,0.04498587570621469,0.27,True,False,False,True
74,1,0,0,0,162.7,102,27.66,292.0,105,24.82,183.3,80,8.25,8.7,6,2.35,0,False,646.7,293,63.080000000000005,1.5950980392156862,2.780952380952381,2.2912500000000002,1.45,0.2515849698469151,0.45152311736508427,0.28343899798979433,0.013452914798206275,False,False,False,False,0.1700061462814997,0.085,0.045008183306055646,0.2701149425287357,False,True,False,True
81,0,1,1,37,237.1,76,40.31,264.2,125,22.46,271.3,120,12.21,7.9,3,2.13,1,False,780.4999999999999,324,77.11,3.119736842105263,2.1136,2.2608333333333333,2.6333333333333333,0.3037796284433056,0.3385009609224856,0.34759769378603467,0.010121716848174249,False,False,False,False,0.17001265288907635,0.08501135503406511,0.04500552893475857,0.26962025316455696,True,False,False,True
81,0,0,0,0,166.2,102,28.25,217.6,112,18.5,220.2,68,9.91,13.2,2,3.56,4,False,617.2,284,60.22,1.6294117647058823,1.9428571428571428,3.238235294117647,6.6,0.26928062216461435,0.3525599481529488,0.3567725210628645,0.021386908619572258,False,False,False,False,0.1699759326113117,0.08501838235294118,0.04500454132606722,0.2696969696969697,False,True,False,True
28,1,0,0,0,121.7,48,20.69,125.8,112,10.69,261.6,122,11.77,8.3,2,2.24,6,True,517.4,284,45.39000000000001,2.535416666666667,1.1232142857142857,2.144262295081967,4.15,0.2352145342095091,0.24313877077696175,0.5056049478160032,0.016041747197526095,True,False,False,False,0.17000821692686935,0.08497615262321144,0.044992354740061156,0.26987951807228916,False,True,True,False
111,2,0,0,0,176.4,62,29.99,201.0,124,17.09,150.4,138,6.77,11.2,2,3.02,0,False,539.0,326,56.87,2.8451612903225807,1.6209677419354838,1.0898550724637681,5.6,0.32727272727272727,0.37291280148423006,0.2790352504638219,0.02077922077922078,False,False,False,False,0.17001133786848072,0.08502487562189055,0.04501329787234042,0.2696428571428572,False,True,False,True
3,2,0,1,27,67.4,116,11.46,244.0,78,20.74,281.1,93,12.65,11.4,2,3.08,2,False,603.9,289,47.93,0.5810344827586207,3.128205128205128,3.0225806451612907,5.7,0.11160788209968539,0.40404040404040403,0.4654744162940885,0.018877297565822158,False,False,False,False,0.17002967359050444,0.08499999999999999,0.04500177872643187,0.27017543859649124,True,False,True,False
68,1,0,1,24,176.0,118,29.92,277.9,116,23.62,174.7,71,7.86,14.7,7,3.97,1,False,643.3,312,65.37,1.4915254237288136,2.3956896551724136,2.46056338028169,2.1,0.27358930514534435,0.4319912948857454,0.27156847505052073,0.022850924918389554,False,False,False,False,0.17,0.08499460237495503,0.044991413852318266,0.27006802721088435,True,False,False,True
163,0,0,0,0,247.7,77,42.11,269.5,108,22.91,167.3,82,7.53,9.6,7,2.59,0,True,694.1,274,75.14,3.2168831168831167,2.4953703703703702,2.0402439024390246,1.3714285714285714,0.35686500504250107,0.38827258320126784,0.24103155164961823,0.013830860106612879,False,False,False,False,0.17000403714170367,0.08500927643784786,0.04500896592946802,0.26979166666666665,False,True,False,True
87,2,0,0,0,115.4,90,19.62,262.6,68,22.32,245.7,69,11.06,13.1,5,3.54,2,False,636.8000000000001,232,56.54,1.2822222222222224,3.8617647058823534,3.560869565217391,2.62,0.18121859296482412,0.4123743718592965,0.3858354271356783,0.020571608040201004,False,False,False,False,0.17001733102253033,0.08499619192688498,0.045014245014245016,0.2702290076335878,False,True,False,True
58,2,0,0,0,112.2,95,19.07,209.6,108,17.82,260.9,78,11.74,13.9,1,3.75,0,True,596.6,282,52.38,1.1810526315789474,1.9407407407407407,3.3448717948717945,13.9,0.18806570566543748,0.35132417029835733,0.4373114314448541,0.02329869259135099,False,False,False,False,0.16996434937611407,0.08501908396946566,0.04499808355691837,0.2697841726618705,False,True,False,True
109,0,0,0,0,162.6,138,27.64,154.0,109,13.09,209.7,118,9.44,11.5,4,3.11,0,False,537.8,369,53.28,1.1782608695652173,1.4128440366972477,1.7771186440677964,2.875,0.3023428783934548,0.28635180364447754,0.38992190405355154,0.02138341390851618,False,False,False,False,0.16998769987699877,0.08499999999999999,0.04501669051025274,0.27043478260869563,False,True,False,True
111,1,0,0,0,229.4,107,39.0,214.1,99,18.2,289.6,95,13.03,10.4,6,2.81,4,False,743.5,307,73.04,2.1439252336448598,2.1626262626262625,3.0484210526315794,1.7333333333333334,0.3085406859448554,0.2879623402824479,0.3895090786819099,0.01398789509078682,False,False,False,False,0.17000871839581516,0.085007006071929,0.044993093922651925,0.2701923076923077,False,True,False,True
144,1,0,0,0,139.6,96,23.73,124.2,93,10.56,95.6,75,4.3,15.0,4,4.05,2,False,374.4,268,42.63999999999999,1.4541666666666666,1.335483870967742,1.2746666666666666,3.75,0.37286324786324787,0.3317307692307693,0.2553418803418803,0.04006410256410257,False,False,False,False,0.16998567335243553,0.08502415458937199,0.04497907949790795,0.26999999999999996,False,True,False,True
135,1,0,0,0,263.8,66,44.85,251.3,116,21.36,200.1,112,9.0,8.4,2,2.27,5,True,723.6,296,77.48,3.996969696969697,2.1663793103448277,1.7866071428571428,4.2,0.36456605859590935,0.3472913211719182,0.2765339966832504,0.011608623548922057,True,False,True,False,0.17001516300227446,0.08499801034619975,0.044977511244377814,0.2702380952380952,False,True,False,True
109,1,0,1,46,217.5,123,36.98,233.7,84,19.86,163.9,99,7.38,9.0,3,2.43,4,False,624.1,309,66.65,1.7682926829268293,2.782142857142857,1.6555555555555557,3.0,0.34850184265342093,0.37445922127864123,0.26261817016503763,0.014420765902900175,False,False,False,False,0.17002298850574712,0.08498074454428756,0.045027455765710794,0.27,True,False,False,True
107,1,0,1,14,114.3,132,19.43,199.8,91,16.98,194.7,74,8.76,7.5,8,2.03,1,False,516.3,305,47.199999999999996,0.8659090909090909,2.195604395604396,2.631081081081081,0.9375,0.22138291690877399,0.3869843114468333,0.37710633352701917,0.014526438117373622,False,False,False,False,0.1699912510936133,0.08498498498498498,0.04499229583975347,0.27066666666666667,True,False,False,True
149,0,0,0,0,196.3,108,33.37,136.8,96,11.63,154.7,87,6.96,7.7,3,2.08,2,False,495.5,294,54.04,1.8175925925925926,1.425,1.7781609195402297,2.566666666666667,0.3961654894046418,0.27608476286579214,0.31220988900100904,0.015539858728557013,False,False,False,False,0.16999490575649515,0.08501461988304093,0.044990303813833225,0.2701298701298701,False,True,False,True
56,2,0,0,0,253.2,95,43.04,188.0,116,15.98,142.0,133,6.39,4.4,4,1.19,1,False,587.6,348,66.6,2.665263157894737,1.6206896551724137,1.0676691729323309,1.1,0.4309053778080326,0.3199455411844792,0.24166099387338325,0.007488087134104833,False,False,False,False,0.16998420221169036,0.085,0.045,0.27045454545454545,False,True,False,True
129,0,0,0,0,98.0,99,16.66,240.7,62,20.46,254.8,123,11.47,10.5,4,2.84,0,False,604.0,288,51.43000000000001,0.98989898989899,3.8822580645161286,2.0715447154471547,2.625,0.16225165562913907,0.3985099337748344,0.4218543046357616,0.0173841059602649,False,False,False,False,0.17,0.08500207727461571,0.04501569858712716,0.2704761904761905,False,True,False,True
92,0,0,0,0,249.4,118,42.4,211.5,95,17.98,169.0,116,7.61,9.1,3,2.46,0,False,639.0,332,70.44999999999999,2.113559322033898,2.2263157894736842,1.456896551724138,3.033333333333333,0.39029733959311425,0.33098591549295775,0.2644757433489828,0.014241001564945226,False,False,False,False,0.17000801924619086,0.08501182033096927,0.04502958579881657,0.2703296703296703,False,True,False,True
67,1,0,1,30,129.6,107,22.03,233.0,104,19.81,297.0,93,13.37,14.5,5,3.92,1,False,674.1,309,59.13,1.211214953271028,2.2403846153846154,3.193548387096774,2.9,0.19225634178905204,0.34564604658062603,0.44058744993324434,0.021510161697077583,False,False,False,False,0.1699845679012346,0.0850214592274678,0.04501683501683502,0.27034482758620687,True,False,False,True
120,1,0,0,0,221.3,106,37.62,267.6,98,22.75,111.5,80,5.02,9.3,7,2.51,0,False,609.7,291,67.9,2.087735849056604,2.7306122448979595,1.39375,1.3285714285714287,0.3629653928161391,0.43890437920288666,0.18287682466786942,0.015253403313104806,False,False,False,False,0.16999548124717576,0.0850149476831091,0.045022421524663674,0.2698924731182795,False,True,False,True
76,0,0,0,0,203.6,61,34.61,161.7,127,13.74,175.9,97,7.92,8.4,3,2.27,0,False,549.5999999999999,288,58.540000000000006,3.3377049180327867,1.273228346456693,1.81340206185567,2.8000000000000003,0.3704512372634644,0.29421397379912667,0.3200509461426493,0.015283842794759828,False,False,False,False,0.1699901768172888,0.0849721706864564,0.0450255827174531,0.2702380952380952,False,True,False,True
79,1,0,0,0,213.6,110,36.31,234.9,121,19.97,229.6,157,10.33,8.8,3,2.38,2,False,686.9,391,68.99,1.9418181818181817,1.9413223140495868,1.462420382165605,2.9333333333333336,0.31096229436599215,0.3419711748434998,0.33425535012374435,0.012811180666763722,False,False,False,False,0.16999063670411987,0.08501489995742868,0.044991289198606274,0.27045454545454545,False,True,False,True
98,1,0,1,31,181.6,112,30.87,220.7,100,18.76,236.3,121,10.63,12.9,4,3.48,2,False,651.4999999999999,337,63.74,1.6214285714285714,2.207,1.9528925619834712,3.225,0.2787413660782809,0.3387567152724482,0.36270145817344596,0.019800460475825024,False,False,False,False,0.16998898678414098,0.08500226551880381,0.04498518831993229,0.2697674418604651,True,False,False,True
141,2,0,1,22,215.4,123,36.62,328.7,98,27.94,160.5,89,7.22,7.8,6,2.11,1,False,712.4,316,73.89,1.751219512195122,3.354081632653061,1.803370786516854,1.3,0.30235822571589,0.46139809096013473,0.22529477821448626,0.010948905109489052,False,False,False,False,0.17000928505106777,0.08500152114390022,0.04498442367601246,0.2705128205128205,True,False,False,True
46,2,0,0,0,199.2,111,33.86,175.1,83,14.88,210.6,84,9.48,10.2,2,2.75,3,False,595.1,280,60.97,1.7945945945945945,2.1096385542168674,2.507142857142857,5.1,0.3347336582087044,0.2942362628129726,0.35389010250378083,0.01713997647454209,False,False,False,False,0.16997991967871487,0.08498001142204455,0.045014245014245016,0.26960784313725494,False,True,False,True
137,1,0,0,0,115.0,130,19.55,137.8,83,11.71,224.0,61,10.08,7.3,4,1.97,3,False,484.1,278,43.31,0.8846153846153846,1.6602409638554219,3.6721311475409837,1.825,0.23755422433381532,0.2846519314191283,0.4627143152241272,0.015079529022929146,False,False,False,False,0.17,0.08497822931785196,0.045,0.26986301369863014,False,True,False,True
171,0,0,0,0,270.5,69,45.99,230.0,112,19.55,136.0,111,6.12,9.6,5,2.59,1,True,646.1,297,74.25000000000001,3.920289855072464,2.0535714285714284,1.2252252252252251,1.92,0.41866584120105244,0.3559820461228912,0.21049373162049217,0.014858381055564153,False,False,False,False,0.1700184842883549,0.085,0.045,0.26979166666666665,False,True,False,True
10,1,0,0,0,222.2,127,37.77,153.1,125,13.01,227.4,80,10.23,12.9,4,3.48,1,False,615.5999999999999,336,64.49000000000001,1.7496062992125982,1.2247999999999999,2.8425000000000002,3.225,0.36094866796621183,0.24870045484080575,0.3693957115009747,0.0209551656920078,False,False,False,False,0.16998199819982002,0.08497713912475506,0.044986807387862794,0.2697674418604651,False,True,True,False
88,2,0,0,0,61.9,78,10.52,262.6,114,22.32,212.5,110,9.56,8.8,2,2.38,3,False,545.8,304,44.78000000000001,0.7935897435897435,2.303508771929825,1.9318181818181819,4.4,0.11341150604617077,0.4811286185415904,0.38933675338952,0.01612312202271895,False,False,False,False,0.16995153473344102,0.08499619192688498,0.04498823529411765,0.27045454545454545,False,True,False,True
82,1,0,0,0,189.2,81,32.16,184.4,117,15.67,255.8,83,11.51,10.6,5,2.86,3,True,640.0000000000001,286,62.199999999999996,2.3358024691358024,1.576068376068376,3.081927710843374,2.12,0.2956249999999999,0.28812499999999996,0.3996875,0.016562499999999997,False,False,False,False,0.16997885835095136,0.08497830802603036,0.04499609069585613,0.269811320754717,False,True,False,True
139,2,0,0,0,196.0,135,33.32,186.0,146,15.81,153.0,92,6.89,9.8,1,2.65,3,False,544.8,374,58.67,1.451851851851852,1.273972602739726,1.6630434782608696,9.8,0.35976505139500736,0.341409691629956,0.28083700440528636,0.01798825256975037,False,False,False,False,0.17,0.085,0.04503267973856209,0.2704081632653061,False,True,False,True
87,1,0,0,0,171.6,119,29.17,205.0,107,17.43,170.6,114,7.68,13.8,4,3.73,0,False,561.0,344,58.01,1.442016806722689,1.9158878504672898,1.4964912280701754,3.45,0.30588235294117644,0.36541889483065954,0.30409982174688055,0.024598930481283424,False,False,False,False,0.169988344988345,0.08502439024390243,0.045017584994138334,0.2702898550724638,False,True,False,True
137,1,1,0,0,174.0,123,29.58,161.3,115,13.71,260.7,98,11.73,11.4,3,3.08,2,False,607.4,339,58.099999999999994,1.4146341463414633,1.402608695652174,2.660204081632653,3.8000000000000003,0.286466908133026,0.26555811656239714,0.4292064537372407,0.018768521567336188,False,False,False,True,0.16999999999999998,0.08499690018598884,0.04499424626006905,0.27017543859649124,False,True,False,True
45,2,0,0,0,78.6,106,13.36,187.3,110,15.92,184.2,111,8.29,7.4,5,2.0,1,True,457.49999999999994,332,39.57,0.7415094339622641,1.7027272727272729,1.6594594594594594,1.48,0.1718032786885246,0.4093989071038252,0.40262295081967214,0.016174863387978144,False,False,False,False,0.16997455470737913,0.08499733048585156,0.04500542888165038,0.27027027027027023,False,True,False,True
103,1,0,0,0,141.3,123,24.02,253.6,87,21.56,215.8,96,9.71,6.4,2,1.73,1,False,617.1,308,57.019999999999996,1.1487804878048782,2.914942528735632,2.247916666666667,3.2,0.22897423432182792,0.41095446443040023,0.3497002106627775,0.010371090584994328,False,False,False,False,0.16999292285916487,0.08501577287066246,0.04499536607970343,0.27031249999999996,False,True,False,True
100,1,0,0,0,235.8,130,40.09,176.0,69,14.96,63.6,122,2.86,7.3,1,1.97,2,False,482.70000000000005,322,59.88,1.8138461538461539,2.550724637681159,0.521311475409836,7.3,0.4885021752641392,0.364615703335405,0.1317588564325668,0.015123264967888956,False,False,False,False,0.17001696352841392,0.085,0.044968553459119494,0.26986301369863014,False,True,False,True
110,2,0,0,0,185.1,100,31.47,165.1,88,14.03,111.6,104,5.02,6.3,4,1.7,3,False,468.09999999999997,296,52.22,1.851,1.8761363636363635,1.073076923076923,1.575,0.39542832728049565,0.3527024140140996,0.23841059602649006,0.013458662678914763,False,False,False,False,0.1700162074554295,0.08497880072683223,0.04498207885304659,0.2698412698412698,False,True,False,True
124,1,0,0,0,254.3,113,43.23,78.9,104,6.71,153.2,69,6.89,11.8,2,3.19,2,False,498.20000000000005,288,60.019999999999996,2.2504424778761063,0.7586538461538462,2.2202898550724637,5.9,0.5104375752709754,0.1583701324769169,0.30750702529104773,0.023685266961059815,False,False,False,False,0.1699960676366496,0.08504435994930291,0.04497389033942559,0.2703389830508474,False,True,False,True
10,2,0,0,0,183.0,103,31.11,214.8,77,18.26,206.4,73,9.29,8.7,6,2.35,2,False,612.9000000000001,259,61.010000000000005,1.7766990291262137,2.78961038961039,2.8273972602739725,1.45,0.298580518844836,0.35046500244738127,0.33675966715614286,0.014194811551639742,False,False,False,False,0.16999999999999998,0.08500931098696463,0.04500968992248062,0.2701149425287357,False,True,True,False
89,1,0,1,29,163.5,80,27.8,274.8,136,23.36,381.9,147,17.19,7.5,5,2.03,2,False,827.7,368,70.38,2.04375,2.0205882352941176,2.5979591836734692,1.5,0.1975353388909025,0.3320043494019572,0.4613990576295759,0.009061254077564335,False,False,False,False,0.17003058103975535,0.08500727802037845,0.04501178318931658,0.27066666666666667,True,False,False,True
121,0,0,0,0,207.9,98,35.34,210.5,96,17.89,109.6,114,4.93,7.7,2,2.08,2,False,535.7,310,60.24,2.1214285714285714,2.1927083333333335,0.9614035087719298,3.85,0.38809034907597534,0.3929438118349822,0.2045921224565988,0.014373716632443531,False,False,False,False,0.16998556998557,0.08498812351543943,0.04498175182481752,0.2701298701298701,False,True,False,True
101,1,0,0,0,248.6,102,42.26,174.9,93,14.87,207.2,86,9.32,6.1,3,1.65,3,False,636.8000000000001,284,68.1,2.437254901960784,1.8806451612903226,2.409302325581395,2.033333333333333,0.39038944723618085,0.27465452261306533,0.3253768844221105,0.009579145728643214,False,False,False,False,0.16999195494770716,0.08502001143510576,0.044980694980694985,0.27049180327868855,False,True,False,True
103,1,0,1,31,185.4,105,31.52,197.6,126,16.8,147.1,110,6.62,14.5,4,3.92,2,False,544.6,345,58.86,1.7657142857142858,1.5682539682539682,1.3372727272727272,3.625,0.34043334557473376,0.36283510833639365,0.270106500183621,0.02662504590525156,False,False,False,False,0.17001078748651563,0.08502024291497977,0.04500339904826649,0.27034482758620687,True,False,False,True
51,0,0,0,0,197.8,60,33.63,221.0,64,18.79,168.6,134,7.59,8.9,5,2.4,1,False,596.3,263,62.410000000000004,3.296666666666667,3.453125,1.2582089552238807,1.78,0.33171222538990447,0.3706188160321986,0.2827435854435687,0.01492537313432836,False,False,False,False,0.17002022244691609,0.08502262443438914,0.04501779359430605,0.2696629213483146,False,True,False,True
2,1,1,0,0,132.1,42,22.46,138.9,88,11.81,192.6,119,8.67,9.1,1,2.46,2,True,472.70000000000005,250,45.400000000000006,3.145238095238095,1.5784090909090909,1.6184873949579832,9.1,0.27945843029405537,0.2938438756082081,0.40744658345673784,0.019251110640998517,False,False,False,True,0.17002271006813022,0.08502519798416126,0.04501557632398754,0.2703296703296703,False,True,True,False
111,2,0,0,0,197.1,117,33.51,227.8,128,19.36,214.0,101,9.63,9.3,11,2.51,0,False,648.1999999999999,357,65.01,1.6846153846153846,1.7796875,2.118811881188119,0.8454545454545456,0.30407281703178035,0.3514347423634681,0.330145016970071,0.014347423634680657,False,False,False,False,0.1700152207001522,0.08498683055311676,0.045000000000000005,0.2698924731182795,False,True,False,True
118,1,0,0,0,154.6,112,26.28,184.2,105,15.66,217.4,102,9.78,12.6,5,3.4,2,False,568.8,324,55.12,1.3803571428571428,1.7542857142857142,2.131372549019608,2.52,0.2718002812939522,0.32383966244725737,0.38220815752461323,0.022151898734177215,False,False,False,False,0.16998706338939198,0.08501628664495114,0.04498620055197792,0.2698412698412698,False,True,False,True
17,2,0,1,31,153.1,115,26.03,185.9,59,15.8,224.3,102,10.09,10.0,1,2.7,6,True,573.3,277,54.620000000000005,1.3313043478260869,3.1508474576271186,2.1990196078431374,10.0,0.2670504099075528,0.3242630385487529,0.39124367695796275,0.01744287458573173,True,False,False,False,0.17001959503592426,0.0849919311457773,0.04498439589835042,0.27,True,False,True,False
130,0,0,0,0,211.2,119,35.9,231.1,120,19.64,220.9,80,9.94,6.3,9,1.7,2,False,669.4999999999999,328,67.18,1.7747899159663865,1.9258333333333333,2.76125,0.7,0.31545929798356986,0.34518297236743845,0.32994772218073193,0.009410007468259898,False,False,False,False,0.1699810606060606,0.08498485504110775,0.044997736532367584,0.2698412698412698,False,True,False,True
137,1,0,0,0,141.1,91,23.99,147.2,100,12.51,254.7,75,11.46,8.0,7,2.16,2,False,551.0,273,50.120000000000005,1.5505494505494506,1.472,3.396,1.1428571428571428,0.2560798548094374,0.2671506352087114,0.46225045372050816,0.014519056261343012,False,False,False,False,0.17002126151665484,0.08498641304347826,0.044994110718492346,0.27,False,True,False,True
185,0,0,1,29,151.1,121,25.69,244.7,88,20.8,154.4,91,6.95,13.8,2,3.73,2,False,563.9999999999999,302,57.17,1.2487603305785124,2.7806818181818183,1.6967032967032967,6.9,0.2679078014184398,0.43386524822695044,0.273758865248227,0.024468085106382986,False,False,False,False,0.1700198544010589,0.085002043318349,0.04501295336787565,0.2702898550724638,True,False,False,True
101,0,0,0,0,209.6,107,35.63,228.8,96,19.45,172.4,85,7.76,7.6,2,2.05,3,False,618.4,290,64.89,1.9588785046728971,2.3833333333333333,2.028235294117647,3.8,0.3389391979301423,0.369987063389392,0.27878395860284605,0.012289780077619664,False,False,False,False,0.1699904580152672,0.08500874125874125,0.04501160092807424,0.26973684210526316,False,True,False,True
95,1,0,1,32,247.0,109,41.99,125.6,91,10.68,226.5,90,10.19,10.5,4,2.84,3,False,609.6,294,65.7,2.2660550458715596,1.3802197802197802,2.5166666666666666,2.625,0.4051837270341207,0.20603674540682412,0.3715551181102362,0.0172244094488189,False,False,False,False,0.17,0.08503184713375796,0.04498896247240618,0.2704761904761905,True,False,False,True
126,0,0,0,0,321.3,99,54.62,167.9,93,14.27,193.6,106,8.71,8.0,4,2.16,1,True,690.8000000000001,302,79.75999999999999,3.2454545454545456,1.8053763440860215,1.8264150943396227,2.0,0.4651129125651418,0.24305153445280833,0.28025477707006363,0.011580775911986103,False,False,False,False,0.16999688764394646,0.08499106611078022,0.04498966942148761,0.27,False,True,False,True
124,1,0,0,0,251.5,85,42.76,214.2,98,18.21,186.1,71,8.37,11.1,6,3.0,3,False,662.9,260,72.34,2.958823529411765,2.1857142857142855,2.62112676056338,1.8499999999999999,0.3793935736913562,0.32312565997888065,0.28073615930004525,0.016744607029717907,False,False,False,False,0.17001988071570576,0.0850140056022409,0.044975819451907574,0.2702702702702703,False,True,False,True
97,2,1,0,0,236.9,107,40.27,157.6,105,13.4,241.0,120,10.85,7.3,2,1.97,0,True,642.8,334,66.49,2.214018691588785,1.5009523809523808,2.0083333333333333,3.65,0.3685438705662726,0.2451773490976976,0.3749222153080274,0.01135656502800249,False,False,False,True,0.16998733642887295,0.0850253807106599,0.045020746887966805,0.26986301369863014,False,True,False,True
28,1,0,0,0,159.7,79,27.15,216.7,131,18.42,206.7,116,9.3,9.3,3,2.51,2,False,592.3999999999999,329,57.38,2.021518987341772,1.6541984732824426,1.7818965517241379,3.1,0.2695813639432816,0.3658001350438893,0.348919648885888,0.015698852126941262,False,False,False,False,0.17000626174076394,0.08500230733733273,0.04499274310595066,0.2698924731182795,False,True,True,False
90,1,1,0,0,148.2,96,25.19,220.4,111,18.73,134.2,97,6.04,9.2,1,2.48,4,True,512.0,305,52.44,1.54375,1.9855855855855857,1.3835051546391752,9.2,0.289453125,0.43046875,0.262109375,0.01796875,False,False,False,True,0.1699730094466937,0.08498185117967332,0.04500745156482862,0.26956521739130435,False,True,False,True
190,0,0,0,0,150.9,86,25.65,268.6,129,22.83,179.9,73,8.1,14.7,1,3.97,1,False,614.1,289,60.55,1.7546511627906978,2.082170542635659,2.4643835616438357,14.7,0.24572545188080117,0.4373880475492591,0.2929490311024263,0.023937469467513434,False,False,False,False,0.1699801192842942,0.08499627699180937,0.04502501389660923,0.27006802721088435,False,True,False,True
52,1,0,1,24,170.9,71,29.05,201.4,80,17.12,159.0,124,7.15,4.1,5,1.11,2,False,535.4,280,54.43,2.407042253521127,2.5175,1.282258064516129,0.82,0.31920059768397463,0.3761673515128876,0.2969742248785955,0.0076578259245423975,False,False,False,False,0.16998244587478056,0.08500496524329693,0.0449685534591195,0.27073170731707324,True,False,False,True
73,2,0,0,0,254.7,80,43.3,90.2,79,7.67,153.4,60,6.9,10.6,8,2.86,0,False,508.9,227,60.73,3.18375,1.1417721518987343,2.5566666666666666,1.325,0.50049125564944,0.17724503831794067,0.30143446649636474,0.02082923953625467,False,False,False,False,0.17000392618767177,0.08503325942350332,0.044980443285528034,0.269811320754717,False,True,False,True
98,1,0,0,0,0.0,0,0.0,159.6,130,13.57,167.1,88,7.52,6.8,1,1.84,4,True,333.5,219,22.93,0.0,1.2276923076923076,1.8988636363636362,6.8,0.0,0.4785607196401799,0.5010494752623688,0.020389805097451273,False,False,False,False,0.0,0.08502506265664161,0.045002992220227404,0.2705882352941177,False,True,False,True
106,0,1,0,0,133.7,45,22.73,187.8,107,15.96,181.9,89,8.19,10.7,2,2.89,1,True,514.1,243,49.769999999999996,2.971111111111111,1.755140186915888,2.0438202247191013,5.35,0.260066134993192,0.36529858004279325,0.35382221357712507,0.020813071386889707,False,False,False,True,0.17000747943156322,0.08498402555910543,0.045024738867509614,0.27009345794392525,False,True,False,True
111,0,0,0,0,224.9,117,38.23,191.9,127,16.31,229.9,97,10.35,10.3,3,2.78,0,False,657.0,344,67.66999999999999,1.9222222222222223,1.5110236220472442,2.370103092783505,3.4333333333333336,0.3423135464231355,0.2920852359208524,0.349923896499239,0.015677321156773213,False,False,False,False,0.1699866607381058,0.08499218342886919,0.04501957372770769,0.2699029126213592,False,True,False,True
59,0,0,0,0,151.8,98,25.81,209.9,92,17.84,266.9,86,12.01,11.9,5,3.21,1,False,640.5,281,58.87,1.5489795918367348,2.2815217391304348,3.103488372093023,2.38,0.23700234192037473,0.32771272443403593,0.41670569867291174,0.018579234972677595,False,False,False,False,0.17002635046113304,0.08499285373987613,0.044998126639190714,0.26974789915966385,False,True,False,True
71,2,0,1,22,141.4,107,24.04,163.0,105,13.86,220.0,99,9.9,5.6,3,1.51,2,False,530.0,314,49.309999999999995,1.3214953271028038,1.5523809523809524,2.2222222222222223,1.8666666666666665,0.2667924528301887,0.30754716981132074,0.41509433962264153,0.010566037735849056,False,False,False,False,0.17001414427157,0.08503067484662577,0.045,0.2696428571428572,True,False,False,True
55,0,0,0,0,285.7,124,48.57,230.9,106,19.63,230.7,140,10.38,14.8,7,4.0,0,True,762.0999999999999,377,82.58,2.304032258064516,2.178301886792453,1.6478571428571427,2.1142857142857143,0.3748851856711718,0.30297861173074403,0.3027161789791366,0.019420023618947648,False,False,False,False,0.17000350017500876,0.08501515807708965,0.04499349804941483,0.27027027027027023,False,True,False,True
13,1,0,0,0,58.4,121,9.93,262.2,64,22.29,159.0,115,7.15,11.9,5,3.21,1,False,491.49999999999994,305,42.58,0.4826446280991735,4.096875,1.382608695652174,2.38,0.11881993896236014,0.5334689725330621,0.32349949135300105,0.024211597151576808,False,False,False,False,0.17003424657534247,0.08501144164759726,0.0449685534591195,0.26974789915966385,False,True,True,False
136,1,0,1,16,90.4,105,15.37,201.3,109,17.11,227.1,115,10.22,13.1,4,3.54,0,False,531.9000000000001,333,46.239999999999995,0.860952380952381,1.8467889908256883,1.9747826086956521,3.275,0.16995675878924607,0.37845459672870835,0.4269599548787365,0.024628689603308888,False,False,False,False,0.17002212389380528,0.08499751614505711,0.04500220167327169,0.2702290076335878,True,False,False,True
123,0,0,0,0,114.4,91,19.45,216.6,123,18.41,250.6,102,11.28,11.0,3,2.97,0,False,592.6,319,52.11,1.2571428571428571,1.7609756097560976,2.4568627450980394,3.6666666666666665,0.1930475869051637,0.3655079311508606,0.42288221397232534,0.018562267971650354,False,False,False,False,0.1700174825174825,0.08499538319482917,0.04501197126895451,0.27,False,True,False,True
105,0,0,0,0,147.7,103,25.11,222.7,78,18.93,163.5,102,7.36,12.8,3,3.46,2,False,546.6999999999999,286,54.86,1.4339805825242717,2.855128205128205,1.6029411764705883,4.266666666666667,0.27016645326504485,0.4073532101701116,0.2990671300530456,0.023413206511798065,False,False,False,False,0.17000677048070414,0.08500224517287831,0.045015290519877675,0.27031249999999996,False,True,False,True
50,0,0,1,31,302.7,93,51.46,240.5,119,20.44,193.9,103,8.73,13.6,14,3.67,3,False,750.7,329,84.30000000000001,3.2548387096774194,2.0210084033613445,1.8825242718446602,0.9714285714285714,0.4032236579192753,0.3203676568536033,0.25829226055681365,0.01811642467030771,False,False,False,False,0.17000330360092503,0.08498960498960499,0.04502320783909232,0.2698529411764706,True,False,False,True
118,1,0,0,0,136.1,120,23.14,204.2,103,17.36,228.2,90,10.27,11.3,4,3.05,1,False,579.8,317,53.81999999999999,1.1341666666666665,1.98252427184466,2.5355555555555553,2.825,0.2347361159020352,0.3521904104863746,0.39358399448085546,0.01948947913073474,False,False,False,False,0.17002204261572373,0.08501469147894221,0.04500438212094654,0.26991150442477874,False,True,False,True
73,1,0,0,0,217.8,91,37.03,220.6,97,18.75,277.3,89,12.48,10.3,6,2.78,1,True,726.0,283,71.04,2.3934065934065933,2.2742268041237113,3.1157303370786518,1.7166666666666668,0.3,0.30385674931129475,0.3819559228650138,0.014187327823691462,False,False,False,False,0.17001836547291094,0.08499546690843156,0.04500540930400288,0.2699029126213592,False,True,False,True
35,1,0,0,0,124.2,102,21.11,123.9,115,10.53,135.7,100,6.11,13.1,8,3.54,2,False,396.90000000000003,325,41.29,1.2176470588235295,1.077391304347826,1.357,1.6375,0.31292517006802717,0.31216931216931215,0.34189972285210374,0.03300579491055681,False,False,False,False,0.16996779388083735,0.08498789346246972,0.045025792188651444,0.2702290076335878,False,True,False,True
64,1,0,0,0,206.2,76,35.05,232.4,76,19.75,251.6,96,11.32,13.6,2,3.67,1,False,703.8000000000001,250,69.79,2.7131578947368418,3.057894736842105,2.620833333333333,6.8,0.29298096050014205,0.33020744529695933,0.357487922705314,0.01932367149758454,False,False,False,False,0.16998060135790494,0.0849827882960413,0.04499205087440382,0.2698529411764706,False,True,False,True
63,2,0,0,0,132.9,122,22.59,67.0,62,5.7,160.4,121,7.22,9.9,2,2.67,3,False,370.2,307,38.18,1.089344262295082,1.0806451612903225,1.3256198347107437,4.95,0.35899513776337116,0.1809832522960562,0.4332793084819017,0.02674230145867099,False,False,False,False,0.16997742663656884,0.08507462686567165,0.04501246882793017,0.26969696969696966,False,True,False,True
117,1,0,1,31,104.9,115,17.83,237.6,125,20.2,263.4,104,11.85,7.7,6,2.08,3,False,613.6,350,51.96,0.9121739130434783,1.9008,2.5326923076923076,1.2833333333333334,0.17095827900912647,0.3872229465449804,0.4292698826597131,0.012548891786179921,False,False,False,False,0.16997140133460437,0.08501683501683502,0.04498861047835991,0.2701298701298701,True,False,False,True
115,1,0,0,0,245.0,97,41.65,250.7,75,21.31,270.2,124,12.16,13.7,8,3.7,1,True,779.6,304,78.82,2.5257731958762886,3.3426666666666667,2.179032258064516,1.7125,0.3142637249871729,0.32157516675218056,0.3465879938429964,0.017573114417650075,False,False,False,False,0.16999999999999998,0.08500199441563622,0.04500370096225019,0.27007299270072993,False,True,False,True
162,0,0,0,0,184.5,118,31.37,224.0,95,19.04,180.5,82,8.12,11.6,3,3.13,1,False,600.6,298,61.66,1.5635593220338984,2.357894736842105,2.201219512195122,3.8666666666666667,0.30719280719280717,0.37296037296037293,0.3005328005328005,0.019314019314019312,False,False,False,False,0.1700271002710027,0.08499999999999999,0.04498614958448753,0.26982758620689656,False,True,False,True
89,1,0,0,0,89.5,66,15.22,179.3,104,15.24,225.1,116,10.13,12.3,1,3.32,3,False,506.2,287,43.910000000000004,1.356060606060606,1.7240384615384616,1.9405172413793104,12.3,0.17680758593441329,0.3542078229948637,0.4446858949032003,0.02429869616752272,False,False,False,False,0.17005586592178773,0.08499721137757947,0.04500222123500667,0.26991869918699185,False,True,False,True
94,1,1,0,0,235.6,131,40.05,194.8,107,16.56,170.6,93,7.68,8.6,4,2.32,1,False,609.6,335,66.60999999999999,1.798473282442748,1.8205607476635515,1.8344086021505375,2.15,0.38648293963254593,0.3195538057742782,0.2798556430446194,0.014107611548556429,False,False,False,True,0.16999151103565363,0.08501026694045173,0.045017584994138334,0.2697674418604651,False,True,False,True
129,0,0,0,0,186.0,127,31.62,262.3,96,22.3,98.9,63,4.45,11.5,6,3.11,4,False,558.7,292,61.480000000000004,1.4645669291338583,2.732291666666667,1.56984126984127,1.9166666666666667,0.33291569715410774,0.46948272776087346,0.17701807768032934,0.020583497404689455,False,False,False,False,0.17,0.08501715592832634,0.04499494438827098,0.27043478260869563,False,True,False,True
96,2,0,0,0,179.5,125,30.52,162.3,139,13.8,264.5,133,11.9,6.6,2,1.78,1,False,612.9,399,58.0,1.436,1.1676258992805757,1.9887218045112782,3.3,0.29286996247348673,0.2648066568771415,0.4315549029205417,0.010768477728830151,False,False,False,False,0.17002785515320334,0.08502772643253234,0.04499054820415879,0.2696969696969697,False,True,False,True
108,1,0,0,0,112.0,105,19.04,193.7,110,16.46,208.9,93,9.4,4.1,4,1.11,4,True,518.7,312,46.01,1.0666666666666667,1.7609090909090908,2.246236559139785,1.025,0.21592442645074222,0.3734335839598997,0.40273761326392904,0.007904376325428956,False,False,False,False,0.16999999999999998,0.08497676819824472,0.044997606510292006,0.27073170731707324,False,True,False,True
97,0,0,1,32,168.4,129,28.63,225.9,97,19.2,191.8,95,8.63,8.5,7,2.3,0,False,594.6,328,58.76,1.3054263565891473,2.3288659793814435,2.0189473684210526,1.2142857142857142,0.28321560713084426,0.37991927346115034,0.3225697948200471,0.014295324587958291,False,False,False,False,0.17001187648456056,0.0849933598937583,0.04499478623566215,0.27058823529411763,True,False,False,True
84,1,0,1,42,214.3,112,36.43,188.2,107,16.0,333.5,117,15.01,11.3,10,3.05,0,False,747.3,346,70.49,1.9133928571428573,1.7588785046728972,2.8504273504273505,1.1300000000000001,0.2867656898166734,0.2518399571791784,0.4462732503679915,0.015121102636156833,False,False,False,False,0.1699953336444237,0.08501594048884166,0.045007496251874064,0.26991150442477874,True,False,False,True
65,1,0,0,0,245.7,139,41.77,241.9,113,20.56,285.3,117,12.84,4.2,5,1.13,4,True,777.1000000000001,374,76.3,1.7676258992805756,2.14070796460177,2.4384615384615387,0.8400000000000001,0.3161755243855359,0.31128554883541365,0.3671342169604941,0.00540470981855617,False,False,False,False,0.17000407000407003,0.08499379909053327,0.04500525762355415,0.26904761904761904,False,True,False,True
131,1,0,1,34,156.6,134,26.62,71.0,95,6.04,261.7,120,11.78,13.4,10,3.62,1,False,502.69999999999993,359,48.06,1.1686567164179105,0.7473684210526316,2.180833333333333,1.34,0.31151780385916056,0.1412373184802069,0.5205888203700021,0.0266560572906306,False,False,False,False,0.1699872286079183,0.08507042253521127,0.045013374092472296,0.2701492537313433,True,False,False,True
58,1,1,1,43,142.8,96,24.28,272.3,100,23.15,193.4,105,8.7,8.9,4,2.4,1,False,617.4,305,58.529999999999994,1.4875,2.7230000000000003,1.841904761904762,2.225,0.23129251700680276,0.4410430839002268,0.31324910916747656,0.014415289925494009,False,False,False,False,0.1700280112044818,0.08501652589056187,0.04498448810754912,0.2696629213483146,True,False,False,True
54,1,0,0,0,116.8,119,19.86,123.1,123,10.46,217.5,101,9.79,12.0,2,3.24,1,False,469.4,345,43.35,0.9815126050420168,1.0008130081300812,2.1534653465346536,6.0,0.2488282914358756,0.26224968044311886,0.46335747763101837,0.02556455048998722,False,False,False,False,0.17003424657534247,0.08497156783103169,0.04501149425287356,0.27,False,True,False,True
125,1,0,1,39,236.1,107,40.14,289.2,110,24.58,175.4,107,7.89,9.1,4,2.46,2,False,709.8,328,75.07,2.2065420560747664,2.629090909090909,1.6392523364485982,2.275,0.3326289095519865,0.4074387151310228,0.2471118624964779,0.01282051282051282,False,False,False,False,0.17001270648030498,0.08499308437067774,0.04498289623717217,0.2703296703296703,True,False,False,True
72,1,0,1,21,138.1,113,23.48,260.1,83,22.11,135.4,118,6.09,8.2,2,2.21,2,False,541.8000000000001,316,53.89000000000001,1.2221238938053096,3.1337349397590364,1.147457627118644,4.1,0.254891103728313,0.48006644518272423,0.24990771502399406,0.01513473606496862,False,False,False,False,0.17002172338884866,0.08500576701268742,0.0449778434268833,0.26951219512195124,True,False,False,True
141,0,0,0,0,51.9,108,8.82,162.0,83,13.77,223.5,115,10.06,10.1,3,2.73,3,False,447.5,309,35.379999999999995,0.48055555555555557,1.9518072289156627,1.9434782608695653,3.3666666666666667,0.11597765363128491,0.36201117318435755,0.4994413407821229,0.022569832402234636,False,False,False,False,0.1699421965317919,0.08499999999999999,0.04501118568232662,0.2702970297029703,False,True,False,True
113,2,0,0,0,81.3,116,13.82,220.6,124,18.75,235.7,113,10.61,8.9,3,2.4,0,False,546.4999999999999,356,45.58,0.7008620689655172,1.7790322580645161,2.0858407079646017,2.966666666666667,0.14876486733760294,0.4036596523330284,0.4312900274473926,0.016285452881976217,False,False,False,False,0.16998769987699877,0.08499546690843156,0.0450148493848112,0.2696629213483146,False,True,False,True
20,1,0,1,35,171.5,98,29.16,153.1,127,13.01,165.6,125,7.45,7.1,3,1.92,0,False,497.30000000000007,353,51.540000000000006,1.75,1.205511811023622,1.3248,2.3666666666666667,0.3448622561833903,0.30786245726925393,0.332998190227227,0.014277096320128692,False,False,False,False,0.17002915451895043,0.08497713912475506,0.044987922705314015,0.27042253521126763,True,False,True,False
212,1,0,0,0,126.0,96,21.42,144.3,80,12.27,302.8,102,13.63,7.6,3,2.05,1,False,580.7,281,49.37,1.3125,1.8037500000000002,2.9686274509803923,2.533333333333333,0.21697950749095918,0.2484931978646461,0.5214396418116066,0.013087652832788012,False,False,False,False,0.17,0.08503118503118502,0.04501321003963012,0.26973684210526316,False,True,False,True
99,1,1,0,0,197.2,127,33.52,156.0,92,13.26,204.1,99,9.18,9.9,6,2.67,4,False,567.1999999999999,324,58.63,1.552755905511811,1.6956521739130435,2.0616161616161617,1.6500000000000001,0.34767277856135403,0.2750352609308886,0.3598377997179126,0.017454160789844856,False,False,False,True,0.1699797160243408,0.08499999999999999,0.04497795198432141,0.26969696969696966,False,True,False,True
94,2,0,0,0,194.1,62,33.0,227.2,54,19.31,190.4,115,8.57,15.3,4,4.13,1,False,626.9999999999999,235,65.01,3.1306451612903223,4.207407407407407,1.6556521739130434,3.825,0.30956937799043066,0.36236044657097294,0.3036682615629985,0.02440191387559809,False,False,False,False,0.17001545595054096,0.0849911971830986,0.04501050420168067,0.2699346405228758,False,True,False,True
40,2,0,0,0,115.7,105,19.67,127.8,113,10.86,107.5,91,4.84,9.3,6,2.51,1,False,360.3,315,37.88,1.101904761904762,1.1309734513274337,1.1813186813186813,1.55,0.32112128781570914,0.35470441298917565,0.2983624757146822,0.025811823480432972,False,False,False,False,0.17000864304235092,0.08497652582159625,0.045023255813953486,0.2698924731182795,False,True,False,True
86,2,0,1,29,157.2,118,26.72,196.3,136,16.69,226.7,109,10.2,8.4,5,2.27,3,False,588.6,368,55.88,1.3322033898305083,1.4433823529411764,2.0798165137614677,1.6800000000000002,0.26707441386340464,0.33350322799864085,0.3851512062521236,0.014271151885830785,False,False,False,False,0.16997455470737913,0.08502292409577178,0.044993383325981476,0.2702380952380952,True,False,False,True
101,1,0,0,0,269.7,85,45.85,207.6,86,17.65,214.2,107,9.64,4.5,15,1.22,3,True,696.0,293,74.36,3.172941176470588,2.413953488372093,2.0018691588785047,0.3,0.3875,0.2982758620689655,0.30775862068965515,0.00646551724137931,False,False,False,False,0.17000370782350763,0.08501926782273603,0.045004668534080305,0.2711111111111111,False,True,False,True
105,2,0,0,0,227.4,121,38.66,268.5,89,22.82,143.3,82,6.45,13.0,4,3.51,1,False,652.2,296,71.44,1.8793388429752067,3.0168539325842696,1.7475609756097563,3.25,0.34866605335786566,0.4116835326586936,0.2197178779515486,0.019932536031892056,False,False,False,False,0.1700087950747581,0.08499068901303539,0.04501046755059316,0.26999999999999996,False,True,False,True
140,1,1,1,27,188.9,124,32.11,160.9,102,13.68,197.7,100,8.9,11.5,5,3.11,4,False,559.0,331,57.8,1.5233870967741936,1.5774509803921568,1.9769999999999999,2.3,0.3379248658318426,0.2878354203935599,0.35366726296958856,0.020572450805008944,False,False,False,False,0.16998411858125992,0.08502175264139217,0.04501770359129995,0.27043478260869563,True,False,False,True
101,2,0,0,0,0.0,0,0.0,192.1,119,16.33,168.8,95,7.6,7.2,4,1.94,1,False,368.09999999999997,218,25.87,0.0,1.6142857142857143,1.776842105263158,1.8,0.0,0.5218690573213801,0.458571040478131,0.019559902200489,False,False,False,False,0.0,0.08500780843310775,0.04502369668246445,0.26944444444444443,False,True,False,True
98,0,0,1,19,110.5,87,18.79,227.8,97,19.36,243.6,84,10.96,11.0,4,2.97,1,False,592.9,272,52.08,1.2701149425287357,2.3484536082474228,2.9,2.75,0.1863720694889526,0.38421318940799465,0.41086186540731995,0.01855287569573284,False,False,False,False,0.17004524886877828,0.08498683055311676,0.04499178981937603,0.27,True,False,False,True
104,0,0,0,0,167.6,116,28.49,219.2,112,18.63,215.9,94,9.72,11.7,2,3.16,4,False,614.4,324,60.0,1.4448275862068964,1.957142857142857,2.296808510638298,5.85,0.2727864583333333,0.3567708333333333,0.35139973958333337,0.01904296875,False,False,False,False,0.16998806682577566,0.08499087591240875,0.045020842982862436,0.2700854700854701,False,True,False,True
115,1,0,0,0,132.0,90,22.44,197.5,75,16.79,175.8,114,7.91,0.0,0,0.0,3,False,505.3,279,47.14,1.4666666666666666,2.6333333333333333,1.5421052631578949,0.0,0.2612309519097566,0.39085691668315853,0.34791213140708493,0.0,False,False,False,False,0.17,0.08501265822784809,0.0449943117178612,0.0,False,True,False,True
70,1,0,0,0,213.4,86,36.28,204.7,77,17.4,256.6,101,11.55,5.7,4,1.54,1,False,680.4000000000001,268,66.77000000000001,2.4813953488372094,2.658441558441558,2.5405940594059406,1.425,0.3136390358612581,0.3008524397413286,0.37713109935332156,0.00837742504409171,False,False,False,False,0.17000937207122774,0.08500244259892525,0.04501169134840218,0.27017543859649124,False,True,False,True
126,2,0,0,0,175.4,120,29.82,98.3,71,8.36,201.9,93,9.09,10.6,1,2.86,0,False,486.20000000000005,285,50.129999999999995,1.4616666666666667,1.384507042253521,2.170967741935484,10.6,0.36075689016865486,0.20218017276840805,0.4152612093788564,0.021801727684080622,False,False,False,False,0.17001140250855187,0.08504577822990844,0.0450222882615156,0.269811320754717,False,True,False,True
87,2,0,1,39,82.6,113,14.04,224.4,63,19.07,163.6,88,7.36,9.5,1,2.57,3,False,480.1,265,43.04,0.7309734513274336,3.561904761904762,1.8590909090909091,9.5,0.17204749010622786,0.4674026244532389,0.340762341178921,0.019787544261612163,False,False,False,False,0.16997578692493948,0.08498217468805704,0.044987775061124696,0.27052631578947367,True,False,False,True
86,1,0,0,0,125.5,139,21.34,269.8,93,22.93,235.8,110,10.61,8.9,8,2.4,1,False,640.0,350,57.279999999999994,0.9028776978417267,2.9010752688172046,2.1436363636363636,1.1125,0.19609375,0.4215625,0.36843750000000003,0.01390625,False,False,False,False,0.1700398406374502,0.08498888065233506,0.044995759117896515,0.2696629213483146,False,True,False,True
1,1,0,1,30,183.1,95,31.13,232.6,110,19.77,248.3,110,11.17,8.4,2,2.27,0,False,672.4,317,64.34,1.9273684210526316,2.1145454545454543,2.2572727272727273,4.2,0.2723081499107674,0.3459250446162998,0.36927424152290306,0.012492563950029746,False,False,False,False,0.17001638448935008,0.0849957007738607,0.044985904148207814,0.2702380952380952,True,False,True,False
133,0,0,0,0,162.1,91,27.56,212.1,94,18.03,260.4,78,11.72,12.2,5,3.29,1,False,646.8,268,60.6,1.7813186813186812,2.256382978723404,3.338461538461538,2.44,0.25061842918985777,0.32792207792207795,0.40259740259740256,0.01886209029066172,False,False,False,False,0.17001850709438618,0.08500707213578501,0.04500768049155147,0.269672131147541,False,True,False,True
103,2,0,0,0,166.6,84,28.32,192.4,91,16.35,167.9,115,7.56,7.7,6,2.08,1,False,534.6,296,54.31,1.9833333333333332,2.1142857142857143,1.46,1.2833333333333334,0.3116348671904227,0.35989524878413764,0.31406659184436964,0.01440329218106996,False,False,False,False,0.16998799519807925,0.08497920997920999,0.045026801667659315,0.2701298701298701,False,True,False,True
131,1,0,1,24,135.9,60,23.1,233.2,78,19.82,210.6,121,9.48,9.4,4,2.54,1,False,589.1,263,54.940000000000005,2.265,2.98974358974359,1.7404958677685949,2.35,0.2306908843999321,0.39585808860974364,0.3574944831098285,0.015956543880495673,False,False,False,False,0.16997792494481237,0.08499142367066896,0.045014245014245016,0.2702127659574468,True,False,False,True
99,2,0,0,0,142.3,89,24.19,204.5,95,17.38,203.1,114,9.14,9.1,1,2.46,0,False,559.0,299,53.17,1.5988764044943822,2.1526315789473682,1.781578947368421,9.1,0.25456171735241506,0.36583184257602863,0.3633273703041145,0.01627906976744186,False,False,False,False,0.16999297259311313,0.08498777506112469,0.04500246184145741,0.2703296703296703,False,True,False,True
27,2,0,0,0,177.6,121,30.19,296.8,92,25.23,192.9,106,8.68,7.6,3,2.05,3,False,674.9,322,66.14999999999999,1.4677685950413222,3.226086956521739,1.819811320754717,2.533333333333333,0.2631500963105645,0.43976885464513266,0.28582012149948144,0.011260927544821456,False,False,False,False,0.16998873873873876,0.0850067385444744,0.04499740798341109,0.26973684210526316,False,True,True,False
141,0,0,0,0,83.2,74,14.14,190.6,104,16.2,150.5,79,6.77,10.7,7,2.89,1,False,435.0,264,40.0,1.1243243243243244,1.8326923076923076,1.9050632911392404,1.5285714285714285,0.19126436781609196,0.4381609195402299,0.34597701149425286,0.024597701149425284,False,False,False,False,0.16995192307692308,0.08499475341028331,0.044983388704318936,0.27009345794392525,False,True,False,True
29,1,1,1,37,235.0,101,39.95,183.3,79,15.58,139.8,106,6.29,5.7,7,1.54,2,False,563.8000000000001,293,63.36,2.3267326732673266,2.320253164556962,1.318867924528302,0.8142857142857143,0.41681447321745296,0.3251152891096133,0.24796026959914863,0.010109968073785029,False,False,False,False,0.17,0.08499727223131479,0.04499284692417739,0.27017543859649124,True,False,True,False
65,1,0,0,0,105.7,95,17.97,141.8,100,12.05,180.5,105,8.12,6.6,12,1.78,2,False,434.6,312,39.92,1.1126315789473684,1.4180000000000001,1.7190476190476192,0.5499999999999999,0.2432121491026231,0.3262770363552692,0.4153244362632305,0.015186378278877127,False,False,False,False,0.17000946073793755,0.08497884344146685,0.04498614958448753,0.2696969696969697,False,True,False,True
81,1,1,0,0,149.4,68,25.4,171.9,98,14.61,214.5,97,9.65,17.9,3,4.83,3,True,553.6999999999999,266,54.489999999999995,2.197058823529412,1.7540816326530613,2.211340206185567,5.966666666666666,0.2698212028174102,0.31045692613328524,0.3873938956113419,0.0323279754379628,False,False,False,True,0.17001338688085674,0.08499127399650959,0.04498834498834499,0.2698324022346369,False,True,False,True
37,1,0,1,20,264.7,81,45.0,216.5,110,18.4,210.7,102,9.48,10.4,7,2.81,0,False,702.3,300,75.69,3.2679012345679013,1.9681818181818183,2.0656862745098037,1.4857142857142858,0.3769044567848498,0.30827281788409516,0.3000142389292325,0.014808486401822585,False,False,False,False,0.17000377786173027,0.08498845265588914,0.04499288087327955,0.2701923076923077,True,False,False,True
107,2,0,1,31,160.3,45,27.25,221.5,70,18.83,261.6,109,11.77,5.6,1,1.51,1,False,649.0000000000001,225,59.35999999999999,3.5622222222222226,3.164285714285714,2.4000000000000004,5.6,0.24699537750385206,0.3412942989214175,0.40308166409861323,0.008628659476117101,False,False,False,False,0.16999376169681846,0.08501128668171556,0.044992354740061156,0.2696428571428572,True,False,False,True
127,1,1,1,28,95.9,117,16.3,159.5,131,13.56,152.8,132,6.88,10.4,3,2.81,1,False,418.6,383,39.550000000000004,0.8196581196581197,1.217557251908397,1.1575757575757577,3.466666666666667,0.2290969899665552,0.38103201146679405,0.36502627806975635,0.024844720496894408,False,False,False,False,0.16996871741397288,0.08501567398119123,0.0450261780104712,0.2701923076923077,True,False,False,True
78,0,0,0,0,140.7,77,23.92,195.2,114,16.59,252.9,107,11.38,11.7,5,3.16,0,False,600.5,303,55.05000000000001,1.8272727272727272,1.712280701754386,2.363551401869159,2.34,0.23430474604496251,0.3250624479600333,0.4211490424646128,0.01948376353039134,False,False,False,False,0.17000710732054017,0.08498975409836065,0.04499802293396599,0.2700854700854701,False,True,False,True
176,1,0,0,0,250.9,108,42.65,171.4,100,14.57,148.6,85,6.69,9.6,6,2.59,2,False,580.5,299,66.5,2.323148148148148,1.714,1.7482352941176469,1.5999999999999999,0.43221360895779504,0.2952627045650302,0.25598621877691646,0.016537467700258397,False,False,False,False,0.16998804304503787,0.08500583430571762,0.04502018842530283,0.26979166666666665,False,True,False,True
96,1,1,0,0,200.6,117,34.1,289.5,120,24.61,98.3,95,4.42,11.2,5,3.02,2,False,599.6,337,66.15,1.7145299145299144,2.4125,1.0347368421052632,2.2399999999999998,0.3345563709139426,0.4828218812541694,0.16394262841894594,0.01867911941294196,False,False,False,True,0.1699900299102692,0.08500863557858376,0.04496439471007121,0.2696428571428572,False,True,False,True
11,2,0,1,38,209.8,130,35.67,196.6,84,16.71,233.0,79,10.49,7.0,7,1.89,1,False,646.4,300,64.76,1.613846153846154,2.3404761904761906,2.949367088607595,1.0,0.32456683168316836,0.3041460396039604,0.3604579207920792,0.01082920792079208,False,False,False,False,0.1700190657769304,0.08499491353001018,0.045021459227467815,0.26999999999999996,True,False,True,False
48,1,0,1,34,198.0,70,33.66,273.7,121,23.26,217.9,71,9.81,7.6,4,2.05,1,False,697.2,266,68.78,2.8285714285714287,2.2619834710743802,3.0690140845070424,1.9,0.2839931153184165,0.39257028112449793,0.3125358577165806,0.010900745840504876,False,False,False,False,0.16999999999999998,0.08498355864084765,0.04502065167508031,0.26973684210526316,True,False,False,True
47,0,0,1,37,112.8,150,19.18,243.9,97,20.73,178.7,112,8.04,13.2,6,3.56,2,False,548.6,365,51.51,0.752,2.5144329896907216,1.5955357142857143,2.1999999999999997,0.2056142909223478,0.444586219467736,0.32573824279985414,0.024061246810061974,False,False,False,False,0.1700354609929078,0.08499384993849939,0.044991606043648574,0.2696969696969697,True,False,False,True
89,1,1,1,19,112.6,114,19.14,261.7,132,22.24,123.5,116,5.56,11.1,2,3.0,0,True,508.9,364,49.94,0.987719298245614,1.9825757575757574,1.0646551724137931,5.55,0.22126154450776184,0.5142464138337591,0.24268029082334447,0.021811750835134605,False,False,False,False,0.1699822380106572,0.0849828047382499,0.045020242914979754,0.2702702702702703,True,False,False,True
83,2,0,1,26,226.4,117,38.49,234.7,97,19.95,133.6,82,6.01,10.8,7,2.92,1,False,605.5,303,67.37,1.935042735042735,2.4195876288659792,1.6292682926829267,1.542857142857143,0.373905862923204,0.38761354252683733,0.22064409578860444,0.017836498761354253,False,False,False,False,0.1700088339222615,0.0850021303792075,0.04498502994011976,0.27037037037037037,True,False,False,True
126,1,1,1,34,244.9,118,41.63,219.6,105,18.67,210.8,136,9.49,9.7,6,2.62,4,False,685.0,365,72.41000000000001,2.0754237288135595,2.091428571428571,1.55,1.6166666666666665,0.35751824817518246,0.3205839416058394,0.30773722627737227,0.014160583941605838,False,False,False,False,0.1699877501020825,0.08501821493624773,0.04501897533206831,0.2701030927835052,True,False,False,True
60,2,0,0,0,203.2,99,34.54,235.8,131,20.04,224.9,112,10.12,15.1,6,4.08,2,False,679.0,348,68.78,2.0525252525252524,1.8,2.008035714285714,2.5166666666666666,0.2992636229749632,0.3472754050073638,0.3312223858615611,0.02223858615611193,False,False,False,False,0.16998031496062993,0.08498727735368956,0.0449977767896843,0.27019867549668874,False,True,False,True
122,1,0,0,0,136.7,115,23.24,243.1,137,20.66,188.9,110,8.5,8.6,4,2.32,0,False,577.3,366,54.72,1.188695652173913,1.7744525547445256,1.7172727272727273,2.15,0.23679196258444482,0.42109821583232293,0.32721288758011435,0.014896934003117963,False,False,False,False,0.1700073152889539,0.08498560263266146,0.044997353096876656,0.2697674418604651,False,True,False,True
136,0,0,0,0,152.6,97,25.94,208.9,85,17.76,119.1,99,5.36,5.0,10,1.35,1,False,485.6,291,50.410000000000004,1.5731958762886598,2.4576470588235293,1.203030303030303,0.5,0.31425041186161445,0.43018945634266886,0.2452635914332784,0.01029654036243822,False,False,False,False,0.16998689384010487,0.08501675442795596,0.045004198152812765,0.27,False,True,False,True
172,0,0,1,47,274.9,102,46.73,186.6,118,15.86,245.0,123,11.03,8.8,2,2.38,1,False,715.3,345,75.99999999999999,2.695098039215686,1.5813559322033899,1.991869918699187,4.4,0.38431427373130156,0.2608695652173913,0.34251363064448487,0.012302530406822314,False,False,False,False,0.16998908694070572,0.08499464094319399,0.0450204081632653,0.27045454545454545,True,False,False,True
102,2,0,0,0,195.7,116,33.27,209.1,87,17.77,201.1,73,9.05,8.3,3,2.24,1,True,614.1999999999999,279,62.330000000000005,1.6870689655172413,2.4034482758620688,2.754794520547945,2.766666666666667,0.3186258547704331,0.3404428524910453,0.32741777922500814,0.013513513513513516,False,False,False,False,0.17000510986203374,0.08498326159732185,0.045002486325211345,0.26987951807228916,False,True,False,True
113,1,1,0,0,204.3,82,34.73,188.8,115,16.05,139.4,97,6.27,9.2,7,2.48,1,False,541.7,301,59.529999999999994,2.4914634146341466,1.6417391304347828,1.4371134020618557,1.3142857142857143,0.3771460217832749,0.34853239800627656,0.25733800996861733,0.01698357024183127,False,False,False,True,0.16999510523739597,0.08501059322033898,0.04497847919655667,0.26956521739130435,False,True,False,True
79,1,0,0,0,222.3,99,37.79,146.2,82,12.43,275.6,82,12.4,8.9,4,2.4,3,False,653.0,267,65.02,2.2454545454545456,1.7829268292682925,3.360975609756098,2.225,0.3404287901990812,0.2238897396630934,0.422052067381317,0.013629402756508422,False,False,False,False,0.16999550157444893,0.08502051983584132,0.04499274310595065,0.2696629213483146,False,True,False,True
55,2,0,1,8,222.5,104,37.83,171.5,94,14.58,377.5,114,16.99,9.7,2,2.62,1,False,781.2,314,72.02,2.139423076923077,1.824468085106383,3.31140350877193,4.85,0.28481822836661547,0.21953405017921146,0.48323092677931384,0.01241679467485919,False,False,False,False,0.17002247191011235,0.08501457725947521,0.04500662251655629,0.2701030927835052,True,False,False,True
160,1,0,0,0,174.3,105,29.63,171.3,107,14.56,220.8,131,9.94,8.3,2,2.24,0,False,574.7,345,56.37,1.6600000000000001,1.6009345794392524,1.685496183206107,4.15,0.3032886723507917,0.29806855750826516,0.384200452409953,0.014442317730990082,False,False,False,False,0.1699942627653471,0.08499708114419148,0.04501811594202898,0.26987951807228916,False,True,False,True
110,1,0,0,0,242.5,110,41.23,162.3,140,13.8,184.1,86,8.28,7.8,3,2.11,4,False,596.6999999999999,339,65.42,2.2045454545454546,1.1592857142857145,2.1406976744186044,2.6,0.4064018769901123,0.27199597787833085,0.3085302497067203,0.013071895424836602,False,False,False,False,0.17002061855670103,0.08502772643253234,0.044975556762629,0.2705128205128205,False,True,False,True
192,1,0,0,0,221.6,101,37.67,285.2,50,24.24,167.4,83,7.53,12.7,6,3.43,4,False,686.9,240,72.87,2.194059405940594,5.704,2.016867469879518,2.1166666666666667,0.32260882224486825,0.4151987188819333,0.24370359586548263,0.018488863007715826,False,False,False,False,0.16999097472924188,0.0849929873772791,0.04498207885304659,0.27007874015748035,False,True,False,True
93,0,0,0,0,114.3,100,19.43,221.1,103,18.79,126.3,88,5.68,10.9,9,2.94,0,False,472.59999999999997,300,46.839999999999996,1.143,2.146601941747573,1.4352272727272728,1.2111111111111112,0.24185357596275922,0.46783749471011427,0.26724502750740586,0.023063901819720695,False,False,False,False,0.1699912510936133,0.08498417005879692,0.044972288202692,0.2697247706422018,False,True,False,True
101,1,0,1,33,219.7,137,37.35,186.8,94,15.88,184.5,113,8.3,9.5,2,2.57,2,False,600.5,346,64.1,1.6036496350364962,1.9872340425531916,1.6327433628318584,4.75,0.3658617818484596,0.31107410491257287,0.30724396336386345,0.01582014987510408,False,False,False,False,0.17000455166135642,0.08501070663811564,0.04498644986449865,0.27052631578947367,True,False,False,True
77,2,0,0,0,144.9,136,24.63,151.3,115,12.86,252.4,73,11.36,12.3,3,3.32,2,False,560.9,327,52.169999999999995,1.0654411764705882,1.3156521739130436,3.4575342465753427,4.1000000000000005,0.2583348190408273,0.2697450525940453,0.4499910857550366,0.02192904261009093,False,False,False,False,0.16997929606625256,0.0849966953073364,0.04500792393026941,0.26991869918699185,False,True,False,True
105,1,0,1,40,236.5,111,40.21,117.0,110,9.95,221.1,115,9.95,8.1,3,2.19,2,False,582.7,339,62.3,2.130630630630631,1.0636363636363637,1.922608695652174,2.6999999999999997,0.40586922944911613,0.20078942852239573,0.379440535438476,0.013900806590012011,False,False,False,False,0.17002114164904863,0.08504273504273503,0.045002261420171864,0.27037037037037037,True,False,False,True
133,0,0,1,44,174.0,80,29.58,209.4,113,17.8,224.1,87,10.08,14.1,7,3.81,2,True,621.6,287,61.269999999999996,2.175,1.8530973451327435,2.575862068965517,2.0142857142857142,0.2799227799227799,0.33687258687258687,0.3605212355212355,0.022683397683397683,False,False,False,False,0.16999999999999998,0.08500477554918816,0.04497991967871486,0.2702127659574468,True,False,False,True
131,0,0,0,0,109.5,95,18.62,332.1,48,28.23,258.6,108,11.64,6.6,7,1.78,1,False,706.8000000000001,258,60.27,1.1526315789473685,6.91875,2.394444444444445,0.9428571428571428,0.15492359932088284,0.46986417657045837,0.36587436332767403,0.009337860780984718,False,False,False,False,0.17004566210045663,0.08500451671183377,0.04501160092807424,0.2696969696969697,False,True,False,True
106,2,0,1,33,81.6,120,13.87,235.6,85,20.03,150.9,113,6.79,9.9,4,2.67,1,False,478.0,322,43.36,0.6799999999999999,2.7717647058823527,1.3353982300884957,2.475,0.1707112970711297,0.4928870292887029,0.31569037656903765,0.020711297071129706,False,False,False,False,0.16997549019607844,0.0850169779286927,0.04499668654738237,0.26969696969696966,True,False,False,True
118,1,0,0,0,133.4,113,22.68,121.0,92,10.29,254.7,129,11.46,5.9,4,1.59,1,False,515.0,338,46.02,1.1805309734513274,1.315217391304348,1.9744186046511627,1.475,0.25902912621359225,0.23495145631067962,0.4945631067961165,0.01145631067961165,False,False,False,False,0.17001499250374813,0.08504132231404958,0.044994110718492346,0.2694915254237288,False,True,False,True
125,0,0,0,0,137.1,94,23.31,209.8,83,17.83,238.4,114,10.73,8.6,4,2.32,1,False,593.9,295,54.190000000000005,1.4585106382978723,2.527710843373494,2.0912280701754384,2.15,0.23084694392995453,0.353258124263344,0.4014143795251726,0.014480552281528877,False,False,False,False,0.1700218818380744,0.08498570066730218,0.04500838926174497,0.2697674418604651,False,True,False,True
95,1,0,0,0,197.0,88,33.49,190.4,68,16.18,211.9,104,9.54,16.1,8,4.35,0,False,615.4,268,63.56,2.2386363636363638,2.8000000000000003,2.0375,2.0125,0.32011699707507313,0.3093922651933702,0.3443288917777056,0.026161845953851157,False,False,False,False,0.17,0.08497899159663864,0.04502123643227937,0.27018633540372666,False,True,False,True
80,1,0,0,0,198.1,160,33.68,156.7,87,13.32,182.1,76,8.19,9.3,3,2.51,3,False,546.1999999999999,326,57.699999999999996,1.238125,1.801149425287356,2.3960526315789474,3.1,0.3626876601977298,0.2868912486268766,0.33339436103991216,0.017026730135481512,False,False,False,False,0.17001514386673397,0.08500319081046587,0.04497528830313015,0.2698924731182795,False,True,False,True
145,0,0,0,0,39.5,78,6.72,264.3,106,22.47,185.8,90,8.36,10.0,6,2.7,0,False,499.6,280,40.25,0.5064102564102564,2.4933962264150944,2.0644444444444447,1.6666666666666667,0.07906325060048038,0.5290232185748599,0.3718975180144115,0.020016012810248198,False,False,False,False,0.17012658227848101,0.08501702610669692,0.04499461786867599,0.27,False,True,False,True
37,0,0,0,0,199.5,107,33.92,207.5,110,17.64,83.9,123,3.78,8.1,4,2.19,2,False,499.0,344,57.53,1.8644859813084111,1.8863636363636365,0.6821138211382114,2.025,0.3997995991983968,0.41583166332665333,0.1681362725450902,0.01623246492985972,False,False,False,False,0.1700250626566416,0.08501204819277108,0.045053635280095344,0.27037037037037037,False,True,False,True
87,1,0,0,0,156.8,93,26.66,215.8,68,18.34,223.3,77,10.05,7.6,6,2.05,1,False,603.5000000000001,244,57.099999999999994,1.686021505376344,3.173529411764706,2.9000000000000004,1.2666666666666666,0.2598177299088649,0.35758077879038935,0.37000828500414246,0.012593206296603146,False,False,False,False,0.17002551020408163,0.08498609823911028,0.045006717420510524,0.26973684210526316,False,True,False,True
69,1,0,0,0,183.4,85,31.18,237.6,100,20.2,228.0,94,10.26,9.0,5,2.43,3,False,658.0,284,64.07,2.1576470588235295,2.376,2.425531914893617,1.8,0.27872340425531916,0.36109422492401216,0.3465045592705167,0.013677811550151976,False,False,False,False,0.17001090512540892,0.08501683501683502,0.045,0.27,False,True,False,True
83,2,0,0,0,132.4,120,22.51,121.6,101,10.34,197.7,84,8.9,8.6,2,2.32,1,False,460.3,307,44.07,1.1033333333333333,1.203960396039604,2.3535714285714286,4.3,0.2876384966326309,0.264175537692809,0.4295024983706278,0.01868346730393222,False,False,False,False,0.17001510574018128,0.08503289473684211,0.04501770359129995,0.2697674418604651,False,True,False,True
195,1,0,0,0,63.2,108,10.74,220.2,88,18.72,184.0,99,8.28,5.1,3,1.38,0,False,472.5,298,39.120000000000005,0.5851851851851853,2.502272727272727,1.8585858585858586,1.7,0.13375661375661377,0.466031746031746,0.38941798941798944,0.010793650793650793,False,False,False,False,0.16993670886075948,0.08501362397820163,0.045,0.27058823529411763,False,True,False,True
67,1,1,1,35,181.1,59,30.79,215.9,116,18.35,216.3,106,9.73,16.9,4,4.56,0,True,630.1999999999999,285,63.43000000000001,3.0694915254237287,1.861206896551724,2.040566037735849,4.225,0.2873690891780387,0.3425896540780705,0.3432243732148525,0.0268168835290384,False,False,False,False,0.17001656543346216,0.08499305233904586,0.04498381877022654,0.2698224852071006,True,False,False,True
75,2,0,1,27,117.5,102,19.98,206.8,127,17.58,194.4,114,8.75,4.2,7,1.13,3,False,522.9000000000001,350,47.440000000000005,1.1519607843137254,1.6283464566929136,1.7052631578947368,0.6,0.22470835723847768,0.39548670873972075,0.3717728055077452,0.008032128514056224,False,False,False,False,0.17004255319148937,0.08500967117988394,0.04501028806584362,0.26904761904761904,True,False,False,True
123,1,0,1,27,218.7,79,37.18,163.4,78,13.89,173.8,116,7.82,15.0,1,4.05,0,False,570.9000000000001,274,62.94,2.7683544303797465,2.094871794871795,1.4982758620689656,15.0,0.38307934839726737,0.2862147486424943,0.3044315992292871,0.026274303730951125,False,False,False,False,0.1700045724737083,0.08500611995104039,0.044994246260069044,0.26999999999999996,True,False,False,True
41,1,0,1,41,207.3,95,35.24,137.3,120,11.67,115.7,74,5.21,5.9,3,1.59,1,False,466.2,292,53.71000000000001,2.182105263157895,1.1441666666666668,1.5635135135135136,1.9666666666666668,0.4446589446589447,0.2945087945087945,0.2481767481767482,0.012655512655512657,False,False,False,False,0.16999517607332368,0.08499635833940276,0.04503025064822817,0.2694915254237288,True,False,False,True
75,1,0,0,0,150.6,99,25.6,301.5,83,25.63,158.7,104,7.14,8.1,5,2.19,0,False,618.9,291,60.56,1.5212121212121212,3.6325301204819276,1.5259615384615384,1.6199999999999999,0.2433349491032477,0.48715462918080465,0.2564226854095977,0.013087736306349976,False,False,False,False,0.16998671978751662,0.08500829187396351,0.04499054820415879,0.27037037037037037,False,True,False,True
76,1,1,0,0,273.3,66,46.46,263.6,121,22.41,165.2,84,7.43,12.0,7,3.24,1,True,714.1000000000001,278,79.54,4.140909090909091,2.1785123966942153,1.9666666666666666,1.7142857142857142,0.3827195070718386,0.3691359753535919,0.23134014843859396,0.016804369135975352,False,False,False,True,0.1699963410171972,0.08501517450682852,0.04497578692493947,0.27,False,True,False,True
86,1,1,0,0,266.1,120,45.24,182.0,92,15.47,206.5,103,9.29,10.3,4,2.78,1,False,664.9,319,72.78,2.2175000000000002,1.9782608695652173,2.004854368932039,2.575,0.40021055797864347,0.27372537223642657,0.3105730184990224,0.015491051285907657,False,False,False,True,0.17001127395715895,0.085,0.04498789346246973,0.2699029126213592,False,True,False,True
140,0,0,0,0,112.8,89,19.18,156.7,65,13.32,249.6,85,11.23,16.3,6,4.4,0,False,535.4,245,48.13,1.2674157303370785,2.4107692307692306,2.936470588235294,2.716666666666667,0.21068360104594697,0.2926783713111692,0.46619350018677624,0.030444527456107585,False,False,False,False,0.1700354609929078,0.08500319081046587,0.04499198717948718,0.26993865030674846,False,True,False,True
70,1,0,0,0,104.7,112,17.8,82.2,104,6.99,169.4,110,7.62,15.8,7,4.27,3,False,372.1,333,36.67999999999999,0.9348214285714286,0.7903846153846155,1.54,2.257142857142857,0.2813759742004837,0.2209083579682881,0.4552539639881752,0.04246170384305294,False,False,False,False,0.17000955109837632,0.08503649635036496,0.04498229043683589,0.27025316455696197,False,True,False,True
118,1,0,0,0,253.2,122,43.04,201.0,78,17.09,195.3,108,8.79,9.7,7,2.62,2,False,659.2,315,71.53999999999999,2.0754098360655737,2.576923076923077,1.8083333333333333,1.3857142857142857,0.3841019417475728,0.3049150485436893,0.2962682038834951,0.014714805825242717,False,False,False,False,0.16998420221169036,0.08502487562189055,0.045007680491551454,0.2701030927835052,False,True,False,True
66,1,0,1,16,174.7,92,29.7,232.1,105,19.73,305.4,98,13.74,8.9,2,2.4,1,False,721.0999999999999,297,65.57000000000001,1.8989130434782608,2.2104761904761903,3.1163265306122447,4.45,0.2422687560671197,0.3218693662460131,0.4235196227985023,0.012342254888365,False,False,False,False,0.1700057240984545,0.08500646273158122,0.044990176817288806,0.2696629213483146,True,False,False,True
78,0,0,0,0,87.0,102,14.79,193.6,64,16.46,205.8,120,9.26,11.0,5,2.97,0,False,497.40000000000003,291,43.48,0.8529411764705882,3.025,1.715,2.2,0.1749095295536791,0.38922396461600317,0.413751507840772,0.022114997989545637,False,False,False,False,0.16999999999999998,0.08502066115702481,0.04499514091350826,0.27,False,True,False,True
129,1,0,1,34,204.5,79,34.77,132.8,113,11.29,190.1,117,8.55,14.8,9,4.0,2,False,542.1999999999999,318,58.61,2.588607594936709,1.1752212389380532,1.6247863247863248,1.6444444444444446,0.37716709701217266,0.24492807082257476,0.35060863150129107,0.027296200663961642,False,False,False,False,0.17002444987775062,0.08501506024096384,0.04497632824829038,0.27027027027027023,True,False,False,True
6,0,0,0,0,226.5,93,38.51,152.1,122,12.93,164.4,98,7.4,9.4,4,2.54,3,False,552.4,317,61.379999999999995,2.435483870967742,1.2467213114754099,1.6775510204081634,2.35,0.4100289645184649,0.27534395365677045,0.2976104272266474,0.01701665459811731,False,False,False,False,0.17002207505518763,0.08500986193293886,0.045012165450121655,0.2702127659574468,False,True,True,False
107,2,1,0,0,234.1,91,39.8,163.1,105,13.86,282.5,100,12.71,10.0,3,2.7,1,False,689.7,299,69.07000000000001,2.5725274725274723,1.5533333333333332,2.825,3.3333333333333335,0.3394229375090619,0.2364796288241264,0.4095983761055531,0.014499057561258518,False,False,False,True,0.17001281503630927,0.08497854077253218,0.04499115044247788,0.27,False,True,False,True
107,1,1,0,0,133.3,106,22.66,182.9,89,15.55,241.1,123,10.85,12.9,2,3.48,3,True,570.2,320,52.54,1.2575471698113208,2.055056179775281,1.9601626016260163,6.45,0.23377762188705717,0.3207646439845668,0.42283409330059624,0.022623640827779724,False,False,False,True,0.16999249812453113,0.0850191361399672,0.04500207382828702,0.2697674418604651,False,True,False,True
138,1,0,0,0,133.9,87,22.76,166.4,110,14.14,193.5,139,8.71,15.4,3,4.16,1,False,509.2,339,49.77000000000001,1.539080459770115,1.5127272727272727,1.3920863309352518,5.133333333333334,0.26296150824823256,0.3267871170463472,0.3800078554595444,0.030243519245875886,False,False,False,False,0.16997759522031367,0.08497596153846154,0.04501291989664083,0.2701298701298701,False,True,False,True
103,2,0,0,0,160.2,104,27.23,138.9,70,11.81,312.5,97,14.06,9.7,2,2.62,0,False,621.3000000000001,273,55.72,1.5403846153846152,1.9842857142857144,3.2216494845360826,4.85,0.2578464509898599,0.22356349589570254,0.5029776275551263,0.01561242555931112,False,False,False,False,0.16997503121098628,0.08502519798416126,0.044992000000000004,0.2701030927835052,False,True,False,True
116,1,0,1,44,230.6,94,39.2,224.1,103,19.05,244.0,76,10.98,11.1,2,3.0,0,False,709.8000000000001,275,72.23,2.453191489361702,2.175728155339806,3.210526315789474,5.55,0.324880247957171,0.31572273879966184,0.3437588052972668,0.01563820794590025,False,False,False,False,0.16999132697311364,0.08500669344042838,0.045,0.2702702702702703,True,False,False,True
189,0,0,0,0,227.4,84,38.66,176.0,81,14.96,206.1,120,9.27,6.3,4,1.7,2,False,615.8,289,64.59,2.7071428571428573,2.1728395061728394,1.7175,1.575,0.3692757388762586,0.28580708022085094,0.334686586554076,0.010230594348814551,False,False,False,False,0.1700087950747581,0.085,0.044978165938864625,0.2698412698412698,False,True,False,True
161,1,0,0,0,72.8,120,12.38,267.1,120,22.7,222.5,91,10.01,11.8,2,3.19,2,False,574.2,333,48.279999999999994,0.6066666666666667,2.2258333333333336,2.4450549450549453,5.9,0.12678509230233367,0.46516893068617204,0.38749564611633575,0.02055033089515848,False,False,False,False,0.17005494505494506,0.08498689629352302,0.04498876404494382,0.2703389830508474,False,True,False,True
1,1,0,0,0,196.1,107,33.34,296.5,82,25.2,211.5,91,9.52,7.0,2,1.89,1,False,711.1,282,69.95,1.8327102803738318,3.6158536585365852,2.3241758241758244,3.5,0.27576993390521726,0.4169596399943749,0.29742652228941074,0.009843903810997047,False,False,False,False,0.17001529831718512,0.08499156829679595,0.04501182033096927,0.26999999999999996,False,True,True,False
89,0,0,0,0,197.1,110,33.51,165.9,115,14.1,227.3,106,10.23,12.8,3,3.46,1,False,603.0999999999999,334,61.300000000000004,1.7918181818181818,1.442608695652174,2.1443396226415095,4.266666666666667,0.3268114740507379,0.2750787597413365,0.37688608854253036,0.02122367766539546,False,False,False,False,0.1700152207001522,0.08499095840867993,0.04500659920809503,0.27031249999999996,False,True,False,True
64,0,0,0,0,219.6,126,37.33,303.3,100,25.78,154.5,65,6.95,9.7,5,2.62,1,False,687.1,296,72.68,1.7428571428571429,3.033,2.376923076923077,1.94,0.31960413331392806,0.4414204628147286,0.22485809925774997,0.014117304613593363,False,False,False,False,0.16999089253187613,0.0849983514671942,0.04498381877022654,0.2701030927835052,False,True,False,True
126,1,0,1,30,153.4,90,26.08,151.4,97,12.87,153.8,97,6.92,12.8,4,3.46,4,True,471.40000000000003,288,49.33,1.7044444444444444,1.5608247422680412,1.5855670103092785,3.2,0.3254136614340263,0.32117098005939754,0.32626219770895204,0.027153160797624098,False,False,False,False,0.17001303780964797,0.08500660501981505,0.04499349804941482,0.27031249999999996,True,False,False,True
129,1,0,0,0,216.0,85,36.72,186.9,114,15.89,210.7,109,9.48,4.9,10,1.32,2,False,618.4999999999999,318,63.410000000000004,2.541176470588235,1.6394736842105264,1.9330275229357796,0.49000000000000005,0.34923201293451905,0.3021827000808408,0.34066289409862577,0.007922392886014554,False,False,False,False,0.16999999999999998,0.0850187265917603,0.04499288087327955,0.2693877551020408,False,True,False,True
128,2,0,1,32,222.9,136,37.89,262.0,80,22.27,191.4,101,8.61,10.8,4,2.92,0,False,687.0999999999999,321,71.69,1.638970588235294,3.275,1.8950495049504952,2.7,0.3244069276670063,0.3813127637898414,0.278562072478533,0.015718236064619417,False,False,False,False,0.1699865410497981,0.08499999999999999,0.04498432601880877,0.27037037037037037,True,False,False,True
114,2,0,0,0,189.8,101,32.27,147.7,80,12.55,172.7,121,7.77,10.6,5,2.86,1,False,520.8,307,55.45,1.8792079207920793,1.84625,1.4272727272727272,2.12,0.3644393241167435,0.28360215053763443,0.331605222734255,0.020353302611367127,False,False,False,False,0.17002107481559536,0.08496953283683142,0.04499131441806601,0.269811320754717,False,True,False,True
50,0,0,0,0,154.7,102,26.3,298.0,108,25.33,210.2,95,9.46,11.1,3,3.0,0,False,674.0,308,64.09,1.5166666666666666,2.759259259259259,2.2126315789473683,3.6999999999999997,0.22952522255192875,0.4421364985163205,0.3118694362017804,0.016468842729970325,False,False,False,False,0.1700064641241112,0.08499999999999999,0.045004757373929595,0.2702702702702703,False,True,False,True
86,1,0,0,0,136.4,104,23.19,202.5,110,17.21,230.7,86,10.38,11.5,1,3.11,3,False,581.0999999999999,301,53.89000000000001,1.3115384615384615,1.8409090909090908,2.6825581395348834,11.5,0.23472724143865087,0.3484770263293754,0.39700567888487354,0.01979005334710033,False,False,False,False,0.17001466275659824,0.08498765432098766,0.04499349804941483,0.27043478260869563,False,True,False,True
96,0,0,0,0,170.5,86,28.99,277.5,88,23.59,162.5,117,7.31,12.2,6,3.29,1,False,622.7,297,63.18,1.9825581395348837,3.153409090909091,1.3888888888888888,2.033333333333333,0.2738076120122049,0.445639955034527,0.2609603340292275,0.019592098924040468,False,False,False,False,0.17002932551319647,0.08500900900900901,0.04498461538461538,0.269672131147541,False,True,False,True
57,1,1,1,17,236.5,94,40.21,163.1,94,13.86,236.7,117,10.65,12.2,3,3.29,2,False,648.5,308,68.01,2.515957446808511,1.7351063829787234,2.023076923076923,4.066666666666666,0.3646877409406322,0.25150346954510405,0.3649961449498843,0.018812644564379335,False,False,False,False,0.17002114164904863,0.08497854077253218,0.0449936628643853,0.269672131147541,True,False,False,True
65,2,0,0,0,153.9,117,26.16,220.1,122,18.71,280.5,147,12.62,8.5,3,2.3,2,False,663.0,389,59.79,1.3153846153846154,1.8040983606557377,1.9081632653061225,2.8333333333333335,0.2321266968325792,0.3319758672699849,0.4230769230769231,0.01282051282051282,False,False,False,False,0.1699805068226121,0.08500681508405271,0.04499108734402852,0.27058823529411763,False,True,False,True
136,1,0,0,0,252.4,74,42.91,167.9,81,14.27,248.3,110,11.17,10.7,3,2.89,2,False,679.3000000000001,268,71.24,3.410810810810811,2.0728395061728397,2.2572727272727273,3.5666666666666664,0.37155895775062564,0.24716620050051522,0.3655233328426321,0.015751508906226997,False,False,False,False,0.1700079239302694,0.08499106611078022,0.044985904148207814,0.27009345794392525,False,True,False,True
116,0,0,0,0,197.9,84,33.64,168.1,113,14.29,239.8,145,10.79,12.0,6,3.24,1,False,617.8,348,61.96,2.355952380952381,1.4876106194690264,1.653793103448276,2.0,0.32033020394949824,0.27209452897377795,0.38815150534153453,0.019423761735189383,False,False,False,False,0.16998484082870136,0.0850089232599643,0.044995829858215174,0.27,False,True,False,True
93,0,0,0,0,152.4,74,25.91,274.6,88,23.34,252.2,120,11.35,6.6,5,1.78,3,False,685.8000000000001,287,62.38,2.0594594594594597,3.1204545454545456,2.1016666666666666,1.3199999999999998,0.2222222222222222,0.4004082822980461,0.36774569845435984,0.009623797025371828,False,False,False,False,0.17001312335958005,0.08499635833940276,0.04500396510705789,0.2696969696969697,False,True,False,True
142,2,0,1,40,237.4,105,40.36,175.9,93,14.95,210.3,110,9.46,9.2,3,2.48,3,False,632.8000000000001,311,67.25000000000001,2.260952380952381,1.8913978494623656,1.9118181818181819,3.0666666666666664,0.37515802781289503,0.2779709228824273,0.3323324905183312,0.014538558786346394,False,False,False,False,0.1700084245998315,0.08499147242751563,0.044983357108892064,0.26956521739130435,True,False,False,True
92,0,0,0,0,265.6,82,45.15,180.7,75,15.36,211.1,113,9.5,8.6,2,2.32,1,False,666.0,272,72.32999999999998,3.2390243902439027,2.409333333333333,1.868141592920354,4.3,0.3987987987987988,0.2713213213213213,0.31696696696696697,0.012912912912912912,False,False,False,False,0.16999246987951805,0.0850027670171555,0.045002368545712934,0.2697674418604651,False,True,False,True
70,1,0,0,0,197.3,91,33.54,305.8,81,25.99,171.0,105,7.69,6.7,6,1.81,1,False,680.8000000000001,283,69.03,2.1681318681318684,3.775308641975309,1.6285714285714286,1.1166666666666667,0.28980611045828436,0.44917743830787304,0.2511750881316098,0.009841363102232667,False,False,False,False,0.16999493157627976,0.08499018966644865,0.04497076023391813,0.2701492537313433,False,True,False,True
22,0,0,1,14,199.1,100,33.85,221.8,103,18.85,65.7,91,2.96,4.2,1,1.13,1,False,490.79999999999995,295,56.790000000000006,1.9909999999999999,2.1533980582524275,0.721978021978022,4.2,0.40566422167889166,0.45191524042379794,0.1338630806845966,0.008557457212713938,False,False,False,False,0.17001506780512307,0.08498647430117223,0.04505327245053272,0.26904761904761904,True,False,True,False
37,1,0,0,0,233.7,114,39.73,207.9,109,17.67,212.7,101,9.57,12.0,2,3.24,2,False,666.3,326,70.21,2.05,1.9073394495412845,2.105940594059406,6.0,0.35074290859972984,0.31202161188653765,0.31922557406573615,0.0180099054479964,False,False,False,False,0.17000427899015833,0.084992784992785,0.044992947813822286,0.27,False,True,False,True
51,1,0,0,0,183.1,99,31.13,160.1,107,13.61,311.8,121,14.03,7.0,3,1.89,1,False,662.0,330,60.66,1.8494949494949495,1.4962616822429906,2.5768595041322313,2.3333333333333335,0.2765861027190332,0.2418429003021148,0.4709969788519638,0.010574018126888218,False,False,False,False,0.17001638448935008,0.08500936914428482,0.04499679281590763,0.26999999999999996,False,True,False,True
174,0,0,0,0,139.4,96,23.7,143.4,108,12.19,225.2,107,10.13,10.0,5,2.7,2,False,518.0,316,48.720000000000006,1.4520833333333334,1.3277777777777777,2.1046728971962616,2.0,0.2691119691119691,0.27683397683397687,0.4347490347490347,0.019305019305019305,False,False,False,False,0.17001434720229555,0.08500697350069734,0.0449822380106572,0.27,False,True,False,True
68,1,0,0,0,213.9,112,36.36,260.5,100,22.14,233.8,97,10.52,8.4,3,2.27,1,True,716.6,312,71.28999999999999,1.9098214285714286,2.605,2.410309278350516,2.8000000000000003,0.2984928830588892,0.3635221881105219,0.32626290817750486,0.011722020653084008,False,False,False,False,0.1699859747545582,0.08499040307101728,0.04499572284003421,0.2702380952380952,False,True,False,True
130,1,0,0,0,207.1,70,35.21,200.1,115,17.01,194.2,100,8.74,12.4,2,3.35,1,False,613.8,287,64.31,2.9585714285714286,1.74,1.942,6.2,0.33740632127728903,0.3260019550342131,0.31638970348647766,0.020202020202020204,False,False,False,False,0.1700144857556736,0.08500749625187408,0.045005149330587024,0.2701612903225806,False,True,False,True
134,0,0,0,0,177.2,91,30.12,228.7,105,19.44,194.3,113,8.74,8.9,3,2.4,2,False,609.1,312,60.7,1.9472527472527472,2.178095238095238,1.7194690265486727,2.966666666666667,0.2909210310293876,0.37547200788047935,0.3189952388770317,0.014611722213101298,False,False,False,False,0.16997742663656887,0.085002186270223,0.04498198661863098,0.2696629213483146,False,True,False,True
108,1,0,1,35,169.8,136,28.87,173.7,101,14.76,214.6,105,9.66,9.5,7,2.57,2,False,567.6,349,55.86000000000001,1.2485294117647059,1.7198019801980198,2.0438095238095237,1.3571428571428572,0.29915433403805497,0.3060253699788583,0.37808315715292456,0.016737138830162087,False,False,False,False,0.17002355712603062,0.0849740932642487,0.04501397949673812,0.27052631578947367,True,False,False,True
103,1,0,0,0,173.5,83,29.5,244.3,65,20.77,221.6,66,9.97,9.7,2,2.62,3,False,649.1,216,62.85999999999999,2.0903614457831323,3.7584615384615385,3.3575757575757574,4.85,0.2672931751656139,0.3763672777692189,0.34139577877060545,0.0149437682945617,False,False,False,False,0.17002881844380405,0.08501841997544003,0.04499097472924188,0.2701030927835052,False,True,False,True
62,2,0,0,0,159.9,100,27.18,172.2,99,14.64,263.2,109,11.84,5.6,4,1.51,1,False,600.9,312,55.169999999999995,1.599,1.7393939393939393,2.4146788990825687,1.4,0.26610084872690964,0.2865701447828258,0.4380096521883841,0.009319354301880512,False,False,False,False,0.1699812382739212,0.08501742160278747,0.044984802431610946,0.2696428571428572,False,True,False,True
162,1,0,0,0,115.1,89,19.57,196.8,111,16.73,212.4,98,9.56,11.4,3,3.08,2,False,535.6999999999999,301,48.94,1.2932584269662921,1.772972972972973,2.1673469387755104,3.8000000000000003,0.21485906290834425,0.36736979652790747,0.3964905730819489,0.021280567481799517,False,False,False,False,0.17002606429192008,0.08501016260162601,0.045009416195856876,0.27017543859649124,False,True,False,True
42,1,0,0,0,92.2,108,15.67,211.2,120,17.95,129.1,73,5.81,13.1,6,3.54,1,False,445.6,307,42.97,0.8537037037037037,1.76,1.7684931506849315,2.183333333333333,0.20691202872531417,0.47396768402154393,0.28972172351885095,0.029398563734290842,False,False,False,False,0.16995661605206072,0.0849905303030303,0.04500387296669248,0.2702290076335878,False,True,False,True
155,1,0,1,23,243.9,112,41.46,133.0,106,11.31,213.7,123,9.62,13.4,11,3.62,2,False,603.9999999999999,352,66.01,2.1776785714285714,1.2547169811320755,1.7373983739837398,1.2181818181818183,0.4038079470198676,0.22019867549668878,0.3538079470198676,0.022185430463576163,False,False,False,False,0.16998769987699877,0.08503759398496241,0.045016378100140385,0.2701492537313433,True,False,False,True
36,2,0,0,0,117.1,94,19.91,235.4,117,20.01,221.3,108,9.96,9.0,2,2.43,0,False,582.8,321,52.31,1.2457446808510637,2.011965811965812,2.049074074074074,4.5,0.20092656142759094,0.40391214824982846,0.3797185998627317,0.015442690459849006,False,False,False,False,0.17002561912894962,0.08500424808836024,0.045006778129236334,0.27,False,True,False,True
143,1,0,0,0,223.3,99,37.96,167.1,128,14.2,203.0,84,9.14,4.5,4,1.22,0,True,597.9,315,62.519999999999996,2.2555555555555555,1.30546875,2.4166666666666665,1.125,0.37347382505435694,0.27947817360762667,0.3395216591403245,0.007526342197691922,False,False,False,False,0.16999552171965965,0.08497905445840814,0.045024630541871925,0.2711111111111111,False,True,False,True
81,2,0,0,0,261.4,141,44.44,215.7,102,18.33,271.8,96,12.23,8.0,6,2.16,1,True,756.9,345,77.16,1.853900709219858,2.114705882352941,2.8312500000000003,1.3333333333333333,0.34535605760338217,0.284978200554895,0.3590963139120095,0.010569427929713304,False,False,False,False,0.17000765110941088,0.08497913769123783,0.04499632082413539,0.27,False,True,False,True
138,2,1,0,0,46.5,104,7.91,186.0,114,15.81,167.5,95,7.54,9.6,4,2.59,4,True,409.6,317,33.849999999999994,0.44711538461538464,1.631578947368421,1.763157894736842,2.4,0.113525390625,0.4541015625,0.408935546875,0.023437499999999997,False,False,False,True,0.17010752688172043,0.085,0.045014925373134326,0.26979166666666665,False,True,False,True
103,1,0,1,18,149.9,84,25.48,170.9,84,14.53,171.5,112,7.72,11.5,7,3.11,0,True,503.8,287,50.839999999999996,1.7845238095238096,2.0345238095238094,1.53125,1.6428571428571428,0.29753870583564906,0.33922191345772135,0.34041286224692335,0.022826518459706232,False,False,False,False,0.16997998665777184,0.085020479812756,0.04501457725947522,0.27043478260869563,True,False,False,True
127,2,1,0,0,242.2,102,41.17,226.1,80,19.22,252.0,96,11.34,13.9,5,3.75,2,True,734.1999999999999,283,75.48,2.3745098039215686,2.82625,2.625,2.7800000000000002,0.3298828657041678,0.30795423590302373,0.34323072732225557,0.018932171070552985,False,False,False,True,0.16998348472336913,0.08500663423264042,0.045,0.2697841726618705,False,True,False,True
136,2,0,0,0,259.4,99,44.1,172.7,125,14.68,293.7,78,13.22,10.7,6,2.89,1,True,736.5,308,74.89,2.62020202020202,1.3816,3.7653846153846153,1.7833333333333332,0.35220638153428374,0.23448744059742022,0.39877800407331976,0.014528173794976238,False,False,False,False,0.17000771010023133,0.085002895193978,0.045011916922029285,0.27009345794392525,False,True,False,True
99,1,0,0,0,222.4,102,37.81,185.8,89,15.79,237.7,81,10.7,12.0,8,3.24,2,False,657.9000000000001,280,67.53999999999999,2.1803921568627453,2.0876404494382026,2.934567901234568,1.5,0.33804529563763486,0.28241374069007447,0.3613011095911232,0.018239854081167347,False,False,False,False,0.1700089928057554,0.08498385360602798,0.04501472444257467,0.27,False,True,False,True
95,1,0,0,0,69.4,79,11.8,190.8,109,16.22,219.9,102,9.9,8.9,5,2.4,0,False,489.0,295,40.32,0.8784810126582279,1.7504587155963305,2.1558823529411764,1.78,0.14192229038854806,0.3901840490797546,0.44969325153374234,0.01820040899795501,False,False,False,False,0.17002881844380402,0.08501048218029349,0.045020463847203276,0.2696629213483146,False,True,False,True
118,0,1,1,21,156.5,122,26.61,209.2,125,17.78,158.7,81,7.14,11.1,3,3.0,4,True,535.5,331,54.53,1.2827868852459017,1.6736,1.959259259259259,3.6999999999999997,0.29225023342670403,0.3906629318394024,0.29635854341736695,0.02072829131652661,False,False,False,False,0.17003194888178913,0.08499043977055451,0.04499054820415879,0.2702702702702703,True,False,False,True
113,1,0,0,0,61.2,111,10.4,92.3,88,7.85,197.4,114,8.88,13.7,3,3.7,5,True,364.59999999999997,316,30.830000000000002,0.5513513513513514,1.0488636363636363,1.731578947368421,4.566666666666666,0.167855183763028,0.25315414152495885,0.5414152495885903,0.037575425123422934,True,False,False,False,0.16993464052287582,0.08504875406283857,0.044984802431610946,0.27007299270072993,False,True,False,True
128,0,1,0,0,245.2,112,41.68,101.5,101,8.63,152.3,116,6.85,10.7,5,2.89,0,False,509.7,334,60.050000000000004,2.189285714285714,1.004950495049505,1.3129310344827587,2.1399999999999997,0.4810672944869531,0.19913674710614088,0.29880321757896805,0.020992740827938002,False,False,False,True,0.1699836867862969,0.08502463054187193,0.044977019041365716,0.27009345794392525,False,True,False,True
117,0,0,0,0,102.3,100,17.39,135.2,104,11.49,199.7,93,8.99,15.7,10,4.24,3,False,452.9,307,42.11000000000001,1.023,1.2999999999999998,2.147311827956989,1.5699999999999998,0.22587767719143298,0.29852064473393686,0.4409361890041952,0.03466548907043498,False,False,False,False,0.16999022482893453,0.08498520710059172,0.04501752628943415,0.270063694267516,False,True,False,True
48,1,0,1,36,230.9,92,39.25,167.6,121,14.25,270.0,87,12.15,7.6,4,2.05,3,False,676.1,304,67.7,2.509782608695652,1.3851239669421487,3.103448275862069,1.9,0.3415175269930484,0.24789232362076613,0.3993492086969383,0.011240940689247152,False,False,False,False,0.16998700736249459,0.08502386634844869,0.045,0.26973684210526316,True,False,False,True
81,2,1,0,0,227.4,105,38.66,211.5,120,17.98,258.2,113,11.62,11.9,3,3.21,0,False,708.9999999999999,341,71.47,2.165714285714286,1.7625,2.2849557522123893,3.966666666666667,0.32073342736248245,0.2983074753173484,0.3641748942172074,0.01678420310296192,False,False,False,True,0.1700087950747581,0.08501182033096927,0.04500387296669248,0.26974789915966385,False,True,False,True
140,0,0,0,0,162.6,98,27.64,206.2,109,17.53,141.6,66,6.37,8.2,2,2.21,1,False,518.6,275,53.75,1.6591836734693877,1.891743119266055,2.1454545454545455,4.1,0.3135364442730428,0.39760894716544537,0.27304280755881216,0.015811801002699574,False,False,False,False,0.16998769987699877,0.0850145489815713,0.04498587570621469,0.26951219512195124,False,True,False,True
107,2,0,1,38,219.4,92,37.3,180.5,73,15.34,104.1,91,4.68,11.0,1,2.97,2,False,515.0,257,60.29,2.384782608695652,2.4726027397260273,1.1439560439560439,11.0,0.4260194174757282,0.3504854368932039,0.20213592233009708,0.021359223300970873,False,False,False,False,0.17000911577028258,0.08498614958448754,0.044956772334293946,0.27,True,False,False,True
56,1,0,0,0,137.2,111,23.32,165.9,119,14.1,182.3,72,8.2,14.3,4,3.86,1,False,499.70000000000005,306,49.480000000000004,1.2360360360360358,1.3941176470588237,2.5319444444444446,3.575,0.27456473884330596,0.3319991995197118,0.3648188913348009,0.02861717030218131,False,False,False,False,0.16997084548104957,0.08499095840867993,0.04498080087767416,0.2699300699300699,False,True,False,True
159,1,0,0,0,87.7,103,14.91,278.2,97,23.65,170.6,93,7.68,10.5,10,2.84,1,False,547.0,303,49.08,0.8514563106796117,2.868041237113402,1.8344086021505375,1.05,0.1603290676416819,0.5085923217550274,0.31188299817184645,0.019195612431444242,False,False,False,False,0.17001140250855187,0.08501078360891445,0.045017584994138334,0.2704761904761905,False,True,False,True
102,1,0,0,0,271.1,80,46.09,172.0,133,14.62,169.2,105,7.61,10.3,5,2.78,1,False,622.5999999999999,323,71.10000000000001,3.3887500000000004,1.2932330827067668,1.6114285714285712,2.06,0.43543205910697086,0.2762608416318664,0.27176357211692903,0.016543527144233863,False,False,False,False,0.1700110660272962,0.08499999999999999,0.04497635933806147,0.2699029126213592,False,True,False,True
106,0,0,0,0,52.2,106,8.87,220.1,113,18.71,112.3,95,5.05,11.4,2,3.08,2,False,396.0,316,35.709999999999994,0.49245283018867925,1.947787610619469,1.1821052631578948,5.7,0.13181818181818183,0.5558080808080808,0.28358585858585855,0.02878787878787879,False,False,False,False,0.16992337164750956,0.08500681508405271,0.044968833481745324,0.27017543859649124,False,True,False,True
225,1,0,0,0,165.4,106,28.12,273.7,109,23.26,210.0,93,9.45,8.7,3,2.35,0,True,657.8000000000001,311,63.18,1.560377358490566,2.5110091743119267,2.2580645161290325,2.9,0.2514442079659471,0.41608391608391604,0.3192459714198844,0.013225904530252354,False,False,False,False,0.17001209189842806,0.08498355864084765,0.045,0.2701149425287357,False,True,False,True
86,1,0,0,0,217.8,93,37.03,214.7,95,18.25,228.7,70,10.29,11.3,7,3.05,0,False,672.5,265,68.61999999999999,2.341935483870968,2.26,3.267142857142857,1.6142857142857143,0.3238661710037175,0.31925650557620816,0.3400743494423792,0.016802973977695167,False,False,False,False,0.17001836547291094,0.08500232883092688,0.044993441189331,0.26991150442477874,False,True,False,True
169,1,0,0,0,235.7,79,40.07,136.9,85,11.64,220.9,97,9.94,13.3,10,3.59,1,False,606.8,271,65.24,2.9835443037974683,1.6105882352941177,2.277319587628866,1.33,0.38843111404087016,0.225609756097561,0.36404087013843117,0.021918259723137774,False,False,False,False,0.17000424268137465,0.08502556610664719,0.044997736532367584,0.2699248120300752,False,True,False,True
122,2,0,1,22,204.5,92,34.77,139.6,121,11.87,205.0,103,9.23,8.6,5,2.32,2,False,557.7,321,58.190000000000005,2.222826086956522,1.1537190082644628,1.9902912621359223,1.72,0.3666845974538282,0.25031378877532723,0.367581136811906,0.015420476958938495,False,False,False,False,0.17002444987775062,0.08502865329512893,0.045024390243902444,0.2697674418604651,True,False,False,True
52,1,0,1,32,130.1,68,22.12,247.2,77,21.01,289.4,87,13.02,13.5,5,3.65,2,False,680.1999999999999,237,59.800000000000004,1.913235294117647,3.21038961038961,3.3264367816091953,2.7,0.1912672743310791,0.3634225227874155,0.4254630990885034,0.01984710379300206,False,False,False,False,0.17002305918524213,0.08499190938511328,0.04498963372494817,0.27037037037037037,True,False,False,True
79,1,0,1,34,103.7,100,17.63,236.3,78,20.09,256.6,102,11.55,14.8,4,4.0,2,False,611.4,284,53.269999999999996,1.037,3.02948717948718,2.5156862745098043,3.7,0.16961072947333988,0.3864900228982663,0.4196925089957475,0.02420673863264639,False,False,False,False,0.1700096432015429,0.08501904358865849,0.04501169134840218,0.27027027027027023,True,False,False,True
135,1,0,0,0,239.9,91,40.78,177.1,104,15.05,217.2,118,9.77,5.9,3,1.59,2,False,640.1,316,67.19,2.6362637362637362,1.7028846153846153,1.8406779661016948,1.9666666666666668,0.37478518981409153,0.2766755194500859,0.339321980940478,0.009217309795344478,False,False,False,False,0.16998749478949562,0.0849802371541502,0.04498158379373849,0.2694915254237288,False,True,False,True
37,1,0,0,0,191.1,69,32.49,129.2,113,10.98,207.5,117,9.34,12.9,1,3.48,0,False,540.6999999999999,300,56.29,2.769565217391304,1.143362831858407,1.7735042735042734,12.9,0.35343073793231,0.2389495098945811,0.38376179027186985,0.02385796190123914,False,False,False,False,0.17001569858712717,0.08498452012383902,0.04501204819277108,0.2697674418604651,False,True,False,True
161,1,0,1,39,218.5,76,37.15,112.7,94,9.58,205.1,121,9.23,7.3,4,1.97,1,False,543.5999999999999,295,57.92999999999999,2.875,1.1989361702127659,1.6950413223140495,1.825,0.40194996320824145,0.20732155997056664,0.377299484915379,0.0134289919058131,False,False,False,False,0.1700228832951945,0.08500443655723158,0.045002437835202344,0.26986301369863014,True,False,False,True
123,1,0,0,0,128.7,126,21.88,117.6,94,10.0,198.4,132,8.93,10.8,5,2.92,0,False,455.5,357,43.730000000000004,1.0214285714285714,1.251063829787234,1.5030303030303032,2.16,0.2825466520307354,0.2581778265642151,0.43556531284302963,0.02371020856201976,False,False,False,False,0.17000777000777,0.08503401360544217,0.045010080645161286,0.27037037037037037,False,True,False,True
80,1,0,1,38,236.6,69,40.22,197.5,68,16.79,209.5,102,9.43,9.5,10,2.57,2,False,653.1,249,69.00999999999999,3.428985507246377,2.9044117647058822,2.053921568627451,0.95,0.3622722400857449,0.30240391976726383,0.32077782881641403,0.014546011330577247,False,False,False,False,0.16999154691462384,0.08501265822784809,0.04501193317422434,0.27052631578947367,True,False,False,True
94,1,0,0,0,85.9,113,14.6,226.7,91,19.27,279.6,110,12.58,15.6,16,4.21,0,False,607.8000000000001,330,50.66,0.7601769911504426,2.4912087912087912,2.541818181818182,0.975,0.14132938466600856,0.37298453438631124,0.4600197433366239,0.025666337611056265,False,False,False,False,0.169965075669383,0.08500220555800618,0.04499284692417739,0.26987179487179486,False,True,False,True
105,1,0,1,27,141.2,96,24.0,167.7,94,14.25,274.4,101,12.35,11.4,2,3.08,1,False,594.6999999999999,293,53.68,1.4708333333333332,1.7840425531914892,2.7168316831683166,5.7,0.2374306372961157,0.28199091979149155,0.46140911383891037,0.01916932907348243,False,False,False,False,0.16997167138810199,0.08497316636851521,0.04500728862973761,0.27017543859649124,True,False,False,True
73,1,0,1,31,194.4,104,33.05,176.0,84,14.96,230.1,110,10.35,11.5,3,3.11,0,False,612.0,301,61.47,1.8692307692307693,2.0952380952380953,2.091818181818182,3.8333333333333335,0.3176470588235294,0.2875816993464052,0.37598039215686274,0.018790849673202614,False,False,False,False,0.1700102880658436,0.085,0.044980443285528034,0.27043478260869563,True,False,False,True
112,1,0,0,0,167.6,100,28.49,154.5,90,13.13,281.4,107,12.66,17.3,3,4.67,2,False,620.8,300,58.95,1.676,1.7166666666666666,2.6299065420560748,5.766666666666667,0.2699742268041237,0.2488724226804124,0.4532860824742268,0.027867268041237115,False,False,False,False,0.16998806682577566,0.08498381877022654,0.04498933901918977,0.2699421965317919,False,True,False,True
179,0,0,0,0,234.5,134,39.87,164.2,94,13.96,191.4,72,8.61,6.1,4,1.65,1,False,596.2,304,64.09,1.75,1.7468085106382978,2.658333333333333,1.525,0.39332438778933243,0.27541093592754107,0.3210332103321033,0.010231465951023146,False,False,False,False,0.17002132196162045,0.08501827040194886,0.04498432601880877,0.27049180327868855,False,True,False,True
57,2,0,0,0,154.2,78,26.21,196.7,85,16.72,253.5,97,11.41,10.1,9,2.73,1,False,614.5,269,57.07,1.9769230769230768,2.3141176470588234,2.61340206185567,1.1222222222222222,0.2509357200976403,0.32009764035801463,0.41253051261187956,0.01643612693246542,False,False,False,False,0.16997405966277562,0.08500254194204372,0.045009861932938856,0.2702970297029703,False,True,False,True
127,1,0,1,14,143.2,99,24.34,169.9,91,14.44,221.6,77,9.97,11.6,1,3.13,1,False,546.3000000000001,268,51.88,1.4464646464646465,1.867032967032967,2.877922077922078,11.6,0.26212703642687163,0.3110012813472451,0.405637927878455,0.02123375434742815,False,False,False,False,0.16997206703910617,0.08499117127722189,0.04499097472924188,0.26982758620689656,True,False,False,True
122,1,1,1,40,216.4,80,36.79,249.7,90,21.22,185.9,99,8.37,12.7,4,3.43,1,False,664.7,273,69.81,2.705,2.7744444444444443,1.8777777777777778,3.175,0.32556040318940876,0.3756581916654129,0.2796750413720475,0.019106363773130734,False,False,False,False,0.17000924214417745,0.08498197837404886,0.0450242065626681,0.27007874015748035,True,False,False,True
33,2,0,1,35,161.9,85,27.52,151.2,82,12.85,191.0,131,8.59,8.5,2,2.3,1,False,512.6,300,51.25999999999999,1.9047058823529412,1.84390243902439,1.4580152671755726,4.25,0.31584081154896604,0.2949668357393679,0.37261022239563013,0.016582130316035896,False,False,False,False,0.16998147004323655,0.08498677248677249,0.044973821989528796,0.27058823529411763,True,False,False,True
94,0,0,0,0,118.7,90,20.18,205.1,57,17.43,172.2,100,7.75,10.4,6,2.81,3,False,506.4,253,48.17,1.318888888888889,3.5982456140350876,1.722,1.7333333333333334,0.23439968404423384,0.40501579778830965,0.3400473933649289,0.02053712480252765,False,False,False,False,0.1700084245998315,0.08498293515358361,0.04500580720092916,0.2701923076923077,False,True,False,True
100,0,0,0,0,179.1,123,30.45,196.6,132,16.71,186.7,116,8.4,10.2,10,2.75,1,False,572.6,381,58.309999999999995,1.4560975609756097,1.4893939393939393,1.6094827586206895,1.02,0.312783793223891,0.34334614041215505,0.32605658400279425,0.01781348236115962,False,False,False,False,0.17001675041876047,0.08499491353001018,0.044991965720407076,0.26960784313725494,False,True,False,True
106,1,0,0,0,147.9,97,25.14,209.3,99,17.79,162.1,80,7.29,8.8,5,2.38,2,False,528.1,281,52.6,1.5247422680412372,2.114141414141414,2.02625,1.7600000000000002,0.280060594584359,0.39632645332323424,0.3069494413936754,0.0166635106987313,False,False,False,False,0.16997971602434075,0.0849976110845676,0.04497223935842073,0.27045454545454545,False,True,False,True
148,1,0,1,38,209.2,110,35.56,116.6,73,9.91,109.6,105,4.93,16.5,4,4.46,2,False,451.9,292,54.86,1.9018181818181816,1.5972602739726027,1.0438095238095237,4.125,0.46293427749502103,0.2580216862137641,0.24253153352511617,0.036512502766098694,False,False,False,False,0.16998087954110902,0.08499142367066896,0.04498175182481752,0.2703030303030303,True,False,False,True
120,1,0,1,29,244.3,140,41.53,322.3,89,27.4,166.8,83,7.51,10.6,6,2.86,0,False,744.0000000000001,318,79.30000000000001,1.745,3.621348314606742,2.0096385542168678,1.7666666666666666,0.3283602150537634,0.43319892473118277,0.22419354838709676,0.014247311827956986,False,False,False,False,0.16999590667212444,0.08501396214706794,0.04502398081534772,0.269811320754717,True,False,False,True
91,1,0,1,34,175.3,96,29.8,262.3,122,22.3,143.9,76,6.48,5.6,11,1.51,1,False,587.1,305,60.089999999999996,1.8260416666666668,2.15,1.8934210526315791,0.509090909090909,0.29858627150400274,0.44677227048203033,0.24510304888434678,0.009538409129620166,False,False,False,False,0.1699942954934398,0.08501715592832634,0.04503127171646977,0.2696428571428572,True,False,False,True
86,2,0,0,0,150.5,92,25.59,120.3,95,10.23,271.2,96,12.2,9.0,2,2.43,1,False,551.0,285,50.449999999999996,1.6358695652173914,1.2663157894736843,2.8249999999999997,4.5,0.2731397459165154,0.21833030852994556,0.4921960072595281,0.016333938294010888,False,False,False,False,0.17003322259136214,0.08503740648379053,0.04498525073746312,0.27,False,True,False,True
78,1,0,1,25,197.4,73,33.56,295.7,113,25.13,211.7,73,9.53,13.2,2,3.56,0,False,718.0,261,71.78,2.7041095890410958,2.6168141592920353,2.9,6.6,0.2749303621169917,0.4118384401114206,0.2948467966573816,0.01838440111420613,False,False,False,False,0.17001013171225937,0.08498478187352046,0.045016532829475674,0.2696969696969697,True,False,False,True
94,2,0,0,0,163.5,136,27.8,143.7,111,12.21,253.4,82,11.4,12.6,5,3.4,1,False,573.2,334,54.81,1.2022058823529411,1.2945945945945945,3.0902439024390245,2.52,0.2852407536636427,0.2506978367062107,0.442079553384508,0.021981856245638517,False,False,False,False,0.17003058103975535,0.08496868475991651,0.04498816101026046,0.2698412698412698,False,True,False,True
85,1,0,0,0,236.9,93,40.27,197.7,113,16.8,309.1,78,13.91,11.4,7,3.08,2,True,755.1,291,74.06,2.5473118279569893,1.7495575221238937,3.962820512820513,1.6285714285714286,0.3137332803602172,0.26181962653953117,0.40934975499933784,0.015097338100913786,False,False,False,False,0.16998733642887295,0.08497723823975721,0.04500161759948237,0.27017543859649124,False,True,False,True
89,1,0,0,0,82.3,77,13.99,167.2,80,14.21,194.7,70,8.76,7.2,4,1.94,1,False,451.4,231,38.9,1.0688311688311687,2.09,2.781428571428571,1.8,0.1823216659282233,0.37040319007532124,0.43132476739034115,0.015950376606114314,False,False,False,False,0.16998784933171326,0.08498803827751197,0.04499229583975347,0.26944444444444443,False,True,False,True
128,1,0,0,0,216.0,111,36.72,153.7,115,13.06,227.0,74,10.22,12.7,4,3.43,1,False,609.4000000000001,304,63.43,1.945945945945946,1.3365217391304347,3.0675675675675675,3.175,0.35444699704627497,0.25221529373153917,0.37249753856252044,0.02084017065966524,False,False,False,False,0.16999999999999998,0.08497072218607678,0.045022026431718064,0.27007874015748035,False,True,False,True
115,1,1,0,0,180.0,119,30.6,198.8,126,16.9,217.1,70,9.77,12.4,3,3.35,1,False,608.3,318,60.62,1.5126050420168067,1.577777777777778,3.1014285714285714,4.133333333333334,0.2959066250205491,0.3268124280782509,0.3568962682886734,0.020384678612526717,False,False,False,True,0.17,0.08501006036217303,0.04500230308613542,0.2701612903225806,False,True,False,True
76,1,0,0,0,143.7,55,24.43,173.1,108,14.71,239.1,95,10.76,5.8,6,1.57,1,False,561.6999999999999,264,51.47,2.6127272727272723,1.6027777777777776,2.5168421052631578,0.9666666666666667,0.25583051450952465,0.30817162186220404,0.42567206693964754,0.010325796688623821,False,False,False,False,0.1700069589422408,0.08497978047371463,0.04500209117524048,0.27068965517241383,False,True,False,True
75,1,0,1,39,198.2,107,33.69,280.4,132,23.83,129.6,73,5.83,11.3,7,3.05,1,False,619.4999999999999,319,66.39999999999999,1.8523364485981306,2.124242424242424,1.7753424657534245,1.6142857142857143,0.31993543179983863,0.45262308313155775,0.20920096852300246,0.018240516545601295,False,False,False,False,0.16997981836528758,0.08498573466476463,0.04498456790123457,0.26991150442477874,True,False,False,True
82,1,0,1,29,163.8,77,27.85,134.9,112,11.47,79.3,95,3.57,8.8,2,2.38,2,False,386.80000000000007,286,45.27,2.1272727272727274,1.2044642857142858,0.8347368421052631,4.4,0.42347466390899685,0.34875904860392964,0.20501551189245085,0.022750775594622543,False,False,False,False,0.17002442002442003,0.08502594514455152,0.045018915510718786,0.27045454545454545,True,False,False,True
87,2,0,0,0,189.5,113,32.22,204.9,100,17.42,221.7,93,9.98,13.4,3,3.62,1,False,629.4999999999999,309,63.24,1.676991150442478,2.049,2.3838709677419354,4.466666666666667,0.301032565528197,0.32549642573471016,0.35218427323272444,0.02128673550436855,False,False,False,False,0.1700263852242744,0.08501708150317229,0.04501578709968426,0.2701492537313433,False,True,False,True
115,1,0,1,26,155.2,110,26.38,230.9,133,19.63,261.6,100,11.77,4.5,4,1.22,0,False,652.2,347,59.0,1.410909090909091,1.73609022556391,2.616,1.125,0.23796381478074208,0.354032505366452,0.40110395584176634,0.006899724011039558,False,False,False,False,0.16997422680412372,0.08501515807708965,0.044992354740061156,0.2711111111111111,True,False,False,True
99,2,1,0,0,242.3,102,41.19,350.9,102,29.83,163.1,93,7.34,11.3,3,3.05,0,True,767.6,300,81.41,2.3754901960784314,3.4401960784313723,1.753763440860215,3.766666666666667,0.31565919749869725,0.4571391349661281,0.212480458572173,0.014721208963001563,False,False,False,True,0.16999587288485346,0.08500997435166714,0.045003065603923975,0.26991150442477874,False,True,False,True
121,1,1,1,44,254.1,127,43.2,180.2,108,15.32,196.2,129,8.83,8.7,4,2.35,3,False,639.2,368,69.7,2.000787401574803,1.6685185185185185,1.5209302325581395,2.175,0.3975281602002503,0.2819148936170212,0.30694618272841045,0.013610763454317895,False,False,False,False,0.17001180637544275,0.08501664816870146,0.04500509683995923,0.2701149425287357,True,False,False,True
54,2,0,1,33,112.0,90,19.04,208.0,112,17.68,150.3,83,6.76,11.3,4,3.05,2,False,481.6,289,46.529999999999994,1.2444444444444445,1.8571428571428572,1.810843373493976,2.825,0.23255813953488372,0.4318936877076412,0.3120847176079734,0.023463455149501662,False,False,False,False,0.16999999999999998,0.08499999999999999,0.04497671324018629,0.26991150442477874,True,False,False,True
95,1,0,0,0,198.4,113,33.73,235.9,144,20.05,325.6,99,14.65,10.1,3,2.73,0,False,770.0000000000001,359,71.16000000000001,1.7557522123893805,1.6381944444444445,3.288888888888889,3.3666666666666667,0.25766233766233765,0.30636363636363634,0.4228571428571428,0.013116883116883114,False,False,False,False,0.17001008064516127,0.08499364137346334,0.044993857493857495,0.2702970297029703,False,True,False,True
163,0,0,1,25,219.6,99,37.33,210.4,99,17.88,242.7,88,10.92,13.8,8,3.73,2,False,686.5,294,69.86,2.2181818181818183,2.125252525252525,2.7579545454545453,1.725,0.31988346686088853,0.3064821558630736,0.35353241077931535,0.020101966496722506,False,False,False,False,0.16999089253187613,0.08498098859315589,0.0449938195302843,0.2702898550724638,True,False,False,True
57,1,0,0,0,169.6,96,28.83,234.7,112,19.95,285.4,83,12.84,11.2,4,3.02,0,False,700.9,295,64.64,1.7666666666666666,2.095535714285714,3.4385542168674696,2.8,0.24197460408046798,0.3348551861891853,0.4071907547439007,0.015979454986446,False,False,False,False,0.1699882075471698,0.0850021303792075,0.04498948843728101,0.2696428571428572,False,True,False,True
104,0,1,0,0,160.4,73,27.27,293.9,103,24.98,306.6,90,13.8,12.6,5,3.4,4,False,773.5,271,69.45,2.197260273972603,2.8533980582524268,3.4066666666666667,2.52,0.20736910148674856,0.3799612152553329,0.3963800904977376,0.016289592760180997,False,False,False,True,0.17001246882793017,0.08499489622320518,0.04500978473581213,0.2698412698412698,False,True,False,True
83,1,0,1,20,95.0,89,16.15,167.9,92,14.27,200.6,79,9.03,11.2,2,3.02,0,False,474.7,262,42.47,1.0674157303370786,1.825,2.5392405063291137,5.6,0.20012639561828524,0.35369707183484306,0.4225826838002949,0.023593848746576784,False,False,False,False,0.16999999999999998,0.08499106611078022,0.04501495513459621,0.2696428571428572,True,False,False,True
141,1,0,0,0,160.1,87,27.22,256.7,120,21.82,270.0,107,12.15,7.0,1,1.89,2,False,693.8,315,63.08,1.8402298850574712,2.1391666666666667,2.5233644859813085,7.0,0.2307581435572211,0.36999135197463245,0.38916114153934855,0.010089362928797925,False,False,False,False,0.17001873828856964,0.08500194779898715,0.045,0.26999999999999996,False,True,False,True
95,1,0,0,0,194.6,114,33.08,232.8,106,19.79,173.4,92,7.8,3.8,2,1.03,3,False,604.5999999999999,314,61.699999999999996,1.707017543859649,2.1962264150943396,1.8847826086956523,1.9,0.3218656963281509,0.38504796559708904,0.2868011908699967,0.006285147204763481,False,False,False,False,0.1699897225077081,0.08500859106529209,0.04498269896193771,0.2710526315789474,False,True,False,True
184,1,0,0,0,236.4,73,40.19,287.3,120,24.42,192.0,94,8.64,13.8,4,3.73,1,True,729.5,291,76.98,3.238356164383562,2.3941666666666666,2.0425531914893615,3.45,0.3240575736806032,0.3938313913639479,0.26319396847155585,0.018917066483893078,False,False,False,False,0.17000846023688662,0.08499825965889314,0.045000000000000005,0.2702898550724638,False,True,False,True
74,0,0,0,0,157.1,95,26.71,213.1,36,18.11,280.4,77,12.62,7.6,3,2.05,2,False,658.1999999999999,211,59.489999999999995,1.6536842105263156,5.919444444444444,3.641558441558441,2.533333333333333,0.23868125189911882,0.32376177453661503,0.42601033120632026,0.011546642357945914,False,False,False,False,0.17001909611712288,0.08498357578601595,0.04500713266761769,0.26973684210526316,False,True,False,True
67,1,0,0,0,179.8,125,30.57,173.2,86,14.72,272.8,97,12.28,10.9,4,2.94,0,False,636.6999999999999,312,60.51,1.4384000000000001,2.013953488372093,2.812371134020619,2.725,0.28239359195853625,0.2720276425318046,0.42845924297157223,0.017119522538087014,False,False,False,False,0.1700222469410456,0.08498845265588915,0.04501466275659824,0.2697247706422018,False,True,False,True
104,1,1,0,0,148.2,108,25.19,161.8,113,13.75,259.3,103,11.67,11.0,4,2.97,0,False,580.3,328,53.58,1.372222222222222,1.431858407079646,2.5174757281553397,2.75,0.2553851456143374,0.27882129932793387,0.44683784249526115,0.01895571256246769,False,False,False,True,0.1699730094466937,0.0849814585908529,0.045005784805244885,0.27,False,True,False,True
149,1,0,0,0,119.2,88,20.26,168.3,110,14.31,204.7,119,9.21,12.2,6,3.29,4,True,504.4,323,47.07,1.3545454545454545,1.53,1.7201680672268906,2.033333333333333,0.23632038065027758,0.3336637589214909,0.40582870737509913,0.024187153053132435,False,False,False,False,0.16996644295302013,0.08502673796791443,0.04499267220322424,0.269672131147541,False,True,False,True
154,0,0,1,35,224.0,102,38.08,192.0,99,16.32,163.1,100,7.34,9.6,2,2.59,0,False,588.7,303,64.33,2.196078431372549,1.9393939393939394,1.631,4.8,0.3804994054696789,0.3261423475454391,0.27705112960760997,0.016307117377271953,False,False,False,False,0.16999999999999998,0.085,0.045003065603923975,0.26979166666666665,True,False,False,True
138,2,0,1,21,19.5,149,3.32,140.9,109,11.98,179.7,111,8.09,7.9,1,2.13,0,False,348.0,370,25.52,0.13087248322147652,1.2926605504587156,1.6189189189189188,7.9,0.05603448275862069,0.4048850574712644,0.5163793103448275,0.022701149425287358,False,False,False,False,0.17025641025641025,0.08502484031227821,0.04501947690595437,0.26962025316455696,True,False,False,True
117,1,0,0,0,184.8,83,31.42,248.6,101,21.13,133.1,113,5.99,9.6,8,2.59,1,False,576.1,305,61.129999999999995,2.226506024096386,2.4613861386138614,1.1778761061946903,1.2,0.32077764277035237,0.43152230515535495,0.23103627842388472,0.016663773650407915,False,False,False,False,0.17002164502164502,0.08499597747385358,0.04500375657400451,0.26979166666666665,False,True,False,True
130,0,0,0,0,176.3,140,29.97,201.0,104,17.09,161.9,123,7.29,11.3,5,3.05,1,False,550.5,372,57.4,1.2592857142857143,1.9326923076923077,1.3162601626016261,2.2600000000000002,0.32025431425976386,0.3651226158038147,0.2940962761126249,0.02052679382379655,False,False,False,False,0.16999432785025523,0.08502487562189055,0.04502779493514515,0.26991150442477874,False,True,False,True
73,1,0,0,0,241.7,115,41.09,168.5,133,14.32,169.8,122,7.64,11.1,2,3.0,2,False,591.1,372,66.05000000000001,2.1017391304347823,1.2669172932330828,1.3918032786885246,5.55,0.4088986635087125,0.28506174928100153,0.28726103874132974,0.018778548468956182,False,False,False,False,0.1700041373603641,0.08498516320474778,0.04499411071849234,0.2702702702702703,False,True,False,True
100,2,0,1,38,224.7,121,38.2,294.0,131,24.99,290.0,61,13.05,9.8,6,2.65,0,False,818.5,319,78.89,1.8570247933884296,2.2442748091603053,4.754098360655738,1.6333333333333335,0.2745265729993891,0.3591936469150886,0.354306658521686,0.011973121563836286,False,False,False,False,0.17000445037828218,0.08499999999999999,0.045000000000000005,0.2704081632653061,True,False,False,True
149,2,0,0,0,207.3,115,35.24,198.4,82,16.86,114.1,83,5.13,8.6,4,2.32,1,False,528.4000000000001,284,59.550000000000004,1.802608695652174,2.419512195121951,1.3746987951807228,2.15,0.3923164269492808,0.3754731264193792,0.21593489780469335,0.016275548826646478,False,False,False,False,0.16999517607332368,0.08497983870967742,0.04496056091148116,0.2697674418604651,False,True,False,True
29,0,0,0,0,196.8,81,33.46,168.0,110,14.28,132.6,98,5.97,12.7,7,3.43,2,False,510.09999999999997,296,57.14,2.4296296296296296,1.5272727272727273,1.353061224489796,1.8142857142857143,0.38580670456773186,0.3293471868261125,0.2599490296020388,0.02489707900411684,False,False,False,False,0.17002032520325203,0.08499999999999999,0.04502262443438914,0.27007874015748035,False,True,True,False
131,2,0,0,0,110.9,74,18.85,115.6,90,9.83,190.5,114,8.57,15.8,9,4.27,1,False,432.8,287,41.519999999999996,1.4986486486486488,1.2844444444444443,1.6710526315789473,1.7555555555555555,0.2562384473197782,0.26709796672828096,0.44015711645101663,0.03650646950092422,False,False,False,False,0.16997294860234446,0.08503460207612457,0.04498687664041995,0.27025316455696197,False,True,False,True
153,2,0,0,0,122.5,145,20.83,273.3,103,23.23,197.8,71,8.9,8.0,3,2.16,2,False,601.6,322,55.120000000000005,0.8448275862068966,2.6533980582524275,2.7859154929577468,2.6666666666666665,0.20362367021276595,0.4542885638297872,0.32878989361702127,0.013297872340425532,False,False,False,False,0.1700408163265306,0.0849981705085986,0.04499494438827098,0.27,False,True,False,True
84,2,0,0,0,226.9,144,38.57,201.6,122,17.14,130.2,121,5.86,13.2,5,3.56,2,False,571.9000000000001,392,65.13,1.5756944444444445,1.6524590163934425,1.0760330578512396,2.6399999999999997,0.3967476831613918,0.3525091799265605,0.22766217870257033,0.023080958209477177,False,False,False,False,0.16998677831643896,0.08501984126984127,0.04500768049155147,0.2696969696969697,False,True,False,True
133,2,0,0,0,187.0,65,31.79,141.4,128,12.02,238.2,108,10.72,10.0,8,2.7,2,False,576.5999999999999,309,57.230000000000004,2.876923076923077,1.1046875,2.2055555555555553,1.25,0.3243149497051683,0.2452306625043358,0.413111342351717,0.017343045438779053,False,False,False,False,0.16999999999999998,0.085007072135785,0.045004198152812765,0.27,False,True,False,True
87,1,0,0,0,204.8,101,34.82,161.0,80,13.69,285.7,89,12.86,9.5,3,2.57,0,False,661.0,273,63.94,2.0277227722772277,2.0125,3.210112359550562,3.1666666666666665,0.3098335854765507,0.24357034795763993,0.43222390317700454,0.014372163388804841,False,False,False,False,0.17001953125,0.08503105590062111,0.04501225061253063,0.27052631578947367,False,True,False,True
72,1,0,0,0,165.9,114,28.2,235.9,97,20.05,210.1,120,9.45,12.0,5,3.24,2,False,623.9,336,60.940000000000005,1.4552631578947368,2.431958762886598,1.7508333333333332,2.4,0.26590799807661486,0.3781054656194903,0.3367526847251162,0.01923385157877865,False,False,False,False,0.16998191681735986,0.08499364137346334,0.044978581627796284,0.27,False,True,False,True
65,2,0,1,29,158.1,104,26.88,322.2,81,27.39,210.0,96,9.45,8.9,6,2.4,1,False,699.1999999999999,287,66.12,1.5201923076923076,3.977777777777778,2.1875,1.4833333333333334,0.22611556064073227,0.46081235697940504,0.3003432494279176,0.012728832951945082,False,False,False,False,0.1700189753320683,0.08500931098696463,0.045,0.2696629213483146,True,False,False,True
74,1,0,0,0,225.2,93,38.28,215.1,120,18.28,241.8,95,10.88,9.1,2,2.46,2,False,691.1999999999999,310,69.89999999999999,2.421505376344086,1.7925,2.545263157894737,4.55,0.3258101851851852,0.3111979166666667,0.34982638888888895,0.01316550925925926,False,False,False,False,0.1699822380106572,0.08498372849837285,0.04499586435070306,0.2703296703296703,False,True,False,True
116,0,0,0,0,159.4,79,27.1,179.5,88,15.26,167.8,71,7.55,9.7,2,2.62,6,True,516.4,240,52.529999999999994,2.017721518987342,2.039772727272727,2.363380281690141,4.85,0.30867544539116964,0.3475987606506584,0.3249419054996127,0.018783888458559255,True,False,False,False,0.17001254705144292,0.08501392757660167,0.04499404052443384,0.2701030927835052,False,True,False,True
68,2,0,0,0,172.7,95,29.36,139.1,90,11.82,174.3,99,7.84,11.7,1,3.16,2,False,497.79999999999995,285,52.17999999999999,1.8178947368421052,1.5455555555555556,1.7606060606060607,11.7,0.346926476496585,0.27942948975492166,0.3501406187223785,0.023503415026114905,False,False,False,False,0.170005790387956,0.08497483824586628,0.044979919678714855,0.2700854700854701,False,True,False,True
68,1,0,0,0,222.8,99,37.88,175.8,85,14.94,202.0,111,9.09,11.0,3,2.97,3,False,611.6,298,64.88,2.250505050505051,2.068235294117647,1.8198198198198199,3.6666666666666665,0.3642903858731197,0.28744277305428384,0.3302812295618051,0.017985611510791366,False,False,False,False,0.17001795332136446,0.08498293515358361,0.045,0.27,False,True,False,True
54,1,1,0,0,214.1,77,36.4,240.5,94,20.44,188.9,75,8.5,10.1,3,2.73,1,False,653.6,249,68.07000000000001,2.7805194805194806,2.5585106382978724,2.518666666666667,3.3666666666666667,0.3275703794369645,0.36796205630354956,0.28901468788249696,0.015452876376988983,False,False,False,True,0.170014012143858,0.08498960498960499,0.044997353096876656,0.2702970297029703,False,True,False,True
107,0,0,0,0,134.0,104,22.78,174.5,94,14.83,311.1,79,14.0,7.3,3,1.97,3,False,626.9,280,53.58,1.2884615384615385,1.8563829787234043,3.937974683544304,2.433333333333333,0.21375019939384274,0.27835380443451907,0.4962513957568991,0.011644600414739192,False,False,False,False,0.17,0.08498567335243554,0.04500160720025715,0.26986301369863014,False,True,False,True
173,2,0,0,0,291.8,143,49.61,214.3,134,18.22,151.2,119,6.8,9.9,2,2.67,0,True,667.1999999999999,398,77.3,2.0405594405594405,1.5992537313432837,1.2705882352941176,4.95,0.4373501199040768,0.3211930455635492,0.22661870503597123,0.014838129496402879,False,False,False,False,0.17001370801919122,0.08502099860009332,0.04497354497354498,0.26969696969696966,False,True,False,True
110,0,0,0,0,222.7,94,37.86,105.8,98,8.99,214.8,78,9.67,13.5,4,3.65,1,False,556.8,274,60.17,2.3691489361702125,1.079591836734694,2.753846153846154,3.375,0.3999640804597701,0.19001436781609196,0.3857758620689656,0.024245689655172417,False,False,False,False,0.17000449034575663,0.08497164461247637,0.04501862197392923,0.27037037037037037,False,True,False,True
102,2,0,0,0,174.5,79,29.67,236.8,136,20.13,270.4,110,12.17,8.5,5,2.3,0,False,690.2,330,64.27,2.2088607594936707,1.7411764705882353,2.458181818181818,1.7,0.2528252680382498,0.34308895972181974,0.3917705013039698,0.01231527093596059,False,False,False,False,0.17002865329512895,0.08500844594594593,0.04500739644970415,0.27058823529411763,False,True,False,True
91,0,0,1,31,273.0,78,46.41,215.5,98,18.32,104.7,114,4.71,9.6,2,2.59,1,False,602.8000000000001,292,72.02999999999999,3.5,2.1989795918367347,0.918421052631579,4.8,0.45288652952886527,0.35749834107498335,0.17368944923689447,0.0159256801592568,False,False,False,False,0.16999999999999998,0.08501160092807425,0.04498567335243553,0.26979166666666665,True,False,False,True
64,1,1,0,0,225.3,134,38.3,108.2,87,9.2,139.6,132,6.28,17.3,9,4.67,1,True,490.40000000000003,362,58.45,1.6813432835820896,1.2436781609195402,1.0575757575757576,1.9222222222222223,0.45942088091353994,0.22063621533442088,0.2846655791190864,0.03527732463295269,False,False,False,True,0.16999556147359074,0.08502772643253234,0.044985673352435536,0.2699421965317919,False,True,False,True
176,1,0,1,23,283.2,130,48.14,162.6,74,13.82,177.7,104,8.0,7.2,6,1.94,1,False,630.7,314,71.9,2.1784615384615384,2.1972972972972973,1.708653846153846,1.2,0.4490248929760583,0.2578087838909148,0.28175043602346594,0.011415887109560804,False,False,False,False,0.1699858757062147,0.08499384993849939,0.045019696117051214,0.26944444444444443,True,False,False,True
84,2,0,1,12,89.7,87,15.25,138.6,73,11.78,165.8,114,7.46,10.7,2,2.89,1,False,404.8,276,37.38,1.0310344827586206,1.8986301369863012,1.4543859649122808,5.35,0.2215909090909091,0.34239130434782605,0.4095849802371542,0.02643280632411067,False,False,False,False,0.17001114827201783,0.084992784992785,0.04499396863691194,0.27009345794392525,True,False,False,True
138,2,0,0,0,127.1,102,21.61,247.7,106,21.05,207.7,75,9.35,5.0,3,1.35,3,False,587.5,286,53.36,1.246078431372549,2.3367924528301884,2.769333333333333,1.6666666666666667,0.21634042553191488,0.4216170212765957,0.353531914893617,0.00851063829787234,False,False,False,False,0.17002360346184106,0.08498183286233348,0.04501685122773231,0.27,False,True,False,True
101,1,0,1,28,105.9,132,18.0,231.7,107,19.69,281.3,120,12.66,10.7,5,2.89,1,False,629.6000000000001,364,53.239999999999995,0.8022727272727274,2.1654205607476635,2.3441666666666667,2.1399999999999997,0.16820203303684877,0.36801143583227436,0.44679161372299864,0.016994917407878014,False,False,False,False,0.16997167138810199,0.08498057833405266,0.045005332385353716,0.27009345794392525,True,False,False,True
136,0,0,0,0,142.3,79,24.19,158.0,113,13.43,177.5,75,7.99,6.0,11,1.62,2,False,483.8,278,47.230000000000004,1.8012658227848102,1.3982300884955752,2.3666666666666667,0.5454545454545454,0.2941298057048367,0.32658123191401406,0.3668871434477057,0.012401818933443571,False,False,False,False,0.16999297259311313,0.08499999999999999,0.04501408450704225,0.27,False,True,False,True
111,2,0,0,0,191.3,80,32.52,138.5,94,11.77,246.0,107,11.07,6.4,3,1.73,2,False,582.1999999999999,284,57.09,2.3912500000000003,1.4734042553191489,2.2990654205607477,2.1333333333333333,0.3285812435589145,0.23789075918928207,0.4225352112676057,0.010992785984197872,False,False,False,False,0.16999477260846838,0.08498194945848375,0.045,0.27031249999999996,False,True,False,True
132,0,0,1,36,201.9,93,34.32,156.3,75,13.29,131.3,92,5.91,13.7,5,3.7,0,False,503.20000000000005,265,57.22,2.170967741935484,2.084,1.4271739130434784,2.7399999999999998,0.4012321144674086,0.3106120826709062,0.2609300476947536,0.027225755166931633,False,False,False,False,0.1699851411589896,0.08502879078694817,0.04501142421934501,0.27007299270072993,True,False,False,True
128,1,0,0,0,247.3,91,42.04,182.7,60,15.53,143.2,112,6.44,14.7,2,3.97,3,False,587.9000000000001,265,67.98,2.7175824175824177,3.045,1.2785714285714285,7.35,0.42064977036911033,0.31076713726824284,0.24357883993876503,0.025004252423881608,False,False,False,False,0.16999595632834613,0.08500273672687465,0.04497206703910615,0.27006802721088435,False,True,False,True
92,0,0,1,38,242.2,96,41.17,159.7,144,13.57,210.0,108,9.45,8.9,1,2.4,1,False,620.8,349,66.59,2.5229166666666667,1.1090277777777777,1.9444444444444444,8.9,0.3901417525773196,0.25724871134020616,0.3382731958762887,0.014336340206185568,False,False,False,False,0.16998348472336913,0.08497182216656231,0.045,0.2696629213483146,True,False,False,True
197,1,1,0,0,127.3,80,21.64,222.3,115,18.9,173.9,95,7.83,13.7,5,3.7,5,True,537.2,295,52.07,1.59125,1.9330434782608696,1.8305263157894738,2.7399999999999998,0.2369694713328369,0.4138123603871928,0.32371556217423675,0.02550260610573343,True,True,False,True,0.16999214454045564,0.08502024291497974,0.04502587694077056,0.27007299270072993,False,True,False,True
99,1,0,1,33,179.1,93,30.45,238.3,102,20.26,165.7,96,7.46,10.6,1,2.86,2,False,593.6999999999999,292,61.03,1.9258064516129032,2.3362745098039217,1.7260416666666665,10.6,0.30166750884284993,0.40138116894054243,0.2790971871315479,0.017854135085059796,False,False,False,False,0.17001675041876047,0.08501888375996643,0.04502112251056126,0.269811320754717,True,False,False,True
106,1,0,1,31,197.4,125,33.56,123.4,110,10.49,115.6,101,5.2,12.3,4,3.32,3,False,448.7,340,52.57000000000001,1.5792,1.1218181818181818,1.1445544554455445,3.075,0.43993759750390016,0.27501671495431246,0.2576331624693559,0.02741252507243147,False,False,False,False,0.17001013171225937,0.08500810372771475,0.04498269896193772,0.26991869918699185,True,False,False,True
78,1,0,0,0,193.1,85,32.83,172.1,105,14.63,129.6,119,5.83,10.2,1,2.75,0,False,504.99999999999994,310,56.04,2.2717647058823527,1.639047619047619,1.0890756302521007,10.2,0.3823762376237624,0.3407920792079208,0.25663366336633664,0.0201980198019802,False,False,False,False,0.17001553599171412,0.08500871586287043,0.04498456790123457,0.26960784313725494,False,True,False,True
98,0,0,0,0,171.7,99,29.19,174.8,87,14.86,189.6,130,8.53,7.8,6,2.11,1,False,543.9,322,54.69,1.7343434343434343,2.0091954022988507,1.4584615384615385,1.3,0.31568302996874426,0.32138260709689287,0.3485934914506343,0.014340871483728626,False,False,False,False,0.17000582411182297,0.08501144164759725,0.044989451476793244,0.2705128205128205,False,True,False,True
17,0,0,1,35,198.5,123,33.75,270.6,74,23.0,209.9,130,9.45,8.1,10,2.19,1,False,687.1,337,68.39,1.613821138211382,3.656756756756757,1.6146153846153846,0.8099999999999999,0.288895357298792,0.3938291369524087,0.3054868287003347,0.01178867704846456,False,False,False,False,0.17002518891687657,0.08499630450849963,0.0450214387803716,0.27037037037037037,True,False,True,False
56,1,0,1,24,121.7,87,20.69,184.0,76,15.64,266.6,98,12.0,12.7,3,3.43,1,False,585.0,264,51.76,1.3988505747126436,2.4210526315789473,2.7204081632653065,4.233333333333333,0.20803418803418805,0.3145299145299145,0.45572649572649576,0.021709401709401707,False,False,False,False,0.17000821692686935,0.085,0.0450112528132033,0.27007874015748035,True,False,False,True
84,1,0,0,0,130.2,105,22.13,278.0,60,23.63,305.4,74,13.74,14.0,6,3.78,2,False,727.5999999999999,245,63.28,1.24,4.633333333333334,4.127027027027027,2.3333333333333335,0.17894447498625618,0.3820780648708082,0.4197361187465641,0.019241341396371636,False,False,False,False,0.16996927803379416,0.08499999999999999,0.044990176817288806,0.26999999999999996,False,True,False,True
95,2,0,0,0,203.4,96,34.58,168.6,61,14.33,173.0,105,7.79,13.7,3,3.7,2,False,558.7,265,60.4,2.11875,2.763934426229508,1.6476190476190475,4.566666666666666,0.36405942366207267,0.3017719706461428,0.30964739574011096,0.024521209951673523,False,False,False,False,0.17000983284169124,0.08499406880189798,0.045028901734104045,0.27007299270072993,False,True,False,True
76,2,1,0,0,241.0,120,40.97,231.8,96,19.7,220.2,67,9.91,9.9,1,2.67,1,True,702.9,284,73.25,2.0083333333333333,2.4145833333333333,3.2865671641791043,9.9,0.34286527244273723,0.32977663963579457,0.3132735808792147,0.014084507042253521,False,False,False,True,0.16999999999999998,0.08498705780845556,0.04500454132606722,0.26969696969696966,False,True,False,True
93,1,0,0,0,141.7,95,24.09,221.0,100,18.79,227.1,71,10.22,10.2,3,2.75,0,False,600.0,269,55.849999999999994,1.491578947368421,2.21,3.1985915492957746,3.4,0.23616666666666664,0.36833333333333335,0.3785,0.016999999999999998,False,False,False,False,0.17000705716302048,0.08502262443438914,0.04500220167327169,0.26960784313725494,False,True,False,True
83,0,0,0,0,134.8,96,22.92,167.2,78,14.21,161.5,123,7.27,7.7,5,2.08,2,False,471.2,302,46.480000000000004,1.4041666666666668,2.1435897435897435,1.3130081300813008,1.54,0.28607809847198645,0.3548387096774193,0.342741935483871,0.01634125636672326,False,False,False,False,0.17002967359050444,0.08498803827751197,0.04501547987616099,0.2701298701298701,False,True,False,True
123,1,0,0,0,163.1,119,27.73,249.4,51,21.2,168.2,77,7.57,9.0,10,2.43,1,False,589.7,257,58.93,1.3705882352941177,4.890196078431373,2.1844155844155844,0.9,0.2765813125317958,0.422926911989147,0.2852297778531456,0.01526199762591148,False,False,False,False,0.17001839362354385,0.08500400962309543,0.04500594530321047,0.27,False,True,False,True
64,0,0,0,0,145.5,116,24.74,228.4,110,19.41,273.4,91,12.3,8.9,8,2.4,1,False,656.1999999999999,325,58.85,1.2543103448275863,2.0763636363636366,3.004395604395604,1.1125,0.22173117951843951,0.348064614446815,0.4166412679061262,0.013562938128619325,False,False,False,False,0.17003436426116839,0.08498248686514887,0.04498902706656913,0.2696629213483146,False,True,False,True
82,2,0,0,0,329.8,73,56.07,208.3,120,17.71,267.1,102,12.02,10.6,6,2.86,0,True,815.8000000000001,301,88.66,4.517808219178082,1.7358333333333333,2.618627450980392,1.7666666666666666,0.4042657514096592,0.255332189262074,0.3274086785976955,0.012993380730571217,False,False,False,False,0.17001212856276532,0.08502160345655305,0.04500187195806813,0.269811320754717,False,True,False,True
110,2,0,0,0,131.9,93,22.42,272.7,106,23.18,192.8,105,8.68,7.1,4,1.92,1,False,604.5000000000001,308,56.2,1.4182795698924733,2.572641509433962,1.8361904761904764,1.775,0.2181968569065343,0.4511166253101736,0.31894127377998344,0.011745244003308517,False,False,False,False,0.16997725549658832,0.085001833516685,0.0450207468879668,0.27042253521126763,False,True,False,True
47,1,0,1,30,196.6,93,33.42,241.4,140,20.52,226.0,118,10.17,12.9,4,3.48,2,False,676.9,355,67.59,2.1139784946236557,1.7242857142857144,1.9152542372881356,3.225,0.2904417196040774,0.3566257940611612,0.33387501846653866,0.01905746786822278,False,False,False,False,0.16998982706002036,0.08500414250207125,0.045,0.2697674418604651,True,False,False,True
115,2,0,0,0,99.7,107,16.95,145.1,96,12.33,149.4,99,6.72,14.1,4,3.81,2,False,408.30000000000007,306,39.81,0.9317757009345795,1.5114583333333333,1.509090909090909,3.525,0.24418319862845944,0.3553759490570658,0.3659074210139603,0.03453343130051432,False,False,False,False,0.1700100300902708,0.08497587870434184,0.044979919678714855,0.2702127659574468,False,True,False,True
69,1,0,0,0,143.6,88,24.41,141.8,86,12.05,194.0,83,8.73,10.8,5,2.92,3,False,490.2,262,48.11,1.6318181818181818,1.6488372093023258,2.3373493975903616,2.16,0.29294165646674825,0.2892696858425133,0.39575683394532846,0.022031823745410038,False,False,False,False,0.16998607242339833,0.08497884344146685,0.045000000000000005,0.27037037037037037,False,True,False,True
90,1,0,0,0,37.8,80,6.43,155.3,105,13.2,175.0,111,7.88,14.2,5,3.83,3,False,382.3,301,31.339999999999996,0.4725,1.4790476190476192,1.5765765765765767,2.84,0.09887522887784461,0.4062254773737902,0.4577556892492807,0.037143604499084486,False,False,False,False,0.17010582010582012,0.08499678042498389,0.045028571428571425,0.26971830985915496,False,True,False,True
98,1,0,0,0,72.8,107,12.38,186.4,103,15.84,175.3,110,7.89,10.5,4,2.84,3,False,445.0,324,38.95,0.6803738317757009,1.8097087378640777,1.5936363636363637,2.625,0.16359550561797753,0.418876404494382,0.39393258426966293,0.02359550561797753,False,False,False,False,0.17005494505494506,0.08497854077253218,0.04500855675984027,0.2704761904761905,False,True,False,True
90,0,0,1,39,94.8,89,16.12,219.1,91,18.62,197.4,65,8.88,11.4,5,3.08,1,False,522.6999999999999,250,46.7,1.0651685393258428,2.4076923076923076,3.036923076923077,2.2800000000000002,0.181365984312225,0.41916969581021624,0.3776544863210255,0.02180983355653339,False,False,False,False,0.17004219409282703,0.08498402555910543,0.044984802431610946,0.27017543859649124,True,False,False,True
174,1,0,1,15,221.8,143,37.71,210.6,115,17.9,221.8,109,9.98,12.4,9,3.35,1,False,666.6,376,68.94,1.5510489510489511,1.8313043478260869,2.034862385321101,1.3777777777777778,0.3327332733273327,0.3159315931593159,0.3327332733273327,0.0186018601860186,False,False,False,False,0.1700180342651037,0.08499525166191832,0.044995491433724076,0.2701612903225806,True,False,False,True
79,1,0,0,0,268.3,114,45.61,185.5,111,15.77,264.6,88,11.91,6.3,7,1.7,1,True,724.7,320,74.99,2.3535087719298247,1.6711711711711712,3.0068181818181823,0.9,0.3702221608941631,0.2559679867531392,0.36511659997240237,0.008693252380295294,False,False,False,False,0.16999627282892285,0.08501347708894878,0.04501133786848072,0.2698412698412698,False,True,False,True
99,1,0,0,0,115.5,75,19.64,218.1,111,18.54,254.9,98,11.47,11.5,7,3.11,7,True,600.0,291,52.76,1.54,1.9648648648648648,2.6010204081632655,1.6428571428571428,0.1925,0.3635,0.42483333333333334,0.019166666666666665,True,False,False,False,0.17004329004329005,0.08500687757909216,0.04499803844644959,0.27043478260869563,False,True,False,True
114,1,0,0,0,202.1,100,34.36,195.7,102,16.63,291.8,120,13.13,13.3,5,3.59,2,False,702.8999999999999,327,67.71,2.021,1.918627450980392,2.4316666666666666,2.66,0.28752311850903406,0.2784179826433348,0.4151372883767251,0.01892161047090625,False,False,False,False,0.17001484413656606,0.08497700562084824,0.0449965729952022,0.2699248120300752,False,True,False,True
141,2,0,0,0,215.6,113,36.65,200.6,81,17.05,153.8,107,6.92,12.4,6,3.35,1,False,582.4,307,63.970000000000006,1.9079646017699115,2.476543209876543,1.4373831775700936,2.066666666666667,0.3701923076923077,0.3444368131868132,0.26407967032967034,0.021291208791208792,False,False,False,False,0.16999072356215214,0.0849950149551346,0.04499349804941482,0.2701612903225806,False,True,False,True
132,0,0,0,0,169.9,107,28.88,209.4,121,17.8,206.1,79,9.27,11.5,2,3.11,1,False,596.9,309,59.06,1.5878504672897196,1.7305785123966944,2.608860759493671,5.75,0.2846372926788407,0.3508125314122969,0.345283967163679,0.01926620874518345,False,False,False,False,0.16998234255444378,0.08500477554918816,0.044978165938864625,0.27043478260869563,False,True,False,True
133,2,0,0,0,201.7,85,34.29,169.4,116,14.4,286.3,80,12.88,6.0,4,1.62,0,False,663.4000000000001,285,63.19,2.372941176470588,1.460344827586207,3.5787500000000003,1.5,0.3040397949954778,0.25535122098281576,0.43156466686765144,0.009044317154054867,False,False,False,False,0.17000495785820527,0.08500590318772137,0.044987775061124696,0.27,False,True,False,True
133,0,0,0,0,221.1,133,37.59,160.2,140,13.62,161.8,84,7.28,8.4,3,2.27,4,False,551.4999999999999,360,60.760000000000005,1.6624060150375939,1.1442857142857141,1.9261904761904762,2.8000000000000003,0.40090661831369,0.2904805077062557,0.29338168631006356,0.015231187669990938,False,False,False,False,0.17001356852103122,0.0850187265917603,0.0449938195302843,0.2702380952380952,False,True,False,True
93,2,0,1,32,218.7,117,37.18,115.0,61,9.78,192.7,85,8.67,9.4,5,2.54,2,False,535.8,268,58.17,1.869230769230769,1.8852459016393444,2.267058823529412,1.8800000000000001,0.40817469204927215,0.21463232549458755,0.35964912280701755,0.01754385964912281,False,False,False,False,0.1700045724737083,0.08504347826086955,0.044992215879605606,0.2702127659574468,True,False,False,True
140,1,0,0,0,120.3,108,20.45,240.4,84,20.43,216.4,74,9.74,7.7,3,2.08,4,True,584.8000000000001,269,52.699999999999996,1.113888888888889,2.861904761904762,2.924324324324324,2.566666666666667,0.2057113543091655,0.4110807113543091,0.3700410396716826,0.01316689466484268,False,False,False,False,0.16999168744804655,0.08498336106489185,0.045009242144177446,0.2701298701298701,False,True,False,True
144,2,0,0,0,278.5,95,47.35,240.7,90,20.46,120.0,90,5.4,11.6,5,3.13,1,True,650.8000000000001,280,76.34,2.931578947368421,2.674444444444444,1.3333333333333333,2.32,0.4279348494161032,0.3698524892440073,0.18438844499078055,0.017824216349108787,False,False,False,False,0.17001795332136446,0.08500207727461571,0.045000000000000005,0.26982758620689656,False,True,False,True
24,0,0,1,29,236.3,105,40.17,190.8,114,16.22,129.0,105,5.81,7.2,2,1.94,3,False,563.3000000000001,326,64.14,2.2504761904761907,1.6736842105263159,1.2285714285714286,3.6,0.41949227764956504,0.3387182673530978,0.22900763358778622,0.012781821409550859,False,False,False,False,0.16999576809140923,0.08501048218029349,0.04503875968992248,0.26944444444444443,True,False,True,False
54,1,0,0,0,273.8,113,46.55,119.6,156,10.17,267.6,117,12.04,11.7,3,3.16,1,False,672.7,389,71.91999999999999,2.4230088495575224,0.7666666666666666,2.2871794871794875,3.9,0.407016500668946,0.17779099152668348,0.3977999108071949,0.01739259699717556,False,False,False,False,0.17001460920379838,0.08503344481605352,0.044992526158445435,0.2700854700854701,False,True,False,True
50,0,0,0,0,131.1,129,22.29,160.5,94,13.64,206.9,88,9.31,5.6,9,1.51,5,True,504.1,320,46.75,1.0162790697674418,1.7074468085106382,2.3511363636363636,0.6222222222222222,0.2600674469351319,0.3183892084903789,0.410434437611585,0.011108906962904185,True,False,False,False,0.17002288329519452,0.08498442367601246,0.04499758337361044,0.2696428571428572,False,True,False,True
92,1,0,1,23,167.4,83,28.46,258.6,129,21.98,116.4,110,5.24,11.2,3,3.02,4,False,553.6,325,58.7,2.016867469879518,2.0046511627906978,1.0581818181818183,3.733333333333333,0.30238439306358383,0.4671242774566474,0.21026011560693642,0.020231213872832367,False,False,False,False,0.17001194743130227,0.08499613302397524,0.04501718213058419,0.2696428571428572,True,False,False,True
96,0,0,0,0,197.7,68,33.61,250.5,53,21.29,181.2,67,8.15,10.5,3,2.84,3,False,639.9,191,65.89,2.9073529411764705,4.726415094339623,2.7044776119402982,3.5,0.30895452414439756,0.3914674167838725,0.28316924519456166,0.016408813877168308,False,False,False,False,0.17000505816894285,0.08499001996007984,0.04497792494481237,0.2704761904761905,False,True,False,True
102,0,0,0,0,174.5,73,29.67,213.7,114,18.16,164.7,116,7.41,10.3,5,2.78,4,False,563.1999999999999,308,58.019999999999996,2.3904109589041096,1.8745614035087719,1.4198275862068965,2.06,0.30983664772727276,0.37943892045454547,0.2924360795454546,0.018288352272727276,False,False,False,False,0.17002865329512895,0.08497894244267666,0.044990892531876145,0.2699029126213592,False,True,False,True
99,1,0,0,0,200.0,66,34.0,107.9,104,9.17,233.7,82,10.52,11.4,2,3.08,3,False,552.9999999999999,254,56.769999999999996,3.0303030303030303,1.0375,2.8499999999999996,5.7,0.36166365280289337,0.195117540687161,0.42260397830018087,0.020614828209764922,False,False,False,False,0.17,0.08498609823911028,0.04501497646555413,0.27017543859649124,False,True,False,True
36,2,0,1,25,152.8,110,25.98,242.8,67,20.64,147.4,74,6.63,9.1,2,2.46,1,False,552.1,253,55.71000000000001,1.3890909090909092,3.6238805970149257,1.991891891891892,4.55,0.2767614562579243,0.4397754030067017,0.26698061945299767,0.01648252128237638,False,False,False,False,0.1700261780104712,0.08500823723228995,0.044979647218453184,0.2703296703296703,True,False,False,True
70,2,0,0,0,129.9,102,22.08,208.7,133,17.74,231.4,93,10.41,14.3,3,3.86,1,False,584.3,331,54.08999999999999,1.273529411764706,1.569172932330827,2.488172043010753,4.766666666666667,0.22231730275543388,0.3571795310628102,0.39602943693308235,0.02447372924867363,False,False,False,False,0.16997690531177828,0.08500239578342117,0.04498703543647364,0.2699300699300699,False,True,False,True
109,1,1,0,0,268.4,85,45.63,150.6,131,12.8,297.9,84,13.41,9.7,8,2.62,2,True,726.6,308,74.46000000000001,3.157647058823529,1.149618320610687,3.5464285714285713,1.2125,0.36939168731076244,0.20726672171758875,0.4099917423616845,0.013349848609964216,False,False,False,True,0.17000745156482863,0.08499335989375831,0.04501510574018127,0.2701030927835052,False,True,False,True
100,1,0,0,0,188.5,152,32.05,148.3,115,12.61,179.8,88,8.09,15.2,5,4.1,2,False,531.8000000000001,360,56.85,1.2401315789473684,1.2895652173913044,2.0431818181818184,3.04,0.35445656261752534,0.27886423467468974,0.33809702895825494,0.028582173749529892,False,False,False,False,0.170026525198939,0.08503034389750505,0.0449944382647386,0.26973684210526316,False,True,False,True
80,2,0,0,0,149.8,123,25.47,276.3,75,23.49,241.4,75,10.86,10.9,7,2.94,2,False,678.4,280,62.75999999999999,1.2178861788617887,3.684,3.2186666666666666,1.5571428571428572,0.22081367924528306,0.40728183962264153,0.3558372641509434,0.016067216981132077,False,False,False,False,0.1700267022696929,0.08501628664495113,0.044987572493786245,0.2697247706422018,False,True,False,True
100,2,0,0,0,115.9,87,19.7,111.3,56,9.46,170.2,77,7.66,7.1,4,1.92,1,False,404.5,224,38.74,1.332183908045977,1.9875,2.21038961038961,1.775,0.2865265760197775,0.27515451174289246,0.42076637824474655,0.017552533992583434,False,False,False,False,0.16997411561691111,0.08499550763701708,0.04500587544065805,0.27042253521126763,False,True,False,True
50,2,0,0,0,131.7,108,22.39,216.5,103,18.4,196.1,126,8.82,11.0,5,2.97,1,False,555.3,342,52.58,1.2194444444444443,2.1019417475728157,1.5563492063492064,2.2,0.2371690977849811,0.38987934449846934,0.3531424455249415,0.019809112191608143,False,False,False,False,0.17000759301442675,0.08498845265588914,0.044977052524222336,0.27,False,True,False,True
105,1,0,0,0,101.4,48,17.24,159.1,119,13.52,259.2,53,11.66,12.2,2,3.29,1,False,531.9000000000001,222,45.71,2.1125000000000003,1.3369747899159663,4.890566037735849,6.1,0.19063733784545966,0.29911637525850715,0.48730964467005067,0.022936642225982323,False,False,False,False,0.1700197238658777,0.08497800125707103,0.04498456790123457,0.269672131147541,False,True,False,True
113,1,0,1,23,149.0,104,25.33,235.8,67,20.04,201.8,76,9.08,9.5,5,2.57,4,False,596.1,252,57.019999999999996,1.4326923076923077,3.519402985074627,2.655263157894737,1.9,0.24995806072806576,0.39557121288374436,0.338533803053179,0.015936923335010903,False,False,False,False,0.16999999999999998,0.08498727735368956,0.044995044598612484,0.27052631578947367,True,False,False,True
111,1,0,1,36,96.8,123,16.46,170.6,105,14.5,166.0,85,7.47,13.4,4,3.62,2,False,446.79999999999995,317,42.05,0.7869918699186992,1.6247619047619046,1.9529411764705882,3.35,0.21665174574753807,0.3818263205013429,0.3715308863025963,0.029991047448522833,False,False,False,False,0.17004132231404961,0.08499413833528723,0.045,0.2701492537313433,True,False,False,True
161,0,0,0,0,107.5,121,18.28,256.4,46,21.79,247.2,131,11.12,12.6,3,3.4,2,False,623.6999999999999,301,54.589999999999996,0.8884297520661157,5.57391304347826,1.8870229007633588,4.2,0.17235850569183905,0.4110950777617444,0.3963443963443964,0.020202020202020204,False,False,False,False,0.170046511627907,0.08498439937597504,0.04498381877022654,0.2698412698412698,False,True,False,True
70,1,0,0,0,232.8,95,39.58,303.4,111,25.79,255.6,104,11.5,12.9,7,3.48,0,True,804.7,317,80.35000000000001,2.4505263157894737,2.733333333333333,2.457692307692308,1.842857142857143,0.2893003603827513,0.37703491984590526,0.3176339008326084,0.016030818938734932,False,False,False,False,0.17001718213058417,0.08500329597890574,0.04499217527386542,0.2697674418604651,False,True,False,True
97,1,0,1,43,121.1,105,20.59,260.2,115,22.12,222.4,100,10.01,8.3,5,2.24,3,False,611.9999999999999,325,54.96,1.1533333333333333,2.262608695652174,2.224,1.6600000000000001,0.19787581699346407,0.4251633986928105,0.3633986928104576,0.013562091503267978,False,False,False,False,0.17002477291494633,0.08501152959262107,0.04500899280575539,0.26987951807228916,True,False,False,True
130,2,0,0,0,124.3,70,21.13,270.7,99,23.01,239.5,83,10.78,3.5,6,0.95,0,False,638.0,258,55.870000000000005,1.7757142857142856,2.734343434343434,2.8855421686746987,0.5833333333333334,0.19482758620689655,0.42429467084639494,0.37539184952978055,0.0054858934169279,False,False,False,False,0.16999195494770716,0.08500184706316957,0.045010438413361165,0.2714285714285714,False,True,False,True
92,1,0,0,0,157.7,101,26.81,298.6,100,25.38,216.9,99,9.76,13.8,3,3.73,1,False,687.0,303,65.67999999999999,1.5613861386138612,2.986,2.190909090909091,4.6000000000000005,0.22954876273653566,0.4346433770014556,0.31572052401746725,0.020087336244541485,False,False,False,False,0.17000634115409005,0.08499665103817816,0.04499769479022591,0.2702898550724638,False,True,False,True
119,0,0,0,0,124.3,68,21.13,207.1,88,17.6,157.4,93,7.08,14.8,1,4.0,0,False,503.59999999999997,250,49.81,1.8279411764705882,2.353409090909091,1.69247311827957,14.8,0.24682287529785546,0.4112390786338364,0.31254964257347106,0.029388403494837175,False,False,False,False,0.16999195494770716,0.08498309995171416,0.04498094027954257,0.27027027027027023,False,True,False,True
115,1,0,0,0,286.4,125,48.69,205.7,74,17.48,191.4,141,8.61,6.9,6,1.86,1,True,690.4,346,76.64,2.2912,2.7797297297297296,1.3574468085106384,1.1500000000000001,0.41483198146002315,0.29794322132097334,0.27723059096176134,0.00999420625724218,False,False,False,False,0.17000698324022348,0.08497812348079728,0.04498432601880877,0.26956521739130435,False,True,False,True
127,0,0,1,25,173.0,91,29.41,245.8,64,20.89,300.0,99,13.5,4.8,3,1.3,0,False,723.5999999999999,257,65.1,1.901098901098901,3.840625,3.0303030303030303,1.5999999999999999,0.2390823659480376,0.33969043670536214,0.4145936981757878,0.006633499170812604,False,False,False,False,0.17,0.08498779495524816,0.045,0.27083333333333337,True,False,False,True
153,1,0,1,31,218.5,130,37.15,134.2,103,11.41,118.9,105,5.35,9.4,6,2.54,0,False,481.0,344,56.45,1.6807692307692308,1.3029126213592233,1.1323809523809525,1.5666666666666667,0.45426195426195426,0.27900207900207896,0.2471933471933472,0.019542619542619544,False,False,False,False,0.1700228832951945,0.08502235469448585,0.04499579478553406,0.2702127659574468,True,False,False,True
79,1,0,0,0,41.9,124,7.12,211.0,95,17.94,237.9,55,10.71,11.4,5,3.08,1,False,502.2,279,38.85,0.3379032258064516,2.221052631578947,4.325454545454545,2.2800000000000002,0.08343289526085225,0.42015133412982875,0.473715651135006,0.022700119474313024,False,False,False,False,0.16992840095465395,0.08502369668246446,0.04501891551071879,0.27017543859649124,False,True,False,True
35,1,0,0,0,260.8,87,44.34,258.1,78,21.94,131.3,123,5.91,5.8,2,1.57,1,False,656.0,290,73.75999999999999,2.9977011494252874,3.308974358974359,1.067479674796748,2.9,0.3975609756097561,0.39344512195121956,0.20015243902439026,0.008841463414634146,False,False,False,False,0.1700153374233129,0.08500581170089112,0.04501142421934501,0.27068965517241383,False,True,False,True
68,2,0,0,0,226.7,94,38.54,168.4,129,14.31,188.7,117,8.49,10.2,1,2.75,0,False,594.0,341,64.09,2.4117021276595745,1.3054263565891473,1.6128205128205126,10.2,0.38164983164983163,0.28350168350168353,0.31767676767676767,0.01717171717171717,False,False,False,False,0.17000441111601236,0.08497624703087886,0.04499205087440382,0.26960784313725494,False,True,False,True
60,0,0,0,0,179.3,147,30.48,208.9,89,17.76,248.2,98,11.17,13.5,6,3.65,1,True,649.9000000000001,340,63.06,1.2197278911564626,2.3471910112359553,2.5326530612244897,2.25,0.27588859824588396,0.3214340667795045,0.3819049084474534,0.020772426527158022,False,False,False,False,0.16999442275515894,0.08501675442795596,0.04500402900886382,0.27037037037037037,False,True,False,True
71,2,0,1,23,175.7,82,29.87,258.9,136,22.01,268.4,154,12.08,14.1,7,3.81,1,False,717.1,379,67.77,2.142682926829268,1.9036764705882352,1.7428571428571427,2.0142857142857142,0.24501464230930134,0.36103751220192437,0.37428531585552915,0.019662529633245013,False,False,False,False,0.17000569151963577,0.0850135187331016,0.04500745156482862,0.2702127659574468,True,False,False,True
124,1,0,0,0,157.4,107,26.76,167.8,112,14.26,188.8,102,8.5,8.8,3,2.38,3,False,522.8,324,51.900000000000006,1.4710280373831777,1.4982142857142857,1.8509803921568628,2.9333333333333336,0.3010711553175211,0.320964039785769,0.36113236419280803,0.01683244070390207,False,False,False,False,0.17001270648030495,0.08498212157330154,0.045021186440677964,0.27045454545454545,False,True,False,True
23,2,0,0,0,113.1,74,19.23,168.8,95,14.35,262.9,126,11.83,6.9,2,1.86,1,True,551.6999999999999,297,47.269999999999996,1.5283783783783782,1.776842105263158,2.086507936507936,3.45,0.20500271886895052,0.3059633858981331,0.47652709806054017,0.012506797172376294,False,False,False,False,0.17002652519893902,0.08501184834123222,0.044998098136173455,0.26956521739130435,False,True,True,False
225,1,0,0,0,182.7,142,31.06,246.5,63,20.95,218.0,103,9.81,8.8,2,2.38,1,False,656.0,310,64.2,1.286619718309859,3.9126984126984126,2.116504854368932,4.4,0.2785060975609756,0.3757621951219512,0.3323170731707317,0.013414634146341465,False,False,False,False,0.1700054734537493,0.08498985801217038,0.045000000000000005,0.27045454545454545,False,True,False,True
181,1,1,0,0,161.3,83,27.42,124.4,83,10.57,262.0,98,11.79,14.1,3,3.81,0,True,561.8000000000001,267,53.59,1.9433734939759038,1.4987951807228916,2.673469387755102,4.7,0.2871128515485938,0.22143111427554288,0.46635813456746167,0.02509789960840156,False,False,False,True,0.16999380037197767,0.08496784565916399,0.045,0.2702127659574468,False,True,False,True
63,1,0,0,0,142.5,92,24.23,208.3,102,17.71,228.9,120,10.3,7.5,2,2.03,2,False,587.2,316,54.269999999999996,1.548913043478261,2.0421568627450983,1.9075,3.75,0.24267711171662124,0.35473433242506813,0.3898160762942779,0.012772479564032697,False,False,False,False,0.17003508771929826,0.08502160345655305,0.04499781564001748,0.27066666666666667,False,True,False,True
54,1,1,0,0,190.5,108,32.39,259.7,108,22.07,141.5,111,6.37,9.7,2,2.62,2,True,601.4000000000001,329,63.449999999999996,1.7638888888888888,2.4046296296296297,1.2747747747747749,4.85,0.31676089125374124,0.43182573994013956,0.2352843365480545,0.016129032258064512,False,False,False,True,0.1700262467191601,0.08498267231420871,0.04501766784452297,0.2701030927835052,False,True,False,True
80,0,1,1,15,159.3,110,27.08,170.6,120,14.5,141.2,82,6.35,11.9,5,3.21,1,False,482.99999999999994,317,51.14,1.4481818181818182,1.4216666666666666,1.7219512195121949,2.38,0.32981366459627337,0.3532091097308489,0.29233954451345756,0.024637681159420294,False,False,False,False,0.1699937225360954,0.08499413833528723,0.044971671388101986,0.26974789915966385,True,False,False,True
118,0,1,1,39,153.8,106,26.15,123.3,111,10.48,117.8,103,5.3,9.2,6,2.48,1,False,404.1,326,44.40999999999999,1.450943396226415,1.1108108108108108,1.1436893203883496,1.5333333333333332,0.38059886166790396,0.30512249443207123,0.29151200197970795,0.02276664192031675,False,False,False,False,0.17002600780234067,0.08499594484995945,0.04499151103565365,0.26956521739130435,True,False,False,True
42,0,1,0,0,180.7,127,30.72,174.6,94,14.84,165.3,114,7.44,12.0,6,3.24,2,False,532.5999999999999,341,56.24,1.4228346456692913,1.8574468085106381,1.4500000000000002,2.0,0.33927900863687577,0.3278257604205783,0.3103642508449118,0.02253098009763425,False,False,False,True,0.170005534034311,0.0849942726231386,0.04500907441016334,0.27,False,True,False,True
134,0,0,0,0,202.7,105,34.46,224.9,90,19.12,253.9,108,11.43,12.1,7,3.27,0,False,693.6,310,68.27999999999999,1.9304761904761905,2.498888888888889,2.350925925925926,1.7285714285714284,0.29224336793540945,0.32425028835063435,0.36606113033448673,0.017445213379469433,False,False,False,False,0.170004933399112,0.08501556247220987,0.04501772351319417,0.2702479338842975,False,True,False,True
66,1,0,1,35,190.8,100,32.44,261.3,93,22.21,209.5,108,9.43,8.9,6,2.4,0,False,670.5,307,66.48,1.9080000000000001,2.8096774193548386,1.9398148148148149,1.4833333333333334,0.2845637583892618,0.38970917225950785,0.3124533929903057,0.013273676360924684,False,False,False,False,0.17002096436058697,0.0849980864906238,0.04501193317422434,0.2696629213483146,True,False,False,True
66,1,0,0,0,205.1,102,34.87,232.7,109,19.78,259.9,95,11.7,9.2,6,2.48,2,False,706.9,312,68.83,2.01078431372549,2.134862385321101,2.73578947368421,1.5333333333333332,0.29014004809732635,0.3291837600792191,0.3676616211628236,0.013014570660630923,False,False,False,False,0.17001462701121403,0.08500214868929953,0.04501731435167372,0.26956521739130435,False,True,False,True
127,1,0,1,28,235.6,124,40.05,236.8,113,20.13,241.2,127,10.85,7.7,2,2.08,1,False,721.3,366,73.10999999999999,1.9,2.095575221238938,1.8992125984251969,3.85,0.3266324691529184,0.32829613198391794,0.3343962290309164,0.010675169832247332,False,False,False,False,0.16999151103565363,0.08500844594594593,0.04498341625207297,0.2701298701298701,True,False,False,True
146,2,0,0,0,189.3,77,32.18,155.9,128,13.25,186.0,83,8.37,7.4,3,2.0,0,False,538.6,291,55.8,2.4584415584415584,1.21796875,2.2409638554216866,2.466666666666667,0.3514667656888229,0.28945414036390643,0.3453397697734868,0.013739324173783884,False,False,False,False,0.1699947173798204,0.08499037844772289,0.045,0.27027027027027023,False,True,False,True
93,0,0,1,42,166.9,101,28.37,273.2,84,23.22,171.0,106,7.69,11.5,1,3.11,1,False,622.6,292,62.39,1.6524752475247526,3.2523809523809524,1.6132075471698113,11.5,0.26806938644394473,0.4388050112431737,0.27465467394796017,0.018470928364921296,False,False,False,False,0.16998202516476932,0.08499267935578331,0.04497076023391813,0.27043478260869563,True,False,False,True
77,1,0,0,0,245.2,87,41.68,254.1,83,21.6,239.4,91,10.77,7.5,4,2.03,0,True,746.1999999999999,265,76.08,2.818390804597701,3.06144578313253,2.6307692307692307,1.875,0.32859823103725544,0.3405253283302064,0.3208255159474672,0.010050924685071027,False,False,False,False,0.1699836867862969,0.08500590318772137,0.044987468671679194,0.27066666666666667,False,True,False,True
111,1,0,0,0,132.6,125,22.54,221.1,67,18.79,127.9,101,5.76,12.7,2,3.43,4,True,494.3,295,50.519999999999996,1.0608,3.3,1.2663366336633664,6.35,0.26825814282824195,0.44729921100546227,0.25874974711713533,0.025692899049160427,False,False,False,False,0.16998491704374058,0.08498417005879692,0.04503518373729476,0.27007874015748035,False,True,False,True
115,2,0,1,14,192.3,86,32.69,88.7,90,7.54,229.4,120,10.32,10.5,3,2.84,2,False,520.9,299,53.39,2.236046511627907,0.9855555555555556,1.9116666666666666,3.5,0.36916874640046077,0.17028220387790363,0.4403916298713765,0.020157419850259168,False,False,False,False,0.16999479979199167,0.08500563697857948,0.04498692240627725,0.2704761904761905,True,False,False,True
115,2,1,0,0,122.0,110,20.74,220.2,100,18.72,179.7,124,8.09,10.8,2,2.92,2,True,532.6999999999999,336,50.47,1.1090909090909091,2.202,1.4491935483870966,5.4,0.22902196358175336,0.4133658719729679,0.3373380889806646,0.020274075464614235,False,False,False,True,0.16999999999999998,0.08501362397820163,0.04501947690595437,0.27037037037037037,False,True,False,True
114,0,0,0,0,193.0,101,32.81,250.0,81,21.25,133.3,79,6.0,9.6,2,2.59,2,False,585.9,263,62.650000000000006,1.9108910891089108,3.0864197530864197,1.6873417721518988,4.8,0.3294077487625875,0.4266939750810719,0.22751322751322753,0.01638504864311316,False,False,False,False,0.17,0.085,0.0450112528132033,0.26979166666666665,False,True,False,True
106,1,0,0,0,158.6,112,26.96,220.0,114,18.7,252.9,106,11.38,9.1,3,2.46,0,False,640.6,335,59.5,1.4160714285714284,1.9298245614035088,2.3858490566037736,3.033333333333333,0.2475803933812051,0.34342803621604745,0.3947861379956291,0.014205432407118326,False,False,False,False,0.16998738965952082,0.08499999999999999,0.04499802293396599,0.2703296703296703,False,True,False,True
59,2,0,0,0,153.6,92,26.11,205.5,88,17.47,114.5,89,5.15,12.5,10,3.38,1,False,486.1,279,52.11,1.6695652173913043,2.335227272727273,1.2865168539325842,1.25,0.3159843653569224,0.4227525200576013,0.23554824110265377,0.025714873482822462,False,False,False,False,0.16998697916666666,0.08501216545012165,0.04497816593886463,0.2704,False,True,False,True
87,1,1,1,40,221.6,79,37.67,157.1,74,13.35,222.4,124,10.01,11.5,3,3.11,1,False,612.6,280,64.14,2.8050632911392404,2.1229729729729727,1.7935483870967743,3.8333333333333335,0.3617368592882794,0.2564479268690826,0.3630427685275873,0.018772445315050602,False,False,False,False,0.16999097472924188,0.08497772119669,0.04500899280575539,0.27043478260869563,True,False,False,True
21,1,0,0,0,244.7,81,41.6,168.0,117,14.28,281.5,87,12.67,6.6,1,1.78,1,False,700.8000000000001,286,70.33,3.0209876543209875,1.435897435897436,3.235632183908046,6.6,0.3491723744292237,0.23972602739726026,0.40168378995433784,0.00941780821917808,False,False,False,False,0.170004086636698,0.08499999999999999,0.0450088809946714,0.2696969696969697,False,True,True,False
142,0,0,1,24,239.8,103,40.77,285.9,65,24.3,256.7,106,11.55,9.5,4,2.57,0,False,791.9000000000001,278,79.19,2.3281553398058255,4.398461538461538,2.421698113207547,2.375,0.30281601212274273,0.3610304331354968,0.324157090541735,0.011996464200025255,False,False,False,False,0.17001668056713928,0.08499475341028333,0.04499415660303857,0.27052631578947367,True,False,False,True
149,1,0,0,0,242.5,83,41.23,245.4,97,20.86,219.6,80,9.88,10.0,3,2.7,3,True,717.5,263,74.67,2.9216867469879517,2.5298969072164947,2.745,3.3333333333333335,0.33797909407665505,0.34202090592334494,0.30606271777003485,0.013937282229965157,False,False,False,False,0.17002061855670103,0.0850040749796251,0.044990892531876145,0.27,False,True,False,True
54,2,0,1,39,117.6,82,19.99,159.2,60,13.53,236.4,113,10.64,11.3,10,3.05,2,False,524.4999999999999,265,47.209999999999994,1.4341463414634146,2.6533333333333333,2.0920353982300885,1.1300000000000001,0.22421353670162064,0.3035271687321259,0.45071496663489047,0.02154432793136321,False,False,False,False,0.16998299319727891,0.08498743718592965,0.045008460236886635,0.26991150442477874,True,False,False,True
88,2,0,0,0,218.2,76,37.09,169.3,60,14.39,141.1,99,6.35,8.0,1,2.16,1,False,536.6,236,59.99000000000001,2.871052631578947,2.8216666666666668,1.4252525252525252,8.0,0.4066343645173313,0.3155050316809542,0.2629519194931047,0.014908684308609765,False,False,False,False,0.16998166819431718,0.08499704666272888,0.04500354358610914,0.27,False,True,False,True
85,1,0,1,29,144.6,97,24.58,140.0,102,11.9,165.4,148,7.44,10.9,3,2.94,1,False,460.9,350,46.85999999999999,1.4907216494845361,1.3725490196078431,1.1175675675675676,3.6333333333333333,0.3137339986981992,0.3037535257105663,0.3588630939466262,0.023649381644608378,False,False,False,False,0.16998616874135547,0.085,0.04498186215235792,0.2697247706422018,True,False,False,True
51,1,1,0,0,153.6,108,26.11,232.9,85,19.8,214.2,92,9.64,14.1,4,3.81,0,True,614.8000000000001,289,59.36,1.4222222222222223,2.74,2.3282608695652174,3.525,0.24983734547820427,0.3788223812621991,0.348405985686402,0.02293428757319453,False,False,False,True,0.16998697916666666,0.0850150279089738,0.045004668534080305,0.2702127659574468,False,True,False,True
45,2,0,1,29,135.8,104,23.09,222.5,101,18.91,235.6,92,10.6,7.9,6,2.13,2,False,601.8,303,54.730000000000004,1.3057692307692308,2.202970297029703,2.5608695652173914,1.3166666666666667,0.22565636424061153,0.369724160850781,0.39149219009637753,0.013127284812229979,False,False,False,False,0.17002945508100145,0.08498876404494382,0.04499151103565365,0.26962025316455696,True,False,False,True
146,0,0,1,31,202.5,91,34.43,241.4,108,20.52,169.6,77,7.63,7.8,2,2.11,1,False,621.3,278,64.69000000000001,2.2252747252747254,2.2351851851851854,2.2025974025974024,3.9,0.3259295026557219,0.38854015773378403,0.27297601802671817,0.012554321583775955,False,False,False,False,0.1700246913580247,0.08500414250207125,0.04498820754716981,0.2705128205128205,True,False,False,True
63,2,0,1,34,152.2,119,25.87,227.1,91,19.3,195.7,103,8.81,12.3,5,3.32,1,False,587.3,318,57.300000000000004,1.2789915966386554,2.4956043956043956,1.9,2.46,0.25915205176230205,0.3866848288779159,0.3332198195130257,0.020943299846756344,False,False,False,False,0.1699737187910644,0.0849845882870982,0.045017884517118044,0.26991869918699185,True,False,False,True
72,2,0,0,0,138.9,111,23.61,211.6,102,17.99,179.5,91,8.08,10.8,3,2.92,1,False,540.8,307,52.599999999999994,1.2513513513513514,2.0745098039215684,1.9725274725274726,3.6,0.2568417159763314,0.39127218934911245,0.33191568047337283,0.019970414201183433,False,False,False,False,0.16997840172786177,0.08501890359168242,0.04501392757660167,0.27037037037037037,False,True,False,True
130,0,0,0,0,127.0,102,21.59,206.9,107,17.59,231.7,99,10.43,6.1,6,1.65,0,False,571.6999999999999,314,51.26,1.2450980392156863,1.9336448598130842,2.3404040404040405,1.0166666666666666,0.22214448137134862,0.3619030960293861,0.405282490816862,0.01066993178240336,False,False,False,False,0.17,0.08501691638472691,0.04501510574018127,0.27049180327868855,False,True,False,True
97,1,0,0,0,168.6,87,28.66,259.2,105,22.03,279.8,123,12.59,7.3,4,1.97,1,False,714.8999999999999,319,65.25,1.9379310344827585,2.4685714285714284,2.2747967479674798,1.825,0.2358371800251784,0.3625681913554344,0.39138341026717033,0.010211218352217095,False,False,False,False,0.16998813760379597,0.0849922839506173,0.0449964260185847,0.26986301369863014,False,True,False,True
54,1,0,0,0,286.6,73,48.72,223.2,108,18.97,203.7,107,9.17,11.5,5,3.11,1,True,725.0,293,79.97,3.9260273972602744,2.0666666666666664,1.9037383177570093,2.3,0.39531034482758626,0.3078620689655172,0.2809655172413793,0.015862068965517243,False,False,False,False,0.16999302163293786,0.0849910394265233,0.04501718213058419,0.27043478260869563,False,True,False,True
160,1,0,1,29,164.6,121,27.98,262.8,108,22.34,123.8,131,5.57,15.2,4,4.1,1,False,566.4,364,59.99,1.3603305785123967,2.4333333333333336,0.9450381679389313,3.8,0.2906073446327684,0.46398305084745767,0.2185734463276836,0.026836158192090395,False,False,False,False,0.16998784933171326,0.0850076103500761,0.044991922455573506,0.26973684210526316,True,False,False,True
79,1,0,0,0,144.0,90,24.48,135.8,91,11.54,212.4,129,9.56,13.0,4,3.51,1,False,505.20000000000005,314,49.089999999999996,1.6,1.4923076923076923,1.6465116279069767,3.25,0.28503562945368166,0.2688044338875693,0.4204275534441805,0.025732383214568486,False,False,False,False,0.17,0.08497790868924888,0.045009416195856876,0.26999999999999996,False,True,False,True
92,1,0,1,47,141.6,95,24.07,207.9,130,17.67,203.6,95,9.16,10.2,11,2.75,0,False,563.3000000000001,331,53.650000000000006,1.4905263157894737,1.5992307692307692,2.143157894736842,0.9272727272727272,0.25137582105450024,0.3690750932007811,0.3614415054145215,0.01810758033019705,False,False,False,False,0.1699858757062147,0.084992784992785,0.044990176817288806,0.26960784313725494,True,False,False,True
59,1,0,0,0,204.3,65,34.73,247.3,123,21.02,214.7,94,9.66,12.0,4,3.24,1,False,678.3,286,68.64999999999999,3.143076923076923,2.010569105691057,2.2840425531914894,3.0,0.3011941618752765,0.3645879404393337,0.3165266106442577,0.017691287041132243,False,False,False,False,0.16999510523739597,0.08499797816417307,0.044993013507219376,0.27,False,True,False,True
132,2,0,0,0,163.2,80,27.74,167.6,90,14.25,87.5,90,3.94,6.2,10,1.67,1,False,424.49999999999994,270,47.599999999999994,2.04,1.8622222222222222,0.9722222222222222,0.62,0.384452296819788,0.3948174322732627,0.20612485276796233,0.014605418138987046,False,False,False,False,0.16997549019607844,0.08502386634844869,0.045028571428571425,0.2693548387096774,False,True,False,True
93,1,0,0,0,176.1,103,29.94,199.7,130,16.97,263.9,96,11.88,8.5,6,2.3,2,False,648.1999999999999,335,61.089999999999996,1.7097087378640776,1.536153846153846,2.748958333333333,1.4166666666666667,0.2716754088244369,0.3080839247145943,0.40712742980561556,0.013113236655353288,False,False,False,False,0.17001703577512778,0.08497746619929895,0.045017051913603646,0.27058823529411763,False,True,False,True
147,1,0,1,36,254.2,78,43.21,228.1,105,19.39,98.0,125,4.41,13.8,7,3.73,5,False,594.0999999999999,315,70.74000000000001,3.258974358974359,2.1723809523809523,0.784,1.9714285714285715,0.4278740952701566,0.38394209729001855,0.16495539471469453,0.023228412725130453,True,False,True,False,0.16998426435877262,0.08500657606313021,0.045,0.2702898550724638,True,False,False,True
101,2,0,0,0,174.9,105,29.73,262.0,75,22.27,210.0,93,9.45,8.5,5,2.3,1,False,655.4,278,63.75,1.6657142857142857,3.493333333333333,2.2580645161290325,1.7,0.2668599328654257,0.3997558742752518,0.32041501373207204,0.012969179127250534,False,False,False,False,0.1699828473413379,0.08499999999999999,0.045,0.27058823529411763,False,True,False,True
125,1,1,0,0,187.3,118,31.84,160.7,111,13.66,263.8,112,11.87,9.6,2,2.59,0,True,621.4,343,59.959999999999994,1.5872881355932205,1.4477477477477476,2.355357142857143,4.8,0.30141615706469266,0.2586095912455745,0.4245252655294497,0.01544898616028323,False,False,False,True,0.16999466097170313,0.08500311138767891,0.04499620924943138,0.26979166666666665,False,True,False,True
63,1,0,0,0,211.8,84,36.01,230.9,137,19.63,217.1,99,9.77,10.7,9,2.89,3,False,670.5000000000001,329,68.3,2.5214285714285714,1.6854014598540146,2.1929292929292927,1.1888888888888889,0.3158836689038031,0.3443698732289336,0.32378821774794925,0.015958240119313943,False,False,False,False,0.17001888574126534,0.08501515807708965,0.04500230308613542,0.27009345794392525,False,True,False,True
107,1,0,0,0,241.9,102,41.12,126.9,117,10.79,185.6,92,8.35,11.7,6,3.16,0,False,566.1,317,63.42,2.3715686274509804,1.0846153846153848,2.017391304347826,1.95,0.4273096626037802,0.22416534181240064,0.3278572690337396,0.02066772655007949,False,False,False,False,0.16998759818106654,0.08502758077226161,0.044989224137931036,0.2700854700854701,False,True,False,True
117,0,0,0,0,161.6,104,27.47,196.3,119,16.69,294.8,111,13.27,13.8,2,3.73,1,False,666.5,336,61.15999999999999,1.5538461538461539,1.6495798319327732,2.655855855855856,6.9,0.24246061515378844,0.29452363090772693,0.4423105776444111,0.020705176294073518,False,False,False,False,0.16998762376237625,0.08502292409577178,0.0450135685210312,0.2702898550724638,False,True,False,True
124,1,0,0,0,194.0,103,32.98,241.0,116,20.49,227.5,153,10.24,11.9,5,3.21,0,False,674.4,377,66.92,1.883495145631068,2.0775862068965516,1.4869281045751634,2.38,0.2876631079478055,0.3573546856465006,0.3373368920521946,0.01764531435349941,False,False,False,False,0.16999999999999998,0.08502074688796679,0.04501098901098901,0.26974789915966385,False,True,False,True
115,2,0,0,0,109.7,148,18.65,223.8,87,19.02,240.3,96,10.81,15.4,8,4.16,3,False,589.1999999999999,339,52.64,0.7412162162162163,2.5724137931034483,2.5031250000000003,1.925,0.18618465716225394,0.37983706720977606,0.40784114052953163,0.026137135098438565,False,False,False,False,0.17000911577028258,0.08498659517426273,0.044985434873075325,0.2701298701298701,False,True,False,True
156,0,1,0,0,277.0,119,47.09,238.3,106,20.26,94.4,96,4.25,8.3,3,2.24,1,False,617.9999999999999,324,73.84,2.327731092436975,2.2481132075471697,0.9833333333333334,2.766666666666667,0.44822006472491915,0.38559870550161823,0.15275080906148872,0.013430420711974114,False,False,False,True,0.17,0.08501888375996643,0.045021186440677964,0.26987951807228916,False,True,False,True
89,0,0,0,0,192.1,83,32.66,163.6,88,13.91,169.7,138,7.64,6.1,3,1.65,0,False,531.5,312,55.85999999999999,2.314457831325301,1.8590909090909091,1.229710144927536,2.033333333333333,0.36142991533396046,0.30780809031044215,0.31928504233301974,0.01147695202257761,False,False,False,False,0.1700156168662155,0.08502444987775061,0.045020624631703005,0.27049180327868855,False,True,False,True
72,1,0,0,0,198.4,147,33.73,216.9,121,18.44,112.8,125,5.08,13.1,4,3.54,0,False,541.2,397,60.79,1.3496598639455784,1.7925619834710744,0.9024,3.275,0.36659275683665926,0.4007760532150776,0.20842572062084255,0.024205469327420546,False,False,False,False,0.17001008064516127,0.08501613646841863,0.045035460992907804,0.2702290076335878,False,True,False,True
53,1,0,0,0,184.8,98,31.42,216.4,125,18.39,141.1,116,6.35,18.4,3,4.97,2,False,560.7,342,61.13,1.885714285714286,1.7312,1.2163793103448275,6.133333333333333,0.3295880149812734,0.3859461387551275,0.2516497235598359,0.03281612270376315,False,False,False,False,0.17002164502164502,0.0849815157116451,0.04500354358610914,0.27010869565217394,False,True,False,True
116,0,0,0,0,167.8,119,28.53,142.0,123,12.07,190.7,128,8.58,7.3,4,1.97,2,False,507.8,374,51.15,1.4100840336134455,1.1544715447154472,1.48984375,1.825,0.3304450571090981,0.27963765261914136,0.37554155179204407,0.014375738479716424,False,False,False,False,0.1700238379022646,0.085,0.04499213424226534,0.26986301369863014,False,True,False,True
78,0,0,0,0,139.2,140,23.66,191.4,113,16.27,286.5,125,12.89,11.8,3,3.19,3,False,628.9,381,56.01,0.9942857142857142,1.6938053097345134,2.292,3.9333333333333336,0.22133884560343456,0.3043409127047226,0.45555732230879314,0.018762919383049772,False,False,False,False,0.1699712643678161,0.08500522466039707,0.0449912739965096,0.2703389830508474,False,True,False,True
56,2,0,0,0,121.6,84,20.67,165.3,115,14.05,243.9,95,10.98,8.9,2,2.4,1,False,539.6999999999999,296,48.1,1.4476190476190476,1.4373913043478261,2.5673684210526315,4.45,0.22531035760607745,0.3062812673707616,0.45191773207337416,0.016490642949786923,False,False,False,False,0.16998355263157897,0.08499697519661222,0.045018450184501846,0.2696629213483146,False,True,False,True
123,0,0,1,39,270.4,99,45.97,245.1,110,20.83,108.9,113,4.9,15.4,7,4.16,1,False,639.8,329,75.86,2.731313131313131,2.228181818181818,0.9637168141592921,2.2,0.4226320725226633,0.38308846514535794,0.1702094404501407,0.024070021881838075,False,False,False,False,0.17000739644970414,0.08498572011423908,0.04499540863177227,0.2701298701298701,True,False,False,True
116,1,0,1,23,253.0,78,43.01,138.9,121,11.81,277.8,104,12.5,11.8,3,3.19,2,False,681.5,306,70.50999999999999,3.2435897435897436,1.1479338842975206,2.6711538461538464,3.9333333333333336,0.37123991195891415,0.20381511371973587,0.40763022743947175,0.01731474688187821,False,False,False,False,0.16999999999999998,0.08502519798416126,0.04499640028797696,0.2703389830508474,True,False,False,True
102,0,0,0,0,200.6,106,34.1,152.5,127,12.96,199.4,128,8.97,7.7,2,2.08,3,False,560.2,363,58.11,1.8924528301886792,1.2007874015748032,1.5578125,3.85,0.3580863977151017,0.27222420564084254,0.355944305605141,0.013745091038914673,False,False,False,False,0.1699900299102692,0.08498360655737705,0.044984954864593786,0.2701298701298701,False,True,False,True
95,1,0,0,0,167.6,96,28.49,176.0,89,14.96,250.9,113,11.29,13.4,6,3.62,2,False,607.9,304,58.36,1.7458333333333333,1.9775280898876404,2.220353982300885,2.2333333333333334,0.275703240664583,0.2895213028458628,0.41273235729560787,0.022043099193946373,False,False,False,False,0.16998806682577566,0.085,0.044998007174172974,0.2701492537313433,False,True,False,True
102,0,0,0,0,156.5,67,26.61,204.3,103,17.37,141.9,72,6.39,9.9,2,2.67,2,False,512.6,244,53.040000000000006,2.3358208955223883,1.983495145631068,1.9708333333333334,4.95,0.3053062817011315,0.3985563792430745,0.27682403433476394,0.01931330472103004,False,False,False,False,0.17003194888178913,0.08502202643171806,0.04503171247357293,0.26969696969696966,False,True,False,True
89,1,0,1,25,215.1,140,36.57,197.4,69,16.78,162.1,117,7.29,10.6,10,2.86,1,False,585.2,336,63.5,1.5364285714285715,2.860869565217391,1.3854700854700854,1.06,0.3675666438824333,0.3373205741626794,0.27699931647300063,0.018113465481886533,False,False,False,False,0.17001394700139472,0.08500506585612969,0.04497223935842073,0.269811320754717,True,False,False,True
50,0,0,0,0,301.7,82,51.29,167.1,118,14.2,72.2,89,3.25,10.5,6,2.84,1,False,551.5,295,71.58,3.6792682926829268,1.4161016949152543,0.8112359550561798,1.75,0.5470534904805077,0.3029918404351768,0.13091568449682683,0.019038984587488667,False,False,False,False,0.17000331455087836,0.08497905445840814,0.045013850415512466,0.2704761904761905,False,True,False,True
93,1,0,1,42,152.3,90,25.89,267.5,102,22.74,266.9,130,12.01,11.3,5,3.05,7,False,698.0,327,63.68999999999999,1.6922222222222223,2.622549019607843,2.053076923076923,2.2600000000000002,0.2181948424068768,0.3832378223495702,0.382378223495702,0.016189111747851002,True,False,False,False,0.16999343401181877,0.08500934579439252,0.044998126639190714,0.26991150442477874,True,False,False,True
68,2,0,0,0,195.4,116,33.22,212.1,101,18.03,138.4,134,6.23,15.1,11,4.08,1,False,561.0,362,61.56,1.6844827586206896,2.1,1.0328358208955224,1.3727272727272728,0.3483065953654189,0.3780748663101604,0.2467023172905526,0.026916221033868093,False,False,False,False,0.17001023541453428,0.08500707213578501,0.045014450867052025,0.27019867549668874,False,True,False,True
70,0,0,0,0,208.7,97,35.48,275.5,83,23.42,182.5,122,8.21,8.0,3,2.16,2,False,674.7,305,69.27,2.1515463917525772,3.319277108433735,1.4959016393442623,2.6666666666666665,0.30932266192381797,0.40832962798280714,0.27049058840966356,0.011857121683711279,False,False,False,False,0.17000479156684234,0.08500907441016335,0.04498630136986302,0.27,False,True,False,True
138,1,0,1,29,190.1,87,32.32,223.2,123,18.97,256.2,130,11.53,14.2,6,3.83,0,False,683.7,346,66.65,2.1850574712643676,1.8146341463414632,1.9707692307692306,2.3666666666666667,0.2780459265759836,0.32645897323387446,0.3747257569109258,0.020769343279216028,False,False,False,False,0.1700157811678064,0.0849910394265233,0.045003903200624515,0.26971830985915496,True,False,False,True
112,1,0,1,17,183.2,95,31.14,252.8,125,21.49,156.7,95,7.05,9.7,3,2.62,0,False,602.4000000000001,318,62.29999999999999,1.9284210526315788,2.0224,1.6494736842105262,3.233333333333333,0.30411686586985387,0.41965471447543157,0.26012616201859223,0.016102257636122174,False,False,False,False,0.16997816593886464,0.08500791139240506,0.04499042756860243,0.2701030927835052,True,False,False,True
117,2,1,0,0,54.2,100,9.21,303.2,84,25.77,171.8,84,7.73,8.6,2,2.32,1,True,537.8000000000001,270,45.03000000000001,0.542,3.6095238095238096,2.0452380952380955,4.3,0.10078095946448493,0.5637783562662699,0.31944960952026774,0.01599107474897731,False,False,False,True,0.16992619926199262,0.0849934036939314,0.0449941792782305,0.2697674418604651,False,True,False,True
1,0,0,1,26,208.0,115,35.36,185.0,113,15.73,177.7,144,8.0,8.1,9,2.19,1,False,578.8000000000001,381,61.28,1.808695652173913,1.6371681415929205,1.2340277777777777,0.8999999999999999,0.359364201796821,0.31962681409813404,0.3070145127850725,0.013994471319972354,False,False,False,False,0.16999999999999998,0.08502702702702702,0.045019696117051214,0.27037037037037037,True,False,True,False
70,1,0,0,0,230.3,110,39.15,77.9,87,6.62,247.1,105,11.12,13.2,4,3.56,1,False,568.5000000000001,306,60.449999999999996,2.0936363636363637,0.8954022988505748,2.3533333333333335,3.3,0.4051011433597185,0.1370272647317502,0.4346525945470536,0.023218997361477568,False,False,False,False,0.16999565783760312,0.08498074454428754,0.04500202347227843,0.2696969696969697,False,True,False,True
52,2,0,1,21,195.7,119,33.27,106.2,95,9.03,157.4,94,7.08,5.3,3,1.43,2,False,464.59999999999997,311,50.81,1.6445378151260504,1.1178947368421053,1.6744680851063831,1.7666666666666666,0.4212225570383125,0.2285837279380112,0.33878605251829536,0.011407662505380974,False,False,False,False,0.17000510986203374,0.08502824858757062,0.04498094027954257,0.269811320754717,True,False,False,True
105,0,0,0,0,166.1,93,28.24,175.9,106,14.95,243.5,55,10.96,16.2,3,4.37,2,False,601.7,257,58.519999999999996,1.786021505376344,1.659433962264151,4.427272727272728,5.3999999999999995,0.2760511882998172,0.292338374605285,0.40468672095728764,0.0269237161376101,False,False,False,False,0.1700180614087899,0.08499147242751563,0.04501026694045175,0.2697530864197531,False,True,False,True
77,2,0,1,28,135.9,117,23.1,244.5,102,20.78,207.5,74,9.34,11.5,3,3.11,4,True,599.4,296,56.33,1.1615384615384616,2.3970588235294117,2.804054054054054,3.8333333333333335,0.22672672672672675,0.40790790790790793,0.34617951284617954,0.019185852519185854,False,False,False,False,0.16997792494481237,0.08498977505112475,0.04501204819277108,0.27043478260869563,True,False,False,True
80,1,1,0,0,189.1,122,32.15,223.2,92,18.97,269.0,116,12.11,13.9,3,3.75,2,True,695.1999999999999,333,66.97999999999999,1.55,2.426086956521739,2.3189655172413794,4.633333333333334,0.2720080552359034,0.32105868814729577,0.3869390103567319,0.019994246260069046,False,False,False,True,0.17001586462189316,0.0849910394265233,0.045018587360594796,0.2697841726618705,False,True,False,True
120,2,0,1,43,177.9,117,30.24,175.1,70,14.88,161.3,117,7.26,11.5,4,3.11,1,False,525.8,308,55.489999999999995,1.5205128205128207,2.5014285714285713,1.3786324786324786,2.875,0.33834157474324844,0.33301635602890833,0.30677063522251813,0.02187143400532522,False,False,False,False,0.1699831365935919,0.08498001142204455,0.045009299442033475,0.27043478260869563,True,False,False,True
54,0,0,1,39,143.9,73,24.46,210.3,117,17.88,129.2,117,5.81,12.5,8,3.38,2,False,495.90000000000003,315,51.53000000000001,1.9712328767123288,1.7974358974358975,1.1042735042735041,1.5625,0.29017947166767494,0.4240774349667272,0.26053639846743293,0.02520669489816495,False,False,False,False,0.16997915218902016,0.08502139800285306,0.04496904024767802,0.2704,True,False,False,True
148,2,1,0,0,148.2,138,25.19,159.6,123,13.57,197.4,62,8.88,8.6,3,2.32,2,False,513.8,326,49.96000000000001,1.0739130434782609,1.2975609756097561,3.1838709677419357,2.8666666666666667,0.2884390813546127,0.31062670299727524,0.3841961852861036,0.016738030362008563,False,False,False,True,0.1699730094466937,0.08502506265664161,0.044984802431610946,0.2697674418604651,False,True,False,True
119,0,0,0,0,287.1,115,48.81,159.3,99,13.54,216.8,86,9.76,13.9,1,3.75,2,True,677.1,301,75.86,2.496521739130435,1.6090909090909091,2.5209302325581397,13.9,0.4240141781125388,0.2352680549401861,0.3201890415005169,0.020528725446758232,False,False,False,False,0.17001044932079415,0.0849968612680477,0.04501845018450184,0.2697841726618705,False,True,False,True
85,2,0,0,0,165.8,96,28.19,190.0,141,16.15,144.0,116,6.48,10.9,3,2.94,5,True,510.7,356,53.760000000000005,1.7270833333333335,1.3475177304964538,1.2413793103448276,3.6333333333333333,0.32465243783042885,0.3720383786959076,0.2819659291168984,0.021343254356765224,True,False,False,False,0.17002412545235224,0.08499999999999999,0.045000000000000005,0.2697247706422018,False,True,False,True
101,2,0,1,25,144.1,144,24.5,167.6,105,14.25,240.0,107,10.8,14.5,3,3.92,1,False,566.2,359,53.47,1.0006944444444443,1.5961904761904762,2.2429906542056073,4.833333333333333,0.25450370893677143,0.2960084775697633,0.4238784881667255,0.025609325326739665,False,False,False,False,0.17002081887578072,0.08502386634844869,0.045000000000000005,0.27034482758620687,True,False,False,True
172,1,0,0,0,172.5,85,29.33,253.1,71,21.51,221.6,113,9.97,5.9,6,1.59,0,False,653.1,275,62.400000000000006,2.0294117647058822,3.564788732394366,1.961061946902655,0.9833333333333334,0.26412494258153424,0.38753636502832645,0.33930485377430714,0.009033838615832184,False,False,False,False,0.17002898550724638,0.08498617147372581,0.04499097472924188,0.2694915254237288,False,True,False,True
80,1,0,0,0,199.8,138,33.97,167.1,91,14.2,271.8,94,12.23,5.5,4,1.49,1,False,644.2,327,61.89000000000001,1.4478260869565218,1.8362637362637362,2.891489361702128,1.375,0.3101521266687364,0.2593914933250543,0.4219186588016144,0.008537721204594846,False,False,False,False,0.17002002002002,0.08497905445840814,0.04499632082413539,0.27090909090909093,False,True,False,True
67,2,0,0,0,109.1,134,18.55,142.3,76,12.1,91.2,86,4.1,10.9,5,2.94,2,False,353.5,301,37.69,0.8141791044776119,1.8723684210526317,1.0604651162790697,2.18,0.3086280056577086,0.4025459688826026,0.257991513437058,0.030834512022630836,False,False,False,False,0.1700274977085243,0.08503162333099086,0.04495614035087719,0.2697247706422018,False,True,False,True
86,0,0,0,0,171.8,106,29.21,301.7,44,25.64,139.4,108,6.27,9.7,5,2.62,1,False,622.6,263,63.74,1.6207547169811323,6.8568181818181815,1.2907407407407407,1.94,0.2759396080950851,0.48458079023450046,0.22389977513652426,0.015579826533890137,False,False,False,False,0.170023282887078,0.0849850845210474,0.04497847919655667,0.2701030927835052,False,True,False,True
107,1,0,0,0,222.3,101,37.79,286.0,111,24.31,249.4,117,11.22,12.1,4,3.27,1,True,769.8000000000001,333,76.58999999999999,2.200990099009901,2.5765765765765765,2.1316239316239316,3.025,0.2887763055339049,0.3715250714471291,0.3239802546115874,0.015718368407378537,False,False,False,False,0.16999550157444893,0.08499999999999999,0.04498797113071371,0.2702479338842975,False,True,False,True
133,2,0,0,0,245.8,102,41.79,264.7,90,22.5,111.7,103,5.03,11.2,7,3.02,0,False,633.4000000000001,302,72.33999999999999,2.4098039215686278,2.941111111111111,1.0844660194174758,1.5999999999999999,0.38806441427218186,0.4179033785917271,0.1763498579096937,0.017682349226397217,False,False,False,False,0.17001627339300243,0.08500188893086513,0.0450313339301701,0.2696428571428572,False,True,False,True
116,2,0,0,0,164.6,110,27.98,270.6,103,23.0,230.4,109,10.37,8.0,3,2.16,0,False,673.6,325,63.510000000000005,1.4963636363636363,2.627184466019418,2.1137614678899084,2.6666666666666665,0.2443586698337292,0.4017220902612827,0.342042755344418,0.011876484560570071,False,False,False,False,0.16998784933171326,0.08499630450849963,0.04500868055555555,0.27,False,True,False,True
63,0,0,0,0,211.7,107,35.99,271.7,77,23.09,203.3,108,9.15,7.4,7,2.0,0,False,694.1,299,70.23,1.9785046728971962,3.5285714285714285,1.8824074074074075,1.0571428571428572,0.30499927964270274,0.39144215530903326,0.29289727704941654,0.010661287998847429,False,False,False,False,0.1700047236655645,0.08498343761501656,0.04500737825873094,0.27027027027027023,False,True,False,True
119,0,1,1,16,147.2,103,25.02,160.1,96,13.61,184.0,120,8.28,7.7,2,2.08,0,True,498.99999999999994,321,48.989999999999995,1.429126213592233,1.6677083333333333,1.5333333333333334,3.85,0.2949899799599198,0.32084168336673347,0.36873747494989983,0.015430861723446897,False,False,False,False,0.16997282608695652,0.08500936914428482,0.045,0.2701298701298701,True,False,False,True
133,0,1,0,0,254.7,103,43.3,252.2,80,21.44,178.1,103,8.01,8.0,3,2.16,0,True,693.0,289,74.91,2.4728155339805826,3.1525,1.729126213592233,2.6666666666666665,0.3675324675324675,0.36392496392496393,0.256998556998557,0.011544011544011544,False,False,False,True,0.17000392618767177,0.08501189532117367,0.04497473329590118,0.27,False,True,False,True
94,0,1,0,0,170.1,113,28.92,271.8,94,23.1,110.7,78,4.98,8.7,4,2.35,1,False,561.3000000000001,289,59.35,1.5053097345132742,2.891489361702128,1.4192307692307693,2.175,0.30304649919828963,0.48423303046499194,0.1972207375734901,0.015499732763228217,False,False,False,True,0.17001763668430336,0.08498896247240618,0.04498644986449865,0.2701149425287357,False,True,False,True
69,2,0,0,0,195.1,91,33.17,261.5,57,22.23,203.8,90,9.17,11.4,5,3.08,0,False,671.8000000000001,243,67.65,2.143956043956044,4.587719298245614,2.2644444444444445,2.2800000000000002,0.2904138136350104,0.3892527537957725,0.30336409645727896,0.016969336111938075,False,False,False,False,0.17001537672988212,0.0850095602294455,0.04499509322865554,0.27017543859649124,False,True,False,True
146,0,0,0,0,149.3,83,25.38,187.1,130,15.9,149.8,100,6.74,7.9,4,2.13,7,True,494.09999999999997,317,50.150000000000006,1.7987951807228917,1.439230769230769,1.4980000000000002,1.975,0.3021655535316738,0.3786682857721109,0.30317749443432507,0.015988666261890307,True,False,False,False,0.16999330207635632,0.08498129342597542,0.04499332443257677,0.26962025316455696,False,True,False,True
142,0,1,1,25,191.1,109,32.49,149.6,120,12.72,227.8,60,10.25,9.8,3,2.65,0,False,578.3,292,58.11,1.7532110091743118,1.2466666666666666,3.796666666666667,3.266666666666667,0.33045132284281514,0.2586892616289123,0.3939131938440256,0.016946221684246934,False,False,False,False,0.17001569858712717,0.08502673796791445,0.04499561018437225,0.2704081632653061,True,False,False,True
123,0,0,0,0,206.9,115,35.17,224.4,86,19.07,197.4,60,8.88,8.3,2,2.24,3,False,637.0,263,65.36,1.7991304347826087,2.6093023255813956,3.29,4.15,0.3248037676609105,0.352276295133438,0.3098901098901099,0.013029827315541602,False,False,False,False,0.16998550024166265,0.08498217468805704,0.044984802431610946,0.26987951807228916,False,True,False,True
101,0,0,0,0,239.0,156,40.63,273.0,106,23.21,278.2,93,12.52,13.5,8,3.65,1,True,803.7,363,80.01,1.5320512820512822,2.5754716981132075,2.9913978494623654,1.6875,0.2973746422794575,0.339678984695782,0.34614906059474926,0.0167973124300112,False,False,False,False,0.17,0.08501831501831503,0.045003594536304814,0.27037037037037037,False,True,False,True
43,1,0,0,0,179.3,97,30.48,252.7,126,21.48,227.5,114,10.24,8.0,5,2.16,0,False,667.5,342,64.36,1.8484536082474228,2.0055555555555555,1.9956140350877194,1.6,0.26861423220973785,0.3785767790262172,0.3408239700374532,0.01198501872659176,False,False,False,False,0.16999442275515894,0.0850019786307875,0.04501098901098901,0.27,False,True,False,True
69,0,0,0,0,185.3,91,31.5,219.1,88,18.62,243.6,107,10.96,5.5,5,1.49,0,False,653.5,291,62.57000000000001,2.0362637362637366,2.4897727272727272,2.2766355140186914,1.1,0.28355011476664116,0.3352716143840857,0.3727620504973221,0.008416220351951033,False,False,False,False,0.1699946033459255,0.08498402555910543,0.04499178981937603,0.27090909090909093,False,True,False,True
15,2,1,0,0,141.4,80,24.04,123.9,76,10.53,323.5,88,14.56,8.1,3,2.19,2,False,596.9,247,51.32,1.7675,1.6302631578947369,3.6761363636363638,2.6999999999999997,0.23689060144077737,0.2075724576981069,0.5419668286145083,0.013570112246607471,False,False,False,True,0.17001414427157,0.08498789346246972,0.04500772797527048,0.27037037037037037,False,True,True,False
67,2,0,0,0,152.5,131,25.93,252.4,107,21.45,185.4,104,8.34,4.9,3,1.32,2,False,595.1999999999999,345,57.04,1.1641221374045803,2.358878504672897,1.7826923076923078,1.6333333333333335,0.2562163978494624,0.4240591397849463,0.311491935483871,0.008232526881720431,False,False,False,False,0.1700327868852459,0.08498415213946117,0.04498381877022654,0.2693877551020408,False,True,False,True
99,1,0,0,0,145.6,102,24.75,230.9,87,19.63,181.5,86,8.17,11.4,7,3.08,1,False,569.4,282,55.629999999999995,1.427450980392157,2.6540229885057474,2.11046511627907,1.6285714285714286,0.2557077625570776,0.4055145767474535,0.31875658587987354,0.020021074815595365,False,False,False,False,0.16998626373626374,0.08501515807708965,0.04501377410468319,0.27017543859649124,False,True,False,True
46,1,0,0,0,164.2,116,27.91,196.2,153,16.68,236.1,119,10.62,8.1,1,2.19,1,False,604.6,389,57.4,1.4155172413793102,1.2823529411764705,1.9840336134453782,8.1,0.27158451869004296,0.3245120740985775,0.39050611974859406,0.01339728746278531,False,False,False,False,0.1699756394640682,0.08501529051987768,0.04498094027954257,0.27037037037037037,False,True,False,True
55,0,1,0,0,221.0,115,37.57,165.4,97,14.06,235.4,117,10.59,9.7,4,2.62,1,False,631.5,333,64.84,1.9217391304347826,1.705154639175258,2.011965811965812,2.425,0.3499604117181314,0.2619160728424387,0.372763262074426,0.015360253365003958,False,False,False,True,0.17,0.08500604594921403,0.04498725573491928,0.2701030927835052,False,True,False,True
39,1,0,0,0,295.4,126,50.22,232.1,117,19.73,204.4,123,9.2,11.5,2,3.11,1,True,743.4,368,82.26,2.344444444444444,1.9837606837606838,1.661788617886179,5.75,0.3973634651600753,0.31221415119720203,0.27495291902071567,0.015469464622006995,False,False,False,False,0.17000677048070414,0.08500646273158122,0.04500978473581213,0.27043478260869563,False,True,False,True
92,2,0,0,0,139.8,98,23.77,174.9,143,14.87,201.6,135,9.07,9.4,7,2.54,2,False,525.7,383,50.25,1.426530612244898,1.2230769230769232,1.4933333333333334,1.342857142857143,0.2659311394331368,0.33269925813201445,0.38348868175765644,0.017880920677192314,False,False,False,False,0.1700286123032904,0.08502001143510576,0.044990079365079365,0.2702127659574468,False,True,False,True
56,1,0,0,0,162.3,99,27.59,149.1,78,12.67,255.5,115,11.5,14.8,1,4.0,4,True,581.6999999999999,293,55.76,1.6393939393939394,1.9115384615384614,2.2217391304347824,14.8,0.27900979886539456,0.25631768953068595,0.4392298435619736,0.025442668041946025,False,False,False,False,0.16999383857054837,0.08497652582159625,0.04500978473581213,0.27027027027027023,False,True,False,True
76,1,0,0,0,272.7,97,46.36,236.4,95,20.09,235.5,105,10.6,7.7,2,2.08,0,True,752.3000000000001,299,79.13,2.811340206185567,2.488421052631579,2.242857142857143,3.85,0.362488369001728,0.3142363418848863,0.3130400106340555,0.010235278479330054,False,False,False,False,0.17000366703337,0.08498307952622673,0.04501061571125265,0.2701298701298701,False,True,False,True
132,0,1,1,33,200.3,75,34.05,226.6,67,19.26,198.8,91,8.95,12.9,3,3.48,2,False,638.6,236,65.74000000000001,2.670666666666667,3.382089552238806,2.184615384615385,4.3,0.31365487002818665,0.3548387096774193,0.31130598183526464,0.020200438459129347,False,False,False,False,0.16999500748876684,0.08499558693733451,0.04502012072434607,0.2697674418604651,True,False,False,True
51,2,1,1,12,135.8,60,23.09,200.6,134,17.05,192.4,98,8.66,12.3,7,3.32,2,False,541.0999999999999,299,52.12,2.2633333333333336,1.4970149253731342,1.963265306122449,1.7571428571428573,0.2509702457956016,0.37072629828127895,0.35557198299759757,0.02273147292552209,False,False,False,False,0.17002945508100145,0.0849950149551346,0.04501039501039501,0.26991869918699185,True,False,False,True
27,0,0,0,0,236.7,110,40.24,231.9,92,19.71,164.7,85,7.41,12.7,6,3.43,1,False,646.0,293,70.79,2.151818181818182,2.5206521739130436,1.9376470588235293,2.1166666666666667,0.36640866873065014,0.3589783281733746,0.254953560371517,0.019659442724458204,False,False,False,False,0.1700042247570765,0.08499353169469599,0.044990892531876145,0.27007874015748035,False,True,True,False
224,2,0,0,0,111.4,133,18.94,175.0,66,14.88,217.2,106,9.77,5.5,6,1.49,3,False,509.09999999999997,311,45.080000000000005,0.8375939849624061,2.6515151515151514,2.0490566037735847,0.9166666666666666,0.21881752111569439,0.3437438617167551,0.4266352386564526,0.010803378511098017,False,False,False,False,0.17001795332136446,0.08502857142857144,0.04498158379373849,0.27090909090909093,False,True,False,True
105,2,1,1,28,156.1,89,26.54,107.1,114,9.1,167.7,95,7.55,14.7,3,3.97,0,True,445.59999999999997,301,47.16,1.753932584269663,0.9394736842105262,1.7652631578947366,4.8999999999999995,0.3503141831238779,0.24035008976660682,0.3763464991023339,0.03298922800718133,False,False,False,False,0.1700192184497117,0.08496732026143791,0.04502087060226595,0.27006802721088435,True,False,False,True
117,0,0,0,0,191.1,93,32.49,282.8,56,24.04,84.8,118,3.82,12.0,4,3.24,2,False,570.6999999999999,271,63.59,2.054838709677419,5.05,0.7186440677966102,3.0,0.33485193621867887,0.4955318030488874,0.1485894515507272,0.021026809181706678,False,False,False,False,0.17001569858712717,0.085007072135785,0.04504716981132075,0.27,False,True,False,True
146,1,0,0,0,205.4,101,34.92,134.9,77,11.47,310.5,83,13.97,10.3,2,2.78,3,False,661.0999999999999,263,63.14,2.0336633663366337,1.751948051948052,3.7409638554216866,5.15,0.31069429738314935,0.20405384964453188,0.46967175918923015,0.015580093783088795,False,False,False,False,0.1700097370983447,0.08502594514455152,0.04499194847020934,0.2699029126213592,False,True,False,True
147,1,1,0,0,225.2,111,38.28,184.9,98,15.72,143.2,146,6.44,9.9,1,2.67,0,True,563.1999999999999,356,63.11,2.0288288288288285,1.886734693877551,0.9808219178082191,9.9,0.3998579545454546,0.3283025568181819,0.25426136363636365,0.017578125000000003,False,False,False,True,0.1699822380106572,0.08501892915089238,0.04497206703910615,0.26969696969696966,False,True,False,True
68,2,0,0,0,249.9,127,42.48,254.5,118,21.63,273.2,98,12.29,8.9,6,2.4,2,True,786.4999999999999,349,78.80000000000001,1.967716535433071,2.156779661016949,2.787755102040816,1.4833333333333334,0.3177368086458996,0.32358550540368725,0.34736172917991104,0.011315956770502227,False,False,False,False,0.16998799519807922,0.08499017681728879,0.044985358711566614,0.2696629213483146,False,True,False,True
68,0,0,0,0,131.6,89,22.37,137.0,109,11.65,256.3,107,11.53,10.2,5,2.75,3,False,535.1000000000001,310,48.300000000000004,1.4786516853932583,1.2568807339449541,2.3953271028037384,2.04,0.24593533918893656,0.2560269108577835,0.4789758923565688,0.01906185759671089,False,False,False,False,0.16998480243161096,0.08503649635036496,0.044986344127975024,0.26960784313725494,False,True,False,True
159,1,0,0,0,275.8,103,46.89,189.5,108,16.11,223.9,93,10.08,7.4,5,2.0,2,True,696.6,309,75.08,2.6776699029126214,1.7546296296296295,2.4075268817204303,1.48,0.3959230548377835,0.27203560149296585,0.32141831754234856,0.010623026126902095,False,False,False,False,0.17001450326323422,0.0850131926121372,0.04502009825815096,0.27027027027027023,False,True,False,True
134,1,0,1,40,142.9,105,24.29,88.6,61,7.53,290.0,96,13.05,10.8,6,2.92,1,False,532.3,268,47.790000000000006,1.360952380952381,1.4524590163934425,3.0208333333333335,1.8,0.2684576366710502,0.16644749201578057,0.5448055607739997,0.020289310539169644,False,False,False,False,0.16997900629811055,0.08498871331828443,0.045000000000000005,0.27037037037037037,True,False,False,True
113,2,0,0,0,207.2,113,35.22,256.0,80,21.76,211.0,87,9.49,9.9,1,2.67,1,False,684.1,281,69.14,1.8336283185840707,3.2,2.425287356321839,9.9,0.3028796959508843,0.3742142961555328,0.30843443940944304,0.014471568484139746,False,False,False,False,0.16998069498069499,0.085,0.04497630331753555,0.26969696969696966,False,True,False,True
132,0,0,0,0,206.2,100,35.05,211.2,118,17.95,196.2,122,8.83,10.2,6,2.75,1,False,623.8,346,64.58,2.062,1.7898305084745763,1.6081967213114754,1.7,0.3305546649567169,0.33857005450464894,0.31452388586085284,0.01635139467778134,False,False,False,False,0.16998060135790494,0.0849905303030303,0.04500509683995923,0.26960784313725494,False,True,False,True
93,2,1,1,38,225.7,117,38.37,119.6,122,10.17,193.2,125,8.69,14.0,7,3.78,1,True,552.5,371,61.01,1.9290598290598289,0.9803278688524589,1.5455999999999999,2.0,0.4085067873303167,0.2164705882352941,0.34968325791855204,0.025339366515837104,False,False,False,False,0.17000443066016835,0.08503344481605352,0.04497929606625259,0.26999999999999996,True,False,False,True
174,0,0,1,33,167.8,91,28.53,205.3,91,17.45,130.0,132,5.85,14.5,4,3.92,4,True,517.6,318,55.75000000000001,1.843956043956044,2.256043956043956,0.9848484848484849,3.625,0.32418856259659967,0.39663833075734156,0.2511591962905719,0.02801391035548686,False,False,False,False,0.1700238379022646,0.08499756453969799,0.045,0.27034482758620687,True,False,False,True
61,1,0,0,0,197.7,118,33.61,152.2,96,12.94,221.0,93,9.95,7.0,3,1.89,2,False,577.9,310,58.39,1.6754237288135592,1.5854166666666665,2.3763440860215055,2.3333333333333335,0.3421007094653054,0.26336736459595084,0.3824191036511507,0.012112822287593009,False,False,False,False,0.17000505816894285,0.08501971090670171,0.04502262443438914,0.26999999999999996,False,True,False,True
91,1,0,1,39,169.8,105,28.87,65.2,116,5.54,144.4,92,6.5,10.9,4,2.94,1,False,390.29999999999995,317,43.85,1.6171428571428572,0.5620689655172414,1.5695652173913044,2.725,0.43504996156802467,0.16705098642070204,0.3699718165513708,0.027927235459902642,False,False,False,False,0.17002355712603062,0.08496932515337423,0.045013850415512466,0.2697247706422018,True,False,False,True
88,0,0,1,28,190.6,104,32.4,237.3,105,20.17,211.6,116,9.52,9.8,1,2.65,2,False,649.3,326,64.74000000000001,1.8326923076923076,2.2600000000000002,1.8241379310344827,9.8,0.2935468966579393,0.3654705066995226,0.3258894193747112,0.015093177267826892,False,False,False,False,0.16998950682056663,0.08499789296249474,0.04499054820415879,0.2704081632653061,True,False,False,True
88,0,0,1,45,80.3,140,13.65,153.3,101,13.03,309.2,123,13.91,12.8,3,3.46,2,False,555.5999999999999,367,44.050000000000004,0.5735714285714285,1.5178217821782178,2.513821138211382,4.266666666666667,0.14452843772498203,0.27591792656587477,0.5565154787616992,0.02303815694744421,False,False,False,False,0.16998754669987548,0.08499673842139595,0.044987063389391985,0.27031249999999996,True,False,False,True
182,1,0,0,0,69.1,114,11.75,230.3,109,19.58,256.7,96,11.55,6.5,4,1.76,0,False,562.5999999999999,323,44.63999999999999,0.606140350877193,2.112844036697248,2.673958333333333,1.625,0.12282260931389977,0.4093494489868469,0.45627444009953794,0.011553501599715608,False,False,False,False,0.17004341534008685,0.08501953973078592,0.04499415660303857,0.27076923076923076,False,True,False,True
118,0,0,0,0,188.8,60,32.1,217.4,64,18.48,220.1,100,9.9,8.2,7,2.21,4,False,634.5000000000001,231,62.69,3.146666666666667,3.396875,2.201,1.1714285714285713,0.2975571315996848,0.3426319936958234,0.3468873128447596,0.012923561859732069,False,False,False,False,0.17002118644067796,0.08500459981600736,0.04497955474784189,0.26951219512195124,False,True,False,True
103,0,0,0,0,150.6,125,25.6,169.1,126,14.37,221.2,104,9.95,10.4,8,2.81,8,True,551.3,363,52.730000000000004,1.2047999999999999,1.342063492063492,2.126923076923077,1.3,0.2731725013604208,0.3067295483402866,0.40123344821331397,0.018864502085978598,True,False,False,False,0.16998671978751662,0.0849793021880544,0.04498191681735986,0.2701923076923077,False,True,False,True
65,2,0,0,0,192.0,89,32.64,139.5,88,11.86,187.4,102,8.43,5.5,4,1.49,2,False,524.4,283,54.42,2.157303370786517,1.5852272727272727,1.8372549019607844,1.375,0.3661327231121282,0.2660183066361556,0.35736079328756676,0.010488176964149505,False,False,False,False,0.17,0.0850179211469534,0.044983991462113126,0.27090909090909093,False,True,False,True
61,0,0,1,25,163.7,78,27.83,113.2,112,9.62,134.1,118,6.03,9.9,3,2.67,3,False,420.9,311,46.15,2.0987179487179484,1.0107142857142857,1.1364406779661016,3.3000000000000003,0.38892848657638396,0.2689474934663816,0.31860299358517463,0.023521026372059873,False,False,False,False,0.17000610873549177,0.08498233215547703,0.04496644295302014,0.26969696969696966,True,False,False,True
172,1,0,0,0,211.7,100,35.99,198.7,101,16.89,301.7,136,13.58,6.5,9,1.76,1,False,718.5999999999999,346,68.22000000000001,2.117,1.9673267326732673,2.2183823529411764,0.7222222222222222,0.29460061230169776,0.27650988032285,0.41984414138602844,0.009045365989423881,False,False,False,False,0.1700047236655645,0.08500251635631606,0.04501160092807425,0.27076923076923076,False,True,False,True
72,1,0,0,0,175.5,103,29.84,132.3,120,11.25,242.9,96,10.93,11.8,3,3.19,1,False,562.5,322,55.21,1.703883495145631,1.1025,2.5302083333333334,3.9333333333333336,0.312,0.23520000000000002,0.4318222222222222,0.02097777777777778,False,False,False,False,0.17002849002849002,0.08503401360544217,0.04499794153972828,0.2703389830508474,False,True,False,True
113,2,0,0,0,150.1,120,25.52,200.1,85,17.01,266.7,105,12.0,11.0,3,2.97,2,False,627.9,313,57.5,1.2508333333333332,2.3541176470588234,2.54,3.6666666666666665,0.23905080426819558,0.31868131868131866,0.42474916387959866,0.017518713170887084,False,False,False,False,0.17001998667554963,0.08500749625187408,0.044994375703037125,0.27,False,True,False,True
67,1,0,0,0,215.5,102,36.64,190.7,95,16.21,214.5,106,9.65,8.6,6,2.32,1,False,629.3000000000001,309,64.82,2.1127450980392157,2.0073684210526315,2.0235849056603774,1.4333333333333333,0.3424439853805816,0.3030351183855077,0.34085491816303826,0.013665978070872395,False,False,False,False,0.1700232018561485,0.0850026219192449,0.04498834498834499,0.2697674418604651,False,True,False,True
136,1,0,0,0,101.7,105,17.29,202.8,99,17.24,136.2,119,6.13,9.4,6,2.54,3,False,450.09999999999997,329,43.2,0.9685714285714286,2.048484848484849,1.1445378151260504,1.5666666666666667,0.22594978893579207,0.4505665407687181,0.30259942235058873,0.020884247944901135,False,False,False,False,0.17000983284169124,0.08500986193293884,0.045007342143906025,0.2702127659574468,False,True,False,True
71,1,0,0,0,258.4,132,43.93,126.8,119,10.78,182.4,87,8.21,9.7,8,2.62,4,False,577.3000000000001,346,65.54,1.9575757575757573,1.065546218487395,2.0965517241379312,1.2125,0.4476009007448466,0.21964316646457643,0.31595357699636234,0.016802355794214442,False,False,False,False,0.17000773993808052,0.08501577287066246,0.0450109649122807,0.2701030927835052,False,True,False,True
134,0,0,0,0,242.4,126,41.21,152.9,115,13.0,318.3,115,14.32,11.8,6,3.19,1,False,725.4,362,71.72,1.9238095238095239,1.3295652173913044,2.767826086956522,1.9666666666666668,0.3341604631927213,0.21078025916735596,0.43879239040529366,0.01626688723462917,False,False,False,False,0.1700082508250825,0.08502289077828645,0.044989004084197294,0.2703389830508474,False,True,False,True
84,1,0,0,0,190.2,102,32.33,197.7,141,16.8,247.5,102,11.14,9.8,6,2.65,2,False,645.1999999999999,351,62.919999999999995,1.864705882352941,1.402127659574468,2.426470588235294,1.6333333333333335,0.2947923124612523,0.3064166150030998,0.38360198388096717,0.015189088654680723,False,False,False,False,0.1699789695057834,0.08497723823975721,0.045010101010101014,0.2704081632653061,False,True,False,True
39,0,0,0,0,154.1,104,26.2,204.2,112,17.36,196.2,92,8.83,9.8,4,2.65,2,False,564.3,312,55.04,1.481730769230769,1.8232142857142857,2.132608695652174,2.45,0.2730816941343257,0.3618642566010987,0.34768740031897927,0.017366648945596315,False,False,False,False,0.1700194678780013,0.08501469147894221,0.04500509683995923,0.2704081632653061,False,True,False,True
110,2,0,0,0,188.0,127,31.96,90.5,118,7.69,150.3,64,6.76,15.3,3,4.13,3,False,444.1,312,50.54,1.4803149606299213,0.7669491525423728,2.3484375,5.1000000000000005,0.42332807926142757,0.2037829317721234,0.3384372888988966,0.034451700067552354,False,False,False,False,0.17,0.08497237569060774,0.04497671324018629,0.2699346405228758,False,True,False,True
102,2,0,0,0,103.1,70,17.53,275.0,129,23.38,141.1,92,6.35,11.2,5,3.02,1,False,530.4000000000001,296,50.28,1.4728571428571429,2.131782945736434,1.533695652173913,2.2399999999999998,0.19438159879336345,0.5184766214177978,0.26602564102564097,0.02111613876319758,False,False,False,False,0.1700290979631426,0.08501818181818181,0.04500354358610914,0.2696428571428572,False,True,False,True
70,1,0,0,0,175.4,130,29.82,159.5,130,13.56,260.6,96,11.73,11.6,4,3.13,0,False,607.1,360,58.24,1.3492307692307692,1.226923076923077,2.7145833333333336,2.9,0.2889145116125844,0.2627244276066546,0.42925382968209524,0.019107231098665786,False,False,False,False,0.17001140250855187,0.08501567398119123,0.04501151189562548,0.26982758620689656,False,True,False,True
142,1,0,0,0,145.4,93,24.72,209.1,98,17.77,214.0,96,9.63,10.9,1,2.94,1,False,579.4,288,55.059999999999995,1.5634408602150538,2.1336734693877553,2.2291666666666665,10.9,0.25094925785295136,0.3608905764584053,0.3693476009665171,0.018812564722126338,False,False,False,False,0.17001375515818432,0.08498326159732185,0.045000000000000005,0.2697247706422018,False,True,False,True
17,1,0,0,0,161.5,123,27.46,214.2,81,18.21,315.0,106,14.18,8.6,5,2.32,1,False,699.3000000000001,315,62.17,1.3130081300813008,2.6444444444444444,2.9716981132075473,1.72,0.23094523094523092,0.3063063063063063,0.4504504504504504,0.012298012298012296,False,False,False,False,0.170030959752322,0.0850140056022409,0.045015873015873016,0.2697674418604651,False,True,True,False
119,0,0,0,0,260.1,101,44.22,256.5,68,21.8,229.1,89,10.31,10.0,2,2.7,1,True,755.7,260,79.03,2.5752475247524753,3.7720588235294117,2.5741573033707863,5.0,0.3441842000793966,0.3394204049225883,0.30316263067354765,0.013232764324467381,False,False,False,False,0.17001153402537483,0.08499025341130605,0.045002182453077265,0.27,False,True,False,True
108,1,1,1,42,130.1,90,22.12,167.0,128,14.2,244.7,80,11.01,13.6,5,3.67,3,True,555.4,303,51.0,1.4455555555555555,1.3046875,3.05875,2.7199999999999998,0.23424558876485416,0.3006841915736406,0.4405833633417357,0.024486856319769535,False,False,False,False,0.17002305918524213,0.08502994011976048,0.044993870044953005,0.2698529411764706,True,False,False,True
90,1,0,0,0,102.0,118,17.34,113.3,134,9.63,188.6,105,8.49,11.4,3,3.08,2,False,415.29999999999995,360,38.54,0.864406779661017,0.8455223880597015,1.7961904761904761,3.8000000000000003,0.24560558632313992,0.27281483265109563,0.45412954490729596,0.02745003611846858,False,False,False,False,0.17,0.08499558693733451,0.04501590668080594,0.27017543859649124,False,True,False,True
100,1,0,1,33,218.7,104,37.18,155.0,144,13.18,99.0,117,4.46,12.1,4,3.27,1,False,484.8,369,58.09,2.1028846153846152,1.0763888888888888,0.8461538461538461,3.025,0.45111386138613857,0.3197194719471947,0.2042079207920792,0.02495874587458746,False,False,False,False,0.1700045724737083,0.08503225806451613,0.04505050505050505,0.2702479338842975,True,False,False,True
155,0,0,1,30,128.5,86,21.85,188.4,91,16.01,254.4,85,11.45,6.8,6,1.84,1,False,578.0999999999999,268,51.150000000000006,1.494186046511628,2.0703296703296705,2.9929411764705884,1.1333333333333333,0.22227988237329185,0.32589517384535555,0.44006227296315525,0.011762670818197546,False,False,False,False,0.17003891050583658,0.0849787685774947,0.04500786163522012,0.2705882352941177,True,False,False,True
113,2,0,0,0,128.7,100,21.88,227.1,67,19.3,178.1,135,8.01,9.2,4,2.48,2,True,543.1,306,51.669999999999995,1.287,3.3895522388059702,1.3192592592592591,2.3,0.23697293316148035,0.41815503590498987,0.32793224083962436,0.016939790093905355,False,False,False,False,0.17000777000777,0.0849845882870982,0.04497473329590118,0.26956521739130435,False,True,False,True
123,1,0,0,0,172.2,92,29.27,162.6,76,13.82,250.3,101,11.26,8.7,4,2.35,1,False,593.8,273,56.7,1.8717391304347826,2.139473684210526,2.478217821782178,2.175,0.28999663186258,0.2738295722465477,0.4215223981138431,0.014651397777029302,False,False,False,False,0.1699767711962834,0.08499384993849939,0.04498601677986416,0.2701149425287357,False,True,False,True
145,0,0,0,0,199.2,124,33.86,126.0,86,10.71,289.2,135,13.01,7.6,3,2.05,1,False,622.0,348,59.629999999999995,1.6064516129032258,1.4651162790697674,2.1422222222222222,2.533333333333333,0.3202572347266881,0.20257234726688103,0.464951768488746,0.012218649517684886,False,False,False,False,0.16997991967871487,0.085,0.04498616874135546,0.26973684210526316,False,True,False,True
42,1,0,0,0,184.5,98,31.37,200.5,93,17.04,279.2,91,12.56,8.8,3,2.38,2,False,673.0,285,63.35,1.8826530612244898,2.1559139784946235,3.068131868131868,2.9333333333333336,0.27414561664190196,0.29791976225854383,0.41485884101040116,0.013075780089153046,False,False,False,False,0.1700271002710027,0.08498753117206982,0.044985673352435536,0.27045454545454545,False,True,False,True
125,2,0,0,0,168.6,99,28.66,175.6,107,14.93,243.3,92,10.95,10.9,7,2.94,0,False,598.4,305,57.480000000000004,1.703030303030303,1.6411214953271027,2.6445652173913046,1.5571428571428572,0.2817513368983957,0.2934491978609626,0.4065842245989305,0.01821524064171123,False,False,False,False,0.16998813760379597,0.08502277904328018,0.04500616522811344,0.2697247706422018,False,True,False,True
131,1,0,1,30,174.0,118,29.58,205.3,81,17.45,218.2,90,9.82,6.7,3,1.81,1,False,604.2,292,58.660000000000004,1.4745762711864407,2.534567901234568,2.424444444444444,2.2333333333333334,0.28798411122144985,0.33978814961933135,0.361138695796094,0.011089043363124792,False,False,False,False,0.16999999999999998,0.08499756453969799,0.04500458295142072,0.2701492537313433,True,False,False,True
107,1,0,0,0,230.4,65,39.17,257.4,80,21.88,107.3,88,4.83,8.5,3,2.3,1,False,603.5999999999999,236,68.17999999999999,3.5446153846153847,3.2175,1.2193181818181817,2.8333333333333335,0.38170974155069587,0.426441351888668,0.17776673293571904,0.014082173624917167,False,False,False,False,0.17000868055555557,0.085003885003885,0.04501397949673812,0.27058823529411763,False,True,False,True
48,0,0,0,0,198.2,73,33.69,202.8,115,17.24,146.4,73,6.59,5.1,5,1.38,1,False,552.5,266,58.9,2.7150684931506848,1.7634782608695654,2.0054794520547947,1.02,0.3587330316742081,0.36705882352941177,0.26497737556561085,0.00923076923076923,False,False,False,False,0.16997981836528758,0.08500986193293884,0.04501366120218579,0.27058823529411763,False,True,False,True
76,2,0,0,0,186.1,96,31.64,211.6,100,17.99,230.6,100,10.38,8.0,4,2.16,0,False,636.3,300,62.17,1.9385416666666666,2.116,2.306,2.0,0.29247210435329246,0.33254754046833257,0.36240766933836244,0.012572685840012573,False,False,False,False,0.17001612036539496,0.08501890359168242,0.04501300954032958,0.27,False,True,False,True
128,1,0,0,0,148.5,105,25.25,243.0,106,20.66,255.2,114,11.48,6.8,2,1.84,1,False,653.5,327,59.230000000000004,1.4142857142857144,2.292452830188679,2.23859649122807,3.4,0.2272379495026779,0.37184391736801836,0.3905126243305279,0.010405508798775822,False,False,False,False,0.17003367003367004,0.08502057613168724,0.04498432601880878,0.2705882352941177,False,True,False,True
73,1,0,0,0,157.1,109,26.71,268.8,83,22.85,181.5,91,8.17,10.0,8,2.7,0,False,617.4,291,60.43000000000001,1.4412844036697248,3.23855421686747,1.9945054945054945,1.25,0.2544541626174279,0.435374149659864,0.29397473275024294,0.016196954972465177,False,False,False,False,0.17001909611712288,0.08500744047619048,0.04501377410468319,0.27,False,True,False,True
52,1,0,0,0,155.0,110,26.35,133.4,104,11.34,176.1,84,7.92,7.0,4,1.89,4,True,471.5,302,47.5,1.4090909090909092,1.2826923076923078,2.0964285714285715,1.75,0.32873806998939553,0.2829268292682927,0.37348886532343584,0.014846235418875928,False,False,False,False,0.17,0.08500749625187407,0.04497444633730835,0.26999999999999996,False,True,False,True
124,1,0,0,0,188.5,77,32.05,182.0,123,15.47,218.2,127,9.82,6.1,6,1.65,1,False,594.8000000000001,333,58.989999999999995,2.448051948051948,1.4796747967479675,1.7181102362204723,1.0166666666666666,0.3169132481506388,0.3059852051109616,0.36684599865501005,0.010255548083389373,False,False,False,False,0.170026525198939,0.085,0.04500458295142072,0.27049180327868855,False,True,False,True
137,0,0,0,0,208.8,120,35.5,225.3,100,19.15,221.6,130,9.97,11.1,5,3.0,0,False,666.8000000000001,355,67.62,1.74,2.253,1.7046153846153846,2.2199999999999998,0.3131373725254949,0.3378824235152969,0.3323335332933413,0.016646670665866826,False,False,False,False,0.1700191570881226,0.08499778073679537,0.04499097472924188,0.2702702702702703,False,True,False,True
107,2,0,1,30,198.9,87,33.81,207.0,90,17.6,159.8,76,7.19,12.6,4,3.4,3,False,578.3000000000001,257,62.0,2.2862068965517244,2.3,2.1026315789473684,3.15,0.3439391319384402,0.3579457029223586,0.2763271658308836,0.021787999308317478,False,False,False,False,0.16998491704374058,0.08502415458937199,0.04499374217772215,0.2698412698412698,True,False,False,True
147,0,0,0,0,212.8,79,36.18,204.1,91,17.35,156.2,113,7.03,10.2,2,2.75,1,False,583.3,285,63.31,2.6936708860759495,2.242857142857143,1.382300884955752,5.1,0.3648208469055375,0.3499057088976513,0.26778673067032405,0.017486713526487226,False,False,False,False,0.17001879699248118,0.08500734933855954,0.045006402048655574,0.26960784313725494,False,True,False,True
116,2,0,0,0,137.4,126,23.36,120.0,94,10.2,130.3,64,5.86,12.4,2,3.35,3,False,400.09999999999997,286,42.77,1.0904761904761906,1.2765957446808511,2.0359375,6.2,0.3434141464633842,0.2999250187453137,0.32566858285428646,0.030992251937015748,False,False,False,False,0.1700145560407569,0.08499999999999999,0.04497313891020721,0.2701612903225806,False,True,False,True
60,2,0,1,31,191.8,75,32.61,267.8,135,22.76,200.5,62,9.02,12.8,3,3.46,2,False,672.9,275,67.85,2.5573333333333337,1.9837037037037037,3.2338709677419355,4.266666666666667,0.2850349234655967,0.3979788973101501,0.29796403626096,0.01902214296329321,False,False,False,False,0.1700208550573514,0.08498879761015683,0.04498753117206982,0.27031249999999996,True,False,False,True
38,2,0,0,0,149.0,92,25.33,49.2,78,4.18,163.3,93,7.35,13.9,11,3.75,0,False,375.4,274,40.61,1.6195652173913044,0.6307692307692309,1.7559139784946238,1.2636363636363637,0.39690996270644646,0.13106020245071925,0.4350026638252531,0.03702717101758125,False,False,False,False,0.16999999999999998,0.08495934959349592,0.045009185548071026,0.2697841726618705,False,True,False,True
63,0,0,0,0,117.1,118,19.91,249.6,90,21.22,162.2,84,7.3,11.1,4,3.0,3,False,540.0,296,51.42999999999999,0.9923728813559322,2.7733333333333334,1.9309523809523808,2.775,0.21685185185185185,0.4622222222222222,0.30037037037037034,0.020555555555555556,False,False,False,False,0.17002561912894962,0.08501602564102564,0.045006165228113446,0.2702702702702703,False,True,False,True
94,1,0,0,0,108.0,79,18.36,241.9,152,20.56,252.1,92,11.34,10.4,3,2.81,3,False,612.4,326,53.07000000000001,1.3670886075949367,1.5914473684210526,2.740217391304348,3.466666666666667,0.17635532331809275,0.3950032658393207,0.41165904637491835,0.016982364467668192,False,False,False,False,0.16999999999999998,0.08499379909053327,0.0449821499404998,0.2701923076923077,False,True,False,True
131,1,0,0,0,112.8,133,19.18,199.4,116,16.95,142.7,105,6.42,10.1,5,2.73,0,False,465.0,359,45.279999999999994,0.8481203007518797,1.7189655172413794,1.3590476190476188,2.02,0.24258064516129033,0.4288172043010753,0.30688172043010753,0.021720430107526882,False,False,False,False,0.1700354609929078,0.0850050150451354,0.04498948843728101,0.2702970297029703,False,True,False,True
158,2,0,0,0,175.9,105,29.9,188.3,88,16.01,188.3,98,8.47,11.0,6,2.97,1,False,563.5,297,57.349999999999994,1.6752380952380952,2.1397727272727276,1.9214285714285715,1.8333333333333333,0.31215616681455194,0.3341614906832298,0.3341614906832298,0.019520851818988466,False,False,False,False,0.16998294485503126,0.08502389803505045,0.04498141263940521,0.27,False,True,False,True
139,2,0,0,0,236.6,109,40.22,169.9,107,14.44,212.3,118,9.55,11.1,2,3.0,1,True,629.9,336,67.21,2.170642201834862,1.5878504672897196,1.7991525423728814,5.55,0.3756151770122242,0.26972535323067154,0.33703762501984447,0.017621844737259883,False,False,False,False,0.16999154691462384,0.08499117127722189,0.044983513895430996,0.2702702702702703,False,True,False,True
140,1,0,0,0,129.6,79,22.03,246.2,99,20.93,172.1,124,7.74,9.4,10,2.54,3,False,557.3,312,53.24,1.640506329113924,2.4868686868686867,1.3879032258064516,0.9400000000000001,0.23254979364794545,0.44177283330342726,0.3088103355463844,0.01686703750224296,False,False,False,False,0.1699845679012346,0.08501218521527214,0.04497385241138873,0.2702127659574468,False,True,False,True
52,2,0,1,20,133.3,63,22.66,184.1,123,15.65,272.9,107,12.28,13.5,2,3.65,1,False,603.8,295,54.24,2.115873015873016,1.4967479674796746,2.550467289719626,6.75,0.22076846637959593,0.3049022855250083,0.4519708512752567,0.02235839682013912,False,False,False,False,0.16999249812453113,0.08500814774579034,0.04499816782704288,0.27037037037037037,True,False,False,True
103,2,0,0,0,167.8,121,28.53,212.9,123,18.1,208.2,73,9.37,13.0,3,3.51,5,False,601.9000000000001,320,59.51,1.3867768595041323,1.7308943089430895,2.852054794520548,4.333333333333333,0.27878385113806275,0.35371324140222626,0.3459046353214819,0.021598272138228937,True,False,False,False,0.1700238379022646,0.0850164396430249,0.045004803073967335,0.26999999999999996,False,True,False,True
85,2,0,1,21,283.2,110,48.14,239.7,108,20.37,149.5,80,6.73,6.3,1,1.7,5,False,678.6999999999999,299,76.94000000000001,2.5745454545454542,2.2194444444444446,1.86875,6.3,0.41726830705761014,0.3531751878591425,0.22027405333726244,0.009282451745984972,True,False,True,False,0.1699858757062147,0.08498122653316646,0.04501672240802676,0.2698412698412698,True,False,False,True
71,0,0,0,0,141.2,132,24.0,149.1,90,12.67,171.4,72,7.71,7.0,2,1.89,2,False,468.69999999999993,296,46.27,1.0696969696969696,1.6566666666666665,2.3805555555555555,3.5,0.30125880093876684,0.318113932152763,0.3656923405163218,0.014934926392148499,False,False,False,False,0.16997167138810199,0.08497652582159625,0.04498249708284714,0.26999999999999996,False,True,False,True
177,1,0,1,27,230.2,106,39.13,196.1,78,16.67,215.4,108,9.69,10.4,2,2.81,1,False,652.0999999999999,294,68.30000000000001,2.171698113207547,2.514102564102564,1.9944444444444445,5.2,0.35301334151203806,0.3007207483514799,0.3303174359760773,0.01594847416040485,False,False,False,False,0.16998262380538665,0.08500764915859256,0.044986072423398325,0.2701923076923077,True,False,False,True
49,1,1,0,0,237.8,92,40.43,208.9,119,17.76,167.8,86,7.55,15.6,6,4.21,2,True,630.1,303,69.94999999999999,2.5847826086956522,1.7554621848739496,1.9511627906976745,2.6,0.3774004126329154,0.3315346770353912,0.2663069354070782,0.02475797492461514,False,False,False,True,0.17001682085786374,0.08501675442795596,0.04499404052443384,0.26987179487179486,False,True,False,True
106,2,1,0,0,204.0,84,34.68,168.5,61,14.32,164.0,102,7.38,13.3,3,3.59,3,True,549.8,250,59.97,2.4285714285714284,2.762295081967213,1.607843137254902,4.433333333333334,0.3710440160058203,0.30647508184794475,0.2982902873772281,0.024190614769006916,False,False,False,True,0.17,0.08498516320474778,0.045,0.2699248120300752,False,True,False,True
60,2,0,0,0,221.1,106,37.59,178.6,48,15.18,202.7,90,9.12,7.4,3,2.0,1,False,609.8,247,63.89,2.0858490566037737,3.720833333333333,2.252222222222222,2.466666666666667,0.3625778943916038,0.292882912430305,0.3324040669071827,0.012135126270908497,False,False,False,False,0.17001356852103122,0.08499440089585666,0.04499259990133202,0.27027027027027023,False,True,False,True
43,0,0,0,0,177.2,93,30.12,142.6,60,12.12,314.1,144,14.13,12.7,2,3.43,4,False,646.6,299,59.800000000000004,1.9053763440860214,2.3766666666666665,2.1812500000000004,6.35,0.27404887101763065,0.22053819981441383,0.4857717290442314,0.019641200123724094,False,False,False,False,0.16997742663656887,0.0849929873772791,0.04498567335243553,0.27007874015748035,False,True,False,True
125,1,0,0,0,163.8,73,27.85,255.6,85,21.73,192.9,95,8.68,15.7,4,4.24,0,False,628.0,257,62.5,2.243835616438356,3.0070588235294116,2.0305263157894737,3.925,0.260828025477707,0.40700636942675156,0.3071656050955414,0.024999999999999998,False,False,False,False,0.17002442002442003,0.08501564945226918,0.04499740798341109,0.270063694267516,False,True,False,True
114,2,0,1,4,141.3,96,24.02,230.4,88,19.58,223.7,85,10.07,9.4,3,2.54,3,False,604.8000000000001,272,56.209999999999994,1.471875,2.618181818181818,2.631764705882353,3.1333333333333333,0.23363095238095238,0.38095238095238093,0.36987433862433855,0.015542328042328041,False,False,False,False,0.16999292285916487,0.08498263888888888,0.04501564595440322,0.2702127659574468,True,False,False,True
112,1,0,0,0,272.5,119,46.33,226.1,94,19.22,159.1,94,7.16,16.4,5,4.43,3,True,674.1,312,77.13999999999999,2.2899159663865545,2.40531914893617,1.6925531914893617,3.28,0.4042426939623201,0.3354101765316718,0.23601839489689955,0.02432873460910844,False,False,False,False,0.1700183486238532,0.08500663423264042,0.04500314267756129,0.2701219512195122,False,True,False,True
101,0,0,1,16,118.9,112,20.21,228.3,97,19.41,180.1,111,8.1,8.2,5,2.21,2,False,535.5000000000001,325,49.93000000000001,1.061607142857143,2.3536082474226805,1.6225225225225224,1.64,0.22203548085901023,0.4263305322128851,0.33632119514472447,0.015312791783380015,False,False,False,False,0.16997476871320438,0.0850197109067017,0.044975013881177126,0.26951219512195124,True,False,False,True
70,1,0,0,0,7.9,100,1.34,136.4,83,11.59,156.6,89,7.05,12.1,1,3.27,0,False,313.0,273,23.25,0.079,1.6433734939759037,1.7595505617977527,12.1,0.02523961661341853,0.4357827476038339,0.5003194888178913,0.03865814696485623,False,False,False,False,0.16962025316455698,0.08497067448680351,0.045019157088122604,0.2702479338842975,False,True,False,True
59,0,0,0,0,159.5,96,27.12,167.2,123,14.21,138.6,106,6.24,10.2,4,2.75,0,False,475.49999999999994,329,50.32,1.6614583333333333,1.3593495934959348,1.3075471698113208,2.55,0.33543638275499477,0.35162986330178764,0.2914826498422713,0.021451104100946375,False,False,False,False,0.17003134796238245,0.08498803827751197,0.045021645021645025,0.26960784313725494,False,True,False,True
59,0,0,0,0,150.2,70,25.53,185.7,98,15.78,212.5,128,9.56,12.1,2,3.27,1,False,560.5,298,54.14000000000001,2.1457142857142855,1.8948979591836734,1.66015625,6.05,0.2679750223015165,0.3313113291703836,0.3791257805530776,0.0215878679750223,False,False,False,False,0.16997336884154463,0.08497576736672052,0.04498823529411765,0.2702479338842975,False,True,False,True
99,1,0,0,0,140.7,88,23.92,210.9,98,17.93,229.9,125,10.35,12.4,4,3.35,2,False,593.9,315,55.550000000000004,1.5988636363636362,2.1520408163265308,1.8392,3.1,0.23690857046640848,0.3551102879272605,0.38710220575854526,0.020878935847785825,False,False,False,False,0.17000710732054017,0.08501659554291133,0.04501957372770769,0.2701612903225806,False,True,False,True
150,2,0,0,0,169.2,123,28.76,216.8,83,18.43,179.4,107,8.07,12.6,3,3.4,1,False,578.0,316,58.66,1.3756097560975609,2.6120481927710846,1.6766355140186917,4.2,0.2927335640138408,0.37508650519031145,0.3103806228373703,0.02179930795847751,False,False,False,False,0.1699763593380615,0.08500922509225092,0.04498327759197324,0.2698412698412698,False,True,False,True
81,2,0,0,0,220.8,77,37.54,148.5,87,12.62,183.9,100,8.28,7.6,3,2.05,2,False,560.8000000000001,267,60.489999999999995,2.8675324675324676,1.706896551724138,1.839,2.533333333333333,0.39372325249643364,0.2648002853067047,0.3279243937232525,0.013552068473609128,False,False,False,False,0.17001811594202898,0.08498316498316498,0.04502446982055464,0.26973684210526316,False,True,False,True
86,2,0,0,0,216.3,96,36.77,266.3,77,22.64,214.0,110,9.63,4.5,3,1.22,0,False,701.1,286,70.26,2.2531250000000003,3.4584415584415584,1.9454545454545455,1.5,0.30851519041506204,0.3798316930537726,0.30523463129368134,0.006418485237483953,False,False,False,False,0.1699953767914933,0.08501689823507322,0.045000000000000005,0.2711111111111111,False,True,False,True
84,2,0,0,0,169.5,96,28.82,157.6,94,13.4,98.2,70,4.42,10.6,7,2.86,0,False,435.90000000000003,267,49.5,1.765625,1.676595744680851,1.4028571428571428,1.5142857142857142,0.38885065381968337,0.361550814406974,0.22528102775866024,0.024317504014682263,False,False,False,False,0.17002949852507374,0.0850253807106599,0.045010183299389,0.269811320754717,False,True,False,True
118,2,0,1,35,256.3,119,43.57,258.1,91,21.94,215.5,130,9.7,11.7,1,3.16,1,False,741.6000000000001,341,78.37,2.153781512605042,2.8362637362637364,1.6576923076923078,11.7,0.3456040992448759,0.3480312837108953,0.2905879180151024,0.01577669902912621,False,False,False,False,0.16999609832227858,0.08500581170089112,0.04501160092807424,0.2700854700854701,True,False,False,True
89,1,0,0,0,179.7,128,30.55,299.8,92,25.48,185.3,120,8.34,7.6,3,2.05,1,False,672.4,343,66.42,1.40390625,3.258695652173913,1.5441666666666667,2.533333333333333,0.26725163593099344,0.4458655562165378,0.27558001189768,0.011302795954788817,False,False,False,False,0.17000556483027268,0.08498999332888592,0.045008094981111704,0.26973684210526316,False,True,False,True
93,1,0,0,0,266.0,120,45.22,130.1,84,11.06,165.8,63,7.46,13.1,6,3.54,3,False,575.0000000000001,273,67.28,2.216666666666667,1.5488095238095236,2.6317460317460317,2.183333333333333,0.46260869565217383,0.22626086956521735,0.28834782608695647,0.022782608695652167,False,False,False,False,0.16999999999999998,0.08501152959262107,0.04499396863691194,0.2702290076335878,False,True,False,True
85,1,0,0,0,96.7,97,16.44,193.8,95,16.47,171.7,88,7.73,9.7,3,2.62,2,False,471.9,283,43.26,0.9969072164948454,2.04,1.9511363636363634,3.233333333333333,0.20491629582538676,0.4106802288620471,0.36384827293918204,0.02055520237338419,False,False,False,False,0.17001034126163392,0.084984520123839,0.04502038439138032,0.2701030927835052,False,True,False,True
160,0,0,0,0,82.7,116,14.06,194.6,95,16.54,159.0,54,7.15,10.9,9,2.94,0,False,447.2,274,40.69,0.7129310344827586,2.048421052631579,2.9444444444444446,1.2111111111111112,0.18492844364937389,0.4351520572450805,0.3555456171735242,0.024373881932021467,False,False,False,False,0.17001209189842806,0.08499486125385405,0.0449685534591195,0.2697247706422018,False,True,False,True
28,1,0,0,0,168.2,87,28.59,161.7,92,13.74,192.4,112,8.66,10.1,3,2.73,3,False,532.4,294,53.71999999999999,1.9333333333333331,1.7576086956521737,1.717857142857143,3.3666666666666667,0.31592787377911347,0.3037190082644628,0.36138241923365894,0.01897069872276484,False,False,False,False,0.16997621878715816,0.0849721706864564,0.04501039501039501,0.2702970297029703,False,True,True,False
73,0,0,0,0,286.4,109,48.69,178.2,67,15.15,214.2,152,9.64,10.7,14,2.89,1,True,689.5,342,76.36999999999999,2.627522935779816,2.6597014925373132,1.4092105263157895,0.7642857142857142,0.4153734590282813,0.25844815083393763,0.31065989847715736,0.01551849166062364,False,False,False,False,0.17000698324022348,0.08501683501683502,0.045004668534080305,0.27009345794392525,False,True,False,True
156,0,0,0,0,174.3,95,29.63,186.6,128,15.86,258.2,105,11.62,12.9,5,3.48,3,False,631.9999999999999,333,60.58999999999999,1.8347368421052632,1.4578125,2.459047619047619,2.58,0.2757911392405064,0.29525316455696204,0.4085443037974684,0.020411392405063296,False,False,False,False,0.1699942627653471,0.08499464094319399,0.04500387296669248,0.2697674418604651,False,True,False,True
33,1,1,0,0,190.6,100,32.4,161.7,104,13.74,189.9,136,8.55,13.0,6,3.51,1,False,555.1999999999999,346,58.199999999999996,1.906,1.5548076923076921,1.3963235294117649,2.1666666666666665,0.343299711815562,0.2912463976945245,0.3420389048991355,0.0234149855907781,False,False,False,True,0.16998950682056663,0.0849721706864564,0.045023696682464455,0.26999999999999996,False,True,False,True
77,2,0,0,0,175.5,86,29.84,205.1,78,17.43,245.2,100,11.03,17.8,3,4.81,4,False,643.5999999999999,267,63.11,2.0406976744186047,2.6294871794871795,2.452,5.933333333333334,0.2726848974518335,0.3186761963952766,0.38098197638284653,0.027656929770043512,False,False,False,False,0.17002849002849002,0.08498293515358361,0.0449836867862969,0.27022471910112356,False,True,False,True
119,1,0,0,0,133.4,102,22.68,204.6,71,17.39,196.9,103,8.86,11.1,7,3.0,1,False,546.0,283,51.93,1.307843137254902,2.88169014084507,1.9116504854368932,1.5857142857142856,0.24432234432234434,0.3747252747252747,0.3606227106227106,0.02032967032967033,False,False,False,False,0.17001499250374813,0.08499511241446726,0.04499746063991874,0.2702702702702703,False,True,False,True
91,2,0,1,27,204.6,96,34.78,136.0,93,11.56,210.5,82,9.47,6.6,2,1.78,3,False,557.7,273,57.59,2.13125,1.4623655913978495,2.567073170731707,3.3,0.3668639053254438,0.24385870539716692,0.37744306975076203,0.011834319526627217,False,False,False,False,0.16999022482893453,0.085,0.04498812351543943,0.2696969696969697,True,False,False,True
102,2,0,0,0,242.2,88,41.17,233.2,89,19.82,188.5,121,8.48,6.2,6,1.67,3,False,670.1,304,71.14,2.752272727272727,2.6202247191011234,1.5578512396694215,1.0333333333333334,0.3614385912550365,0.3480077600358155,0.2813012983136845,0.009252350395463363,False,False,False,False,0.16998348472336913,0.08499142367066896,0.0449867374005305,0.2693548387096774,False,True,False,True
86,1,0,1,33,253.1,112,43.03,210.1,94,17.86,95.0,98,4.27,11.9,4,3.21,3,False,570.1,308,68.36999999999999,2.2598214285714286,2.2351063829787234,0.9693877551020408,2.975,0.4439572004911419,0.3685318365199088,0.1666374320294685,0.02087353095948079,False,False,False,False,0.17001185302252075,0.08500713945740124,0.044947368421052625,0.26974789915966385,True,False,False,True
82,1,0,0,0,130.0,110,22.1,185.3,88,15.75,178.7,105,8.04,8.3,4,2.24,0,False,502.3,307,48.13,1.1818181818181819,2.1056818181818184,1.7019047619047618,2.075,0.2588094764085208,0.36890304598845314,0.35576348795540513,0.016523989647620946,False,False,False,False,0.17,0.08499730167296275,0.044991606043648574,0.26987951807228916,False,True,False,True
89,0,0,0,0,105.9,151,18.0,189.6,142,16.12,170.9,67,7.69,12.7,7,3.43,0,False,479.09999999999997,367,45.24,0.7013245033112583,1.3352112676056338,2.5507462686567166,1.8142857142857143,0.2210394489668128,0.395742016280526,0.3567104988520142,0.026508035900647046,False,False,False,False,0.16997167138810199,0.08502109704641352,0.04499707431246343,0.27007874015748035,False,True,False,True
86,1,0,0,0,194.2,98,33.01,193.8,95,16.47,192.0,123,8.64,9.3,7,2.51,3,False,589.3,323,60.629999999999995,1.9816326530612243,2.04,1.5609756097560976,1.3285714285714287,0.32954352621754623,0.3288647547938232,0.3258102833870694,0.015781435601561176,False,False,False,False,0.1699794026776519,0.084984520123839,0.045000000000000005,0.2698924731182795,False,True,False,True
92,1,0,0,0,196.5,82,33.41,190.0,89,16.15,163.2,99,7.34,10.8,2,2.92,2,False,560.5,272,59.81999999999999,2.3963414634146343,2.134831460674157,1.6484848484848484,5.4,0.35057983942908116,0.3389830508474576,0.2911685994647636,0.019268510258697594,False,False,False,False,0.17002544529262084,0.08499999999999999,0.04497549019607843,0.27037037037037037,False,True,False,True
87,2,0,0,0,184.5,81,31.37,172.0,103,14.62,183.4,96,8.25,13.7,3,3.7,3,False,553.6,283,57.940000000000005,2.2777777777777777,1.6699029126213591,1.9104166666666667,4.566666666666666,0.3332731213872832,0.3106936416184971,0.33128612716763006,0.02474710982658959,False,False,False,False,0.1700271002710027,0.08499999999999999,0.04498364231188658,0.27007299270072993,False,True,False,True
64,0,0,0,0,261.9,113,44.52,148.1,99,12.59,145.2,74,6.53,13.8,4,3.73,0,False,569.0,290,67.37,2.3176991150442476,1.495959595959596,1.962162162162162,3.45,0.4602811950790861,0.2602811950790861,0.25518453427065024,0.024253075571177507,False,False,False,False,0.16998854524627724,0.0850101282916948,0.04497245179063361,0.2702898550724638,False,True,False,True
80,2,0,0,0,202.4,118,34.41,260.2,67,22.12,177.4,112,7.98,9.2,5,2.48,3,False,649.2,302,66.99000000000001,1.7152542372881356,3.8835820895522386,1.5839285714285716,1.8399999999999999,0.3117683302526186,0.4008009858287122,0.27325939617991374,0.01417128773875539,False,False,False,False,0.1700098814229249,0.08501152959262107,0.04498308906426156,0.26956521739130435,False,True,False,True
165,1,0,1,39,167.4,113,28.46,172.7,94,14.68,192.6,113,8.67,9.5,4,2.57,3,False,542.2,324,54.38,1.4814159292035398,1.8372340425531914,1.7044247787610618,2.375,0.30874216156399853,0.31851715234230904,0.3552194762080413,0.01752120988565105,False,False,False,False,0.17001194743130227,0.085002895193978,0.04501557632398754,0.27052631578947367,True,False,False,True
153,1,0,1,22,167.7,104,28.51,246.8,91,20.98,203.9,117,9.18,7.5,11,2.03,1,False,625.9,323,60.7,1.6124999999999998,2.7120879120879122,1.7427350427350428,0.6818181818181818,0.26793417478830484,0.39431219044575816,0.3257708899185174,0.011982744847419716,False,False,False,False,0.17000596302921886,0.08500810372771475,0.04502206964198136,0.27066666666666667,True,False,False,True
108,1,0,0,0,240.2,78,40.83,230.3,109,19.58,217.0,83,9.76,5.2,1,1.4,2,False,692.7,271,71.57000000000001,3.079487179487179,2.112844036697248,2.6144578313253013,5.2,0.34675905875559404,0.33246715749963907,0.31326692651941673,0.007506857225350079,False,False,False,False,0.16998334721065778,0.08501953973078592,0.04497695852534562,0.2692307692307692,False,True,False,True
104,1,0,1,26,189.1,112,32.15,178.2,97,15.15,199.3,104,8.97,11.1,4,3.0,1,False,577.6999999999999,317,59.269999999999996,1.688392857142857,1.8371134020618556,1.916346153846154,2.775,0.3273325255322832,0.3084646010039813,0.3449887484853731,0.019214124978362473,False,False,False,False,0.17001586462189316,0.08501683501683502,0.04500752634219769,0.2702702702702703,True,False,False,True
115,0,0,0,0,127.7,67,21.71,182.9,90,15.55,172.9,92,7.78,10.6,7,2.86,1,False,494.1,256,47.900000000000006,1.9059701492537313,2.0322222222222224,1.8793478260869565,1.5142857142857142,0.2584497065371382,0.3701679821898401,0.3499291641368144,0.021453147136207242,False,False,False,False,0.17000783085356305,0.0850191361399672,0.04499710815500289,0.269811320754717,False,True,False,True
87,1,0,0,0,205.2,106,34.88,99.5,122,8.46,189.5,75,8.53,13.4,3,3.62,1,False,507.59999999999997,306,55.49,1.9358490566037734,0.8155737704918032,2.526666666666667,4.466666666666667,0.4042553191489362,0.19602048857368007,0.37332545311268717,0.026398739164696615,False,False,False,False,0.16998050682261212,0.08502512562814071,0.0450131926121372,0.2701492537313433,False,True,False,True
119,2,0,0,0,154.5,129,26.27,193.6,87,16.46,180.9,145,8.14,13.4,3,3.62,2,False,542.4,364,54.49,1.197674418604651,2.225287356321839,1.2475862068965518,4.466666666666667,0.2848451327433628,0.35693215339233036,0.33351769911504425,0.024705014749262538,False,False,False,False,0.17003236245954692,0.08502066115702481,0.04499723604201216,0.2701492537313433,False,True,False,True
69,1,0,0,0,153.7,109,26.13,194.0,105,16.49,256.1,114,11.52,14.1,6,3.81,1,False,617.9,334,57.95,1.4100917431192659,1.8476190476190477,2.2464912280701754,2.35,0.2487457517397637,0.31396666127205053,0.41446836057614506,0.022819226412040785,False,False,False,False,0.17000650618087185,0.08499999999999999,0.04498242873877391,0.2702127659574468,False,True,False,True
93,2,0,0,0,328.1,106,55.78,151.7,89,12.89,303.5,114,13.66,8.7,3,2.35,1,True,792.0,312,84.67999999999999,3.095283018867925,1.7044943820224718,2.662280701754386,2.9,0.4142676767676768,0.19154040404040404,0.3832070707070707,0.010984848484848484,False,False,False,False,0.17000914355379457,0.0849703361898484,0.04500823723228995,0.2701149425287357,False,True,False,True
154,1,1,0,0,145.9,69,24.8,208.2,141,17.7,180.9,106,8.14,14.4,10,3.89,0,True,549.4,326,54.53,2.1144927536231886,1.476595744680851,1.7066037735849058,1.44,0.26556243174372046,0.37895886421550784,0.32926829268292684,0.026210411357844923,False,False,False,True,0.16997943797121315,0.08501440922190202,0.04499723604201216,0.2701388888888889,False,True,False,True
57,1,0,1,37,201.2,76,34.2,280.1,122,23.81,154.2,110,6.94,11.8,1,3.19,1,False,647.3,309,68.14,2.6473684210526316,2.2959016393442626,1.4018181818181816,11.8,0.3108295998764097,0.43272053143828215,0.23822029970647304,0.018229568978835164,False,False,False,False,0.16998011928429427,0.08500535523027489,0.0450064850843061,0.2703389830508474,True,False,False,True
130,2,0,0,0,139.1,72,23.65,246.0,112,20.91,207.2,121,9.32,11.4,9,3.08,5,False,603.6999999999999,314,56.96,1.9319444444444445,2.1964285714285716,1.7123966942148758,1.2666666666666666,0.23041245651813816,0.4074871624979295,0.34321682955110155,0.01888355143283088,True,False,False,False,0.1700215672178289,0.085,0.044980694980694985,0.27017543859649124,False,True,False,True
151,1,0,0,0,118.9,128,20.21,278.3,65,23.66,194.8,61,8.77,13.2,10,3.56,2,False,605.2,264,56.2,0.92890625,4.281538461538462,3.19344262295082,1.3199999999999998,0.19646397884996694,0.4598479841374752,0.3218770654329147,0.02181097157964309,False,False,False,False,0.16997476871320438,0.08501616960114984,0.045020533880903484,0.2696969696969697,False,True,False,True
162,0,0,0,0,217.6,87,36.99,279.0,71,23.72,250.7,65,11.28,10.4,4,2.81,2,True,757.6999999999999,227,74.8,2.5011494252873563,3.9295774647887325,3.856923076923077,2.6,0.28718490167612515,0.36821961198363473,0.33086973736307246,0.013725748977167745,False,False,False,False,0.16999080882352943,0.0850179211469534,0.044994016753091344,0.2701923076923077,False,True,False,True
60,1,0,0,0,145.0,133,24.65,209.1,92,17.77,328.5,112,14.78,14.6,2,3.94,1,False,697.2,339,61.14,1.0902255639097744,2.2728260869565218,2.9330357142857144,7.3,0.20797475616752722,0.2999139414802065,0.471170395869191,0.020940906483075155,False,False,False,False,0.16999999999999998,0.08498326159732185,0.04499238964992389,0.26986301369863014,False,True,False,True
81,2,0,0,0,203.5,89,34.6,289.6,69,24.62,212.9,71,9.58,8.7,3,2.35,3,False,714.7,232,71.14999999999999,2.2865168539325844,4.197101449275363,2.998591549295775,2.9,0.2847348537848048,0.40520498111095565,0.2978872254092626,0.012172939694976912,False,False,False,False,0.17002457002457003,0.08501381215469613,0.04499765147956787,0.2701149425287357,False,True,False,True
136,0,0,0,0,269.8,106,45.87,228.8,101,19.45,257.5,106,11.59,10.1,8,2.73,1,True,766.2,321,79.64,2.5452830188679245,2.2653465346534656,2.4292452830188678,1.2625,0.35212738188462545,0.2986165492038632,0.33607413208039677,0.01318193683111459,False,False,False,False,0.17001482579688657,0.08500874125874125,0.04500970873786408,0.2702970297029703,False,True,False,True
121,1,0,1,21,126.3,84,21.47,209.6,102,17.82,192.5,129,8.66,10.6,2,2.86,1,False,539.0,317,50.81,1.5035714285714286,2.0549019607843135,1.4922480620155039,5.3,0.23432282003710575,0.3888682745825603,0.35714285714285715,0.019666048237476808,False,False,False,False,0.16999208234362628,0.08501908396946566,0.044987012987012985,0.269811320754717,True,False,False,True
105,2,0,1,15,88.1,125,14.98,175.9,142,14.95,269.9,85,12.15,9.7,1,2.62,2,False,543.6,353,44.699999999999996,0.7048,1.2387323943661972,3.1752941176470584,9.7,0.16206769683590874,0.3235835172921266,0.49650478292862393,0.017844002943340688,False,False,False,False,0.17003405221339388,0.08499147242751563,0.04501667284179326,0.2701030927835052,True,False,False,True
105,1,0,1,34,218.5,61,37.15,196.7,74,16.72,151.1,103,6.8,9.9,4,2.67,2,False,576.1999999999999,242,63.339999999999996,3.581967213114754,2.658108108108108,1.4669902912621358,2.475,0.3792086081221798,0.34137452273516145,0.2622353349531413,0.017181534189517532,False,False,False,False,0.1700228832951945,0.08500254194204372,0.04500330906684315,0.26969696969696966,True,False,False,True
51,1,0,1,26,236.8,61,40.26,263.4,97,22.39,181.1,91,8.15,11.2,8,3.02,1,False,692.5,257,73.82,3.8819672131147542,2.715463917525773,1.9901098901098901,1.4,0.3419494584837545,0.38036101083032486,0.26151624548736463,0.016173285198555955,False,False,False,False,0.17001689189189187,0.08500379650721337,0.04500276090557703,0.2696428571428572,True,False,False,True
64,0,0,0,0,124.1,117,21.1,192.8,108,16.39,162.9,84,7.33,6.4,5,1.73,3,False,486.19999999999993,314,46.55,1.0606837606837607,1.7851851851851852,1.9392857142857143,1.28,0.25524475524475526,0.39654463183874955,0.33504730563554097,0.013163307280954342,False,False,False,False,0.17002417405318293,0.0850103734439834,0.044996930632289746,0.27031249999999996,False,True,False,True
80,2,1,1,30,184.2,132,31.31,167.5,109,14.24,212.8,114,9.58,10.0,10,2.7,0,False,574.5,365,57.83,1.3954545454545453,1.536697247706422,1.8666666666666667,1.0,0.32062663185378587,0.2915578764142733,0.37040905134899915,0.017406440382941687,False,False,False,False,0.1699782844733985,0.08501492537313433,0.0450187969924812,0.27,True,False,False,True
56,1,0,0,0,222.7,133,37.86,277.0,89,23.55,101.8,94,4.58,13.6,4,3.67,4,False,615.1,320,69.66,1.6744360902255637,3.1123595505617976,1.0829787234042554,3.4,0.3620549504145667,0.450333279141603,0.16550154446431473,0.022110225979515525,False,False,False,False,0.17000449034575663,0.08501805054151625,0.044990176817288806,0.2698529411764706,False,True,False,True
120,1,0,0,0,149.2,98,25.36,193.6,88,16.46,248.9,119,11.2,11.1,5,3.0,1,False,602.8,310,56.019999999999996,1.5224489795918366,2.1999999999999997,2.0915966386554623,2.2199999999999998,0.24751161247511613,0.32116788321167883,0.4129064366290644,0.018414067684140677,False,False,False,False,0.16997319034852548,0.08502066115702481,0.04499799116110888,0.2702702702702703,False,True,False,True
103,2,0,0,0,206.5,125,35.11,180.2,113,15.32,220.6,95,9.93,12.2,4,3.29,3,False,619.5,337,63.65,1.652,1.5946902654867257,2.3221052631578947,3.05,0.3333333333333333,0.2908797417271993,0.356093623890234,0.019693301049233253,False,False,False,False,0.17002421307506052,0.08501664816870146,0.04501359927470535,0.269672131147541,False,True,False,True
164,2,0,1,27,159.7,102,27.15,168.8,113,14.35,244.1,127,10.98,9.6,9,2.59,3,False,582.2,351,55.07000000000001,1.565686274509804,1.4938053097345134,1.9220472440944882,1.0666666666666667,0.2743043627619374,0.2899347303332188,0.41927172792854683,0.016489178976296804,False,False,False,False,0.17000626174076394,0.08501184834123222,0.04498156493240475,0.26979166666666665,True,False,False,True
116,1,0,1,27,204.7,118,34.8,209.4,91,17.8,212.9,67,9.58,7.0,2,1.89,2,False,634.0,278,64.07,1.7347457627118643,2.3010989010989014,3.1776119402985077,3.5,0.3228706624605678,0.3302839116719243,0.3358044164037855,0.011041009463722398,False,False,False,False,0.1700048851978505,0.08500477554918816,0.04499765147956787,0.26999999999999996,True,False,False,True
121,0,0,0,0,213.2,79,36.24,120.7,116,10.26,244.4,102,11.0,7.5,4,2.03,1,False,585.8,301,59.53,2.6987341772151896,1.0405172413793105,2.396078431372549,1.875,0.3639467395015364,0.20604301809491296,0.4172072379651759,0.012803004438374873,False,False,False,False,0.16998123827392123,0.08500414250207125,0.045008183306055646,0.27066666666666667,False,True,False,True
183,1,0,0,0,116.7,92,19.84,213.8,112,18.17,214.3,112,9.64,9.7,6,2.62,2,False,554.5,322,50.27,1.2684782608695653,1.9089285714285715,1.9133928571428573,1.6166666666666665,0.21045987376014427,0.3855725879170424,0.38647430117222725,0.01749323715058611,False,False,False,False,0.17000856898029135,0.08498596819457437,0.044983667755482966,0.2701030927835052,False,True,False,True
104,0,0,0,0,263.4,101,44.78,235.5,117,20.02,102.0,146,4.59,13.0,4,3.51,0,False,613.9,368,72.9,2.6079207920792076,2.0128205128205128,0.6986301369863014,3.25,0.42906010750936635,0.3836129662811533,0.16615083889884347,0.02117608731063691,False,False,False,False,0.17000759301442675,0.08501061571125265,0.045,0.26999999999999996,False,True,False,True
90,0,0,0,0,140.2,97,23.83,213.9,102,18.18,120.0,126,5.4,7.1,2,1.92,1,False,481.20000000000005,327,49.33,1.445360824742268,2.097058823529412,0.9523809523809523,3.55,0.29135494596841227,0.4445137157107232,0.24937655860349126,0.014754779717373231,False,False,False,False,0.16997146932952925,0.0849929873772791,0.045000000000000005,0.27042253521126763,False,True,False,True
82,1,0,0,0,197.7,101,33.61,127.6,83,10.85,142.1,103,6.39,13.5,3,3.65,1,False,480.9,290,54.5,1.9574257425742574,1.5373493975903614,1.3796116504854368,4.5,0.4111041796631316,0.2653358286546059,0.2954876273653566,0.028072364316905803,False,False,False,False,0.17000505816894285,0.08503134796238244,0.04496833216045039,0.27037037037037037,False,True,False,True
9,1,0,1,16,88.5,87,15.05,178.8,108,15.2,228.7,96,10.29,11.5,3,3.11,2,False,507.5,294,43.65,1.0172413793103448,1.6555555555555557,2.3822916666666667,3.8333333333333335,0.17438423645320197,0.3523152709359606,0.4506403940886699,0.022660098522167486,False,False,False,False,0.17005649717514126,0.08501118568232661,0.044993441189331,0.27043478260869563,True,False,True,False
97,1,0,0,0,215.3,58,36.6,242.4,91,20.6,279.8,105,12.59,12.1,9,3.27,0,False,749.6,263,73.06,3.7120689655172416,2.6637362637362636,2.664761904761905,1.3444444444444443,0.28721985058697974,0.3233724653148346,0.3732657417289221,0.016141942369263605,False,False,False,False,0.1699953553181607,0.08498349834983498,0.0449964260185847,0.2702479338842975,False,True,False,True
127,2,0,1,25,203.8,118,34.65,267.1,48,22.7,225.1,105,10.13,7.3,5,1.97,0,False,703.3,276,69.44999999999999,1.7271186440677968,5.564583333333334,2.143809523809524,1.46,0.2897767666714063,0.37978103227641125,0.3200625622067397,0.010379638845442912,False,False,False,False,0.1700196270853778,0.08498689629352302,0.04500222123500667,0.26986301369863014,True,False,False,True
125,2,0,1,34,268.4,112,45.63,222.2,108,18.89,117.6,102,5.29,10.3,3,2.78,0,False,618.4999999999999,325,72.59000000000002,2.3964285714285714,2.0574074074074074,1.1529411764705881,3.4333333333333336,0.4339531123686338,0.3592562651576395,0.19013742926434926,0.01665319320937753,False,False,False,False,0.17000745156482863,0.08501350135013502,0.044982993197278914,0.2699029126213592,True,False,False,True
140,1,0,0,0,159.1,104,27.05,269.8,106,22.93,220.4,116,9.92,10.3,4,2.78,1,False,659.5999999999999,330,62.68000000000001,1.5298076923076922,2.5452830188679245,1.9000000000000001,2.575,0.2412067919951486,0.4090357792601578,0.3341419041843542,0.015615524560339603,False,False,False,False,0.1700188560653677,0.08498888065233506,0.04500907441016334,0.2699029126213592,False,True,False,True
90,1,0,0,0,114.4,122,19.45,127.7,154,10.85,253.1,109,11.39,10.1,5,2.73,2,False,505.30000000000007,390,44.419999999999995,0.9377049180327869,0.8292207792207792,2.3220183486238533,2.02,0.22640015832178903,0.25272115574905996,0.5008905600633287,0.01998812586582228,False,False,False,False,0.1700174825174825,0.08496476115896633,0.04500197550375346,0.2702970297029703,False,True,False,True
67,1,0,0,0,138.9,65,23.61,208.9,109,17.76,232.4,82,10.46,9.2,3,2.48,2,False,589.4000000000001,259,54.31,2.136923076923077,1.91651376146789,2.8341463414634145,3.0666666666666664,0.2356633864947404,0.35442823210044105,0.3942992874109263,0.01560909399389209,False,False,False,False,0.16997840172786177,0.08501675442795596,0.04500860585197935,0.26956521739130435,False,True,False,True
113,1,0,0,0,186.0,55,31.62,237.4,105,20.18,148.1,83,6.66,12.2,6,3.29,1,False,583.7,249,61.74999999999999,3.381818181818182,2.260952380952381,1.7843373493975903,2.033333333333333,0.3186568442693164,0.40671577865341785,0.2537262292273428,0.0209011478499229,False,False,False,False,0.17,0.08500421229991575,0.0449696151249156,0.269672131147541,False,True,False,True
121,2,0,1,26,170.4,91,28.97,254.5,90,21.63,219.6,122,9.88,15.1,5,4.08,0,False,659.6,308,64.56,1.8725274725274725,2.827777777777778,1.8,3.02,0.25833838690115224,0.38583990297149784,0.3329290479078229,0.022892662219526985,False,False,False,False,0.17001173708920186,0.08499017681728879,0.044990892531876145,0.27019867549668874,True,False,False,True
93,0,0,0,0,164.5,95,27.97,230.9,87,19.63,149.9,91,6.75,9.9,3,2.67,4,False,555.1999999999999,276,57.019999999999996,1.731578947368421,2.6540229885057474,1.6472527472527474,3.3000000000000003,0.29628962536023057,0.41588616714697413,0.269992795389049,0.0178314121037464,False,False,False,False,0.17003039513677812,0.08501515807708965,0.04503002001334223,0.26969696969696966,False,True,False,True
121,0,0,0,0,168.6,121,28.66,168.6,94,14.33,95.3,59,4.29,12.3,4,3.32,1,False,444.8,278,50.6,1.393388429752066,1.7936170212765956,1.6152542372881356,3.075,0.37904676258992803,0.37904676258992803,0.21425359712230216,0.027652877697841728,False,False,False,False,0.16998813760379597,0.08499406880189798,0.045015739769150055,0.26991869918699185,False,True,False,True
53,0,0,0,0,261.2,119,44.4,250.8,105,21.32,176.0,112,7.92,9.8,2,2.65,0,True,697.8,338,76.29,2.194957983193277,2.388571428571429,1.5714285714285714,4.9,0.37431928919461166,0.35941530524505594,0.2522212668386357,0.014044138721696763,False,False,False,False,0.16998468606431852,0.08500797448165869,0.045,0.2704081632653061,False,True,False,True
75,1,0,0,0,190.5,91,32.39,178.4,75,15.16,162.4,113,7.31,13.1,5,3.54,1,False,544.4,284,58.4,2.0934065934065935,2.3786666666666667,1.4371681415929205,2.62,0.3499265246142542,0.32770022042615726,0.2983100661278472,0.024063188831741366,False,False,False,False,0.1700262467191601,0.08497757847533632,0.04501231527093596,0.2702290076335878,False,True,False,True
132,2,0,0,0,181.1,121,30.79,314.4,109,26.72,246.7,81,11.1,4.2,9,1.13,2,False,746.4000000000001,320,69.74,1.496694214876033,2.8844036697247706,3.045679012345679,0.4666666666666667,0.242631296891747,0.4212218649517684,0.33051982851018213,0.00562700964630225,False,False,False,False,0.17001656543346216,0.08498727735368956,0.0449939197405756,0.26904761904761904,False,True,False,True
162,0,0,0,0,177.1,131,30.11,114.7,122,9.75,153.6,88,6.91,6.5,6,1.76,3,False,451.9,347,48.529999999999994,1.3519083969465648,0.9401639344262296,1.7454545454545454,1.0833333333333333,0.39190086302279264,0.25381721619827396,0.339898207568046,0.014383713210887366,False,False,False,False,0.17001693958215697,0.08500435919790758,0.04498697916666667,0.27076923076923076,False,True,False,True
140,1,0,0,0,160.5,114,27.29,240.5,103,20.44,233.5,121,10.51,11.3,4,3.05,1,False,645.8,342,61.29,1.4078947368421053,2.3349514563106797,1.9297520661157024,2.825,0.24852895633323013,0.37240631774543204,0.3615670486218644,0.017497677299473522,False,False,False,False,0.17003115264797508,0.08498960498960499,0.04501070663811563,0.26991150442477874,False,True,False,True
91,0,0,0,0,134.7,116,22.9,295.3,98,25.1,195.5,121,8.8,6.6,5,1.78,2,False,632.1,340,58.58,1.161206896551724,3.0132653061224492,1.615702479338843,1.3199999999999998,0.21309919316563833,0.4671729156778991,0.30928650529979435,0.010441385856668248,False,False,False,False,0.17000742390497403,0.08499830680663732,0.04501278772378517,0.2696969696969697,False,True,False,True
73,2,0,1,28,198.2,107,33.69,139.1,123,11.82,199.1,139,8.96,8.8,1,2.38,2,False,545.1999999999999,370,56.85,1.8523364485981306,1.1308943089430894,1.4323741007194244,8.8,0.36353631694790906,0.2551357300073368,0.3651870873074102,0.016140865737344096,False,False,False,False,0.16997981836528758,0.08497483824586628,0.04500251130085385,0.27045454545454545,True,False,False,True
95,0,1,0,0,228.9,134,38.91,255.7,71,21.73,208.0,120,9.36,10.1,2,2.73,4,True,702.7,327,72.73,1.7082089552238806,3.601408450704225,1.7333333333333334,5.05,0.325743560552156,0.3638821687775722,0.29600113846591714,0.01437313220435463,False,False,False,True,0.16998689384010482,0.08498240125146657,0.045,0.2702970297029703,False,True,False,True
145,0,0,0,0,241.7,137,41.09,135.8,100,11.54,277.6,123,12.49,13.1,3,3.54,0,False,668.2,363,68.66000000000001,1.7642335766423356,1.358,2.2569105691056914,4.366666666666666,0.36171804848847644,0.20323256510026938,0.41544447770128706,0.019604908709967075,False,False,False,False,0.1700041373603641,0.08497790868924888,0.04499279538904899,0.2702290076335878,False,True,False,True
100,1,0,0,0,131.1,108,22.29,176.2,81,14.98,89.7,81,4.04,4.3,4,1.16,1,False,401.29999999999995,274,42.46999999999999,1.2138888888888888,2.1753086419753087,1.1074074074074074,1.075,0.3266882631447795,0.43907301270869675,0.2235235484674807,0.01071517567904311,False,False,False,False,0.17002288329519452,0.08501702610669694,0.04503901895206243,0.2697674418604651,False,True,False,True
122,1,0,0,0,234.1,101,39.8,200.2,121,17.02,237.4,89,10.68,13.1,9,3.54,2,False,684.8,320,71.04,2.3178217821782177,1.6545454545454545,2.667415730337079,1.4555555555555555,0.3418516355140187,0.2923481308411215,0.34667056074766356,0.019129672897196262,False,False,False,False,0.17001281503630927,0.08501498501498501,0.04498736310025274,0.2702290076335878,False,True,False,True
109,1,0,0,0,200.1,72,34.02,300.9,120,25.58,236.0,68,10.62,11.9,5,3.21,0,False,748.9,265,73.42999999999999,2.779166666666667,2.5075,3.4705882352941178,2.38,0.2671918814260916,0.40178929096007476,0.3151288556549606,0.015889971958873015,False,False,False,False,0.17001499250374816,0.08501163177135261,0.045,0.26974789915966385,False,True,False,True
82,0,0,0,0,154.0,107,26.18,94.4,114,8.02,287.6,95,12.94,10.1,7,2.73,1,False,546.1,323,49.87,1.439252336448598,0.8280701754385965,3.027368421052632,1.4428571428571428,0.2819996337667094,0.1728621131660868,0.526643471891595,0.018494781175608863,False,False,False,False,0.16999999999999998,0.08495762711864406,0.044993045897079274,0.2702970297029703,False,True,False,True
65,1,0,1,23,224.2,106,38.11,189.6,100,16.12,222.8,75,10.03,9.8,4,2.65,0,False,646.3999999999999,285,66.91000000000001,2.1150943396226416,1.896,2.970666666666667,2.45,0.34684405940594065,0.29331683168316836,0.34467821782178226,0.015160891089108916,False,False,False,False,0.1699821587867975,0.08502109704641352,0.04501795332136445,0.2704081632653061,True,False,False,True
52,2,0,0,0,148.3,83,25.21,181.6,79,15.44,155.6,104,7.0,8.3,6,2.24,3,False,493.8,272,49.89,1.7867469879518074,2.2987341772151897,1.4961538461538462,1.3833333333333335,0.30032401782098017,0.36776022681247467,0.31510733090319965,0.016808424463345486,False,False,False,False,0.16999325691166553,0.08502202643171806,0.04498714652956298,0.26987951807228916,False,True,False,True
136,1,0,1,24,174.6,76,29.68,176.6,114,15.01,214.4,91,9.65,8.8,5,2.38,2,False,574.4,286,56.72,2.2973684210526315,1.5491228070175438,2.356043956043956,1.7600000000000002,0.30396935933147634,0.30745125348189417,0.3732590529247911,0.015320334261838441,False,False,False,False,0.1699885452462772,0.08499433748584372,0.04500932835820896,0.27045454545454545,True,False,False,True
75,1,0,0,0,138.5,110,23.55,153.2,86,13.02,215.6,103,9.7,11.1,7,3.0,1,False,518.4,306,49.269999999999996,1.259090909090909,1.7813953488372092,2.0932038834951454,1.5857142857142856,0.2671682098765432,0.29552469135802467,0.4158950617283951,0.02141203703703704,False,False,False,False,0.1700361010830325,0.0849869451697128,0.044990723562152134,0.2702702702702703,False,True,False,True
146,0,0,0,0,109.0,69,18.53,265.8,98,22.59,228.3,80,10.27,12.6,2,3.4,1,False,615.7,249,54.79,1.5797101449275361,2.712244897959184,2.8537500000000002,6.3,0.17703426993665744,0.43170375182718856,0.370797466298522,0.020464511937631963,False,False,False,False,0.17,0.08498871331828442,0.04498466929478755,0.2698412698412698,False,True,False,True
105,0,0,0,0,162.3,99,27.59,212.5,95,18.06,214.7,114,9.66,11.1,8,3.0,4,False,600.6,316,58.31,1.6393939393939394,2.236842105263158,1.8833333333333333,1.3875,0.27022977022977024,0.3538128538128538,0.3574758574758574,0.01848151848151848,False,False,False,False,0.16999383857054837,0.08498823529411764,0.044993013507219376,0.2702702702702703,False,True,False,True
48,1,0,0,0,210.8,84,35.84,189.6,98,16.12,157.6,99,7.09,16.4,3,4.43,2,False,574.4,284,63.48000000000001,2.5095238095238095,1.9346938775510203,1.591919191919192,5.466666666666666,0.366991643454039,0.33008356545961004,0.2743732590529248,0.028551532033426183,False,False,False,False,0.1700189753320683,0.08502109704641352,0.04498730964467005,0.2701219512195122,False,True,False,True
45,1,0,0,0,142.4,107,24.21,318.7,78,27.09,224.1,108,10.08,11.1,7,3.0,1,False,696.3000000000001,300,64.38,1.330841121495327,4.085897435897436,2.0749999999999997,1.5857142857142856,0.20450955048111444,0.4577050122073818,0.3218440327445066,0.015941404566996983,False,False,False,False,0.17001404494382022,0.08500156887354879,0.04497991967871486,0.2702702702702703,False,True,False,True
106,1,0,1,37,223.5,104,38.0,235.1,99,19.98,140.1,90,6.3,10.6,5,2.86,2,False,609.3000000000001,298,67.14,2.1490384615384617,2.374747474747475,1.5566666666666666,2.12,0.36681437715411125,0.385852617758083,0.2299359921221073,0.01739701296569834,False,False,False,False,0.17002237136465326,0.08498511271799235,0.044967880085653104,0.269811320754717,True,False,False,True
33,2,0,0,0,182.5,65,31.03,232.1,96,19.73,149.2,82,6.71,7.5,2,2.03,2,False,571.3,245,59.50000000000001,2.8076923076923075,2.417708333333333,1.819512195121951,3.75,0.3194468755469981,0.406266409942237,0.2611587607211623,0.013127953789602662,False,False,False,False,0.17002739726027397,0.08500646273158122,0.044973190348525476,0.27066666666666667,False,True,False,True
106,0,0,0,0,193.6,66,32.91,238.2,82,20.25,176.4,107,7.94,12.9,3,3.48,0,False,621.0999999999999,258,64.58,2.933333333333333,2.9048780487804877,1.6485981308411215,4.3,0.31170503944614397,0.38351312188053455,0.28401223635485434,0.02076960231846724,False,False,False,False,0.16998966942148758,0.0850125944584383,0.04501133786848072,0.2697674418604651,False,True,False,True
141,1,0,0,0,192.4,111,32.71,156.9,87,13.34,175.8,82,7.91,11.0,6,2.97,0,False,536.1,286,56.92999999999999,1.7333333333333334,1.8034482758620691,2.1439024390243904,1.8333333333333333,0.35888826711434435,0.2926692781197538,0.3279238947957471,0.02051855997015482,False,False,False,False,0.170010395010395,0.08502230720203952,0.0449943117178612,0.27,False,True,False,True
94,2,0,1,28,233.2,88,39.64,113.3,102,9.63,118.0,71,5.31,16.1,4,4.35,0,False,480.6,265,58.93000000000001,2.65,1.1107843137254902,1.6619718309859155,4.025,0.48522679983354133,0.23574698293799415,0.24552642530170618,0.03349979192675822,False,False,False,False,0.16998284734133792,0.08499558693733451,0.045,0.27018633540372666,True,False,False,True
65,2,0,0,0,158.8,53,27.0,188.5,132,16.02,189.3,87,8.52,9.8,4,2.65,2,False,546.4,276,54.18999999999999,2.99622641509434,1.428030303030303,2.1758620689655173,2.45,0.29062957540263545,0.34498535871156666,0.34644948755490484,0.01793557833089312,False,False,False,False,0.17002518891687657,0.0849867374005305,0.04500792393026941,0.2704081632653061,False,True,False,True
85,1,0,0,0,126.1,112,21.44,274.7,126,23.35,184.4,95,8.3,9.8,4,2.65,1,False,594.9999999999999,337,55.74,1.125892857142857,2.18015873015873,1.9410526315789474,2.45,0.21193277310924372,0.46168067226890763,0.30991596638655466,0.016470588235294122,False,False,False,False,0.17002379064234735,0.08500182016745542,0.04501084598698482,0.2704081632653061,False,True,False,True
71,2,0,0,0,290.4,108,49.37,253.9,92,21.58,263.3,126,11.85,10.1,5,2.73,3,True,817.6999999999999,331,85.52999999999999,2.6888888888888887,2.759782608695652,2.08968253968254,2.02,0.3551424727895316,0.3105050752109576,0.3220007337654397,0.012351718234071175,False,False,False,False,0.1700068870523416,0.0849940921622686,0.04500569692366122,0.2702970297029703,False,True,False,True
112,0,0,1,30,60.6,113,10.3,165.9,96,14.1,132.8,99,5.98,13.3,7,3.59,0,False,372.6,315,33.97,0.536283185840708,1.7281250000000001,1.3414141414141416,1.9000000000000001,0.16264090177133655,0.44524959742351045,0.3564143853998927,0.03569511540526033,False,False,False,False,0.16996699669966997,0.08499095840867993,0.04503012048192771,0.2699248120300752,True,False,False,True
110,1,0,0,0,148.4,95,25.23,193.8,98,16.47,206.0,106,9.27,6.9,6,1.86,0,False,555.1,305,52.83,1.5621052631578949,1.9775510204081634,1.9433962264150944,1.1500000000000001,0.2673392181588903,0.3491262835525131,0.37110430553053503,0.012430192758061611,False,False,False,False,0.1700134770889488,0.084984520123839,0.045,0.26956521739130435,False,True,False,True
111,1,0,0,0,246.5,108,41.91,216.3,89,18.39,179.6,99,8.08,12.7,3,3.43,2,False,655.1,299,71.81,2.2824074074074074,2.4303370786516854,1.814141414141414,4.233333333333333,0.37627843077392764,0.3301785986872233,0.2741566173103343,0.01938635322851473,False,False,False,False,0.17002028397565921,0.08502080443828017,0.04498886414253898,0.27007874015748035,False,True,False,True
74,0,0,0,0,298.1,112,50.68,201.3,100,17.11,214.7,88,9.66,9.7,4,2.62,2,True,723.8000000000001,304,80.07,2.661607142857143,2.013,2.439772727272727,2.425,0.41185410334346506,0.27811550151975684,0.2966289030118817,0.013401492124896377,False,False,False,False,0.170010063737001,0.08499751614505711,0.044993013507219376,0.2701030927835052,False,True,False,True
105,2,0,0,0,119.3,82,20.28,185.1,111,15.73,157.0,74,7.07,10.9,4,2.94,2,False,472.29999999999995,271,46.02,1.4548780487804878,1.6675675675675674,2.1216216216216215,2.725,0.25259369045098456,0.3919119203895829,0.3324158373914885,0.023078551767944107,False,False,False,False,0.16999161777032692,0.08498109130199892,0.04503184713375796,0.2697247706422018,False,True,False,True
40,0,0,0,0,242.5,82,41.23,232.9,97,19.8,154.0,86,6.93,9.6,7,2.59,0,False,639.0,272,70.55000000000001,2.957317073170732,2.4010309278350515,1.7906976744186047,1.3714285714285714,0.3794992175273865,0.3644757433489828,0.24100156494522693,0.015023474178403756,False,False,False,False,0.17002061855670103,0.0850150279089738,0.045,0.26979166666666665,False,True,False,True
128,0,1,1,18,222.1,89,37.76,160.6,109,13.65,218.8,102,9.85,13.6,2,3.67,0,True,615.1,302,64.92999999999999,2.495505617977528,1.473394495412844,2.145098039215686,6.8,0.3610794992684116,0.26109575678751423,0.3557145179645586,0.022110225979515525,False,False,False,False,0.170013507429086,0.08499377334993774,0.04501828153564899,0.2698529411764706,True,False,False,True
123,0,0,0,0,236.2,135,40.15,273.9,88,23.28,227.0,77,10.22,10.1,6,2.73,2,True,747.1999999999999,306,76.38000000000001,1.7496296296296296,3.1125,2.948051948051948,1.6833333333333333,0.3161134903640257,0.36656852248394006,0.30380085653104927,0.013517130620985012,False,False,False,False,0.1699830651989839,0.08499452354874043,0.045022026431718064,0.2702970297029703,False,True,False,True
122,2,0,0,0,144.2,87,24.51,212.2,74,18.04,169.3,87,7.62,9.5,4,2.57,0,False,535.2,252,52.739999999999995,1.657471264367816,2.8675675675675674,1.945977011494253,2.375,0.2694319880418535,0.3964872944693572,0.3163303437967115,0.017750373692077725,False,False,False,False,0.1699722607489598,0.08501413760603205,0.04500886001181335,0.27052631578947367,False,True,False,True
114,0,0,1,19,154.6,100,26.28,241.6,109,20.54,160.0,112,7.2,12.6,1,3.4,3,False,568.8000000000001,322,57.42,1.546,2.21651376146789,1.4285714285714286,12.6,0.2718002812939521,0.42475386779184243,0.2812939521800281,0.022151898734177212,False,False,False,False,0.16998706338939198,0.08501655629139072,0.045,0.2698412698412698,True,False,False,True
102,1,0,1,25,137.4,100,23.36,176.7,83,15.02,188.2,93,8.47,10.2,6,2.75,2,False,512.5,282,49.599999999999994,1.374,2.128915662650602,2.0236559139784944,1.7,0.26809756097560977,0.344780487804878,0.36721951219512194,0.019902439024390244,False,False,False,False,0.1700145560407569,0.08500282965478212,0.045005313496280556,0.26960784313725494,True,False,False,True
126,1,0,0,0,103.7,93,17.63,127.0,107,10.8,329.3,66,14.82,14.4,1,3.89,0,False,574.4,267,47.14,1.1150537634408602,1.1869158878504673,4.989393939393939,14.4,0.18053621169916437,0.22110027855153205,0.5732938718662953,0.02506963788300836,False,False,False,False,0.1700096432015429,0.08503937007874016,0.04500455511691467,0.2701388888888889,False,True,False,True
150,1,0,0,0,136.6,112,23.22,209.4,81,17.8,161.1,78,7.25,12.2,2,3.29,4,True,519.3000000000001,273,51.559999999999995,1.219642857142857,2.5851851851851855,2.065384615384615,6.1,0.26304640862699785,0.40323512420566143,0.3102253032928942,0.023493163874446367,False,False,False,False,0.16998535871156661,0.08500477554918816,0.04500310366232154,0.269672131147541,False,True,False,True
60,0,0,0,0,289.8,101,49.27,255.6,115,21.73,242.8,76,10.93,11.7,4,3.16,2,True,799.9000000000001,296,85.09,2.8693069306930696,2.222608695652174,3.194736842105263,2.925,0.3622952869108638,0.31953994249281154,0.3035379422427803,0.01462682835354419,False,False,False,False,0.17001380262249827,0.08501564945226918,0.045016474464579896,0.2700854700854701,False,True,False,True
138,2,1,0,0,196.2,129,33.35,176.5,86,15.0,232.4,108,10.46,15.2,1,4.1,0,True,620.3000000000001,324,62.910000000000004,1.5209302325581395,2.052325581395349,2.151851851851852,15.2,0.316298565210382,0.28453973883604705,0.37465742382718037,0.02450427212639045,False,False,False,True,0.16997961264016312,0.08498583569405099,0.04500860585197935,0.26973684210526316,False,True,False,True
29,2,0,0,0,195.6,71,33.25,126.4,74,10.74,148.6,87,6.69,14.2,4,3.83,1,False,484.8,236,54.51,2.7549295774647886,1.7081081081081082,1.7080459770114942,3.55,0.40346534653465344,0.2607260726072607,0.3065181518151815,0.029290429042904288,False,False,False,False,0.16998977505112475,0.08496835443037974,0.04502018842530283,0.26971830985915496,False,True,True,False
111,1,0,0,0,222.2,96,37.77,162.5,111,13.81,184.9,120,8.32,11.9,7,3.21,4,False,581.5,334,63.11000000000001,2.314583333333333,1.4639639639639639,1.5408333333333333,1.7,0.3821152192605331,0.2794496990541703,0.3179707652622528,0.020464316423043853,False,False,False,False,0.16998199819982002,0.0849846153846154,0.0449972958355868,0.26974789915966385,False,True,False,True
37,2,1,0,0,172.9,119,29.39,183.0,86,15.56,226.4,100,10.19,9.8,1,2.65,0,True,592.0999999999999,306,57.79,1.4529411764705882,2.127906976744186,2.2640000000000002,9.8,0.29201148454652937,0.30906941395034626,0.382367843269718,0.016551258233406523,False,False,False,True,0.16998264893001735,0.0850273224043716,0.04500883392226148,0.2704081632653061,False,True,False,True
81,2,0,0,0,154.5,84,26.27,216.2,91,18.38,229.8,82,10.34,13.7,3,3.7,1,False,614.2,260,58.69,1.8392857142857142,2.375824175824176,2.802439024390244,4.566666666666666,0.2515467274503419,0.35200260501465314,0.3741452295669163,0.02230543796808857,False,False,False,False,0.17003236245954692,0.08501387604070305,0.04499564838990426,0.27007299270072993,False,True,False,True
46,2,0,0,0,90.4,108,15.37,276.2,77,23.48,146.5,111,6.59,12.7,2,3.43,1,False,525.8000000000001,298,48.87,0.8370370370370371,3.587012987012987,1.3198198198198199,6.35,0.17192848992012172,0.5252947888931152,0.27862305058957776,0.024153670597185237,False,False,False,False,0.17002212389380528,0.08501086169442433,0.04498293515358362,0.27007874015748035,False,True,False,True
125,0,0,0,0,106.1,95,18.04,157.6,113,13.4,192.5,69,8.66,8.1,3,2.19,1,False,464.3,280,42.28999999999999,1.1168421052631579,1.3946902654867257,2.789855072463768,2.6999999999999997,0.2285160456601335,0.33943570967047165,0.4146026276114581,0.017445617057936676,False,False,False,False,0.1700282752120641,0.0850253807106599,0.044987012987012985,0.27037037037037037,False,True,False,True
43,1,0,0,0,27.0,117,4.59,160.9,97,13.68,279.5,96,12.58,10.7,3,2.89,3,False,478.09999999999997,313,33.74,0.23076923076923078,1.6587628865979382,2.9114583333333335,3.5666666666666664,0.05647354110018825,0.3365404727044552,0.5846057310186153,0.02238025517674127,False,False,False,False,0.16999999999999998,0.08502175264139217,0.04500894454382826,0.27009345794392525,False,True,False,True
94,2,0,0,0,245.0,112,41.65,180.4,91,15.33,262.9,105,11.83,9.7,6,2.62,1,False,698.0,314,71.43,2.1875,1.9824175824175825,2.5038095238095237,1.6166666666666665,0.3510028653295129,0.25845272206303727,0.376647564469914,0.013896848137535816,False,False,False,False,0.16999999999999998,0.08497782705099778,0.044998098136173455,0.2701030927835052,False,True,False,True
46,0,0,0,0,196.7,85,33.44,205.9,74,17.5,216.6,112,9.75,11.2,5,3.02,3,False,630.4000000000001,276,63.71,2.3141176470588234,2.7824324324324325,1.9339285714285714,2.2399999999999998,0.31202411167512684,0.3266180203045685,0.3435913705583756,0.017766497461928932,False,False,False,False,0.17000508388408744,0.08499271491015056,0.045013850415512466,0.2696428571428572,False,True,False,True
73,0,0,1,26,131.2,98,22.3,106.5,97,9.05,221.7,96,9.98,10.2,6,2.75,2,False,469.59999999999997,297,44.08,1.3387755102040815,1.097938144329897,2.3093749999999997,1.7,0.27938671209540034,0.2267887563884157,0.4721039182282794,0.0217206132879046,False,False,False,False,0.16996951219512196,0.08497652582159625,0.04501578709968426,0.26960784313725494,True,False,False,True
146,0,0,1,23,149.6,96,25.43,239.8,124,20.38,293.5,135,13.21,7.4,4,2.0,2,False,690.3,359,61.02,1.5583333333333333,1.9338709677419357,2.174074074074074,1.85,0.21671736925974214,0.347385194842822,0.4251774590757642,0.010719976821671738,False,False,False,False,0.16998663101604278,0.08498748957464553,0.04500851788756389,0.27027027027027023,True,False,False,True
93,1,0,0,0,239.8,70,40.77,251.8,99,21.4,168.6,112,7.59,10.9,10,2.94,1,False,671.1,291,72.7,3.4257142857142857,2.5434343434343436,1.5053571428571428,1.09,0.35732379675160186,0.3752048874981374,0.2512293249888243,0.016241990761436446,False,False,False,False,0.17001668056713928,0.08498808578236695,0.04501779359430605,0.2697247706422018,False,True,False,True
52,0,0,1,31,142.1,77,24.16,193.0,97,16.41,253.4,88,11.4,11.0,4,2.97,1,False,599.5,266,54.94,1.8454545454545455,1.9896907216494846,2.8795454545454544,2.75,0.23703085904920768,0.3219349457881568,0.4226855713094245,0.01834862385321101,False,False,False,False,0.1700211118930331,0.08502590673575129,0.04498816101026046,0.27,True,False,False,True
202,2,0,0,0,115.4,137,19.62,178.7,70,15.19,185.7,113,8.36,6.0,3,1.62,3,False,485.8,323,44.79,0.8423357664233577,2.5528571428571425,1.643362831858407,2.0,0.23754631535611365,0.36784685055578425,0.3822560724578015,0.012350761630300536,False,False,False,False,0.17001733102253033,0.08500279798545048,0.04501884760366182,0.27,False,True,False,True
129,2,0,1,31,193.0,99,32.81,224.8,87,19.11,197.6,91,8.89,10.3,8,2.78,2,False,625.6999999999999,285,63.59,1.9494949494949494,2.5839080459770116,2.1714285714285713,1.2875,0.3084545309253636,0.3592776090778329,0.3158062969474189,0.016461563049384693,False,False,False,False,0.17,0.08500889679715302,0.044989878542510124,0.2699029126213592,True,False,False,True
94,1,0,0,0,206.1,49,35.04,224.6,115,19.09,256.7,74,11.55,13.0,1,3.51,1,False,700.4,239,69.19,4.206122448979592,1.9530434782608694,3.4689189189189187,13.0,0.2942604226156482,0.32067390062821244,0.36650485436893204,0.01856082238720731,False,False,False,False,0.1700145560407569,0.08499554764024933,0.04499415660303857,0.26999999999999996,False,True,False,True
100,1,0,0,0,160.3,138,27.25,221.3,92,18.81,150.4,120,6.77,11.2,2,3.02,0,False,543.2,352,55.85,1.1615942028985509,2.4054347826086957,1.2533333333333334,5.6,0.29510309278350516,0.40740058910162,0.27687776141384385,0.020618556701030924,False,False,False,False,0.16999376169681846,0.08499774062358788,0.04501329787234042,0.2696428571428572,False,True,False,True
43,1,0,0,0,199.9,108,33.98,288.4,80,24.51,180.6,103,8.13,11.3,7,3.05,1,False,680.1999999999999,298,69.66999999999999,1.850925925925926,3.6049999999999995,1.7533980582524271,1.6142857142857143,0.29388415172008236,0.4239929432519847,0.265510144075272,0.016612760952660986,False,False,False,False,0.1699849924962481,0.0849861303744799,0.04501661129568107,0.26991150442477874,False,True,False,True
130,1,0,0,0,213.1,105,36.23,206.2,108,17.53,163.4,93,7.35,8.9,3,2.4,0,False,591.5999999999999,309,63.51,2.0295238095238095,1.9092592592592592,1.756989247311828,2.966666666666667,0.3602096010818121,0.3485463150777553,0.27620013522650444,0.015043948613928333,False,False,False,False,0.1700140778977006,0.0850145489815713,0.04498164014687882,0.2696629213483146,False,True,False,True
124,1,0,0,0,178.3,102,30.31,235.0,120,19.98,239.7,119,10.79,10.9,1,2.94,3,False,663.9,342,64.02,1.7480392156862745,1.9583333333333333,2.0142857142857142,10.9,0.2685645428528393,0.35396897123060705,0.3610483506552192,0.016418135261334538,False,False,False,False,0.16999439147504206,0.08502127659574468,0.04501460158531498,0.2697247706422018,False,True,False,True
92,2,1,0,0,252.3,120,42.89,207.0,112,17.6,284.6,95,12.81,12.0,5,3.24,3,True,755.9000000000001,332,76.53999999999999,2.1025,1.8482142857142858,2.995789473684211,2.4,0.33377430877100145,0.27384574679190365,0.37650482868104246,0.015875115756052386,False,False,False,True,0.16999603646452635,0.08502415458937199,0.04501054111033029,0.27,False,True,False,True
48,1,0,0,0,197.7,64,33.61,136.7,126,11.62,244.4,81,11.0,13.2,5,3.56,4,False,592.0,276,59.79,3.0890625,1.0849206349206348,3.017283950617284,2.6399999999999997,0.33395270270270266,0.23091216216216215,0.41283783783783784,0.022297297297297295,False,False,False,False,0.17000505816894285,0.08500365764447695,0.045008183306055646,0.2696969696969697,False,True,False,True
98,2,0,1,29,111.1,105,18.89,217.9,101,18.52,248.1,108,11.16,6.6,3,1.78,2,False,583.7,317,50.349999999999994,1.058095238095238,2.1574257425742576,2.297222222222222,2.1999999999999997,0.19033750214151102,0.37330820627034433,0.4250471132431043,0.01130717834504026,False,False,False,False,0.17002700270027005,0.08499311610830655,0.04498186215235792,0.2696969696969697,True,False,False,True
100,1,0,0,0,96.5,86,16.41,210.2,133,17.87,146.4,106,6.59,12.5,3,3.38,1,True,465.6,328,44.25000000000001,1.122093023255814,1.5804511278195488,1.3811320754716983,4.166666666666667,0.2072594501718213,0.4514604810996563,0.31443298969072164,0.026847079037800686,False,False,False,False,0.17005181347150258,0.08501427212178878,0.04501366120218579,0.2704,False,True,False,True
79,1,0,0,0,156.9,109,26.67,122.2,87,10.39,189.1,103,8.51,11.3,5,3.05,3,False,479.50000000000006,304,48.62,1.4394495412844037,1.4045977011494253,1.8359223300970873,2.2600000000000002,0.32721584984358704,0.25484880083420225,0.39436913451511985,0.02356621480709072,False,False,False,False,0.169980879541109,0.08502454991816694,0.04500264410364886,0.26991150442477874,False,True,False,True
164,1,0,0,0,123.3,78,20.96,170.0,85,14.45,165.9,78,7.47,12.7,2,3.43,1,False,471.90000000000003,243,46.309999999999995,1.5807692307692307,2.0,2.126923076923077,6.35,0.26128417037507945,0.3602458147912693,0.35155753337571516,0.026912481457936,False,False,False,False,0.1699918896999189,0.08499999999999999,0.04502712477396022,0.27007874015748035,False,True,False,True
89,0,1,0,0,206.9,134,35.17,167.7,105,14.25,155.7,86,7.01,10.9,4,2.94,0,False,541.1999999999999,329,59.37,1.5440298507462686,1.597142857142857,1.8104651162790697,2.725,0.38229859571322994,0.3098669623059867,0.2876940133037694,0.020140428677014047,False,False,False,True,0.16998550024166265,0.08497316636851521,0.04502247912652537,0.2697247706422018,False,True,False,True
126,1,0,0,0,249.8,96,42.47,261.9,92,22.26,166.8,108,7.51,12.7,4,3.43,3,True,691.2,300,75.67000000000002,2.6020833333333333,2.8467391304347824,1.5444444444444445,3.175,0.36140046296296297,0.37890624999999994,0.24131944444444445,0.01837384259259259,False,False,False,False,0.1700160128102482,0.08499427262313862,0.04502398081534772,0.27007874015748035,False,True,False,True
96,0,0,0,0,144.0,102,24.48,224.7,73,19.1,227.7,91,10.25,10.0,7,2.7,1,False,606.4,273,56.53,1.411764705882353,3.0780821917808217,2.502197802197802,1.4285714285714286,0.237467018469657,0.3705474934036939,0.37549472295514513,0.016490765171503958,False,False,False,False,0.17,0.08500222518914109,0.045015371102327624,0.27,False,True,False,True
120,1,0,1,33,299.5,83,50.92,163.4,84,13.89,146.7,88,6.6,11.6,5,3.13,0,False,621.1999999999999,260,74.53999999999999,3.608433734939759,1.9452380952380952,1.6670454545454545,2.32,0.4821313586606569,0.26303927881519645,0.23615582743077915,0.018673535093367676,False,False,False,False,0.17001669449081805,0.08500611995104039,0.044989775051124746,0.26982758620689656,True,False,False,True
212,1,0,0,0,226.0,127,38.42,304.6,83,25.89,181.2,132,8.15,12.6,4,3.4,2,True,724.4,346,75.86000000000001,1.779527559055118,3.6698795180722894,1.3727272727272726,3.15,0.31198233020430705,0.4204859193815572,0.2501380452788515,0.017393705135284373,False,False,False,False,0.17,0.08499671700590938,0.04497792494481237,0.2698412698412698,False,True,False,True
72,1,0,0,0,137.6,106,23.39,143.5,94,12.2,273.7,110,12.32,9.6,6,2.59,2,False,564.4,316,50.5,1.2981132075471697,1.5265957446808511,2.4881818181818183,1.5999999999999999,0.2437987243090007,0.25425230333097093,0.48493975903614456,0.01700921332388377,False,False,False,False,0.16998546511627907,0.08501742160278745,0.04501278772378517,0.26979166666666665,False,True,False,True
155,1,1,1,26,211.7,121,35.99,139.2,123,11.83,146.7,89,6.6,11.1,3,3.0,1,False,508.7,336,57.42,1.7495867768595041,1.1317073170731706,1.6483146067415728,3.6999999999999997,0.4161588362492628,0.27363868684883036,0.28838215057990957,0.02182032632199725,False,False,False,False,0.1700047236655645,0.08498563218390805,0.044989775051124746,0.2702702702702703,True,False,False,True
89,1,0,0,0,89.7,80,15.25,179.8,81,15.28,145.7,120,6.56,9.5,4,2.57,2,False,424.7,285,39.660000000000004,1.12125,2.2197530864197534,1.2141666666666666,2.375,0.21120791146691784,0.4233576642335767,0.3430656934306569,0.0223687308688486,False,False,False,False,0.17001114827201783,0.08498331479421578,0.04502402196293755,0.27052631578947367,False,True,False,True
126,0,1,0,0,197.6,126,33.59,246.5,112,20.95,285.3,104,12.84,12.5,8,3.38,2,False,741.9000000000001,350,70.76,1.5682539682539682,2.200892857142857,2.743269230769231,1.5625,0.26634317293435766,0.3322550208923035,0.3845531742822482,0.01684863189109044,False,False,False,True,0.16998987854251013,0.08498985801217038,0.04500525762355415,0.2704,False,True,False,True
172,0,0,0,0,270.0,102,45.9,256.6,111,21.81,168.5,104,7.58,12.0,5,3.24,2,True,707.1,322,78.52999999999999,2.6470588235294117,2.311711711711712,1.6201923076923077,2.4,0.38184132371658885,0.3628906802432471,0.23829727054164898,0.01697072549851506,False,False,False,False,0.16999999999999998,0.08499610288386593,0.044985163204747776,0.27,False,True,False,True
143,2,0,0,0,194.3,99,33.03,123.6,133,10.51,229.5,99,10.33,10.2,2,2.75,2,False,557.6,333,56.62,1.9626262626262627,0.9293233082706767,2.3181818181818183,5.1,0.3484576757532281,0.22166427546628406,0.4115853658536585,0.018292682926829267,False,False,False,False,0.16999485331960884,0.08503236245954693,0.045010893246187365,0.26960784313725494,False,True,False,True
166,2,1,0,0,47.7,89,8.11,264.4,95,22.47,235.2,97,10.58,13.2,3,3.56,0,True,560.5,284,44.72,0.5359550561797753,2.783157894736842,2.424742268041237,4.3999999999999995,0.08510258697591437,0.471721677074041,0.41962533452274753,0.023550401427297054,False,False,False,True,0.17002096436058697,0.08498487140695915,0.044982993197278914,0.2696969696969697,False,True,False,True
132,1,0,0,0,190.1,105,32.32,182.2,116,15.49,279.8,105,12.59,13.0,2,3.51,1,False,665.0999999999999,328,63.910000000000004,1.8104761904761904,1.5706896551724137,2.664761904761905,6.5,0.2858216809502331,0.273943767854458,0.4206886182528944,0.019545932942414676,False,False,False,False,0.1700157811678064,0.08501646542261251,0.0449964260185847,0.26999999999999996,False,True,False,True
94,0,1,0,0,89.5,94,15.22,339.9,106,28.89,172.9,76,7.78,7.9,1,2.13,1,True,610.1999999999999,277,54.02,0.9521276595744681,3.2066037735849053,2.275,7.9,0.14667322189446086,0.5570304818092429,0.2833497214028188,0.01294657489347755,False,False,False,True,0.17005586592178773,0.08499558693733451,0.04499710815500289,0.26962025316455696,False,True,False,True
99,1,0,0,0,182.6,83,31.04,154.5,111,13.13,196.0,57,8.82,12.1,5,3.27,0,False,545.2,256,56.260000000000005,2.1999999999999997,1.3918918918918919,3.43859649122807,2.42,0.3349229640498899,0.2833822450476889,0.359501100513573,0.022193690388848126,False,False,False,False,0.16998904709748083,0.08498381877022654,0.045,0.2702479338842975,False,True,False,True
136,1,0,1,35,205.5,86,34.94,298.5,119,25.37,214.2,104,9.64,6.9,4,1.86,1,False,725.1,313,71.81,2.38953488372093,2.508403361344538,2.0596153846153844,1.725,0.2834091849400083,0.41166735622672734,0.2954075299958626,0.009515928837401738,False,False,False,False,0.1700243309002433,0.08499162479061977,0.045004668534080305,0.26956521739130435,True,False,False,True
119,1,0,0,0,231.5,82,39.36,266.9,97,22.69,211.0,118,9.49,7.4,10,2.0,1,False,716.8,307,73.53999999999999,2.823170731707317,2.751546391752577,1.7881355932203389,0.74,0.32296316964285715,0.37234933035714285,0.2943638392857143,0.010323660714285716,False,False,False,False,0.17002159827213822,0.08501311352566505,0.04497630331753555,0.27027027027027023,False,True,False,True
115,2,1,0,0,251.3,69,42.72,252.5,96,21.46,118.3,112,5.32,9.9,1,2.67,3,True,632.0,278,72.17,3.6420289855072467,2.6302083333333335,1.05625,9.9,0.397626582278481,0.3995253164556962,0.18718354430379747,0.015664556962025317,False,False,False,True,0.1699960206923995,0.084990099009901,0.04497041420118344,0.26969696969696966,False,True,False,True
160,1,0,0,0,171.2,103,29.1,243.5,121,20.7,178.2,92,8.02,13.0,3,3.51,2,False,605.9,319,61.32999999999999,1.6621359223300969,2.012396694214876,1.9369565217391302,4.333333333333333,0.2825548770424162,0.40188149859712824,0.29410793860372997,0.02145568575672553,False,False,False,False,0.1699766355140187,0.08501026694045175,0.04500561167227834,0.26999999999999996,False,True,False,True
166,2,0,0,0,197.9,89,33.64,251.0,113,21.34,138.3,85,6.22,11.2,2,3.02,2,False,598.4000000000001,289,64.22,2.2235955056179777,2.2212389380530975,1.627058823529412,5.6,0.3307152406417112,0.41945187165775394,0.2311163101604278,0.018716577540106947,False,False,False,False,0.16998484082870136,0.0850199203187251,0.044974692697035426,0.2696428571428572,False,True,False,True
120,2,0,0,0,134.8,94,22.92,204.1,106,17.35,238.4,109,10.73,6.7,8,1.81,1,False,584.0,317,52.81,1.4340425531914895,1.9254716981132074,2.1871559633027524,0.8375,0.2308219178082192,0.34948630136986303,0.40821917808219177,0.011472602739726027,False,False,False,False,0.17002967359050444,0.08500734933855954,0.04500838926174497,0.2701492537313433,False,True,False,True
173,1,0,0,0,191.4,114,32.54,168.5,138,14.32,109.3,99,4.92,10.3,3,2.78,1,False,479.5,354,54.56,1.6789473684210527,1.2210144927536233,1.104040404040404,3.4333333333333336,0.3991657977059437,0.35140771637122004,0.22794577685088632,0.02148070907194995,False,False,False,False,0.17001044932079415,0.08498516320474778,0.045013723696248856,0.2699029126213592,False,True,False,True
156,1,0,0,0,174.5,65,29.67,197.4,116,16.78,238.5,86,10.73,10.6,2,2.86,0,False,621.0,269,60.040000000000006,2.6846153846153844,1.7017241379310346,2.7732558139534884,5.3,0.2809983896940419,0.3178743961352657,0.38405797101449274,0.017069243156199676,False,False,False,False,0.17002865329512895,0.08500506585612969,0.044989517819706504,0.269811320754717,False,True,False,True
70,1,0,0,0,177.4,125,30.16,226.2,104,19.23,254.1,72,11.43,10.9,4,2.94,0,False,668.6,305,63.76,1.4192,2.175,3.529166666666667,2.725,0.2653305414298534,0.3383188752617409,0.3800478612025127,0.01630272210589291,False,False,False,False,0.17001127395715895,0.08501326259946951,0.04498229043683589,0.2697247706422018,False,True,False,True
41,2,0,0,0,182.1,89,30.96,211.5,104,17.98,207.4,124,9.33,6.8,1,1.84,1,False,607.8,318,60.11,2.046067415730337,2.0336538461538463,1.6725806451612903,6.8,0.29960513326752225,0.34797630799605134,0.34123066798288915,0.011187890753537348,False,False,False,False,0.1700164744645799,0.08501182033096927,0.04498553519768563,0.2705882352941177,False,True,False,True
132,0,0,0,0,222.4,85,37.81,165.4,76,14.06,208.4,97,9.38,11.2,4,3.02,0,False,607.4000000000001,262,64.27000000000001,2.6164705882352943,2.1763157894736844,2.1484536082474226,2.8,0.36615080671715505,0.27230819888047414,0.34310174514323344,0.018439249259137303,False,False,False,False,0.1700089928057554,0.08500604594921403,0.04500959692898273,0.2696428571428572,False,True,False,True
47,2,1,0,0,47.8,120,8.13,178.9,123,15.21,152.6,96,6.87,13.3,7,3.59,0,True,392.59999999999997,346,33.800000000000004,0.3983333333333333,1.4544715447154473,1.5895833333333333,1.9000000000000001,0.1217524197656648,0.45568008150789613,0.3886907794192563,0.03387671930718289,False,False,False,True,0.17008368200836824,0.08501956400223588,0.045019659239842726,0.2699248120300752,False,True,False,True
160,2,0,0,0,121.8,97,20.71,89.3,97,7.59,150.7,92,6.78,10.3,5,2.78,1,False,372.09999999999997,291,37.86,1.2556701030927835,0.9206185567010309,1.6380434782608695,2.06,0.32733136253695244,0.23998925020155873,0.4049986562751948,0.027680730986294012,False,False,False,False,0.17003284072249591,0.08499440089585666,0.04499004644990047,0.2699029126213592,False,True,False,True
180,1,0,0,0,143.5,121,24.4,189.3,111,16.09,174.9,82,7.87,8.8,5,2.38,3,False,516.5,319,50.739999999999995,1.1859504132231404,1.7054054054054055,2.1329268292682926,1.7600000000000002,0.27783155856727976,0.36650532429816074,0.33862536302032914,0.017037754114230398,False,False,False,False,0.1700348432055749,0.0849973586899102,0.04499714122355632,0.27045454545454545,False,True,False,True
93,1,0,0,0,164.9,68,28.03,210.4,86,17.88,229.4,104,10.32,7.8,4,2.11,2,False,612.5,262,58.339999999999996,2.4250000000000003,2.4465116279069767,2.205769230769231,1.95,0.2692244897959184,0.3435102040816327,0.374530612244898,0.01273469387755102,False,False,False,False,0.16998180715585204,0.08498098859315589,0.04498692240627725,0.2705128205128205,False,True,False,True
109,1,0,0,0,193.6,58,32.91,148.7,115,12.64,282.5,105,12.71,13.1,1,3.54,2,False,637.9,279,61.8,3.3379310344827586,1.2930434782608695,2.6904761904761907,13.1,0.303495845743847,0.23310863771751056,0.4428593823483305,0.02053613419031196,False,False,False,False,0.16998966942148758,0.08500336247478145,0.04499115044247788,0.2702290076335878,False,True,False,True
80,2,0,0,0,101.1,121,17.19,263.2,110,22.37,137.7,74,6.2,7.3,5,1.97,0,False,509.29999999999995,310,47.730000000000004,0.8355371900826446,2.3927272727272726,1.8608108108108106,1.46,0.19850775574317692,0.5167877478892597,0.2703710975849205,0.014333398782642844,False,False,False,False,0.17002967359050447,0.08499240121580548,0.04502541757443719,0.26986301369863014,False,True,False,True
54,1,0,1,24,92.3,88,15.69,193.1,98,16.41,99.3,119,4.47,11.6,3,3.13,2,False,396.3,308,39.7,1.0488636363636363,1.970408163265306,0.834453781512605,3.8666666666666667,0.23290436537976278,0.48725712843805197,0.25056775170325507,0.029270754478930103,False,False,False,False,0.16998916576381365,0.08498187467633352,0.04501510574018127,0.26982758620689656,True,False,False,True
121,1,0,0,0,168.9,128,28.71,123.9,99,10.53,266.3,105,11.98,2.9,7,0.78,2,False,562.0,339,52.0,1.31953125,1.2515151515151515,2.5361904761904763,0.41428571428571426,0.3005338078291815,0.2204626334519573,0.4738434163701068,0.0051601423487544484,False,False,False,False,0.1699822380106572,0.08498789346246972,0.04498685692827638,0.26896551724137935,False,True,False,True
157,2,0,1,29,219.2,102,37.26,206.0,109,17.51,192.4,117,8.66,15.0,5,4.05,1,False,632.6,333,67.47999999999999,2.149019607843137,1.889908256880734,1.6444444444444446,3.0,0.34650648118874483,0.325640214985773,0.3041416376857414,0.023711666139740753,False,False,False,False,0.1699817518248175,0.085,0.04501039501039501,0.26999999999999996,True,False,False,True
170,2,0,1,37,178.1,130,30.28,242.8,103,20.64,243.0,93,10.93,13.0,4,3.51,0,False,676.9,330,65.36,1.3699999999999999,2.3572815533980584,2.6129032258064515,3.25,0.26311124242871914,0.35869404638794505,0.358989511006057,0.01920520017727877,False,False,False,False,0.17001684446939921,0.08500823723228995,0.04497942386831275,0.26999999999999996,True,False,False,True
138,2,0,0,0,146.5,101,24.91,284.5,142,24.18,176.0,98,7.92,14.0,6,3.78,3,False,621.0,347,60.790000000000006,1.4504950495049505,2.0035211267605635,1.7959183673469388,2.3333333333333335,0.2359098228663446,0.4581320450885668,0.2834138486312399,0.02254428341384863,False,False,False,False,0.17003412969283277,0.08499121265377856,0.045,0.26999999999999996,False,True,False,True
92,1,0,1,31,172.3,116,29.29,266.2,91,22.63,228.2,90,10.27,11.8,5,3.19,1,False,678.5,302,65.38,1.485344827586207,2.925274725274725,2.5355555555555553,2.3600000000000003,0.2539425202652911,0.3923360353721444,0.3363301400147384,0.017391304347826087,False,False,False,False,0.16999419616947184,0.08501126972201352,0.04500438212094654,0.2703389830508474,True,False,False,True
167,1,0,0,0,169.2,124,28.76,173.3,108,14.73,216.5,64,9.74,12.4,4,3.35,4,True,571.4,300,56.580000000000005,1.364516129032258,1.6046296296296296,3.3828125,3.1,0.296114805740287,0.30329016450822543,0.37889394469723486,0.021701085054252715,False,False,False,False,0.1699763593380615,0.08499711482977496,0.04498845265588915,0.2701612903225806,False,True,False,True
91,2,0,0,0,123.8,107,21.05,319.0,125,27.12,237.6,78,10.69,7.3,4,1.97,2,False,687.6999999999999,314,60.83,1.1570093457943924,2.552,3.046153846153846,1.825,0.18002035771411953,0.4638650574378363,0.34549949105714706,0.010615093790897194,False,False,False,False,0.17003231017770598,0.08501567398119123,0.04499158249158249,0.26986301369863014,False,True,False,True
127,2,0,0,0,96.0,117,16.32,177.0,68,15.05,162.2,127,7.3,9.7,4,2.62,3,False,444.9,316,41.29,0.8205128205128205,2.6029411764705883,1.2771653543307087,2.425,0.21577882670262982,0.39784221173297374,0.36457630928298496,0.021802652281411553,False,False,False,False,0.17,0.08502824858757063,0.045006165228113446,0.2701030927835052,False,True,False,True
88,0,0,1,27,93.4,106,15.88,252.0,92,21.42,189.0,104,8.5,10.9,1,2.94,1,False,545.3,303,48.74,0.8811320754716981,2.739130434782609,1.8173076923076923,10.9,0.1712818631945718,0.46213093709884473,0.34659820282413356,0.019988996882450028,False,False,False,False,0.17002141327623127,0.085,0.04497354497354497,0.2697247706422018,True,False,False,True
123,0,0,0,0,257.9,92,43.84,211.6,71,17.99,189.3,104,8.52,9.4,2,2.54,2,False,668.1999999999999,269,72.89,2.803260869565217,2.980281690140845,1.8201923076923079,4.7,0.3859622867404969,0.316671655193056,0.28329841364860825,0.014067644417838972,False,False,False,False,0.16998836758433505,0.08501890359168242,0.04500792393026941,0.2702127659574468,False,True,False,True
136,0,1,1,29,85.2,98,14.48,230.4,85,19.58,243.6,104,10.96,9.0,3,2.43,2,False,568.2,290,47.45,0.8693877551020408,2.7105882352941175,2.3423076923076924,3.0,0.14994720168954592,0.4054910242872228,0.4287222808870116,0.01583949313621964,False,False,False,False,0.1699530516431925,0.08498263888888888,0.04499178981937603,0.27,True,False,False,True
68,1,0,1,34,160.0,72,27.2,184.5,119,15.68,208.3,101,9.37,6.1,10,1.65,1,False,558.9,302,53.89999999999999,2.2222222222222223,1.550420168067227,2.0623762376237624,0.61,0.28627661477903027,0.33011272141706927,0.37269636786545,0.010914295938450528,False,False,False,False,0.16999999999999998,0.08498644986449864,0.04498319731156984,0.27049180327868855,True,False,False,True
132,1,0,1,10,182.9,54,31.09,292.4,68,24.85,142.3,116,6.4,11.5,4,3.11,0,False,629.0999999999999,242,65.45,3.3870370370370373,4.3,1.2267241379310345,2.875,0.2907327928787157,0.4647909712287395,0.2261961532347799,0.018280082657765064,False,False,False,False,0.16998359759431383,0.08498632010943914,0.044975404075895994,0.27043478260869563,True,False,False,True
133,1,0,0,0,216.2,67,36.75,222.2,133,18.89,192.0,95,8.64,3.1,1,0.84,2,False,633.5,296,65.12,3.2268656716417907,1.6706766917293232,2.0210526315789474,3.1,0.34127861089187056,0.3507498026835043,0.303078137332281,0.0048934490923441204,False,False,False,False,0.16998149861239595,0.08501350135013502,0.045000000000000005,0.27096774193548384,False,True,False,True
127,1,0,0,0,261.7,105,44.49,181.8,107,15.45,100.9,131,4.54,3.3,5,0.89,0,False,547.6999999999999,348,65.37,2.492380952380952,1.6990654205607478,0.7702290076335878,0.6599999999999999,0.477816322804455,0.3319335402592661,0.1842249406609458,0.006025196275333212,False,False,False,False,0.1700038211692778,0.08498349834983497,0.044995044598612484,0.2696969696969697,False,True,False,True
121,2,0,0,0,177.2,142,30.12,123.5,88,10.5,213.2,51,9.59,8.4,6,2.27,1,False,522.3,287,52.48000000000001,1.2478873239436619,1.4034090909090908,4.1803921568627445,1.4000000000000001,0.3392686195672985,0.2364541451273215,0.4081945242197971,0.016082711085583002,False,False,False,False,0.16997742663656887,0.08502024291497975,0.044981238273921205,0.2702380952380952,False,True,False,True
116,2,0,0,0,89.5,128,15.22,180.8,137,15.37,193.1,94,8.69,14.0,3,3.78,2,False,477.4,362,43.06,0.69921875,1.3197080291970804,2.054255319148936,4.666666666666667,0.1874738165060746,0.378718056137411,0.4044826141600335,0.02932551319648094,False,False,False,False,0.17005586592178773,0.08501106194690264,0.04500258933195236,0.26999999999999996,False,True,False,True
97,2,1,0,0,145.0,103,24.65,294.3,93,25.02,239.8,120,10.79,11.0,2,2.97,4,True,690.1,318,63.43,1.4077669902912622,3.164516129032258,1.9983333333333335,5.5,0.21011447616287493,0.42645993334299376,0.34748587161280975,0.015939718881321546,False,False,False,True,0.16999999999999998,0.08501529051987768,0.044995829858215174,0.27,False,True,False,True
43,2,0,0,0,159.5,99,27.12,119.7,149,10.17,173.9,126,7.83,6.8,3,1.84,2,False,459.90000000000003,377,46.96,1.6111111111111112,0.8033557046979866,1.3801587301587301,2.2666666666666666,0.34681452489671666,0.2602739726027397,0.3781256794955425,0.014785823005001086,False,False,False,False,0.17003134796238245,0.08496240601503759,0.04502587694077056,0.2705882352941177,False,True,False,True
110,1,0,0,0,151.8,106,25.81,138.0,126,11.73,233.5,112,10.51,11.2,8,3.02,3,False,534.5,352,51.07,1.4320754716981132,1.0952380952380953,2.0848214285714284,1.4,0.28400374181478016,0.25818521983161835,0.4368568755846586,0.020954162768942936,False,False,False,False,0.17002635046113304,0.085,0.04501070663811563,0.2696428571428572,False,True,False,True
67,0,0,0,0,176.2,120,29.95,236.0,138,20.06,152.5,104,6.86,10.6,4,2.86,1,False,575.3000000000001,366,59.73,1.4683333333333333,1.710144927536232,1.4663461538461537,2.65,0.30627498696332345,0.4102207543890144,0.26507908917086737,0.018425169476794713,False,False,False,False,0.1699772985244041,0.08499999999999999,0.04498360655737705,0.269811320754717,False,True,False,True
166,0,0,0,0,152.1,95,25.86,121.0,105,10.29,198.0,126,8.91,9.8,5,2.65,0,False,480.90000000000003,331,47.71,1.6010526315789473,1.1523809523809523,1.5714285714285714,1.9600000000000002,0.3162819713038053,0.25161156165522974,0.41172800998128506,0.020378457059679767,False,False,False,False,0.17001972386587771,0.08504132231404958,0.045,0.2704081632653061,False,True,False,True
129,0,0,0,0,161.3,122,27.42,220.6,95,18.75,224.7,104,10.11,9.6,3,2.59,1,False,616.1999999999999,324,58.870000000000005,1.3221311475409836,2.3221052631578947,2.160576923076923,3.1999999999999997,0.26176566049983774,0.35800064913988966,0.36465433300876343,0.01557935735150925,False,False,False,False,0.16999380037197767,0.08499546690843156,0.04499332443257677,0.26979166666666665,False,True,False,True
103,2,1,0,0,171.7,78,29.19,144.5,86,12.28,157.9,106,7.11,6.8,3,1.84,3,False,480.90000000000003,273,50.42,2.201282051282051,1.680232558139535,1.489622641509434,2.2666666666666666,0.35703888542316486,0.3004782699105843,0.32834269078810563,0.014140153878145142,False,False,False,True,0.17000582411182297,0.0849826989619377,0.045028499050031666,0.2705882352941177,False,True,False,True
71,1,0,0,0,278.9,110,47.41,190.2,67,16.17,255.2,84,11.48,11.7,7,3.16,0,True,736.0,268,78.22,2.535454545454545,2.8388059701492536,3.038095238095238,1.6714285714285713,0.3789402173913043,0.2584239130434782,0.3467391304347826,0.01589673913043478,False,False,False,False,0.169989243456436,0.08501577287066248,0.04498432601880878,0.2700854700854701,False,True,False,True
112,1,0,1,27,213.0,121,36.21,226.2,101,19.23,189.8,99,8.54,11.1,3,3.0,4,False,640.1,324,66.97999999999999,1.7603305785123966,2.2396039603960394,1.9171717171717173,3.6999999999999997,0.3327605061709108,0.35338228401812216,0.2965161693485393,0.017341040462427744,False,False,False,False,0.17,0.08501326259946951,0.044994731296101154,0.2702702702702703,True,False,False,True
8,1,0,1,36,242.9,67,41.29,170.9,59,14.53,177.3,130,7.98,4.8,12,1.3,1,False,595.9,268,65.1,3.6253731343283584,2.8966101694915256,1.363846153846154,0.39999999999999997,0.4076187279744924,0.28679308608826987,0.297533143144823,0.008055042792414835,False,False,False,False,0.1699876492383697,0.085020479812756,0.045008460236886635,0.27083333333333337,True,False,True,False
98,1,0,0,0,217.2,121,36.92,303.4,73,25.79,197.1,71,8.87,12.4,2,3.35,0,True,730.0999999999999,267,74.92999999999999,1.7950413223140496,4.156164383561643,2.776056338028169,6.2,0.2974934940419121,0.41555951239556227,0.2699630187645528,0.016983974797972885,False,False,False,False,0.1699815837937385,0.08500329597890574,0.0450025367833587,0.2701612903225806,False,True,False,True
90,1,0,0,0,175.9,111,29.9,285.2,115,24.24,150.8,122,6.79,13.0,7,3.51,1,False,624.9000000000001,355,64.44,1.5846846846846847,2.48,1.236065573770492,1.8571428571428572,0.28148503760601695,0.4563930228836613,0.24131861097775642,0.020803328532565207,False,False,False,False,0.16998294485503126,0.0849929873772791,0.04502652519893899,0.26999999999999996,False,True,False,True
13,1,0,0,0,303.2,133,51.54,170.5,86,14.49,227.6,80,10.24,11.5,3,3.11,0,True,712.8,302,79.38,2.2796992481203007,1.9825581395348837,2.8449999999999998,3.8333333333333335,0.42536475869809204,0.23919753086419754,0.31930415263748596,0.016133557800224466,False,False,False,False,0.1699868073878628,0.08498533724340177,0.04499121265377856,0.27043478260869563,False,True,True,False
58,1,0,0,0,238.9,107,40.61,187.2,88,15.91,181.1,84,8.15,11.8,3,3.19,2,False,619.0,282,67.86,2.2327102803738317,2.127272727272727,2.155952380952381,3.9333333333333336,0.38594507269789985,0.3024232633279483,0.2925686591276252,0.019063004846526656,False,False,False,False,0.16998744244453745,0.08498931623931624,0.04500276090557703,0.2703389830508474,False,True,False,True
137,1,0,1,22,189.6,42,32.23,179.0,137,15.22,179.6,126,8.08,11.4,5,3.08,2,False,559.6,310,58.60999999999999,4.514285714285714,1.3065693430656935,1.4253968253968254,2.2800000000000002,0.3388134381701215,0.3198713366690493,0.32094353109363827,0.02037169406719085,False,False,False,False,0.16998945147679323,0.08502793296089386,0.04498886414253898,0.27017543859649124,True,False,False,True
116,0,0,0,0,133.3,94,22.66,247.8,126,21.06,219.0,78,9.86,11.3,5,3.05,5,True,611.4,303,56.629999999999995,1.418085106382979,1.9666666666666668,2.8076923076923075,2.2600000000000002,0.21802420673863268,0.40529931305201183,0.35819430814524045,0.01848217206411515,True,False,False,False,0.16999249812453113,0.08498789346246972,0.04502283105022831,0.26991150442477874,False,True,False,True
94,1,0,1,28,92.7,107,15.76,127.8,86,10.86,225.6,86,10.15,9.9,4,2.67,3,False,456.0,283,39.44,0.866355140186916,1.486046511627907,2.6232558139534885,2.475,0.20328947368421052,0.2802631578947368,0.49473684210526314,0.021710526315789475,False,False,False,False,0.17001078748651563,0.08497652582159625,0.044991134751773056,0.26969696969696966,True,False,False,True
87,1,0,0,0,177.2,72,30.12,248.9,105,21.16,200.8,87,9.04,8.6,7,2.32,3,False,635.5000000000001,271,62.64,2.461111111111111,2.3704761904761904,2.3080459770114943,1.2285714285714284,0.2788355625491738,0.39166011014948854,0.31597167584579067,0.01353265145554681,False,False,False,False,0.16997742663656887,0.08501406187223784,0.04501992031872509,0.2697674418604651,False,True,False,True
120,1,0,0,0,184.5,103,31.37,209.0,86,17.77,169.7,70,7.64,10.2,6,2.75,2,False,573.4000000000001,265,59.53,1.7912621359223302,2.4302325581395348,2.424285714285714,1.7,0.3217649110568538,0.3644925008719916,0.29595395884199505,0.017788629229159397,False,False,False,False,0.1700271002710027,0.08502392344497607,0.045020624631703005,0.26960784313725494,False,True,False,True
97,1,0,1,24,176.1,109,29.94,159.4,81,13.55,269.1,94,12.11,12.1,9,3.27,0,False,616.7,293,58.870000000000005,1.6155963302752292,1.9679012345679012,2.862765957446809,1.3444444444444443,0.285552132317172,0.2584725149991892,0.4363547916328847,0.01962056105075401,False,False,False,False,0.17001703577512778,0.08500627352572146,0.0450018580453363,0.2702479338842975,True,False,False,True
134,1,0,0,0,204.7,108,34.8,143.1,105,12.16,165.8,84,7.46,11.0,4,2.97,6,False,524.5999999999999,301,57.38999999999999,1.8953703703703704,1.3628571428571428,1.973809523809524,2.75,0.3902020587113992,0.27277926038886774,0.316050324056424,0.02096835684330919,True,False,True,False,0.1700048851978505,0.08497554157931517,0.04499396863691194,0.27,False,True,False,True
68,2,0,0,0,143.6,80,24.41,134.3,65,11.42,215.6,84,9.7,15.5,5,4.19,2,False,509.0,234,49.72,1.795,2.0661538461538465,2.5666666666666664,3.1,0.2821218074656188,0.2638506876227898,0.42357563850687624,0.030451866404715127,False,False,False,False,0.16998607242339833,0.08503350707371556,0.044990723562152134,0.2703225806451613,False,True,False,True
93,0,0,0,0,179.3,93,30.48,188.8,65,16.05,253.2,88,11.39,12.1,5,3.27,1,False,633.4,251,61.190000000000005,1.9279569892473118,2.9046153846153846,2.877272727272727,2.42,0.2830754657404484,0.29807388695926745,0.39974739501105144,0.019103252289232712,False,False,False,False,0.16999442275515894,0.08501059322033898,0.04498420221169037,0.2702479338842975,False,True,False,True
120,1,0,0,0,137.3,100,23.34,212.2,129,18.04,152.7,92,6.87,10.5,2,2.84,1,False,512.7,323,51.08999999999999,1.3730000000000002,1.6449612403100775,1.659782608695652,5.25,0.2677979325141408,0.41388726350692406,0.29783499122293733,0.020479812755997657,False,False,False,False,0.16999271667880553,0.08501413760603205,0.044990176817288806,0.2704761904761905,False,True,False,True
41,0,0,0,0,237.8,92,40.43,223.5,155,19.0,217.4,90,9.78,10.2,6,2.75,2,False,688.9000000000001,343,71.96,2.5847826086956522,1.4419354838709677,2.4155555555555557,1.7,0.3451879808390187,0.3244302511249818,0.3155755552329801,0.014806212803019303,False,False,False,False,0.17001682085786374,0.08501118568232663,0.04498620055197792,0.26960784313725494,False,True,False,True
80,2,0,0,0,203.7,92,34.63,216.4,97,18.39,154.2,66,6.94,7.6,5,2.05,2,False,581.9,260,62.01,2.2141304347826085,2.2309278350515465,2.336363636363636,1.52,0.3500601477917168,0.3718852036432377,0.2649939852208283,0.013060663344217219,False,False,False,False,0.17000490918016695,0.0849815157116451,0.0450064850843061,0.26973684210526316,False,True,False,True
83,1,0,1,25,191.3,95,32.52,250.7,136,21.31,249.4,86,11.22,17.6,5,4.75,2,False,709.0,322,69.8,2.013684210526316,1.8433823529411764,2.9,3.5200000000000005,0.2698166431593794,0.35359661495063466,0.3517630465444288,0.024823695345557124,False,False,False,False,0.16999477260846838,0.08500199441563622,0.04498797113071371,0.2698863636363636,True,False,False,True
109,2,1,0,0,209.1,141,35.55,205.0,93,17.43,119.4,111,5.37,7.8,3,2.11,2,False,541.3,348,60.459999999999994,1.4829787234042553,2.204301075268817,1.0756756756756758,2.6,0.3862922593755773,0.3787179013486052,0.22058008498060228,0.014409754295215224,False,False,False,True,0.17001434720229555,0.08502439024390243,0.0449748743718593,0.2705128205128205,False,True,False,True
66,2,0,1,33,88.8,104,15.1,109.6,94,9.32,172.7,107,7.77,7.1,9,1.92,3,False,378.2,314,34.11,0.8538461538461538,1.1659574468085105,1.6140186915887849,0.7888888888888889,0.23479640401903754,0.2897937599153887,0.4566367001586462,0.01877313590692755,False,False,False,False,0.17004504504504506,0.08503649635036498,0.04499131441806601,0.27042253521126763,True,False,False,True
89,2,0,0,0,137.9,96,23.44,192.6,63,16.37,255.7,125,11.51,11.0,5,2.97,1,False,597.2,289,54.29,1.4364583333333334,3.057142857142857,2.0456,2.2,0.23091091761553917,0.32250502344273274,0.42816476892163424,0.01841929002009377,False,False,False,False,0.16997824510514867,0.08499480789200416,0.045013687915526006,0.27,False,True,False,True
117,0,0,1,13,207.6,65,35.29,152.7,77,12.98,232.8,95,10.48,9.7,3,2.62,1,False,602.8,240,61.37,3.193846153846154,1.983116883116883,2.4505263157894737,3.233333333333333,0.34439283344392835,0.2533178500331785,0.38619774386197747,0.016091572660915727,False,False,False,False,0.169990366088632,0.08500327439423708,0.04501718213058419,0.2701030927835052,True,False,False,True
128,2,0,0,0,268.1,95,45.58,120.5,126,10.24,220.8,121,9.94,14.4,6,3.89,2,False,623.8000000000001,348,69.65,2.822105263157895,0.9563492063492064,1.8247933884297522,2.4,0.4297851875601154,0.1931708881051619,0.3539596024366784,0.023084321898044245,False,False,False,False,0.17001118985453187,0.08497925311203319,0.04501811594202898,0.2701388888888889,False,True,False,True
88,1,0,0,0,166.7,61,28.34,179.3,88,15.24,242.7,131,10.92,6.8,7,1.84,4,True,595.5,287,56.34,2.7327868852459014,2.0375,1.8526717557251908,0.9714285714285714,0.27993282955499577,0.30109151973131826,0.4075566750629723,0.011418975650713686,False,False,False,False,0.17000599880023995,0.08499721137757947,0.0449938195302843,0.2705882352941177,False,True,False,True
22,1,0,0,0,181.8,108,30.91,198.6,148,16.88,206.6,96,9.3,9.3,3,2.51,2,False,596.3,355,59.6,1.6833333333333333,1.3418918918918918,2.152083333333333,3.1,0.30488009391246024,0.33305383196377664,0.34646989770249875,0.015596176421264466,False,False,False,False,0.17002200220022,0.08499496475327291,0.045014520813165544,0.2698924731182795,False,True,True,False
78,1,0,0,0,147.1,80,25.01,199.7,100,16.97,160.7,106,7.23,13.7,7,3.7,0,False,521.1999999999999,293,52.91000000000001,1.8387499999999999,1.9969999999999999,1.5160377358490564,1.957142857142857,0.2822333077513431,0.3831542594013815,0.30832693783576365,0.026285495011511898,False,False,False,False,0.17002039428959892,0.08497746619929895,0.04499066583696329,0.27007299270072993,False,True,False,True
56,1,0,1,29,37.7,115,6.41,144.1,111,12.25,226.6,101,10.2,4.9,3,1.32,1,False,413.29999999999995,330,30.18,0.32782608695652177,1.298198198198198,2.2435643564356433,1.6333333333333335,0.0912170336317445,0.3486571497701428,0.5482700217759497,0.01185579482216308,False,False,False,False,0.170026525198939,0.08501040943789036,0.04501323918799647,0.2693877551020408,True,False,False,True
192,1,0,0,0,185.0,88,31.45,224.9,98,19.12,212.4,105,9.56,11.4,3,3.08,2,False,633.6999999999999,294,63.21,2.102272727272727,2.2948979591836736,2.022857142857143,3.8000000000000003,0.29193624743569513,0.35489979485560996,0.3351743727315765,0.017989584977118514,False,False,False,False,0.16999999999999998,0.08501556247220987,0.045009416195856876,0.27017543859649124,False,True,False,True
70,1,0,0,0,156.4,108,26.59,171.0,116,14.54,196.1,96,8.82,8.6,4,2.32,2,False,532.1,324,52.269999999999996,1.4481481481481482,1.4741379310344827,2.042708333333333,2.15,0.2939297124600639,0.3213681638789701,0.3685397481676376,0.01616237549332832,False,False,False,False,0.17001278772378517,0.08502923976608187,0.044977052524222336,0.2697674418604651,False,True,False,True
148,2,0,0,0,239.3,84,40.68,195.7,85,16.63,232.6,104,10.47,10.9,3,2.94,1,False,678.5,276,70.72,2.848809523809524,2.3023529411764705,2.2365384615384616,3.6333333333333333,0.352689756816507,0.28843036109064113,0.3428150331613854,0.01606484893146647,False,False,False,False,0.16999582114500625,0.08497700562084824,0.04501289767841789,0.2697247706422018,False,True,False,True
119,2,0,0,0,134.9,70,22.93,211.5,74,17.98,188.5,105,8.48,11.3,6,3.05,1,False,546.1999999999999,255,52.44,1.9271428571428573,2.858108108108108,1.7952380952380953,1.8833333333333335,0.24697912852435008,0.3872207982424021,0.3451116807030392,0.020688392530208717,False,False,False,False,0.16997776130467013,0.08501182033096927,0.0449867374005305,0.26991150442477874,False,True,False,True
80,1,0,0,0,194.8,116,33.12,209.9,93,17.84,194.1,100,8.73,12.8,3,3.46,0,False,611.6,312,63.15,1.6793103448275863,2.256989247311828,1.9409999999999998,4.266666666666667,0.3185088293001962,0.34319816873773706,0.3173642903858731,0.020928711576193592,False,False,False,False,0.17002053388090346,0.08499285373987613,0.04497681607418857,0.27031249999999996,False,True,False,True
113,2,0,0,0,92.6,85,15.74,177.6,92,15.1,159.8,72,7.19,14.4,4,3.89,3,False,444.4,253,41.92,1.0894117647058823,1.9304347826086956,2.2194444444444446,3.6,0.20837083708370838,0.39963996399639967,0.3595859585958596,0.032403240324032405,False,False,False,False,0.16997840172786177,0.08502252252252253,0.04499374217772215,0.2701388888888889,False,True,False,True
75,2,0,0,0,209.4,133,35.6,211.5,121,17.98,291.2,123,13.1,7.2,4,1.94,1,False,719.3,381,68.61999999999999,1.5744360902255639,1.7479338842975207,2.3674796747967477,1.8,0.2911163631308217,0.2940358682051995,0.4048380369803976,0.01000973168358126,False,False,False,False,0.17000955109837632,0.08501182033096927,0.044986263736263736,0.26944444444444443,False,True,False,True
80,1,0,0,0,197.6,83,33.59,164.5,86,13.98,94.0,98,4.23,6.4,6,1.73,1,False,462.5,273,53.53000000000001,2.380722891566265,1.9127906976744187,0.9591836734693877,1.0666666666666667,0.42724324324324325,0.35567567567567565,0.20324324324324325,0.01383783783783784,False,False,False,False,0.16998987854251013,0.08498480243161094,0.045000000000000005,0.27031249999999996,False,True,False,True
148,0,0,0,0,17.6,121,2.99,161.7,125,13.74,203.1,82,9.14,10.6,6,2.86,1,False,393.0,334,28.73,0.14545454545454548,1.2935999999999999,2.4768292682926827,1.7666666666666666,0.04478371501272265,0.4114503816793893,0.516793893129771,0.026972010178117047,False,False,False,False,0.16988636363636364,0.0849721706864564,0.04500246184145741,0.269811320754717,False,True,False,True
97,1,0,1,28,202.3,97,34.39,69.2,84,5.88,257.6,64,11.59,6.7,3,1.81,1,False,535.8000000000001,248,53.67,2.0855670103092785,0.8238095238095239,4.025,2.2333333333333334,0.3775662560656961,0.1291526689063083,0.48077640910787606,0.012504665920119446,False,False,False,False,0.16999505684626792,0.08497109826589595,0.044992236024844715,0.2701492537313433,True,False,False,True
166,1,0,0,0,136.1,116,23.14,181.4,93,15.42,131.4,108,5.91,11.3,4,3.05,0,False,460.2,321,47.519999999999996,1.1732758620689654,1.9505376344086023,1.2166666666666668,2.825,0.2957409821816601,0.3941764450239027,0.28552803129074317,0.024554541503694047,False,False,False,False,0.17002204261572373,0.08500551267916207,0.04497716894977169,0.26991150442477874,False,True,False,True
94,0,0,0,0,207.0,109,35.19,167.4,80,14.23,238.2,117,10.72,2.6,6,0.7,1,False,615.1999999999999,312,60.84,1.8990825688073394,2.0925000000000002,2.0358974358974358,0.43333333333333335,0.3364759427828349,0.2721066319895969,0.38719115734720416,0.0042262678803641094,False,False,False,False,0.16999999999999998,0.08500597371565113,0.045004198152812765,0.2692307692307692,False,True,False,True
85,0,0,1,33,207.9,95,35.34,233.5,88,19.85,221.3,92,9.96,13.5,3,3.65,1,False,676.2,278,68.80000000000001,2.188421052631579,2.653409090909091,2.4054347826086957,4.5,0.3074534161490683,0.3453120378586217,0.32727003845016267,0.01996450754214729,False,False,False,False,0.16998556998557,0.08501070663811564,0.045006778129236334,0.27037037037037037,True,False,False,True
80,1,1,0,0,276.5,122,47.01,195.6,79,16.63,210.3,78,9.46,7.2,3,1.94,1,True,689.6000000000001,282,75.03999999999999,2.2663934426229506,2.4759493670886075,2.6961538461538463,2.4,0.4009570765661252,0.2836426914153132,0.3049593967517401,0.010440835266821344,False,False,False,True,0.17001808318264014,0.08502044989775051,0.044983357108892064,0.26944444444444443,False,True,False,True
210,1,0,1,31,313.8,87,53.35,147.7,103,12.55,192.7,97,8.67,10.1,7,2.73,3,False,664.3000000000001,294,77.30000000000001,3.6068965517241383,1.4339805825242717,1.9865979381443297,1.4428571428571428,0.47237693813036274,0.2223393045310853,0.2900797832304681,0.015203974108083695,False,False,False,False,0.170012746972594,0.08496953283683142,0.044992215879605606,0.2702970297029703,True,False,False,True
88,1,1,1,25,288.5,114,49.05,203.4,74,17.29,228.4,117,10.28,13.0,5,3.51,1,False,733.3,310,80.13000000000001,2.530701754385965,2.7486486486486488,1.952136752136752,2.6,0.3934269739533615,0.27737624437474434,0.31146870312286923,0.017728078549024955,False,False,False,False,0.17001733102253033,0.08500491642084562,0.04500875656742556,0.26999999999999996,True,False,False,True
154,0,0,1,35,64.9,76,11.03,184.1,91,15.65,151.6,75,6.82,14.6,1,3.94,1,False,415.20000000000005,243,37.44,0.8539473684210527,2.023076923076923,2.021333333333333,14.6,0.1563102119460501,0.4434007707129094,0.36512524084778414,0.035163776493256256,False,False,False,False,0.16995377503852077,0.08500814774579034,0.0449868073878628,0.26986301369863014,True,False,False,True
32,2,0,1,26,243.5,137,41.4,236.8,108,20.13,173.3,149,7.8,9.0,9,2.43,1,False,662.6,403,71.76,1.7773722627737227,2.1925925925925926,1.1630872483221477,1.0,0.3674916993661334,0.3573800181104739,0.2615454271053426,0.013582855418050105,False,False,False,False,0.1700205338809035,0.08500844594594593,0.04500865551067513,0.27,True,False,False,True
18,0,0,0,0,197.0,97,33.49,203.7,107,17.31,202.0,105,9.09,8.7,3,2.35,3,False,611.4000000000001,312,62.24,2.0309278350515463,1.9037383177570093,1.9238095238095239,2.9,0.32221131828590116,0.3331697742885181,0.33038927052666006,0.014229636898920508,False,False,False,False,0.17,0.0849779086892489,0.045,0.2701149425287357,False,True,True,False
126,1,0,1,31,278.0,88,47.26,253.2,65,21.52,223.2,114,10.04,8.7,4,2.35,0,False,763.1000000000001,271,81.16999999999999,3.159090909090909,3.8953846153846152,1.9578947368421051,2.175,0.36430349888612235,0.33180448171930277,0.2924911545013759,0.011400864893198791,False,False,False,False,0.16999999999999998,0.08499210110584518,0.04498207885304659,0.2701149425287357,True,False,False,True
144,2,0,1,37,219.9,102,37.38,222.1,77,18.88,118.5,111,5.33,10.0,4,2.7,1,False,570.5,294,64.29,2.1558823529411764,2.8844155844155845,1.0675675675675675,2.5,0.38545135845749345,0.38930762489044696,0.2077125328659071,0.017528483786152498,False,False,False,False,0.16998635743519783,0.085006753714543,0.044978902953586496,0.27,True,False,False,True
86,0,0,1,16,145.7,88,24.77,191.0,129,16.24,215.5,82,9.7,11.3,7,3.05,0,False,563.5,306,53.75999999999999,1.655681818181818,1.4806201550387597,2.6280487804878048,1.6142857142857143,0.2585625554569654,0.33895297249334516,0.3824312333629104,0.02005323868677906,False,False,False,False,0.17000686341798216,0.0850261780104712,0.04501160092807424,0.26991150442477874,True,False,False,True
138,1,0,1,37,75.8,102,12.89,173.6,147,14.76,162.6,96,7.32,8.2,13,2.21,0,False,420.2,358,37.18,0.7431372549019608,1.180952380952381,1.6937499999999999,0.6307692307692307,0.18039029033793433,0.41313660161827703,0.3869585911470728,0.01951451689671585,False,False,False,False,0.17005277044854883,0.08502304147465438,0.045018450184501846,0.26951219512195124,True,False,False,True
146,1,0,0,0,195.9,86,33.3,228.6,82,19.43,303.5,94,13.66,12.2,4,3.29,3,False,740.2,266,69.68,2.277906976744186,2.7878048780487803,3.228723404255319,3.05,0.264658200486355,0.3088354498784112,0.4100243177519589,0.016482031883274788,False,False,False,False,0.16998468606431852,0.08499562554680665,0.04500823723228995,0.269672131147541,False,True,False,True
74,2,0,0,0,124.0,102,21.08,262.1,101,22.28,268.2,98,12.07,11.7,2,3.16,2,False,666.0,303,58.59,1.2156862745098038,2.595049504950495,2.7367346938775508,5.85,0.18618618618618618,0.3935435435435436,0.4027027027027027,0.017567567567567565,False,False,False,False,0.16999999999999998,0.08500572300648607,0.045003728560775544,0.2700854700854701,False,True,False,True
48,1,0,0,0,171.9,98,29.22,159.0,127,13.52,139.5,101,6.28,7.6,3,2.05,2,False,478.0,329,51.06999999999999,1.7540816326530613,1.2519685039370079,1.381188118811881,2.533333333333333,0.3596234309623431,0.33263598326359833,0.2918410041841004,0.015899581589958158,False,False,False,False,0.16998254799301918,0.0850314465408805,0.04501792114695341,0.26973684210526316,False,True,False,True
74,2,0,1,31,249.4,70,42.4,209.5,59,17.81,180.6,75,8.13,9.9,2,2.67,4,False,649.4,206,71.00999999999999,3.5628571428571427,3.5508474576271185,2.408,4.95,0.3840468124422544,0.3226054819833693,0.27810286418232216,0.015244841392054205,False,False,False,False,0.17000801924619086,0.08501193317422434,0.04501661129568107,0.26969696969696966,True,False,False,True
105,1,1,0,0,228.4,100,38.83,145.1,108,12.33,245.3,140,11.04,7.7,7,2.08,0,False,626.5,355,64.28,2.2840000000000003,1.3435185185185186,1.7521428571428572,1.1,0.36456504389465283,0.23160415003990423,0.39154030327214684,0.01229050279329609,False,False,False,True,0.17000875656742556,0.08497587870434184,0.04500611496127191,0.2701298701298701,False,True,False,True
157,2,0,0,0,168.6,71,28.66,205.1,48,17.43,175.8,88,7.91,5.9,2,1.59,3,False,555.4,209,55.59,2.3746478873239436,4.272916666666666,1.9977272727272728,2.95,0.30356499819949584,0.36928339935181853,0.31652862801584447,0.010622974432841197,False,False,False,False,0.16998813760379597,0.08498293515358361,0.0449943117178612,0.2694915254237288,False,True,False,True
217,1,0,0,0,123.7,138,21.03,248.5,105,21.12,269.6,78,12.13,13.3,4,3.59,0,False,655.0999999999999,325,57.870000000000005,0.8963768115942029,2.3666666666666667,3.4564102564102566,3.325,0.18882613341474588,0.3793313997862922,0.41154022286673797,0.02030224393222409,False,False,False,False,0.17000808407437348,0.08498993963782697,0.044992581602373884,0.2699248120300752,False,True,False,True
68,1,0,0,0,178.7,61,30.38,252.3,84,21.45,255.7,76,11.51,8.4,4,2.27,1,False,695.1,225,65.61,2.9295081967213115,3.0035714285714286,3.3644736842105263,2.1,0.2570853114659761,0.36296935692706084,0.3678607394619479,0.012084592145015106,False,False,False,False,0.17000559597090095,0.08501783590963138,0.045013687915526006,0.2702380952380952,False,True,False,True
80,1,0,0,0,113.2,86,19.24,185.5,97,15.77,237.3,145,10.68,9.5,5,2.57,1,False,545.5,333,48.26,1.3162790697674418,1.9123711340206186,1.636551724137931,1.9,0.2075160403299725,0.3400549954170486,0.43501374885426214,0.017415215398716773,False,False,False,False,0.16996466431095406,0.08501347708894878,0.0450063211125158,0.27052631578947367,False,True,False,True
38,1,0,1,25,142.4,106,24.21,313.7,109,26.66,126.6,117,5.7,13.4,6,3.62,2,False,596.1,338,60.190000000000005,1.3433962264150945,2.8779816513761465,1.082051282051282,2.2333333333333334,0.2388860929374266,0.5262539842308337,0.2123804730749874,0.022479449756752222,False,False,False,False,0.17001404494382022,0.08498565508447561,0.045023696682464455,0.2701492537313433,True,False,False,True
107,1,0,1,38,204.2,57,34.71,205.9,92,17.5,286.5,80,12.89,8.3,4,2.24,0,False,704.9,233,67.33999999999999,3.582456140350877,2.23804347826087,3.58125,2.075,0.28968648035182293,0.2920981699531849,0.40644062987657825,0.011774719818413961,False,False,False,False,0.1699804113614104,0.08499271491015056,0.0449912739965096,0.26987951807228916,True,False,False,True
140,1,0,0,0,149.7,71,25.45,212.5,97,18.06,245.9,67,11.07,12.6,4,3.4,3,False,620.7,239,57.98,2.1084507042253517,2.1907216494845363,3.6701492537313434,3.15,0.24117931367810533,0.3423554051876913,0.3961656194618978,0.020299661672305458,False,False,False,False,0.17000668002672012,0.08498823529411764,0.045018300122000816,0.2698412698412698,False,True,False,True
98,1,0,0,0,227.1,116,38.61,120.5,103,10.24,117.0,102,5.27,4.7,4,1.27,5,True,469.3,325,55.39000000000001,1.9577586206896551,1.1699029126213591,1.1470588235294117,1.175,0.4839122096739825,0.2567653952695504,0.24930747922437674,0.010014915832090347,True,False,True,False,0.17001321003963013,0.08497925311203319,0.04504273504273504,0.2702127659574468,False,True,False,True
114,1,0,0,0,155.3,75,26.4,169.9,87,14.44,207.0,133,9.32,12.6,5,3.4,2,False,544.8000000000001,300,53.559999999999995,2.070666666666667,1.952873563218391,1.556390977443609,2.52,0.28505873715124813,0.31185756240822315,0.37995594713656383,0.023127753303964754,False,False,False,False,0.16999356084996778,0.08499117127722189,0.045024154589371986,0.2698412698412698,False,True,False,True
46,0,0,0,0,156.4,105,26.59,185.5,98,15.77,226.7,96,10.2,11.8,3,3.19,1,False,580.3999999999999,302,55.75,1.4895238095238095,1.8928571428571428,2.361458333333333,3.9333333333333336,0.2694693314955204,0.31960716747070994,0.39059269469331503,0.020330806340454866,False,False,False,False,0.17001278772378517,0.08501347708894878,0.044993383325981476,0.2703389830508474,False,True,False,True
118,1,0,1,42,148.7,105,25.28,167.3,105,14.22,270.6,105,12.18,10.4,7,2.81,0,False,597.0,322,54.49,1.416190476190476,1.5933333333333335,2.5771428571428574,1.4857142857142858,0.24907872696817418,0.2802345058626466,0.4532663316582915,0.01742043551088777,False,False,False,False,0.1700067249495629,0.084997011356844,0.045011086474501104,0.2701923076923077,True,False,False,True
37,2,0,0,0,271.7,112,46.19,155.1,96,13.18,199.5,97,8.98,6.6,4,1.78,3,False,632.9,309,70.13,2.425892857142857,1.6156249999999999,2.056701030927835,1.65,0.42929372728709114,0.24506241112340021,0.3152156738821299,0.010428187707378732,False,False,False,False,0.17000368052999631,0.08497743391360413,0.0450125313283208,0.2696969696969697,False,True,False,True
34,1,0,0,0,193.7,74,32.93,126.9,84,10.79,221.2,166,9.95,8.8,4,2.38,0,False,550.5999999999999,328,56.050000000000004,2.6175675675675674,1.5107142857142857,1.3325301204819275,2.2,0.3517980385034508,0.23047584453323652,0.40174355248819477,0.015982564475118057,False,False,False,False,0.17000516262261228,0.08502758077226161,0.04498191681735986,0.27045454545454545,False,True,False,True
113,2,0,0,0,245.3,108,41.7,259.9,140,22.09,204.3,115,9.19,10.7,2,2.89,3,True,720.2,365,75.87,2.2712962962962964,1.8564285714285713,1.7765217391304349,5.35,0.34059983337961675,0.360871980005554,0.2836712024437656,0.014856984171063592,False,False,False,False,0.16999592335915206,0.0849942285494421,0.044982868330885946,0.27009345794392525,False,True,False,True
69,0,0,0,0,196.1,87,33.34,236.8,66,20.13,182.3,75,8.2,11.9,1,3.21,0,False,627.1,229,64.88,2.254022988505747,3.587878787878788,2.4306666666666668,11.9,0.31270929676287673,0.37761122627970023,0.29070323712326585,0.018976239834157232,False,False,False,False,0.17001529831718512,0.08500844594594593,0.04498080087767416,0.26974789915966385,False,True,False,True
59,2,1,1,31,225.0,78,38.25,191.3,79,16.26,226.7,79,10.2,9.1,3,2.46,1,False,652.1,239,67.17,2.8846153846153846,2.421518987341772,2.8696202531645567,3.033333333333333,0.3450391044318356,0.2933599141236007,0.34764606655420943,0.013954914890354239,False,False,False,False,0.17,0.08499738630423419,0.044993383325981476,0.2703296703296703,True,False,False,True
59,2,0,0,0,189.7,100,32.25,115.9,133,9.85,220.6,115,9.93,7.4,4,2.0,0,False,533.6,352,54.03,1.8969999999999998,0.8714285714285714,1.9182608695652172,1.85,0.35550974512743627,0.2172038980509745,0.4134182908545727,0.013868065967016492,False,False,False,False,0.17000527148128625,0.08498705780845556,0.04501359927470535,0.27027027027027023,False,True,False,True
190,1,0,0,0,142.9,96,24.29,177.9,96,15.12,113.3,117,5.1,6.6,4,1.78,0,False,440.70000000000005,313,46.29,1.4885416666666667,1.8531250000000001,0.9683760683760684,1.65,0.3242568640798729,0.40367597004765143,0.2570909916042659,0.014976174268209665,False,False,False,False,0.16997900629811055,0.08499156829679595,0.04501323918799647,0.2696969696969697,False,True,False,True
109,1,0,0,0,175.6,80,29.85,238.0,94,20.23,198.4,103,8.93,10.2,6,2.75,1,False,622.2,283,61.76,2.195,2.5319148936170213,1.9262135922330097,1.7,0.2822243651558984,0.3825136612021858,0.31886853101896495,0.016393442622950817,False,False,False,False,0.16998861047835992,0.085,0.045010080645161286,0.26960784313725494,False,True,False,True
136,1,0,0,0,92.4,109,15.71,219.0,115,18.62,212.6,80,9.57,12.9,4,3.48,2,False,536.9,308,47.379999999999995,0.8477064220183487,1.9043478260869566,2.6574999999999998,3.225,0.17209908735332466,0.40789718755820453,0.3959769044514807,0.02402682063699013,False,False,False,False,0.17002164502164502,0.08502283105022831,0.04501411100658514,0.2697674418604651,False,True,False,True
86,2,0,0,0,92.8,92,15.78,159.6,87,13.57,148.7,115,6.69,8.8,5,2.38,1,False,409.9,299,38.42,1.008695652173913,1.8344827586206895,1.2930434782608695,1.7600000000000002,0.22639668211758965,0.3893632593315443,0.36277140766040494,0.021468650890461093,False,False,False,False,0.17004310344827586,0.08502506265664161,0.04498991257565569,0.27045454545454545,False,True,False,True
100,1,0,1,27,221.7,100,37.69,236.1,70,20.07,192.7,91,8.67,8.0,4,2.16,0,False,658.5,265,68.58999999999999,2.217,3.3728571428571428,2.1175824175824176,2.0,0.3366742596810934,0.35854214123006833,0.2926347760060744,0.012148823082763858,False,False,False,False,0.17000451059990979,0.08500635324015249,0.044992215879605606,0.27,True,False,False,True
106,2,0,0,0,159.6,94,27.13,276.8,118,23.53,223.5,65,10.06,8.8,3,2.38,0,False,668.6999999999999,280,63.1,1.6978723404255318,2.3457627118644067,3.4384615384615387,2.9333333333333336,0.23867205024674742,0.4139374906535069,0.33423059668012567,0.013159862419620161,False,False,False,False,0.1699874686716792,0.08500722543352601,0.04501118568232662,0.27045454545454545,False,True,False,True
129,1,0,0,0,159.1,100,27.05,202.5,90,17.21,233.1,96,10.49,11.5,6,3.11,2,False,606.2,292,57.86000000000001,1.591,2.25,2.428125,1.9166666666666667,0.26245463543385017,0.33404816892114814,0.38452655889145493,0.018970636753546682,False,False,False,False,0.1700188560653677,0.08498765432098766,0.04500214500214501,0.27043478260869563,False,True,False,True
205,2,0,0,0,49.9,123,8.48,150.7,81,12.81,188.2,67,8.47,10.1,4,2.73,2,False,398.9,275,32.489999999999995,0.4056910569105691,1.8604938271604936,2.808955223880597,2.525,0.12509400852343946,0.3777889195287039,0.47179744296816245,0.02531962897969416,False,False,False,False,0.16993987975951905,0.08500331785003319,0.045005313496280556,0.2702970297029703,False,True,False,True
93,1,0,1,32,116.9,120,19.87,232.4,97,19.75,127.7,112,5.75,11.0,9,2.97,0,False,488.0,338,48.34,0.9741666666666667,2.3958762886597937,1.1401785714285715,1.2222222222222223,0.23954918032786887,0.47622950819672133,0.2616803278688525,0.022540983606557378,False,False,False,False,0.16997433704020531,0.0849827882960413,0.04502740798747063,0.27,True,False,False,True
99,1,0,0,0,254.4,120,43.25,159.3,92,13.54,264.4,94,11.9,6.0,5,1.62,1,False,684.1,311,70.31,2.12,1.731521739130435,2.8127659574468082,1.2,0.37187545680456074,0.23286069288115774,0.3864932027481362,0.0087706475661453,False,False,False,False,0.1700078616352201,0.0849968612680477,0.045007564296520426,0.27,False,True,False,True
71,1,0,0,0,207.0,112,35.19,173.8,96,14.77,178.4,61,8.03,12.1,3,3.27,1,False,571.3000000000001,272,61.26,1.8482142857142858,1.8104166666666668,2.9245901639344263,4.033333333333333,0.3623315245930334,0.30421844915105895,0.3122702608086819,0.021179765447225624,False,False,False,False,0.16999999999999998,0.08498273878020712,0.04501121076233183,0.2702479338842975,False,True,False,True
4,2,1,0,0,145.3,89,24.7,303.8,93,25.82,206.1,82,9.27,8.9,4,2.4,0,False,664.1,268,62.18999999999999,1.6325842696629216,3.2666666666666666,2.5134146341463413,2.225,0.21879235054961604,0.4574612257190182,0.31034482758620685,0.013401596145158862,False,False,False,True,0.169993117687543,0.08499012508229098,0.044978165938864625,0.2696629213483146,False,True,True,False
148,0,0,1,25,230.7,102,39.22,233.8,109,19.87,215.8,90,9.71,13.5,2,3.65,3,False,693.8,303,72.45000000000002,2.261764705882353,2.144954128440367,2.397777777777778,6.75,0.33251657538195445,0.33698472182185074,0.31104064571922746,0.019458057076967426,False,False,False,False,0.17000433463372344,0.08498716852010266,0.04499536607970343,0.27037037037037037,True,False,False,True
141,1,0,0,0,151.5,104,25.76,242.2,114,20.59,304.2,109,13.69,10.8,2,2.92,1,False,708.6999999999999,329,62.96,1.4567307692307692,2.1245614035087717,2.7908256880733946,5.4,0.21377169465218007,0.3417525045858614,0.42923663045011995,0.01523917031183858,False,False,False,False,0.17003300330033005,0.08501238645747317,0.04500328731097962,0.27037037037037037,False,True,False,True
56,0,0,0,0,146.1,57,24.84,196.2,97,16.68,310.1,110,13.95,9.2,3,2.48,0,False,661.6,267,57.949999999999996,2.563157894736842,2.022680412371134,2.8190909090909093,3.0666666666666664,0.22082829504232163,0.2965538089480048,0.4687122128174124,0.013905683192261183,False,False,False,False,0.1700205338809035,0.08501529051987768,0.04498548855207997,0.26956521739130435,False,True,False,True
43,0,0,1,35,200.2,105,34.03,244.4,88,20.77,207.2,97,9.32,11.6,4,3.13,3,False,663.4,294,67.25,1.9066666666666665,2.7772727272727273,2.136082474226804,2.9,0.30177871570696413,0.3684051854085017,0.31233041905336145,0.017485679831172746,False,False,False,False,0.16998001998002,0.08498363338788871,0.044980694980694985,0.26982758620689656,True,False,False,True
42,1,0,0,0,150.7,52,25.62,246.7,96,20.97,103.8,118,4.67,7.0,4,1.89,2,False,508.2,270,53.150000000000006,2.898076923076923,2.5697916666666667,0.8796610169491526,1.75,0.29653679653679654,0.4854388036206218,0.20425029515938606,0.013774104683195593,False,False,False,False,0.17000663570006638,0.08500202675314146,0.04499036608863199,0.26999999999999996,False,True,False,True
135,1,1,0,0,186.0,107,31.62,66.0,94,5.61,213.1,105,9.59,12.9,4,3.48,1,False,478.0,310,50.300000000000004,1.7383177570093458,0.7021276595744681,2.0295238095238095,3.225,0.3891213389121339,0.13807531380753138,0.44581589958158996,0.02698744769874477,False,False,False,True,0.17,0.085,0.045002346316283436,0.2697674418604651,False,True,False,True
106,1,0,0,0,212.9,110,36.19,187.0,69,15.9,128.1,71,5.76,6.3,3,1.7,3,False,534.3,253,59.55,1.9354545454545455,2.710144927536232,1.8042253521126759,2.1,0.39846528167696055,0.3499906419614449,0.23975294778214487,0.011791128579449748,False,False,False,False,0.16998590887740722,0.08502673796791443,0.04496487119437939,0.2698412698412698,False,True,False,True
106,2,0,0,0,194.8,133,33.12,213.4,73,18.14,190.8,92,8.59,11.5,7,3.11,0,False,610.5,305,62.959999999999994,1.4646616541353383,2.9232876712328766,2.073913043478261,1.6428571428571428,0.3190827190827191,0.34954954954954953,0.3125307125307126,0.018837018837018837,False,False,False,False,0.17002053388090346,0.08500468603561387,0.045020964360587,0.27043478260869563,False,True,False,True
83,1,0,1,30,272.5,105,46.33,253.0,83,21.51,180.8,123,8.14,8.7,6,2.35,3,False,715.0,317,78.33,2.5952380952380953,3.0481927710843375,1.469918699186992,1.45,0.3811188811188811,0.35384615384615387,0.25286713286713286,0.012167832167832167,False,False,False,False,0.1700183486238532,0.0850197628458498,0.04502212389380531,0.2701149425287357,True,False,False,True
110,1,0,0,0,135.1,109,22.97,205.2,99,17.44,166.3,119,7.48,11.7,4,3.16,1,False,518.3,331,51.05,1.2394495412844035,2.0727272727272728,1.3974789915966388,2.925,0.26065984950800697,0.3959097048041675,0.3208566467296933,0.022573798958132357,False,False,False,False,0.1700222057735011,0.08499025341130606,0.0449789536981359,0.2700854700854701,False,True,False,True
109,2,0,1,35,230.5,116,39.19,265.8,130,22.59,269.7,69,12.14,10.6,6,2.86,5,False,776.6,321,76.78,1.9870689655172413,2.0446153846153847,3.908695652173913,1.7666666666666666,0.2968065928405872,0.34226113829513266,0.3472830285861447,0.01364924027813546,True,False,True,False,0.17002169197396963,0.08498871331828442,0.04501297738227661,0.269811320754717,True,False,False,True
124,2,0,0,0,143.3,120,24.36,230.7,111,19.61,214.3,91,9.64,7.8,2,2.11,4,True,596.0999999999999,324,55.72,1.1941666666666668,2.0783783783783782,2.354945054945055,3.9,0.24039590672705927,0.3870156014091596,0.3595034390202987,0.01308505284348264,False,False,False,False,0.16999302163293786,0.08500216731686172,0.044983667755482966,0.2705128205128205,False,True,False,True
110,1,0,0,0,271.1,108,46.09,237.0,122,20.15,239.9,122,10.8,9.8,5,2.65,2,True,757.8,357,79.69000000000001,2.5101851851851853,1.9426229508196722,1.9663934426229508,1.9600000000000002,0.357746107152283,0.31274742676167855,0.31657429400897336,0.01293217207706519,False,False,False,False,0.1700110660272962,0.0850210970464135,0.045018757815756566,0.2704081632653061,False,True,False,True
124,1,0,0,0,253.5,104,43.1,117.9,123,10.02,248.5,104,11.18,14.0,2,3.78,0,False,633.9,333,68.08000000000001,2.4375,0.9585365853658537,2.389423076923077,7.0,0.39990534784666354,0.18599148130619972,0.3920176684019562,0.02208550244518063,False,False,False,False,0.17001972386587771,0.08498727735368956,0.04498993963782696,0.26999999999999996,False,True,False,True
82,1,0,0,0,167.1,77,28.41,131.8,79,11.2,187.4,98,8.43,9.4,1,2.54,6,True,495.69999999999993,255,50.58,2.17012987012987,1.668354430379747,1.9122448979591837,9.4,0.3370990518458746,0.2658866249747832,0.37805124066976,0.018963082509582414,True,False,False,False,0.17001795332136446,0.0849772382397572,0.044983991462113126,0.2702127659574468,False,True,False,True
137,1,0,0,0,104.7,115,17.8,249.8,144,21.23,192.3,99,8.65,8.9,2,2.4,1,False,555.6999999999999,360,50.08,0.9104347826086957,1.7347222222222223,1.9424242424242426,4.45,0.1884110131365845,0.4495231239877633,0.3460500269929819,0.01601583588267051,False,False,False,False,0.17000955109837632,0.08498799039231385,0.04498179927197088,0.2696629213483146,False,True,False,True
69,2,0,0,0,135.4,101,23.02,238.1,124,20.24,195.6,102,8.8,10.6,2,2.86,1,False,579.7,329,54.92,1.3405940594059407,1.9201612903225806,1.9176470588235293,5.3,0.23356908745903052,0.41072968776953594,0.3374159047783336,0.018285319993099878,False,False,False,False,0.17001477104874446,0.08500629987400252,0.044989775051124746,0.269811320754717,False,True,False,True
16,2,0,0,0,144.8,84,24.62,164.9,141,14.02,231.5,75,10.42,8.2,4,2.21,2,False,549.4000000000001,304,51.27,1.723809523809524,1.1695035460992909,3.0866666666666664,2.05,0.2635602475427739,0.3001456133964324,0.42136876592646516,0.014925373134328354,False,False,False,False,0.17002762430939225,0.08502122498483929,0.04501079913606911,0.26951219512195124,False,True,True,False
119,1,0,0,0,98.8,97,16.8,146.9,68,12.49,190.7,105,8.58,10.0,4,2.7,3,False,446.4,274,40.57,1.0185567010309278,2.1602941176470587,1.8161904761904761,2.5,0.22132616487455198,0.32907706093189965,0.4271953405017921,0.022401433691756272,False,False,False,False,0.17004048582995954,0.08502382573179033,0.04499213424226534,0.27,False,True,False,True
124,2,1,0,0,157.8,71,26.83,203.2,114,17.27,168.7,82,7.59,10.0,2,2.7,3,True,539.7,269,54.39,2.222535211267606,1.7824561403508772,2.0573170731707315,5.0,0.292384658143413,0.37650546599962936,0.31258106355382614,0.01852881230313137,False,False,False,True,0.1700253485424588,0.08499015748031497,0.044991108476585655,0.27,False,True,False,True
122,1,0,1,37,163.0,107,27.71,312.8,118,26.59,200.0,85,9.0,11.6,5,3.13,1,False,687.4,315,66.42999999999999,1.5233644859813085,2.6508474576271186,2.3529411764705883,2.32,0.2371254000581903,0.4550480069828339,0.2909514111143439,0.016875181844631947,False,False,False,False,0.17,0.08500639386189258,0.045,0.26982758620689656,True,False,False,True
139,1,0,0,0,181.6,119,30.87,335.7,118,28.53,149.8,64,6.74,8.3,6,2.24,4,False,675.3999999999999,307,68.38,1.5260504201680671,2.844915254237288,2.340625,1.3833333333333335,0.26887770210245787,0.4970387918270655,0.2217944921527984,0.012289013917678416,False,False,False,False,0.16998898678414098,0.08498659517426274,0.04499332443257677,0.26987951807228916,False,True,False,True
67,2,0,0,0,129.0,78,21.93,188.0,116,15.98,235.0,102,10.58,11.2,3,3.02,2,False,563.2,299,51.51,1.6538461538461537,1.6206896551724137,2.303921568627451,3.733333333333333,0.22904829545454544,0.3338068181818182,0.4172585227272727,0.019886363636363633,False,False,False,False,0.16999999999999998,0.085,0.04502127659574468,0.2696428571428572,False,True,False,True
84,0,0,0,0,86.0,83,14.62,260.7,86,22.16,98.6,109,4.44,8.9,4,2.4,1,False,454.19999999999993,282,43.62,1.036144578313253,3.031395348837209,0.9045871559633027,2.225,0.18934390136503745,0.5739762219286658,0.21708498458828712,0.01959489211800969,False,False,False,False,0.16999999999999998,0.08500191791331033,0.04503042596348885,0.2696629213483146,False,True,False,True
101,2,0,1,17,193.9,71,32.96,189.8,81,16.13,196.3,97,8.83,12.6,7,3.4,0,False,592.6,256,61.32,2.730985915492958,2.34320987654321,2.0237113402061855,1.8,0.32720215997300034,0.3202834964562943,0.33125210934863314,0.021262234222072223,False,False,False,False,0.1699845281072718,0.08498419388830347,0.04498217014773306,0.2698412698412698,True,False,False,True
40,2,0,0,0,109.4,107,18.6,244.7,102,20.8,276.9,123,12.46,7.1,7,1.92,0,False,638.1,339,53.78000000000001,1.0224299065420561,2.399019607843137,2.2512195121951217,1.0142857142857142,0.17144648174267357,0.3834822128193073,0.4339445228020686,0.011126782635950476,False,False,False,False,0.170018281535649,0.085002043318349,0.04499819429396895,0.27042253521126763,False,True,False,True
61,1,0,0,0,188.9,105,32.11,153.6,116,13.06,213.3,106,9.6,10.2,2,2.75,2,False,566.0,329,57.52,1.799047619047619,1.3241379310344827,2.0122641509433965,5.1,0.33374558303886925,0.2713780918727915,0.3768551236749117,0.01802120141342756,False,False,False,False,0.16998411858125992,0.08502604166666668,0.045007032348804495,0.26960784313725494,False,True,False,True
120,0,1,0,0,179.9,72,30.58,170.0,98,14.45,190.6,89,8.58,13.8,2,3.73,1,True,554.3,261,57.339999999999996,2.4986111111111113,1.7346938775510203,2.141573033707865,6.9,0.3245534908894101,0.30669312646581276,0.34385711708461125,0.024896265560165977,False,False,False,True,0.16998332406892716,0.08499999999999999,0.045015739769150055,0.2702898550724638,False,True,False,True
95,1,0,0,0,183.4,98,31.18,281.3,95,23.91,105.2,113,4.73,8.2,8,2.21,1,False,578.1000000000001,314,62.03000000000001,1.8714285714285714,2.9610526315789474,0.9309734513274337,1.025,0.31724615118491606,0.48659401487631887,0.18197543677564432,0.014184397163120564,False,False,False,False,0.17001090512540892,0.08499822253821543,0.04496197718631179,0.26951219512195124,False,True,False,True
98,0,0,0,0,288.1,101,48.98,137.9,93,11.72,206.5,88,9.29,0.0,0,0.0,0,False,632.5,282,69.99,2.852475247524753,1.4827956989247313,2.346590909090909,0.0,0.45549407114624507,0.21802371541501978,0.3264822134387352,0.0,False,False,False,False,0.17001041305102393,0.08498912255257433,0.04498789346246973,0.0,False,True,False,True
114,1,0,0,0,169.2,96,28.76,149.9,83,12.74,196.9,119,8.86,4.6,4,1.24,2,False,520.6,302,51.6,1.7625,1.8060240963855423,1.654621848739496,1.15,0.3250096043027276,0.2879369957741068,0.37821744141375335,0.008835958509412215,False,False,False,False,0.1699763593380615,0.08498999332888592,0.04499746063991874,0.26956521739130435,False,True,False,True
22,0,0,0,0,207.7,116,35.31,210.6,99,17.9,238.2,88,10.72,9.6,5,2.59,0,False,666.1,308,66.52,1.7905172413793102,2.1272727272727274,2.7068181818181816,1.92,0.3118150427863684,0.3161687434319171,0.3576039633688635,0.014412250412850922,False,False,False,False,0.17000481463649497,0.08499525166191832,0.045004198152812765,0.26979166666666665,False,True,True,False
176,1,0,0,0,169.5,151,28.82,112.9,84,9.6,56.6,99,2.55,8.7,4,2.35,0,False,347.7,338,43.32,1.1225165562913908,1.3440476190476192,0.5717171717171717,2.175,0.48748921484037966,0.32470520563704347,0.16278400920333622,0.025021570319240724,False,False,False,False,0.17002949852507374,0.08503100088573959,0.0450530035335689,0.2701149425287357,False,True,False,True
152,1,0,0,0,141.5,102,24.06,263.0,94,22.36,207.1,113,9.32,3.4,4,0.92,2,False,615.0,313,56.660000000000004,1.3872549019607843,2.797872340425532,1.8327433628318583,0.85,0.23008130081300812,0.4276422764227642,0.3367479674796748,0.0055284552845528455,False,False,False,False,0.17003533568904594,0.0850190114068441,0.045002414292612265,0.2705882352941177,False,True,False,True
118,0,0,0,0,154.8,71,26.32,244.0,73,20.74,159.6,81,7.18,12.8,4,3.46,0,False,571.1999999999999,229,57.7,2.1802816901408453,3.3424657534246576,1.9703703703703703,3.2,0.2710084033613446,0.427170868347339,0.27941176470588236,0.022408963585434177,False,False,False,False,0.17002583979328165,0.08499999999999999,0.0449874686716792,0.27031249999999996,False,True,False,True
101,1,1,0,0,133.5,51,22.7,219.6,96,18.67,210.0,74,9.45,11.7,4,3.16,1,False,574.8000000000001,225,53.980000000000004,2.6176470588235294,2.2875,2.8378378378378377,2.925,0.2322546972860125,0.3820459290187891,0.36534446764091855,0.020354906054279746,False,False,False,True,0.1700374531835206,0.08501821493624773,0.045,0.2700854700854701,False,True,False,True
118,0,0,0,0,224.6,94,38.18,225.9,120,19.2,269.0,105,12.11,12.5,8,3.38,2,False,732.0,327,72.86999999999999,2.3893617021276596,1.8825,2.5619047619047617,1.5625,0.30683060109289617,0.3086065573770492,0.3674863387978142,0.01707650273224044,False,False,False,False,0.16999109528049866,0.0849933598937583,0.045018587360594796,0.2704,False,True,False,True
105,1,0,0,0,273.8,97,46.55,289.7,106,24.62,269.1,126,12.11,5.8,3,1.57,2,True,838.4,332,84.85,2.822680412371134,2.733018867924528,2.1357142857142857,1.9333333333333333,0.32657442748091603,0.34553912213740456,0.3209685114503817,0.00691793893129771,False,False,False,False,0.17001460920379838,0.08498446668967899,0.0450018580453363,0.27068965517241383,False,True,False,True
71,1,0,0,0,104.0,92,17.68,197.0,125,16.75,110.1,123,4.95,14.6,8,3.94,0,False,425.70000000000005,348,43.32,1.1304347826086956,1.576,0.8951219512195121,1.825,0.24430350011745358,0.4627672069532534,0.2586328400281888,0.03429645290110406,False,False,False,False,0.16999999999999998,0.0850253807106599,0.0449591280653951,0.26986301369863014,False,True,False,True
71,1,0,1,31,115.4,90,19.62,217.4,78,18.48,239.9,102,10.8,13.1,4,3.54,1,False,585.8000000000001,274,52.440000000000005,1.2822222222222224,2.787179487179487,2.3519607843137256,3.275,0.19699556162512802,0.37111642198702627,0.40952543530215085,0.022362581085694774,False,False,False,False,0.17001733102253033,0.08500459981600736,0.045018757815756566,0.2702290076335878,True,False,False,True
68,1,0,0,0,222.1,107,37.76,199.4,102,16.95,162.4,107,7.31,9.4,3,2.54,2,False,593.3,319,64.56,2.075700934579439,1.9549019607843139,1.5177570093457944,3.1333333333333333,0.37434687341985506,0.3360862969829766,0.27372324287881344,0.015843586718354966,False,False,False,False,0.170013507429086,0.0850050150451354,0.04501231527093596,0.2702127659574468,False,True,False,True
66,1,0,0,0,116.4,98,19.79,95.6,74,8.13,181.5,94,8.17,10.5,3,2.84,3,False,404.0,269,38.93000000000001,1.1877551020408164,1.2918918918918918,1.9308510638297873,3.5,0.28811881188118815,0.23663366336633662,0.44925742574257427,0.02599009900990099,False,False,False,False,0.17001718213058417,0.08504184100418412,0.04501377410468319,0.2704761904761905,False,True,False,True
101,1,0,0,0,217.7,118,37.01,231.7,128,19.69,185.3,128,8.34,0.0,0,0.0,3,False,634.7,374,65.04,1.844915254237288,1.81015625,1.44765625,0.0,0.3429966913502442,0.3650543563888451,0.29194895226091067,0.0,False,False,False,False,0.1700045934772623,0.08498057833405266,0.045008094981111704,0.0,False,True,False,True
116,1,0,0,0,129.4,84,22.0,157.3,89,13.37,215.5,77,9.7,13.3,3,3.59,0,False,515.5,253,48.66,1.5404761904761906,1.7674157303370788,2.7987012987012987,4.433333333333334,0.2510184287099903,0.30514064015518916,0.4180407371483996,0.02580019398642095,False,False,False,False,0.17001545595054096,0.08499682136045772,0.04501160092807424,0.2699248120300752,False,True,False,True
54,1,0,1,33,161.8,73,27.51,273.0,58,23.21,153.9,76,6.93,13.7,4,3.7,0,False,602.4000000000001,211,61.35,2.216438356164384,4.706896551724138,2.025,3.425,0.2685922974767596,0.45318725099601587,0.2554780876494024,0.02274236387782204,False,False,False,False,0.17002472187886278,0.08501831501831503,0.04502923976608187,0.27007299270072993,True,False,False,True
112,0,0,1,29,198.8,122,33.8,238.6,114,20.28,289.5,69,13.03,11.5,5,3.11,1,False,738.4,310,70.22,1.6295081967213116,2.092982456140351,4.195652173913044,2.3,0.2692307692307693,0.3231310942578548,0.3920639219934995,0.01557421451787649,False,False,False,False,0.17002012072434605,0.08499580888516346,0.04500863557858376,0.27043478260869563,True,False,False,True
122,0,0,1,45,147.8,85,25.13,147.4,93,12.53,203.5,110,9.16,14.0,5,3.78,1,False,512.7,293,50.599999999999994,1.7388235294117649,1.5849462365591398,1.85,2.8,0.2882777452701385,0.28749756192705284,0.39691827579481176,0.027306417007996877,False,False,False,False,0.1700270635994587,0.0850067842605156,0.04501228501228501,0.26999999999999996,True,False,False,True
74,1,0,0,0,262.3,114,44.59,198.9,96,16.91,165.9,90,7.47,6.6,5,1.78,3,False,633.7,305,70.75,2.300877192982456,2.071875,1.8433333333333335,1.3199999999999998,0.413918257850718,0.3138709168376203,0.261795802430172,0.010415022881489662,False,False,False,False,0.16999618757148305,0.08501759678230267,0.04502712477396022,0.2696969696969697,False,True,False,True
90,1,0,0,0,246.4,83,41.89,160.3,88,13.63,170.9,99,7.69,7.6,7,2.05,1,False,585.2,277,65.26,2.968674698795181,1.8215909090909093,1.7262626262626264,1.0857142857142856,0.42105263157894735,0.27392344497607657,0.2920369104579631,0.012987012987012986,False,False,False,False,0.17000811688311687,0.0850280723643169,0.04499707431246343,0.26973684210526316,False,True,False,True
112,1,0,0,0,174.3,123,29.63,140.2,124,11.92,215.4,89,9.69,9.0,6,2.43,4,True,538.9,342,53.669999999999995,1.4170731707317075,1.1306451612903226,2.4202247191011237,1.5,0.3234366301725738,0.26015958433846725,0.39970309890517725,0.01670068658378178,False,False,False,False,0.1699942627653471,0.08502139800285308,0.044986072423398325,0.27,False,True,False,True
85,2,0,0,0,183.4,111,31.18,168.8,98,14.35,199.7,97,8.99,9.9,4,2.67,4,False,561.8000000000001,310,57.190000000000005,1.6522522522522523,1.722448979591837,2.058762886597938,2.475,0.32645069419722317,0.3004627981488074,0.35546457814168736,0.01762192951228195,False,False,False,False,0.17001090512540892,0.08501184834123222,0.04501752628943415,0.26969696969696966,False,True,False,True
100,1,0,0,0,191.9,95,32.62,200.9,101,17.08,271.9,74,12.24,18.2,3,4.91,1,False,682.9000000000001,273,66.85,2.02,1.989108910891089,3.674324324324324,6.066666666666666,0.28100746815053446,0.2941865573290379,0.3981549275150094,0.026651047005418066,False,False,False,False,0.16998436685773838,0.08501742160278744,0.04501655020228026,0.2697802197802198,False,True,False,True
114,1,0,0,0,187.8,109,31.93,154.6,97,13.14,213.9,102,9.63,10.1,3,2.73,2,False,566.4,311,57.43,1.722935779816514,1.5938144329896906,2.097058823529412,3.3666666666666667,0.33156779661016955,0.2729519774011299,0.3776483050847458,0.0178319209039548,False,False,False,False,0.17002129925452608,0.08499353169469599,0.045021037868162694,0.2702970297029703,False,True,False,True
83,2,0,0,0,259.7,106,44.15,152.7,116,12.98,224.7,92,10.11,10.2,2,2.75,0,False,647.3,316,69.99,2.4499999999999997,1.3163793103448276,2.442391304347826,5.1,0.40120500540707554,0.23590298161594314,0.34713424996137804,0.015757763015603277,False,False,False,False,0.1700038505968425,0.08500327439423708,0.04499332443257677,0.26960784313725494,False,True,False,True
157,1,1,0,0,180.4,123,30.67,194.0,98,16.49,227.3,88,10.23,8.4,5,2.27,0,False,610.1,314,59.660000000000004,1.4666666666666668,1.9795918367346939,2.5829545454545455,1.6800000000000002,0.2956892312735617,0.3179806589083757,0.3725618751024422,0.01376823471562039,False,False,False,True,0.1700110864745011,0.08499999999999999,0.04500659920809503,0.2702380952380952,False,True,False,True
51,2,0,0,0,51.8,107,8.81,230.2,104,19.57,227.5,118,10.24,10.4,4,2.81,2,False,519.9,333,41.43000000000001,0.48411214953271026,2.213461538461538,1.9279661016949152,2.6,0.09963454510482785,0.4427774572033083,0.43758415079823043,0.02000384689363339,False,False,False,False,0.1700772200772201,0.08501303214596004,0.04501098901098901,0.2701923076923077,False,True,False,True
42,1,0,0,0,303.9,106,51.66,232.2,54,19.74,147.1,76,6.62,5.8,3,1.57,1,True,688.9999999999999,239,79.58999999999999,2.8669811320754715,4.3,1.9355263157894735,1.9333333333333333,0.4410740203193034,0.33701015965166914,0.21349782293178524,0.00841799709724238,False,False,False,False,0.16999012833168806,0.08501291989664082,0.04500339904826649,0.27068965517241383,False,True,False,True
101,1,0,1,36,123.7,125,21.03,172.6,106,14.67,280.5,127,12.62,8.8,4,2.38,1,True,585.5999999999999,362,50.7,0.9896,1.6283018867924528,2.2086614173228347,2.2,0.21123633879781425,0.29474043715847,0.47899590163934436,0.015027322404371588,False,False,False,False,0.17000808407437348,0.08499420625724217,0.04499108734402852,0.27045454545454545,True,False,False,True
112,2,0,0,0,206.2,122,35.05,164.5,94,13.98,140.3,101,6.31,12.6,7,3.4,3,False,523.6,324,58.74,1.6901639344262294,1.75,1.3891089108910892,1.8,0.39381207028265847,0.3141711229946524,0.26795263559969446,0.02406417112299465,False,False,False,False,0.16998060135790494,0.08498480243161094,0.04497505345687811,0.2698412698412698,False,True,False,True
56,2,0,0,0,164.3,92,27.93,233.7,107,19.86,187.3,104,8.43,11.8,1,3.19,2,False,597.0999999999999,304,59.41,1.7858695652173915,2.18411214953271,1.8009615384615385,11.8,0.2751632892312846,0.3913917266789483,0.31368280020097145,0.019762183888795852,False,False,False,False,0.1699939135727328,0.08498074454428756,0.04500800854244527,0.2703389830508474,False,True,False,True
53,0,0,0,0,228.6,117,38.86,132.8,123,11.29,227.2,124,10.22,10.1,2,2.73,9,True,598.6999999999999,366,63.099999999999994,1.9538461538461538,1.0796747967479676,1.832258064516129,5.05,0.3818272924670119,0.22181393018206116,0.37948889260063473,0.016869884750292302,True,False,True,False,0.1699912510936133,0.08501506024096384,0.044982394366197186,0.2702970297029703,False,True,False,True
64,1,0,1,22,200.4,80,34.07,131.1,84,11.14,230.7,67,10.38,7.6,5,2.05,1,False,569.8000000000001,236,57.64,2.505,1.5607142857142857,3.443283582089552,1.52,0.35170235170235165,0.23008073008073004,0.4048789048789048,0.013338013338013335,False,False,False,False,0.17000998003992016,0.08497330282227308,0.04499349804941483,0.26973684210526316,True,False,False,True
123,0,0,0,0,154.3,107,26.23,183.0,111,15.56,54.0,134,2.43,10.9,8,2.94,0,False,402.2,360,47.16,1.4420560747663553,1.6486486486486487,0.40298507462686567,1.3625,0.38363998010939837,0.4549975136747887,0.13426156141223272,0.02710094480358031,False,False,False,False,0.1699935191186001,0.0850273224043716,0.045000000000000005,0.2697247706422018,False,True,False,True
68,2,0,1,30,122.9,93,20.89,233.5,91,19.85,199.5,144,8.98,9.6,2,2.59,2,False,565.5,330,52.31,1.321505376344086,2.565934065934066,1.3854166666666667,4.8,0.2173297966401415,0.41290893015030944,0.35278514588859416,0.016976127320954906,False,False,False,False,0.16997558991049633,0.08501070663811564,0.0450125313283208,0.26979166666666665,True,False,False,True
40,2,1,0,0,220.8,100,37.54,265.7,106,22.58,212.8,94,9.58,6.4,3,1.73,0,False,705.6999999999999,303,71.43,2.208,2.5066037735849056,2.2638297872340427,2.1333333333333333,0.3128808275471164,0.37650559727929717,0.30154456567946725,0.009069009494119316,False,False,False,True,0.17001811594202898,0.08498306360557019,0.0450187969924812,0.27031249999999996,False,True,False,True
132,0,0,0,0,214.6,78,36.48,251.7,98,21.39,240.8,88,10.84,13.9,2,3.75,0,False,720.9999999999999,266,72.46,2.7512820512820513,2.5683673469387753,2.7363636363636363,6.95,0.2976421636615812,0.34909847434119284,0.33398058252427193,0.019278779472954234,False,False,False,False,0.1699906803355079,0.08498212157330155,0.04501661129568106,0.2697841726618705,False,True,False,True
120,0,1,0,0,202.0,123,34.34,184.3,78,15.67,176.0,89,7.92,7.4,2,2.0,2,True,569.6999999999999,292,59.93000000000001,1.6422764227642277,2.362820512820513,1.9775280898876404,3.7,0.3545725820607338,0.32350359838511505,0.30893452694400564,0.012989292610145692,False,False,False,True,0.17,0.0850244167118828,0.045,0.27027027027027023,False,True,False,True
108,0,0,1,32,209.5,108,35.62,109.6,64,9.32,189.7,145,8.54,9.1,6,2.46,6,True,517.9,323,55.94,1.9398148148148149,1.7125,1.3082758620689654,1.5166666666666666,0.4045182467657849,0.21162386561112184,0.3662869279783742,0.017570959644719056,True,False,True,False,0.17002386634844868,0.08503649635036498,0.045018450184501846,0.2703296703296703,True,False,False,True
161,2,0,0,0,297.9,141,50.64,238.1,107,20.24,240.5,93,10.82,8.9,5,2.4,1,True,785.4,346,84.1,2.1127659574468085,2.225233644859813,2.586021505376344,1.78,0.37929717341482044,0.30315762668703844,0.30621339444868856,0.011331805449452509,False,False,False,False,0.16998992950654584,0.08500629987400252,0.04498960498960499,0.2696629213483146,False,True,False,True
130,1,0,0,0,212.8,102,36.18,189.8,137,16.13,170.1,105,7.65,10.6,4,2.86,0,True,583.3000000000001,348,62.82,2.0862745098039217,1.3854014598540147,1.6199999999999999,2.65,0.36482084690553745,0.3253900222869878,0.29161666380936047,0.018172466998114176,False,False,False,False,0.17001879699248118,0.08498419388830347,0.04497354497354498,0.269811320754717,False,True,False,True
130,0,0,1,19,152.9,87,25.99,213.2,99,18.12,205.3,114,9.24,10.8,6,2.92,2,False,582.2,306,56.27,1.757471264367816,2.1535353535353536,1.8008771929824563,1.8,0.26262452765372724,0.3661971830985915,0.3526279628993473,0.018550326348333906,False,False,False,False,0.1699803793328973,0.08499061913696061,0.04500730638090599,0.27037037037037037,True,False,False,True
90,2,0,0,0,125.4,158,21.32,269.1,83,22.87,238.6,103,10.74,11.0,7,2.97,1,False,644.1,351,57.9,0.7936708860759494,3.2421686746987954,2.316504854368932,1.5714285714285714,0.19469026548672566,0.4177922682813228,0.37043937276820366,0.017078093463747866,False,False,False,False,0.17001594896331737,0.08498699368264585,0.04501257334450964,0.27,False,True,False,True
139,1,0,1,25,138.3,96,23.51,80.6,79,6.85,163.7,83,7.37,8.3,8,2.24,0,False,390.90000000000003,266,39.97,1.440625,1.020253164556962,1.972289156626506,1.0375,0.3537989255564083,0.20619084164748014,0.4187771808646712,0.021233051931440265,False,False,False,False,0.16999276934201013,0.08498759305210918,0.04502138057422114,0.26987951807228916,True,False,False,True
57,1,0,0,0,189.3,157,32.18,174.9,70,14.87,221.9,117,9.99,11.2,5,3.02,3,False,597.3000000000001,349,60.06,1.2057324840764332,2.4985714285714287,1.8965811965811967,2.2399999999999998,0.316926167754897,0.292817679558011,0.3715051063117361,0.018751046375355764,False,False,False,False,0.1699947173798204,0.08502001143510576,0.04502027940513745,0.2696428571428572,False,True,False,True
128,2,0,0,0,199.3,86,33.88,194.8,102,16.56,298.2,82,13.42,14.3,2,3.86,4,False,706.5999999999999,272,67.72,2.3174418604651166,1.9098039215686275,3.636585365853658,7.15,0.2820549108406454,0.27568638550806684,0.42202094537220497,0.020237758279082935,False,False,False,False,0.16999498243853486,0.08501026694045173,0.04500335345405768,0.2699300699300699,False,True,False,True
107,1,0,0,0,294.9,71,50.13,192.8,78,16.39,148.1,87,6.66,13.2,5,3.56,1,True,649.0,241,76.74000000000001,4.153521126760563,2.471794871794872,1.7022988505747125,2.6399999999999997,0.4543913713405239,0.29707241910631743,0.22819722650231125,0.020338983050847456,False,False,False,False,0.16998982706002036,0.0850103734439834,0.0449696151249156,0.2696969696969697,False,True,False,True
177,0,0,0,0,175.4,99,29.82,155.3,83,13.2,179.4,86,8.07,11.5,3,3.11,1,False,521.6,271,54.199999999999996,1.7717171717171718,1.8710843373493977,2.086046511627907,3.8333333333333335,0.3362730061349693,0.2977377300613497,0.34394171779141103,0.022047546012269936,False,False,False,False,0.17001140250855187,0.08499678042498389,0.04498327759197324,0.27043478260869563,False,True,False,True
121,1,0,0,0,179.4,70,30.5,143.0,93,12.16,116.3,113,5.23,11.2,5,3.02,1,False,449.9,281,50.910000000000004,2.5628571428571427,1.5376344086021505,1.0292035398230088,2.2399999999999998,0.398755278950878,0.31784841075794623,0.2585018893087353,0.024894420982440543,False,False,False,False,0.17001114827201783,0.08503496503496503,0.04496990541702494,0.2696428571428572,False,True,False,True
99,2,1,1,39,126.8,94,21.56,293.6,115,24.96,174.1,91,7.83,8.4,4,2.27,0,False,602.9,304,56.62,1.348936170212766,2.5530434782608697,1.913186813186813,2.1,0.21031680212307183,0.4869795986067342,0.28877094045447005,0.013932658815724001,False,False,False,False,0.17003154574132492,0.08501362397820163,0.04497415278575532,0.2702380952380952,True,False,False,True
77,1,0,1,33,143.0,101,24.31,212.2,102,18.04,104.9,120,4.72,15.3,4,4.13,5,True,475.40000000000003,327,51.199999999999996,1.4158415841584158,2.080392156862745,0.8741666666666668,3.825,0.3007993268826251,0.4463609591922591,0.22065628944047116,0.03218342448464451,True,False,False,False,0.16999999999999998,0.08501413760603205,0.04499523355576739,0.2699346405228758,True,False,False,True
21,1,0,0,0,91.9,109,15.62,198.4,111,16.86,171.7,125,7.73,13.0,7,3.51,2,False,475.0,352,43.71999999999999,0.843119266055046,1.7873873873873873,1.3736,1.8571428571428572,0.19347368421052633,0.4176842105263158,0.3614736842105263,0.02736842105263158,False,False,False,False,0.16996735582154515,0.08497983870967742,0.04502038439138032,0.26999999999999996,False,True,True,False
56,0,0,0,0,210.4,80,35.77,176.6,96,15.01,149.7,56,6.74,15.5,4,4.19,1,False,552.2,236,61.71,2.63,1.8395833333333333,2.6732142857142853,3.875,0.38102136906917783,0.31981166244114445,0.2710974284679464,0.028069540021731256,False,False,False,False,0.17000950570342208,0.08499433748584372,0.04502338009352038,0.2703225806451613,False,True,False,True
92,1,0,1,29,201.3,130,34.22,203.7,115,17.31,129.9,113,5.85,6.4,6,1.73,1,True,541.3,364,59.11,1.5484615384615386,1.7713043478260868,1.1495575221238938,1.0666666666666667,0.37188250508036214,0.376316275632736,0.23997783114723817,0.011823388139663774,False,False,False,False,0.16999503229011423,0.0849779086892489,0.04503464203233256,0.27031249999999996,True,False,False,True
81,2,0,0,0,145.6,59,24.75,287.9,131,24.47,181.7,121,8.18,9.2,4,2.48,2,False,624.4000000000001,315,59.879999999999995,2.4677966101694913,2.1977099236641218,1.5016528925619834,2.3,0.2331838565022421,0.4610826393337603,0.29099935938500954,0.014734144778987825,False,False,False,False,0.16998626373626374,0.08499478985758945,0.04501926252063842,0.26956521739130435,False,True,False,True
139,2,1,1,31,203.5,82,34.6,200.3,72,17.03,214.0,112,9.63,13.4,6,3.62,1,True,631.1999999999999,272,64.88000000000001,2.481707317073171,2.7819444444444446,1.9107142857142858,2.2333333333333334,0.32240177439797213,0.31733206590621044,0.3390367553865653,0.02122940430925222,False,False,False,False,0.17002457002457003,0.08502246630054917,0.045000000000000005,0.2701492537313433,True,False,False,True
68,1,0,0,0,232.4,76,39.51,153.3,103,13.03,214.6,107,9.66,10.5,2,2.84,1,False,610.8000000000001,288,65.04,3.057894736842105,1.488349514563107,2.005607476635514,5.25,0.38048461034708575,0.25098231827111983,0.35134250163719705,0.017190569744597248,False,False,False,False,0.17000860585197933,0.08499673842139595,0.04501397949673812,0.2704761904761905,False,True,False,True
183,1,0,1,8,86.5,119,14.71,285.2,97,24.24,180.4,133,8.12,8.7,2,2.35,2,False,560.8000000000001,351,49.42,0.726890756302521,2.94020618556701,1.3563909774436091,4.35,0.15424393723252494,0.5085592011412268,0.3216833095577746,0.015513552068473605,False,False,False,False,0.1700578034682081,0.0849929873772791,0.045011086474501104,0.2701149425287357,True,False,False,True
165,0,0,0,0,156.0,88,26.52,276.1,81,23.47,175.9,94,7.92,9.3,5,2.51,1,False,617.3,268,60.419999999999995,1.7727272727272727,3.408641975308642,1.8712765957446809,1.86,0.2527134294508343,0.4472703709703548,0.28495059128462663,0.015065608294184353,False,False,False,False,0.16999999999999998,0.08500543281419774,0.0450255827174531,0.2698924731182795,False,True,False,True
89,1,0,0,0,326.3,112,55.47,165.1,110,14.03,162.9,97,7.33,7.5,1,2.03,1,True,661.8,320,78.86,2.913392857142857,1.5009090909090907,1.679381443298969,7.5,0.49304925959504387,0.2494711393170142,0.2461468721668178,0.011332728921124207,False,False,False,False,0.16999693533558075,0.08497880072683223,0.044996930632289746,0.27066666666666667,False,True,False,True
59,2,0,0,0,195.0,58,33.15,198.5,88,16.87,304.3,110,13.69,14.8,9,4.0,0,False,712.5999999999999,265,67.71,3.3620689655172415,2.2556818181818183,2.7663636363636366,1.6444444444444446,0.27364580409767053,0.27855739545326974,0.4270277855739546,0.02076901487510525,False,False,False,False,0.16999999999999998,0.08498740554156171,0.04498849819257311,0.27027027027027023,False,True,False,True
16,1,1,0,0,110.0,91,18.7,147.3,75,12.52,190.5,73,8.57,6.4,7,1.73,0,False,454.2,246,41.519999999999996,1.2087912087912087,1.9640000000000002,2.6095890410958904,0.9142857142857144,0.242184059885513,0.3243064729194188,0.4194187582562748,0.014090708938793484,False,False,False,True,0.16999999999999998,0.08499660556687032,0.04498687664041995,0.27031249999999996,False,True,True,False
114,1,0,0,0,147.1,119,25.01,161.0,111,13.69,275.9,106,12.42,9.0,3,2.43,5,True,593.0,339,53.550000000000004,1.2361344537815127,1.4504504504504505,2.602830188679245,3.0,0.24806070826306914,0.2715008431703204,0.46526138279932544,0.01517706576728499,True,False,False,False,0.17002039428959892,0.08503105590062111,0.04501631025733962,0.27,False,True,False,True
113,2,0,0,0,156.0,141,26.52,256.8,72,21.83,175.3,123,7.89,11.9,5,3.21,2,False,600.0,341,59.449999999999996,1.1063829787234043,3.566666666666667,1.4252032520325204,2.38,0.26,0.428,0.2921666666666667,0.019833333333333335,False,False,False,False,0.16999999999999998,0.08500778816199375,0.04500855675984027,0.26974789915966385,False,True,False,True
120,0,0,0,0,98.2,99,16.69,186.7,85,15.87,146.7,96,6.6,9.3,4,2.51,2,False,440.9,284,41.67,0.991919191919192,2.196470588235294,1.528125,2.325,0.222726241778181,0.42345202993876163,0.3327285098661828,0.021093218416874577,False,False,False,False,0.169959266802444,0.08500267809319764,0.044989775051124746,0.2698924731182795,False,True,False,True
115,1,0,0,0,210.6,120,35.8,153.1,84,13.01,262.2,79,11.8,11.0,5,2.97,0,False,636.9,288,63.58,1.755,1.8226190476190476,3.318987341772152,2.2,0.3306641544983514,0.24038310566807977,0.4116815826660386,0.017271157167530225,False,False,False,False,0.16999050332383664,0.08497713912475506,0.045003813882532426,0.27,False,True,False,True
100,1,1,0,0,159.9,94,27.18,179.9,95,15.29,154.4,102,6.95,11.6,2,3.13,2,True,505.80000000000007,293,52.550000000000004,1.701063829787234,1.8936842105263159,1.5137254901960784,5.8,0.31613285883748515,0.35567417951759583,0.30525899565045467,0.022933965994464213,False,False,False,True,0.1699812382739212,0.08499166203446358,0.04501295336787565,0.26982758620689656,False,True,False,True
1,0,0,0,0,123.8,113,21.05,236.2,77,20.08,73.2,81,3.29,3.7,2,1.0,0,False,436.9,273,45.419999999999995,1.095575221238938,3.0675324675324673,0.9037037037037038,1.85,0.28336003662165254,0.5406271457999542,0.16754406042572673,0.008468757152666515,False,False,False,False,0.17003231017770598,0.08501270110076206,0.04494535519125683,0.27027027027027023,False,True,True,False
97,1,0,1,15,117.6,97,19.99,196.3,126,16.69,157.4,113,7.08,6.4,3,1.73,1,False,477.69999999999993,339,45.489999999999995,1.2123711340206185,1.557936507936508,1.392920353982301,2.1333333333333333,0.24617961063428934,0.4109273602679507,0.32949549926732263,0.013397529830437516,False,False,False,False,0.16998299319727891,0.08502292409577178,0.04498094027954257,0.27031249999999996,True,False,False,True
55,1,0,1,28,105.3,82,17.9,197.4,109,16.78,187.5,91,8.44,8.6,6,2.32,2,False,498.8,288,45.44,1.2841463414634147,1.8110091743119268,2.0604395604395602,1.4333333333333333,0.2111066559743384,0.39574979951884526,0.3759021651964715,0.017241379310344827,False,False,False,False,0.16999050332383664,0.08500506585612969,0.04501333333333333,0.2697674418604651,True,False,False,True
75,1,0,0,0,111.7,121,18.99,237.3,119,20.17,253.5,110,11.41,13.1,6,3.54,1,False,615.6,356,54.10999999999999,0.9231404958677686,1.9941176470588236,2.3045454545454547,2.183333333333333,0.18144899285250163,0.3854775828460039,0.4117933723196881,0.021280051981806367,False,False,False,False,0.17000895255147716,0.08499789296249474,0.045009861932938856,0.2702290076335878,False,True,False,True
83,1,0,0,0,159.3,104,27.08,202.3,98,17.2,229.0,73,10.31,9.5,3,2.57,2,False,600.1,278,57.160000000000004,1.5317307692307693,2.0642857142857145,3.136986301369863,3.1666666666666665,0.26545575737377103,0.3371104815864023,0.3816030661556407,0.015830694884185967,False,False,False,False,0.1699937225360954,0.08502224419179435,0.04502183406113537,0.27052631578947367,False,True,False,True
40,2,0,0,0,81.7,123,13.89,210.2,108,17.87,212.0,64,9.54,11.3,3,3.05,6,True,515.1999999999999,298,44.349999999999994,0.6642276422764228,1.9462962962962962,3.3125,3.766666666666667,0.15857919254658387,0.4079968944099379,0.4114906832298137,0.0219332298136646,True,False,False,False,0.17001223990208078,0.08501427212178878,0.045,0.26991150442477874,False,True,False,True
101,1,0,1,21,238.0,88,40.46,209.6,84,17.82,233.0,95,10.49,10.0,5,2.7,2,False,690.6,272,71.47,2.7045454545454546,2.4952380952380953,2.4526315789473685,2.0,0.3446278598320301,0.30350419924703154,0.3373877787431219,0.014480162177816391,False,False,False,False,0.17,0.08501908396946566,0.045021459227467815,0.27,True,False,False,True
120,1,0,1,40,128.1,99,21.78,247.7,78,21.05,199.7,121,8.99,15.6,3,4.21,0,False,591.1,301,56.03,1.293939393939394,3.1756410256410255,1.6504132231404958,5.2,0.21671459989849431,0.41904923024868884,0.3378446963288783,0.02639147352393842,False,False,False,False,0.17002341920374708,0.08498183286233348,0.04501752628943415,0.26987179487179486,True,False,False,True
183,1,0,1,31,171.2,104,29.1,193.6,74,16.46,196.5,85,8.84,10.2,4,2.75,1,False,571.5,267,57.150000000000006,1.646153846153846,2.616216216216216,2.3117647058823527,2.55,0.2995625546806649,0.3387576552930884,0.3438320209973753,0.01784776902887139,False,False,False,False,0.1699766355140187,0.08502066115702481,0.04498727735368957,0.26960784313725494,True,False,False,True
75,2,0,0,0,109.0,88,18.53,259.3,120,22.04,182.1,119,8.19,13.3,3,3.59,4,True,563.6999999999999,330,52.349999999999994,1.2386363636363635,2.1608333333333336,1.530252100840336,4.433333333333334,0.1933652652119922,0.45999645201348244,0.3230441724321448,0.0235941103423807,False,False,False,False,0.17,0.08499807173158502,0.04497528830313015,0.2699248120300752,False,True,False,True
80,1,0,0,0,220.0,114,37.4,207.7,76,17.65,168.4,137,7.58,12.1,3,3.27,2,False,608.2,330,65.89999999999999,1.9298245614035088,2.732894736842105,1.229197080291971,4.033333333333333,0.36172311739559354,0.3414995067412035,0.27688260440644524,0.019894771456757644,False,False,False,False,0.16999999999999998,0.08497833413577274,0.04501187648456057,0.2702479338842975,False,True,False,True
88,1,0,0,0,55.6,65,9.45,242.7,121,20.63,176.3,134,7.93,11.3,4,3.05,0,False,485.90000000000003,324,41.059999999999995,0.8553846153846154,2.005785123966942,1.3156716417910448,2.825,0.114426836797695,0.49948549084173693,0.36283185840707965,0.023255813953488372,False,False,False,False,0.1699640287769784,0.0850020601565719,0.04498014747589336,0.26991150442477874,False,True,False,True
112,1,0,1,23,286.6,79,48.72,315.3,102,26.8,193.9,101,8.73,10.3,6,2.78,1,False,806.1,288,87.03,3.627848101265823,3.0911764705882354,1.91980198019802,1.7166666666666668,0.35553901501054463,0.3911425381466319,0.24054087582185832,0.01277757102096514,False,False,False,False,0.16999302163293786,0.08499841420869013,0.04502320783909232,0.2699029126213592,True,False,False,True
63,2,0,0,0,207.6,96,35.29,229.0,112,19.47,162.6,131,7.32,13.3,2,3.59,1,False,612.5,341,65.67,2.1625,2.044642857142857,1.2412213740458016,6.65,0.33893877551020407,0.37387755102040815,0.26546938775510204,0.021714285714285714,False,False,False,False,0.169990366088632,0.08502183406113537,0.045018450184501846,0.2699248120300752,False,True,False,True
105,1,0,1,31,109.6,108,18.63,249.3,119,21.19,321.2,101,14.45,8.3,4,2.24,4,True,688.3999999999999,332,56.51,1.0148148148148148,2.0949579831932774,3.18019801980198,2.075,0.1592097617664149,0.3621441022661244,0.46658919233004076,0.012056943637420109,False,False,False,False,0.1699817518248175,0.08499799438427598,0.044987546699875466,0.26987951807228916,True,False,False,True
177,1,0,0,0,175.7,120,29.87,168.6,90,14.33,198.9,110,8.95,14.6,4,3.94,1,False,557.8,324,57.09,1.4641666666666666,1.8733333333333333,1.8081818181818183,3.65,0.31498745069917533,0.3022588741484403,0.3565794191466476,0.026174256005736824,False,False,False,False,0.17000569151963577,0.08499406880189798,0.044997486173956755,0.26986301369863014,False,True,False,True
118,2,0,0,0,205.2,115,34.88,184.8,137,15.71,176.1,115,7.92,7.0,6,1.89,0,False,573.1,373,60.400000000000006,1.7843478260869565,1.3489051094890512,1.5313043478260868,1.1666666666666667,0.35805269586459604,0.32245681381957775,0.3072762170650846,0.01221427325074158,False,False,False,False,0.16998050682261212,0.08501082251082251,0.04497444633730835,0.26999999999999996,False,True,False,True
82,2,0,1,34,232.6,121,39.54,153.2,115,13.02,286.7,77,12.9,4.7,3,1.27,3,False,677.2,316,66.73,1.9223140495867768,1.3321739130434782,3.7233766233766232,1.5666666666666667,0.3434731246308328,0.22622563496751324,0.4233608978145304,0.006940342587123449,False,False,False,False,0.1699914015477214,0.0849869451697128,0.04499476805022672,0.2702127659574468,True,False,False,True
74,1,0,0,0,102.7,89,17.46,149.3,100,12.69,188.1,114,8.46,11.0,5,2.97,0,False,451.1,308,41.58,1.153932584269663,1.493,1.65,2.2,0.2276657060518732,0.33096874307248947,0.41698071381068497,0.024384837064952338,False,False,False,False,0.1700097370983447,0.08499665103817816,0.044976076555023926,0.27,False,True,False,True
125,0,0,0,0,169.3,90,28.78,156.0,138,13.26,210.8,106,9.49,11.6,6,3.13,2,False,547.7,340,54.660000000000004,1.8811111111111112,1.1304347826086956,1.9886792452830189,1.9333333333333333,0.30911082709512505,0.28482746028847905,0.384882234800073,0.021179477816322803,False,False,False,False,0.16999409332545776,0.08499999999999999,0.04501897533206831,0.26982758620689656,False,True,False,True
138,1,0,0,0,251.0,119,42.67,91.2,96,7.75,142.2,87,6.4,13.8,3,3.73,3,False,498.2,305,60.55,2.1092436974789917,0.9500000000000001,1.6344827586206896,4.6000000000000005,0.5038137294259334,0.1830590124448013,0.28542753914090724,0.02769971898835809,False,False,False,False,0.17,0.0849780701754386,0.04500703234880451,0.2702898550724638,False,True,False,True
119,1,0,0,0,230.4,117,39.17,225.0,101,19.13,198.5,111,8.93,7.6,6,2.05,3,False,661.5,335,69.27999999999999,1.9692307692307693,2.227722772277228,1.7882882882882882,1.2666666666666666,0.3482993197278912,0.3401360544217687,0.3000755857898715,0.01148904006046863,False,False,False,False,0.17000868055555557,0.08502222222222222,0.04498740554156171,0.26973684210526316,False,True,False,True
137,2,0,0,0,109.8,120,18.67,230.5,86,19.59,255.8,103,11.51,11.9,6,3.21,1,False,608.0,315,52.980000000000004,0.9149999999999999,2.6802325581395348,2.483495145631068,1.9833333333333334,0.1805921052631579,0.37911184210526316,0.42072368421052636,0.019572368421052633,False,False,False,False,0.17003642987249545,0.08498915401301518,0.04499609069585613,0.26974789915966385,False,True,False,True
182,1,0,0,0,279.5,118,47.52,203.2,113,17.27,174.2,101,7.84,10.7,4,2.89,2,True,667.6,336,75.52000000000001,2.3686440677966103,1.798230088495575,1.7247524752475247,2.675,0.4186638705811863,0.3043738765727981,0.26093469143199516,0.01602756141402037,False,False,False,False,0.17001788908765655,0.08499015748031497,0.04500574052812859,0.27009345794392525,False,True,False,True
134,1,0,1,38,214.4,93,36.45,211.7,57,17.99,165.0,79,7.43,10.0,8,2.7,1,False,601.1,237,64.57,2.3053763440860218,3.714035087719298,2.088607594936709,1.25,0.35667942106138745,0.35218765596406587,0.2744967559474297,0.01663616702711695,False,False,False,False,0.17000932835820898,0.08497874350495985,0.04503030303030303,0.27,True,False,False,True
45,1,0,0,0,96.1,103,16.34,246.8,134,20.98,229.7,92,10.34,9.7,4,2.62,1,False,582.3,333,50.279999999999994,0.933009708737864,1.8417910447761194,2.4967391304347823,2.425,0.16503520522067663,0.4238365103898335,0.39447020436201274,0.016658080027477245,False,False,False,False,0.17003121748178981,0.08500810372771475,0.04501523726599913,0.2701030927835052,False,True,False,True
163,0,0,1,23,224.0,126,38.08,233.5,89,19.85,293.9,104,13.23,8.8,4,2.38,1,False,760.1999999999999,323,73.53999999999999,1.7777777777777777,2.6235955056179776,2.8259615384615384,2.2,0.2946593001841621,0.3071560115759011,0.38660878716127334,0.011575901078663511,False,False,False,False,0.16999999999999998,0.08501070663811564,0.04501531133038449,0.27045454545454545,True,False,False,True
105,1,0,0,0,211.1,99,35.89,176.7,66,15.02,221.5,96,9.97,14.7,7,3.97,4,False,624.0,268,64.85,2.132323232323232,2.6772727272727272,2.3072916666666665,2.1,0.338301282051282,0.2831730769230769,0.35496794871794873,0.023557692307692307,False,False,False,False,0.1700142112742776,0.08500282965478212,0.04501128668171558,0.27006802721088435,False,True,False,True
119,1,0,0,0,109.2,96,18.56,153.1,80,13.01,240.0,102,10.8,9.8,5,2.65,2,False,512.1,283,45.02,1.1375,1.9137499999999998,2.3529411764705883,1.9600000000000002,0.21323960164030462,0.2989650458894747,0.46865846514352666,0.019136887326694007,False,False,False,False,0.16996336996336994,0.08497713912475506,0.045000000000000005,0.2704081632653061,False,True,False,True
78,0,0,0,0,220.0,95,37.4,179.9,121,15.29,188.2,109,8.47,11.5,5,3.11,0,False,599.5999999999999,330,64.27,2.3157894736842106,1.4867768595041322,1.7266055045871558,2.3,0.36691127418278857,0.3000333555703803,0.3138759172781855,0.019179452968645767,False,False,False,False,0.16999999999999998,0.08499166203446358,0.045005313496280556,0.27043478260869563,False,True,False,True
125,0,0,1,32,96.5,109,16.41,145.8,109,12.39,174.4,82,7.85,9.4,2,2.54,1,False,426.1,302,39.19,0.8853211009174312,1.3376146788990826,2.126829268292683,4.7,0.22647265900023467,0.3421731987796292,0.4092935930532739,0.022060549166862238,False,False,False,False,0.17005181347150258,0.08497942386831275,0.04501146788990825,0.2702127659574468,True,False,False,True
88,1,0,0,0,183.5,93,31.2,170.5,80,14.49,193.8,88,8.72,8.3,5,2.24,3,False,556.0999999999999,266,56.65,1.9731182795698925,2.13125,2.2022727272727276,1.6600000000000001,0.3299766229095487,0.30659953245819105,0.3484984714979321,0.014925373134328361,False,False,False,False,0.17002724795640325,0.08498533724340177,0.04499484004127967,0.26987951807228916,False,True,False,True
83,0,0,1,38,107.9,90,18.34,140.4,94,11.93,253.6,79,11.41,10.5,2,2.84,0,False,512.4,265,44.519999999999996,1.198888888888889,1.4936170212765958,3.210126582278481,5.25,0.2105776736924278,0.27400468384074944,0.49492583918813426,0.020491803278688527,False,False,False,False,0.16997219647822057,0.08497150997150997,0.04499211356466877,0.2704761904761905,True,False,False,True
3,2,1,0,0,161.0,96,27.37,244.9,82,20.82,180.8,103,8.14,7.7,6,2.08,1,False,594.4000000000001,287,58.41,1.6770833333333333,2.9865853658536587,1.7553398058252427,1.2833333333333334,0.27086137281292055,0.41201211305518165,0.3041722745625841,0.012954239569313592,False,False,False,True,0.17,0.08501429154757044,0.04502212389380531,0.2701298701298701,False,True,True,False
48,2,0,0,0,149.2,146,25.36,161.9,109,13.76,197.9,109,8.91,8.3,2,2.24,3,False,517.3,366,50.27,1.021917808219178,1.4853211009174312,1.8155963302752294,4.15,0.2884206456601585,0.31297119659771894,0.382563309491591,0.01604484825053161,False,False,False,False,0.16997319034852548,0.08499073502161827,0.045022738756947955,0.26987951807228916,False,True,False,True
129,1,0,0,0,137.8,120,23.43,225.8,110,19.19,145.2,95,6.53,10.2,6,2.75,1,True,519.0,331,51.900000000000006,1.1483333333333334,2.0527272727272727,1.528421052631579,1.7,0.2655105973025048,0.43506743737957615,0.2797687861271676,0.019653179190751442,False,False,False,False,0.17002902757619737,0.08498671390611161,0.04497245179063361,0.26960784313725494,False,True,False,True
66,0,0,1,40,141.7,87,24.09,268.3,89,22.81,241.3,68,10.86,8.5,7,2.3,0,False,659.8,251,60.059999999999995,1.628735632183908,3.0146067415730338,3.548529411764706,1.2142857142857142,0.21476204910578964,0.40663837526523194,0.3657168839042134,0.012882691724765081,False,False,False,False,0.17000705716302048,0.08501677226984718,0.045006216328222125,0.27058823529411763,True,False,False,True
80,2,0,1,22,196.4,115,33.39,150.3,109,12.78,176.2,75,7.93,9.3,1,2.51,0,False,532.2,300,56.61,1.7078260869565218,1.3788990825688074,2.349333333333333,9.3,0.36903419767004886,0.282412626832018,0.33107854190154073,0.017474633596392335,False,False,False,False,0.170010183299389,0.08502994011976046,0.04500567536889898,0.2698924731182795,True,False,False,True
84,0,0,0,0,146.8,133,24.96,171.7,73,14.59,234.5,69,10.55,9.9,3,2.67,1,False,562.9,278,52.769999999999996,1.1037593984962406,2.352054794520548,3.398550724637681,3.3000000000000003,0.2607923254574525,0.3050275359744182,0.4165926452300586,0.017587493338070706,False,False,False,False,0.17002724795640325,0.08497379149679675,0.04498933901918977,0.26969696969696966,False,True,False,True
96,1,0,0,0,173.9,111,29.56,287.4,105,24.43,204.8,91,9.22,9.1,7,2.46,1,False,675.1999999999999,314,65.66999999999999,1.5666666666666667,2.737142857142857,2.2505494505494505,1.3,0.25755331753554506,0.4256516587677725,0.3033175355450237,0.013477488151658768,False,False,False,False,0.16998274870615296,0.0850034794711204,0.04501953125,0.2703296703296703,False,True,False,True
123,1,0,1,34,305.2,80,51.88,156.5,109,13.3,280.0,81,12.6,13.2,7,3.56,1,False,754.9000000000001,277,81.34,3.815,1.4357798165137614,3.45679012345679,1.8857142857142857,0.40429195919989397,0.2073122267850046,0.37091005431182933,0.017485759703271955,False,False,False,False,0.16998689384010487,0.08498402555910543,0.045,0.2696969696969697,True,False,False,True
116,2,1,1,29,162.3,91,27.59,279.3,79,23.74,192.7,131,8.67,11.7,2,3.16,3,True,646.0,303,63.16,1.7835164835164836,3.5354430379746837,1.4709923664122138,5.85,0.2512383900928793,0.4323529411764706,0.298297213622291,0.018111455108359133,False,False,False,False,0.16999383857054837,0.08499820981023988,0.044992215879605606,0.2700854700854701,True,False,False,True
105,1,1,0,0,150.0,106,25.5,293.8,123,24.97,250.7,65,11.28,10.3,7,2.78,3,False,704.8,301,64.53,1.4150943396226414,2.388617886178862,3.856923076923077,1.4714285714285715,0.21282633371169127,0.41685584562996597,0.35570374574347335,0.014614074914869468,False,False,False,True,0.17,0.08498978897208985,0.044994016753091344,0.2699029126213592,False,True,False,True
80,1,0,0,0,197.5,114,33.58,206.9,119,17.59,163.6,109,7.36,11.3,4,3.05,1,False,579.3,346,61.58,1.7324561403508771,1.738655462184874,1.5009174311926605,2.825,0.34092870706024514,0.3571551872950113,0.2824098049369929,0.019506300707750737,False,False,False,False,0.17002531645569618,0.08501691638472691,0.044987775061124696,0.26991150442477874,False,True,False,True
157,0,0,0,0,240.2,67,40.83,153.0,98,13.01,249.0,72,11.21,10.2,6,2.75,2,False,652.4000000000001,243,67.8,3.5850746268656715,1.5612244897959184,3.4583333333333335,1.7,0.36817903126915996,0.2345187001839362,0.3816676885346413,0.015634580012262412,False,False,False,False,0.16998334721065778,0.08503267973856209,0.04502008032128514,0.26960784313725494,False,True,False,True
67,2,0,1,30,186.2,117,31.65,286.7,76,24.37,164.3,113,7.39,12.9,3,3.48,2,False,650.1,309,66.89,1.5914529914529914,3.7723684210526316,1.453982300884956,4.3,0.28641747423473307,0.441009075526842,0.2527303491770497,0.019843101061375174,False,False,False,False,0.16997851772287864,0.08500174398325777,0.04497869750456482,0.2697674418604651,True,False,False,True
79,1,0,1,17,236.7,95,40.24,263.5,56,22.4,259.6,107,11.68,12.0,4,3.24,1,False,771.8,262,77.55999999999999,2.491578947368421,4.705357142857143,2.4261682242990656,3.0,0.3066856698626587,0.341409691629956,0.33635656905934186,0.015548069448043536,False,False,False,False,0.1700042247570765,0.08500948766603415,0.04499229583975346,0.27,True,False,False,True
76,0,0,0,0,173.2,93,29.44,131.2,80,11.15,170.9,104,7.69,5.4,3,1.46,0,False,480.69999999999993,280,49.74,1.8623655913978494,1.64,1.643269230769231,1.8,0.36030788433534433,0.27293530268358646,0.35552319534012905,0.011233617640940297,False,False,False,False,0.1699769053117783,0.08498475609756098,0.04499707431246343,0.27037037037037037,False,True,False,True
94,1,0,0,0,181.3,135,30.82,182.4,108,15.5,180.6,103,8.13,6.7,2,1.81,0,False,551.0000000000001,348,56.260000000000005,1.3429629629629631,1.6888888888888889,1.7533980582524271,3.35,0.329038112522686,0.33103448275862063,0.32776769509981846,0.01215970961887477,False,False,False,False,0.16999448428019856,0.0849780701754386,0.04501661129568107,0.2701492537313433,False,True,False,True
109,2,0,0,0,175.4,125,29.82,250.7,87,21.31,289.3,74,13.02,9.8,9,2.65,1,False,725.2,295,66.8,1.4032,2.881609195402299,3.90945945945946,1.088888888888889,0.24186431329288471,0.3456977385548814,0.39892443463872035,0.013513513513513514,False,False,False,False,0.17001140250855187,0.08500199441563622,0.0450051849291393,0.2704081632653061,False,True,False,True
138,1,0,0,0,87.6,112,14.89,266.9,107,22.69,214.6,104,9.66,9.8,10,2.65,2,False,578.9,333,49.88999999999999,0.7821428571428571,2.494392523364486,2.0634615384615382,0.9800000000000001,0.1513214717567801,0.46104681292105715,0.37070305752288824,0.016928657799274487,False,False,False,False,0.16997716894977172,0.08501311352566505,0.04501397949673812,0.2704081632653061,False,True,False,True
73,1,0,0,0,203.3,45,34.56,141.9,87,12.06,200.7,71,9.03,8.5,6,2.3,0,False,554.4000000000001,209,57.95,4.517777777777778,1.6310344827586207,2.8267605633802817,1.4166666666666667,0.36670274170274164,0.25595238095238093,0.36201298701298695,0.015331890331890329,False,False,False,False,0.16999508116084605,0.08498942917547568,0.04499252615844544,0.27058823529411763,False,True,False,True
21,1,0,0,0,92.6,95,15.74,161.9,70,13.76,285.0,78,12.83,11.3,3,3.05,5,True,550.8,246,45.379999999999995,0.9747368421052631,2.3128571428571427,3.6538461538461537,3.766666666666667,0.16811909949164852,0.29393609295570083,0.5174291938997821,0.020515613652868556,True,False,False,False,0.16997840172786177,0.08499073502161827,0.04501754385964912,0.26991150442477874,False,True,True,False
103,0,0,0,0,160.8,91,27.34,155.8,82,13.24,254.3,103,11.44,8.5,3,2.3,1,False,579.4000000000001,279,54.31999999999999,1.7670329670329672,1.9000000000000001,2.4689320388349514,2.8333333333333335,0.27752847773558853,0.26889886089057646,0.4389023127373144,0.014670348636520536,False,False,False,False,0.17002487562189053,0.08498074454428754,0.04498623672827369,0.27058823529411763,False,True,False,True
79,0,0,1,32,50.6,62,8.6,201.4,87,17.12,146.8,121,6.61,4.2,4,1.13,2,False,403.0,274,33.46,0.8161290322580645,2.3149425287356324,1.2132231404958678,1.05,0.12555831265508685,0.4997518610421836,0.3642679900744417,0.010421836228287842,False,False,False,False,0.16996047430830039,0.08500496524329693,0.04502724795640327,0.26904761904761904,True,False,False,True
89,1,0,0,0,134.9,59,22.93,156.0,152,13.26,197.5,112,8.89,10.2,5,2.75,1,False,498.59999999999997,328,47.83,2.2864406779661017,1.0263157894736843,1.7633928571428572,2.04,0.2705575611712796,0.31287605294825516,0.39610910549538714,0.02045728038507822,False,False,False,False,0.16997776130467013,0.08499999999999999,0.045012658227848105,0.26960784313725494,False,True,False,True
120,1,0,0,0,252.1,110,42.86,226.1,103,19.22,155.6,83,7.0,13.8,3,3.73,1,False,647.5999999999999,299,72.81,2.291818181818182,2.195145631067961,1.8746987951807228,4.6000000000000005,0.3892835083384806,0.3491352686843731,0.24027177269919706,0.021309450277949355,False,False,False,False,0.1700119000396668,0.08500663423264042,0.04498714652956298,0.2702898550724638,False,True,False,True
121,1,0,1,41,215.5,95,36.64,241.8,92,20.55,147.0,108,6.61,9.6,3,2.59,1,False,613.9,298,66.39,2.268421052631579,2.6282608695652177,1.3611111111111112,3.1999999999999997,0.35103437041863494,0.3938752239778466,0.2394526795895097,0.015637726014008795,False,False,False,False,0.1700232018561485,0.08498759305210918,0.04496598639455782,0.26979166666666665,True,False,False,True
101,1,0,0,0,124.8,66,21.22,257.2,85,21.86,193.2,115,8.69,13.4,4,3.62,0,False,588.6,270,55.38999999999999,1.8909090909090909,3.0258823529411765,1.68,3.35,0.21202854230377166,0.436969079170914,0.32823649337410804,0.022765885151206252,False,False,False,False,0.1700320512820513,0.08499222395023329,0.04497929606625259,0.2701492537313433,False,True,False,True
115,0,0,0,0,178.7,114,30.38,271.0,96,23.04,245.9,94,11.07,16.4,5,4.43,2,False,712.0,309,68.92000000000002,1.5675438596491227,2.8229166666666665,2.6159574468085105,3.28,0.25098314606741573,0.3806179775280899,0.34536516853932586,0.023033707865168538,False,False,False,False,0.17000559597090095,0.08501845018450184,0.045018300122000816,0.2701219512195122,False,True,False,True
168,1,0,0,0,183.2,131,31.14,179.2,73,15.23,292.8,100,13.18,9.9,5,2.67,2,False,665.1,309,62.220000000000006,1.398473282442748,2.454794520547945,2.928,1.98,0.2754473011577206,0.2694331679446699,0.44023455119530897,0.014884979702300407,False,False,False,False,0.16997816593886464,0.0849888392857143,0.04501366120218579,0.26969696969696966,False,True,False,True
70,2,0,0,0,147.1,105,25.01,200.0,135,17.0,234.9,65,10.57,12.5,9,3.38,3,False,594.5,314,55.96000000000001,1.400952380952381,1.4814814814814814,3.613846153846154,1.3888888888888888,0.24743481917577795,0.33641715727502103,0.3951219512195122,0.021026072329688814,False,False,False,False,0.17002039428959892,0.085,0.044997871434653045,0.2704,False,True,False,True
138,1,0,0,0,230.1,107,39.12,212.0,120,18.02,174.9,119,7.87,13.2,4,3.56,1,False,630.2,350,68.57000000000001,2.150467289719626,1.7666666666666666,1.469747899159664,3.3,0.3651221834338305,0.3364011424944462,0.2775309425579181,0.02094573151380514,False,False,False,False,0.17001303780964797,0.08499999999999999,0.04499714122355632,0.2696969696969697,False,True,False,True
43,0,0,0,0,135.8,125,23.09,163.2,88,13.87,229.8,106,10.34,12.6,3,3.4,0,False,541.4,322,50.699999999999996,1.0864,1.8545454545454545,2.167924528301887,4.2,0.2508311784263022,0.3014407092722571,0.42445511636497973,0.023272995936461028,False,False,False,False,0.17002945508100145,0.08498774509803922,0.04499564838990426,0.2698412698412698,False,True,False,True
117,2,0,1,20,205.7,98,34.97,136.1,107,11.57,159.4,147,7.17,8.7,3,2.35,2,False,509.8999999999999,355,56.06,2.0989795918367347,1.2719626168224298,1.0843537414965987,2.9,0.40341243381055114,0.26691508138850756,0.312610315748186,0.017062169052755444,False,False,False,False,0.1700048614487117,0.08501102130786187,0.04498117942283563,0.2701149425287357,True,False,False,True
108,0,0,0,0,73.8,105,12.55,143.4,114,12.19,170.2,98,7.66,10.9,3,2.94,2,False,398.29999999999995,320,35.34,0.7028571428571428,1.2578947368421054,1.736734693877551,3.6333333333333333,0.18528747175495858,0.3600301280441879,0.427316093396937,0.02736630680391665,False,False,False,False,0.17005420054200543,0.08500697350069734,0.04500587544065805,0.2697247706422018,False,True,False,True
118,0,0,0,0,189.3,119,32.18,233.5,112,19.85,270.9,104,12.19,10.0,1,2.7,2,False,703.7,336,66.92,1.5907563025210085,2.0848214285714284,2.604807692307692,10.0,0.26900667898252095,0.33181753588176777,0.3849651840272843,0.014210601108426885,False,False,False,False,0.1699947173798204,0.08501070663811564,0.04499815430047988,0.27,False,True,False,True
62,0,0,1,42,137.3,95,23.34,184.2,94,15.66,231.4,70,10.41,10.2,3,2.75,0,False,563.1,262,52.16,1.445263157894737,1.9595744680851062,3.3057142857142856,3.4,0.24382880483040315,0.32711774107618535,0.41093944237258034,0.018114011720831113,False,False,False,False,0.16999271667880553,0.08501628664495114,0.04498703543647364,0.26960784313725494,True,False,False,True
86,2,0,0,0,70.7,125,12.02,211.0,113,17.94,174.6,107,7.86,0.0,0,0.0,2,False,456.29999999999995,345,37.82,0.5656,1.8672566371681416,1.6317757009345795,0.0,0.15494192417269342,0.4624150777996932,0.3826429980276134,0.0,False,False,False,False,0.17001414427157,0.08502369668246446,0.0450171821305842,0.0,False,True,False,True
44,0,0,0,0,204.6,117,34.78,205.2,94,17.44,164.6,84,7.41,10.7,5,2.89,0,False,585.1,300,62.519999999999996,1.7487179487179487,2.182978723404255,1.9595238095238094,2.1399999999999997,0.34968381473252436,0.35070928046487776,0.2813194325756281,0.018287472226969748,False,False,False,False,0.16999022482893453,0.08499025341130606,0.045018226002430134,0.27009345794392525,False,True,False,True
111,2,0,0,0,123.1,88,20.93,213.9,84,18.18,184.9,88,8.32,12.0,2,3.24,5,True,533.9,262,50.67,1.3988636363636362,2.5464285714285717,2.1011363636363636,6.0,0.23056752200786665,0.40063682337516393,0.34631953549353817,0.022476119123431355,True,False,False,False,0.17002437043054427,0.0849929873772791,0.0449972958355868,0.27,False,True,False,True
127,2,0,1,19,129.7,115,22.05,160.8,101,13.67,265.0,63,11.93,12.2,3,3.29,2,False,567.7,282,50.94,1.1278260869565215,1.5920792079207922,4.2063492063492065,4.066666666666666,0.2284657389466267,0.28324819446890964,0.4667958428747578,0.021490223709705828,False,False,False,False,0.17000771010023133,0.08501243781094527,0.0450188679245283,0.269672131147541,True,False,False,True
151,1,1,0,0,198.7,70,33.78,209.5,106,17.81,281.9,126,12.69,12.4,4,3.35,0,False,702.4999999999999,306,67.63,2.8385714285714285,1.9764150943396226,2.237301587301587,3.1,0.282846975088968,0.29822064056939507,0.40128113879003563,0.017651245551601427,False,False,False,True,0.17000503271263212,0.08501193317422434,0.04501596310748492,0.2701612903225806,False,True,False,True
137,1,0,0,0,215.9,76,36.7,145.4,118,12.36,186.9,129,8.41,12.1,4,3.27,1,False,560.3000000000001,327,60.74,2.8407894736842105,1.2322033898305085,1.4488372093023256,3.025,0.385329287881492,0.2595038372300553,0.3335713010887025,0.02159557379975013,False,False,False,False,0.16998610467809172,0.08500687757909216,0.04499732477260567,0.2702479338842975,False,True,False,True
106,1,0,0,0,119.2,142,20.26,228.4,139,19.41,197.9,61,8.91,8.4,9,2.27,2,False,553.9,351,50.85,0.8394366197183099,1.6431654676258993,3.2442622950819673,0.9333333333333333,0.2152012998736234,0.4123487994222784,0.35728470843112475,0.015165192272973462,False,False,False,False,0.16996644295302013,0.08498248686514887,0.045022738756947955,0.2702380952380952,False,True,False,True
88,2,0,0,0,144.3,116,24.53,156.4,74,13.29,214.7,90,9.66,7.8,10,2.11,3,False,523.2,290,49.59,1.2439655172413795,2.1135135135135137,2.3855555555555554,0.78,0.275802752293578,0.29892966360856266,0.4103593272171253,0.014908256880733944,False,False,False,False,0.16999306999306998,0.08497442455242966,0.044993013507219376,0.2705128205128205,False,True,False,True
106,1,0,0,0,235.2,121,39.98,220.6,87,18.75,236.3,91,10.63,11.8,4,3.19,1,False,703.8999999999999,303,72.55,1.943801652892562,2.535632183908046,2.596703296703297,2.95,0.3341383719278307,0.31339678931666437,0.3357010939053844,0.01676374485012076,False,False,False,False,0.16998299319727891,0.08499546690843156,0.04498518831993229,0.2703389830508474,False,True,False,True
57,2,1,0,0,115.0,65,19.55,122.3,96,10.4,245.0,75,11.03,6.4,1,1.73,0,True,488.7,237,42.71,1.7692307692307692,1.2739583333333333,3.2666666666666666,6.4,0.2353181911192961,0.25025578064252096,0.5013300593411091,0.013095968897073871,False,False,False,True,0.17,0.08503679476696648,0.0450204081632653,0.27031249999999996,False,True,False,True
184,0,0,0,0,151.7,93,25.79,178.5,77,15.17,229.1,111,10.31,13.1,8,3.54,2,False,572.4,289,54.81,1.6311827956989247,2.3181818181818183,2.063963963963964,1.6375,0.26502445842068484,0.3118448637316562,0.4002445842068484,0.022886093640810623,False,False,False,False,0.17000659195781148,0.0849859943977591,0.045002182453077265,0.2702290076335878,False,True,False,True
109,2,0,0,0,153.1,102,26.03,234.1,77,19.9,329.2,74,14.81,9.9,9,2.67,3,False,726.3,262,63.410000000000004,1.5009803921568627,3.04025974025974,4.448648648648648,1.1,0.21079443756023683,0.32231860112901006,0.45325623020790307,0.013630731102850064,False,False,False,False,0.17001959503592426,0.08500640751815464,0.04498784933171325,0.26969696969696966,False,True,False,True
127,1,0,0,0,218.6,93,37.16,149.9,130,12.74,204.6,131,9.21,9.2,5,2.48,2,False,582.3000000000001,359,61.589999999999996,2.350537634408602,1.153076923076923,1.5618320610687022,1.8399999999999999,0.37540786536149745,0.2574274428988494,0.3513652756311179,0.015799416108535115,False,False,False,False,0.16999085086916743,0.08498999332888592,0.045014662756598246,0.26956521739130435,False,True,False,True
174,1,0,0,0,190.3,98,32.35,252.7,70,21.48,220.6,97,9.93,7.2,9,1.94,2,False,670.8000000000001,274,65.7,1.9418367346938776,3.61,2.2742268041237113,0.8,0.2836911150864639,0.3767143709004174,0.3288610614192009,0.01073345259391771,False,False,False,False,0.1699947451392538,0.0850019786307875,0.04501359927470535,0.26944444444444443,False,True,False,True
92,1,0,0,0,184.7,60,31.4,262.0,73,22.27,239.5,120,10.78,12.3,6,3.32,2,True,698.5,259,67.77,3.078333333333333,3.589041095890411,1.9958333333333333,2.0500000000000003,0.2644237652111668,0.3750894774516822,0.3428775948460988,0.017609162491052256,False,False,False,False,0.17000541418516513,0.08499999999999999,0.045010438413361165,0.26991869918699185,False,True,False,True
81,0,0,0,0,115.3,99,19.6,224.7,117,19.1,152.5,98,6.86,18.0,2,4.86,1,False,510.5,316,50.42,1.1646464646464647,1.9205128205128204,1.5561224489795917,9.0,0.22585700293829578,0.4401567091087169,0.2987267384916748,0.03525954946131244,False,False,False,False,0.16999132697311364,0.08500222518914109,0.04498360655737705,0.27,False,True,False,True
119,0,0,0,0,294.2,100,50.01,232.5,53,19.76,195.0,64,8.78,9.0,1,2.43,0,True,730.7,218,80.98,2.9419999999999997,4.386792452830188,3.046875,9.0,0.4026276173532229,0.31818803886684,0.2668673874367045,0.012316956343232516,False,False,False,False,0.16998640380693406,0.08498924731182797,0.04502564102564102,0.27,False,True,False,True
122,1,0,0,0,215.6,86,36.65,167.8,59,14.26,207.0,67,9.32,6.4,8,1.73,3,False,596.8,220,61.959999999999994,2.5069767441860464,2.8440677966101697,3.08955223880597,0.8,0.36126005361930297,0.28116621983914214,0.34684986595174266,0.010723860589812334,False,False,False,False,0.16999072356215214,0.08498212157330154,0.045024154589371986,0.27031249999999996,False,True,False,True
34,0,0,0,0,128.8,80,21.9,208.7,93,17.74,202.1,103,9.09,14.0,7,3.78,1,False,553.6,283,52.510000000000005,1.61,2.2440860215053764,1.962135922330097,2.0,0.23265895953757226,0.37698699421965315,0.3650650289017341,0.02528901734104046,False,False,False,False,0.1700310559006211,0.08500239578342117,0.044977733795150916,0.26999999999999996,False,True,False,True
90,1,0,1,24,71.2,82,12.1,181.6,103,15.44,186.9,111,8.41,12.9,1,3.48,1,False,452.6,297,39.43,0.8682926829268293,1.7631067961165048,1.683783783783784,12.9,0.15731330092797172,0.40123729562527616,0.41294741493592574,0.028501988510826335,False,False,False,False,0.1699438202247191,0.08502202643171806,0.04499732477260567,0.2697674418604651,True,False,False,True
73,0,0,0,0,94.9,121,16.13,253.2,83,21.52,175.1,86,7.88,14.2,2,3.83,2,False,537.4000000000001,292,49.36,0.7842975206611571,3.0506024096385542,2.036046511627907,7.1,0.17659099367324152,0.4711574246371417,0.32582806103461104,0.026423520655005577,False,False,False,False,0.16996838777660694,0.08499210110584518,0.045002855511136496,0.26971830985915496,False,True,False,True
19,2,0,0,0,259.4,116,44.1,269.7,109,22.92,175.3,130,7.89,9.5,3,2.57,1,True,713.8999999999999,358,77.48,2.236206896551724,2.4743119266055045,1.3484615384615386,3.1666666666666665,0.3633562123546716,0.37778400336181545,0.24555259840313776,0.013307185880375405,False,False,False,False,0.17000771010023133,0.08498331479421581,0.04500855675984027,0.27052631578947367,False,True,True,False
120,0,0,1,28,215.8,123,36.69,285.2,76,24.24,192.1,78,8.64,6.9,3,1.86,1,False,700.0,280,71.42999999999999,1.7544715447154473,3.7526315789473683,2.462820512820513,2.3000000000000003,0.30828571428571433,0.4074285714285714,0.2744285714285714,0.009857142857142858,False,False,False,False,0.17001853568118627,0.0849929873772791,0.04497657470067674,0.26956521739130435,True,False,False,True
160,1,0,0,0,97.5,113,16.58,268.1,69,22.79,255.3,62,11.49,13.2,4,3.56,3,False,634.1000000000001,248,54.42,0.8628318584070797,3.885507246376812,4.117741935483871,3.3,0.15376123639804443,0.42280397413657145,0.4026178836145718,0.02081690585081217,False,False,False,False,0.17005128205128203,0.08500559492726593,0.045005875440658046,0.2696969696969697,False,True,False,True
141,2,0,0,0,146.5,121,24.91,169.9,125,14.44,238.8,112,10.75,8.2,5,2.21,0,False,563.4000000000001,363,52.31,1.2107438016528926,1.3592,2.132142857142857,1.64,0.26002839900603475,0.30156194533191333,0.42385516506922255,0.014554490592829247,False,False,False,False,0.17003412969283277,0.08499117127722189,0.045016750418760465,0.26951219512195124,False,True,False,True
72,1,0,0,0,139.9,117,23.78,223.6,96,19.01,240.8,93,10.84,12.7,4,3.43,2,False,617.0,310,57.06000000000001,1.1957264957264957,2.3291666666666666,2.589247311827957,3.175,0.226742301458671,0.3623987034035656,0.3902755267423015,0.02058346839546191,False,False,False,False,0.16997855611150822,0.08501788908765653,0.04501661129568106,0.27007874015748035,False,True,False,True
117,0,0,1,21,153.2,112,26.04,263.3,110,22.38,135.0,85,6.08,11.9,7,3.21,1,False,563.4,314,57.71,1.3678571428571427,2.3936363636363636,1.588235294117647,1.7,0.2719204827831026,0.4673411430599929,0.23961661341853036,0.021121760738374157,False,False,False,False,0.1699738903394256,0.08499810102544625,0.045037037037037035,0.26974789915966385,True,False,False,True
79,0,1,0,0,103.5,134,17.6,319.3,111,27.14,239.9,124,10.8,8.4,4,2.27,2,False,671.1,373,57.81000000000001,0.7723880597014925,2.8765765765765767,1.9346774193548388,2.1,0.15422440768886903,0.4757860229473998,0.3574728058411563,0.012516763522574878,False,False,False,True,0.17004830917874397,0.08499843407453805,0.045018757815756566,0.2702380952380952,False,True,False,True
87,0,0,0,0,185.8,119,31.59,192.3,83,16.35,200.0,96,9.0,6.6,4,1.78,1,False,584.7,302,58.72,1.561344537815126,2.316867469879518,2.0833333333333335,1.65,0.31776979647682574,0.3288866085171883,0.34205575508807934,0.011287839917906618,False,False,False,False,0.170021528525296,0.08502340093603744,0.045,0.2696969696969697,False,True,False,True
102,1,0,0,0,129.5,56,22.02,354.2,118,30.11,145.5,93,6.55,10.9,3,2.94,1,False,640.1,270,61.61999999999999,2.3125,3.0016949152542374,1.564516129032258,3.6333333333333333,0.20231213872832368,0.5533510389001718,0.2273082330885799,0.01702858928292454,False,False,False,False,0.17003861003861004,0.08500846979107848,0.04501718213058419,0.2697247706422018,False,True,False,True
49,0,0,0,0,236.6,91,40.22,220.9,146,18.78,146.8,114,6.61,8.9,2,2.4,1,False,613.1999999999999,353,68.01,2.6,1.513013698630137,1.287719298245614,4.45,0.3858447488584475,0.36024135681669933,0.23939986953685588,0.014514024787997393,False,False,False,False,0.16999154691462384,0.0850158442734269,0.04502724795640327,0.2696629213483146,False,True,False,True
67,0,0,0,0,260.4,107,44.27,208.2,104,17.7,207.9,115,9.36,10.0,2,2.7,6,False,686.5,328,74.03,2.433644859813084,2.001923076923077,1.8078260869565217,5.0,0.3793153678077203,0.3032774945375091,0.3028404952658412,0.014566642388929352,True,False,True,False,0.1700076804915515,0.08501440922190202,0.04502164502164502,0.27,False,True,False,True
107,1,0,0,0,167.3,100,28.44,163.9,79,13.93,185.9,100,8.37,6.7,5,1.81,2,False,523.8000000000001,284,52.550000000000004,1.673,2.0746835443037974,1.859,1.34,0.3193967163039328,0.31290568919434897,0.35490645284459715,0.012791141657121037,False,False,False,False,0.169994022713688,0.0849908480780964,0.0450242065626681,0.2701492537313433,False,True,False,True
118,2,0,0,0,113.0,80,19.21,150.1,87,12.76,204.3,115,9.19,10.8,4,2.92,2,False,478.20000000000005,286,44.08,1.4125,1.725287356321839,1.7765217391304349,2.7,0.23630280217482222,0.3138854035968214,0.42722710163111666,0.022584692597239647,False,False,False,False,0.17,0.08500999333777481,0.044982868330885946,0.27037037037037037,False,True,False,True
120,1,0,0,0,185.7,133,31.57,235.1,149,19.98,256.4,78,11.54,16.9,6,4.56,0,False,694.0999999999999,366,67.64999999999999,1.3962406015037594,1.5778523489932885,3.287179487179487,2.8166666666666664,0.2675407001872929,0.3387120011525717,0.369399222014119,0.024348076646016424,False,False,False,False,0.17000538502961768,0.08498511271799235,0.04500780031201248,0.2698224852071006,False,True,False,True
94,0,0,0,0,136.2,114,23.15,165.1,118,14.03,137.9,71,6.21,9.6,5,2.59,0,False,448.79999999999995,308,45.980000000000004,1.194736842105263,1.3991525423728812,1.9422535211267606,1.92,0.303475935828877,0.36786987522281644,0.30726381461675584,0.021390374331550804,False,False,False,False,0.16997063142437593,0.08497880072683223,0.04503263234227701,0.26979166666666665,False,True,False,True
115,2,0,1,29,222.6,81,37.84,190.3,109,16.18,201.2,87,9.05,11.5,2,3.11,1,False,625.5999999999999,279,66.18,2.748148148148148,1.7458715596330276,2.3126436781609194,5.75,0.3558184143222507,0.304187979539642,0.32161125319693096,0.018382352941176475,False,False,False,False,0.16999101527403415,0.08502364687335785,0.04498011928429424,0.27043478260869563,True,False,False,True
61,1,0,0,0,197.3,67,33.54,264.5,106,22.48,210.5,116,9.47,9.0,6,2.43,1,False,681.3,295,67.92,2.9447761194029853,2.4952830188679247,1.8146551724137931,1.5,0.2895934243358286,0.388228386907383,0.30896814912666964,0.013210039630118891,False,False,False,False,0.16999493157627976,0.08499054820415879,0.04498812351543943,0.27,False,True,False,True
110,2,0,0,0,208.0,69,35.36,95.1,94,8.08,178.5,129,8.03,8.0,11,2.16,1,False,489.6,303,53.629999999999995,3.0144927536231885,1.0117021276595743,1.3837209302325582,0.7272727272727273,0.42483660130718953,0.19424019607843135,0.3645833333333333,0.016339869281045753,False,False,False,False,0.16999999999999998,0.08496319663512093,0.0449859943977591,0.27,False,True,False,True
104,1,0,0,0,118.5,92,20.15,177.8,109,15.11,255.7,98,11.51,12.1,4,3.27,1,False,564.1,303,50.04,1.2880434782608696,1.6311926605504588,2.6091836734693876,3.025,0.21006913667789398,0.31519234178337174,0.45328842403829106,0.02145009750044318,False,False,False,False,0.170042194092827,0.08498312710911135,0.045013687915526006,0.2702479338842975,False,True,False,True
16,2,0,0,0,153.2,65,26.04,229.7,90,19.52,148.2,94,6.67,10.7,8,2.89,1,False,541.8,257,55.120000000000005,2.356923076923077,2.552222222222222,1.576595744680851,1.3375,0.2827611664820967,0.4239571797711333,0.27353266888150607,0.019748984865263934,False,False,False,False,0.1699738903394256,0.08498040922942969,0.045006747638326586,0.27009345794392525,False,True,True,False
147,0,0,0,0,168.6,92,28.66,187.7,107,15.95,216.5,95,9.74,14.4,8,3.89,2,False,587.1999999999999,302,58.24,1.8326086956521739,1.7542056074766355,2.278947368421053,1.8,0.28712534059945505,0.3196525885558583,0.36869891008174394,0.024523160762942784,False,False,False,False,0.16998813760379597,0.08497602557272244,0.04498845265588915,0.2701388888888889,False,True,False,True
102,2,1,0,0,224.2,81,38.11,243.3,90,20.68,147.8,66,6.65,12.0,8,3.24,3,False,627.3,245,68.67999999999999,2.7679012345679013,2.7033333333333336,2.2393939393939397,1.5,0.35740475051809345,0.38785270205643235,0.2356129443647378,0.01912960306073649,False,False,False,True,0.1699821587867975,0.08499794492396218,0.04499323410013532,0.27,False,True,False,True
64,1,0,1,43,118.4,100,20.13,144.1,108,12.25,158.1,91,7.11,8.5,6,2.3,1,False,429.1,305,41.78999999999999,1.1840000000000002,1.3342592592592593,1.7373626373626374,1.4166666666666667,0.275926357492426,0.3358191563738056,0.36844558378000464,0.01980890235376369,False,False,False,False,0.17001689189189187,0.08501040943789036,0.04497153700189754,0.27058823529411763,True,False,False,True
103,2,0,0,0,190.9,62,32.45,226.6,53,19.26,230.1,96,10.35,7.8,3,2.11,2,False,655.4,214,64.17000000000002,3.079032258064516,4.275471698113208,2.396875,2.6,0.29127250534025023,0.3457430576747025,0.35108330790357034,0.01190112908147696,False,False,False,False,0.16998428496595078,0.08499558693733451,0.044980443285528034,0.2705128205128205,False,True,False,True
152,1,0,0,0,317.8,60,54.03,152.9,100,13.0,123.4,63,5.55,10.4,7,2.81,1,True,604.5,230,75.39,5.296666666666667,1.5290000000000001,1.9587301587301589,1.4857142857142858,0.5257237386269644,0.25293631100082714,0.20413564929693964,0.017204301075268817,False,False,False,False,0.17001258653241033,0.08502289077828645,0.04497568881685575,0.2701923076923077,False,True,False,True
124,1,0,0,0,312.0,112,53.04,180.0,109,15.3,168.6,94,7.59,12.8,4,3.46,1,True,673.4,319,79.39,2.7857142857142856,1.651376146788991,1.7936170212765956,3.2,0.46332046332046334,0.2673002673002673,0.25037125037125035,0.01900801900801901,False,False,False,False,0.16999999999999998,0.085,0.04501779359430605,0.27031249999999996,False,True,False,True
97,1,0,0,0,146.0,121,24.82,203.0,141,17.26,151.8,120,6.83,13.3,2,3.59,1,False,514.1,384,52.5,1.2066115702479339,1.4397163120567376,1.2650000000000001,6.65,0.2839914413538222,0.39486481229332815,0.2952732931336316,0.02587045321921805,False,False,False,False,0.17,0.08502463054187193,0.04499341238471673,0.2699248120300752,False,True,False,True
131,1,0,0,0,131.6,95,22.37,179.3,109,15.24,251.2,129,11.3,15.5,3,4.19,1,True,577.5999999999999,336,53.099999999999994,1.3852631578947368,1.644954128440367,1.9472868217054262,5.166666666666667,0.22783933518005542,0.31042243767313027,0.4349030470914128,0.026835180055401666,False,False,False,False,0.16998480243161096,0.08499721137757947,0.04498407643312102,0.2703225806451613,False,True,False,True
57,1,0,1,33,193.4,105,32.88,231.6,79,19.69,226.2,90,10.18,11.1,11,3.0,2,False,662.3000000000001,285,65.75,1.841904761904762,2.9316455696202532,2.513333333333333,1.009090909090909,0.2920126830741356,0.34969047259550046,0.34153706779405096,0.016759776536312845,False,False,False,False,0.17001034126163392,0.08501727115716753,0.045004420866489835,0.2702702702702703,True,False,False,True
157,2,0,0,0,185.1,92,31.47,213.0,85,18.11,196.1,85,8.82,8.5,5,2.3,2,False,602.7,267,60.699999999999996,2.01195652173913,2.5058823529411764,2.307058823529412,1.7,0.307117969138875,0.353409656545545,0.3253691720590675,0.01410320225651236,False,False,False,False,0.1700162074554295,0.08502347417840375,0.044977052524222336,0.27058823529411763,False,True,False,True
194,2,0,0,0,193.3,106,32.86,169.0,150,14.37,225.2,122,10.13,11.8,4,3.19,0,False,599.3,382,60.55,1.8235849056603775,1.1266666666666667,1.8459016393442622,2.95,0.3225429667945937,0.2819956616052061,0.3757717336893042,0.01968963791089605,False,False,False,False,0.1699948266942576,0.08502958579881656,0.0449822380106572,0.2703389830508474,False,True,False,True
66,1,0,0,0,146.4,107,24.89,196.5,99,16.7,230.1,106,10.35,7.8,2,2.11,1,False,580.8,314,54.050000000000004,1.3682242990654205,1.9848484848484849,2.170754716981132,3.9,0.2520661157024794,0.3383264462809918,0.39617768595041325,0.013429752066115703,False,False,False,False,0.17001366120218578,0.08498727735368956,0.044980443285528034,0.2705128205128205,False,True,False,True
123,1,0,0,0,123.2,104,20.94,190.0,117,16.15,170.3,95,7.66,12.9,5,3.48,4,True,496.4,321,48.23,1.1846153846153846,1.623931623931624,1.7926315789473686,2.58,0.24818694601128125,0.38275584206285257,0.3430701047542305,0.02598710717163578,False,False,False,False,0.16996753246753246,0.08499999999999999,0.044979448032883146,0.2697674418604651,False,True,False,True
116,2,0,0,0,205.0,90,34.85,140.9,114,11.98,272.6,96,12.27,7.5,4,2.03,2,False,626.0,304,61.129999999999995,2.2777777777777777,1.2359649122807017,2.8395833333333336,1.875,0.3274760383386581,0.22507987220447284,0.43546325878594255,0.011980830670926517,False,False,False,False,0.17,0.08502484031227821,0.04501100513573,0.27066666666666667,False,True,False,True
63,1,0,0,0,128.7,78,21.88,240.8,133,20.47,237.7,121,10.7,12.8,6,3.46,1,False,620.0,338,56.51,1.65,1.8105263157894738,1.9644628099173553,2.1333333333333333,0.2075806451612903,0.3883870967741936,0.3833870967741935,0.02064516129032258,False,False,False,False,0.17000777000777,0.08500830564784052,0.04501472444257467,0.27031249999999996,False,True,False,True
64,2,0,0,0,216.9,78,36.87,211.0,115,17.94,179.8,116,8.09,11.4,5,3.08,3,False,619.1,314,65.98,2.7807692307692307,1.8347826086956522,1.55,2.2800000000000002,0.3503472783072202,0.34081731545792276,0.2904215797124859,0.018413826522371182,False,False,False,False,0.16998616874135544,0.08502369668246446,0.0449944382647386,0.27017543859649124,False,True,False,True
96,2,0,0,0,150.0,122,25.5,218.5,116,18.57,212.4,89,9.56,9.8,1,2.65,3,False,590.6999999999999,328,56.28,1.2295081967213115,1.8836206896551724,2.3865168539325845,9.8,0.2539360081259523,0.3699001185034705,0.35957338750634843,0.016590485864228885,False,False,False,False,0.17,0.08498855835240275,0.045009416195856876,0.2704081632653061,False,True,False,True
105,2,0,0,0,212.0,113,36.04,226.6,128,19.26,193.6,114,8.71,8.9,7,2.4,3,False,641.1,362,66.41,1.8761061946902655,1.7703125,1.6982456140350877,1.2714285714285716,0.33068164092965213,0.35345499922009044,0.3019809702074559,0.013882389642801436,False,False,False,False,0.16999999999999998,0.08499558693733451,0.04498966942148761,0.2696629213483146,False,True,False,True
53,2,0,1,37,167.3,99,28.44,194.7,99,16.55,236.7,112,10.65,12.0,9,3.24,2,False,610.7,319,58.88,1.68989898989899,1.9666666666666666,2.113392857142857,1.3333333333333333,0.2739479286065171,0.31881447519240214,0.38758801375470764,0.019649582446373014,False,False,False,False,0.169994022713688,0.08500256805341552,0.0449936628643853,0.27,True,False,False,True
129,2,0,1,30,177.3,95,30.14,211.8,102,18.0,240.2,108,10.81,9.3,7,2.51,3,False,638.5999999999999,312,61.46,1.8663157894736844,2.0764705882352943,2.224074074074074,1.3285714285714287,0.27763858440338246,0.33166301284058886,0.37613529595991235,0.014563106796116509,False,False,False,False,0.16999435984207556,0.08498583569405099,0.04500416319733556,0.2698924731182795,True,False,False,True
93,0,0,0,0,149.6,120,25.43,200.7,85,17.06,181.2,107,8.15,14.3,9,3.86,0,False,545.8,321,54.49999999999999,1.2466666666666666,2.361176470588235,1.6934579439252335,1.588888888888889,0.27409307438622205,0.36771711249541955,0.3319897398314401,0.02620007328691829,False,False,False,False,0.16998663101604278,0.08500249128051819,0.04497792494481237,0.2699300699300699,False,True,False,True
115,2,1,0,0,345.3,81,58.7,203.4,106,17.29,217.5,107,9.79,11.8,8,3.19,1,True,778.0,302,88.97,4.2629629629629635,1.918867924528302,2.032710280373832,1.475,0.4438303341902314,0.261439588688946,0.2795629820051414,0.015167095115681236,False,False,False,True,0.16999710396756443,0.08500491642084562,0.04501149425287356,0.2703389830508474,False,True,False,True
25,0,0,0,0,264.9,80,45.03,281.2,66,23.9,166.1,80,7.47,8.4,4,2.27,1,True,720.5999999999999,230,78.67,3.31125,4.260606060606061,2.07625,2.1,0.3676103247293922,0.3902303635859007,0.23050235914515685,0.011656952539550377,False,False,False,False,0.16998867497168746,0.08499288762446656,0.04497290788681517,0.2702380952380952,False,True,True,False
73,0,0,0,0,122.0,92,20.74,138.3,114,11.76,224.2,128,10.09,5.8,5,1.57,1,False,490.3,339,44.160000000000004,1.326086956521739,1.2131578947368422,1.7515625,1.16,0.24882724862329186,0.282072200693453,0.4572710585355904,0.011829492147664695,False,False,False,False,0.16999999999999998,0.08503253796095443,0.045004460303300624,0.27068965517241383,False,True,False,True
97,2,0,0,0,225.1,90,38.27,279.5,127,23.76,233.8,103,10.52,8.8,4,2.38,0,True,747.2,324,74.92999999999999,2.501111111111111,2.2007874015748032,2.2699029126213595,2.2,0.3012580299785867,0.3740631691648822,0.31290149892933616,0.011777301927194861,False,False,False,False,0.17001332741004,0.08500894454382828,0.04499572284003421,0.27045454545454545,False,True,False,True
148,0,0,0,0,208.4,120,35.43,174.4,99,14.82,310.7,105,13.98,11.2,4,3.02,1,False,704.7,328,67.25,1.7366666666666668,1.7616161616161616,2.959047619047619,2.8,0.2957286788704413,0.24748119767276855,0.4408968355328508,0.015893287923939264,False,False,False,False,0.1700095969289827,0.08497706422018349,0.04499517219182492,0.2696428571428572,False,True,False,True
85,0,0,1,30,173.1,107,29.43,247.2,101,21.01,158.7,104,7.14,11.5,5,3.11,1,False,590.5,317,60.69,1.6177570093457943,2.4475247524752475,1.5259615384615384,2.3,0.29314140558848434,0.41862828111769684,0.2687552921253175,0.01947502116850127,False,False,False,False,0.17001733102253033,0.08499190938511328,0.04499054820415879,0.27043478260869563,True,False,False,True
86,2,1,0,0,162.4,131,27.61,167.0,102,14.2,128.9,118,5.8,11.4,2,3.08,2,True,469.69999999999993,353,50.69,1.2396946564885496,1.6372549019607843,1.0923728813559324,5.7,0.3457526080476901,0.35554609325101133,0.2744304875452417,0.024270811156057063,False,False,False,True,0.17001231527093594,0.08502994011976048,0.044996121024049644,0.27017543859649124,False,True,False,True
78,1,0,1,13,281.2,93,47.8,178.2,101,15.15,244.2,129,10.99,6.4,5,1.73,2,False,709.9999999999999,328,75.67,3.0236559139784944,1.7643564356435641,1.8930232558139535,1.28,0.3960563380281691,0.2509859154929578,0.343943661971831,0.009014084507042256,False,False,False,False,0.16998577524893313,0.08501683501683502,0.04500409500409501,0.27031249999999996,True,False,False,True
106,1,0,0,0,208.3,89,35.41,169.4,67,14.4,102.0,90,4.59,15.9,4,4.29,3,False,495.6,250,58.68999999999999,2.3404494382022474,2.528358208955224,1.1333333333333333,3.975,0.42029862792574657,0.3418079096045198,0.20581113801452783,0.03208232445520581,False,False,False,False,0.1699951992318771,0.08500590318772137,0.045,0.269811320754717,False,True,False,True
145,1,0,0,0,224.2,89,38.11,314.9,121,26.77,182.9,121,8.23,16.1,3,4.35,1,True,738.0999999999999,334,77.46,2.5191011235955054,2.602479338842975,1.5115702479338844,5.366666666666667,0.3037528790136838,0.426635957187373,0.2477984013006368,0.02181276249830647,False,False,False,False,0.1699821587867975,0.08501111463956812,0.044997266265718976,0.27018633540372666,False,True,False,True
91,1,0,0,0,189.3,100,32.18,239.3,107,20.34,89.7,89,4.04,9.9,3,2.67,3,False,528.2,299,59.23,1.893,2.236448598130841,1.0078651685393258,3.3000000000000003,0.35838697463082164,0.45304808784551304,0.16982203710715638,0.018742900416508897,False,False,False,False,0.1699947173798204,0.08499791057250312,0.04503901895206243,0.26969696969696966,False,True,False,True
116,1,0,1,24,232.9,90,39.59,152.1,94,12.93,344.3,82,15.49,10.7,6,2.89,1,False,740.0,272,70.9,2.5877777777777777,1.6180851063829786,4.1987804878048784,1.7833333333333332,0.31472972972972973,0.20554054054054052,0.4652702702702703,0.01445945945945946,False,False,False,False,0.16998711893516533,0.08500986193293886,0.04498983444670346,0.27009345794392525,True,False,False,True
69,1,0,1,37,155.0,98,26.35,142.4,105,12.1,143.7,117,6.47,5.9,4,1.59,1,False,446.99999999999994,324,46.510000000000005,1.5816326530612246,1.3561904761904762,1.228205128205128,1.475,0.34675615212527966,0.3185682326621925,0.3214765100671141,0.013199105145413873,False,False,False,False,0.17,0.08497191011235955,0.04502435629784273,0.2694915254237288,True,False,False,True
135,2,0,0,0,154.4,130,26.25,203.8,90,17.32,158.7,59,7.14,11.8,3,3.19,0,False,528.7,282,53.9,1.1876923076923078,2.2644444444444445,2.689830508474576,3.9333333333333336,0.2920370720635521,0.3854738036693777,0.30017022886324946,0.02231889540382069,False,False,False,False,0.17001295336787564,0.08498527968596663,0.04499054820415879,0.2703389830508474,False,True,False,True
73,2,0,0,0,234.7,102,39.9,195.7,110,16.63,253.4,71,11.4,8.4,8,2.27,2,False,692.1999999999999,291,70.2,2.3009803921568626,1.779090909090909,3.5690140845070424,1.05,0.3390638543773476,0.28272175671771166,0.36607916787055766,0.012135221034383128,False,False,False,False,0.170004260758415,0.08497700562084824,0.04498816101026046,0.2702380952380952,False,True,False,True
48,1,0,0,0,240.0,88,40.8,141.0,117,11.99,128.9,137,5.8,7.1,9,1.92,1,False,517.0,351,60.51,2.727272727272727,1.205128205128205,0.9408759124087591,0.7888888888888889,0.46421663442940037,0.2727272727272727,0.2493230174081238,0.013733075435203095,False,False,False,False,0.16999999999999998,0.0850354609929078,0.044996121024049644,0.27042253521126763,False,True,False,True
125,1,1,0,0,298.4,78,50.73,270.5,142,22.99,107.3,84,4.83,12.2,2,3.29,0,True,688.4,306,81.84,3.8256410256410254,1.9049295774647887,1.2773809523809523,6.1,0.4334689134224288,0.39294015107495645,0.15586868099941895,0.017722254503195815,False,False,False,True,0.17000670241286864,0.08499075785582255,0.04501397949673812,0.269672131147541,False,True,False,True
100,1,0,0,0,166.0,102,28.22,236.1,97,20.07,134.3,93,6.04,10.9,4,2.94,1,False,547.3000000000001,296,57.269999999999996,1.6274509803921569,2.434020618556701,1.4440860215053766,2.725,0.303307144162251,0.43139046226932204,0.24538644253608624,0.01991595103234058,False,False,False,False,0.16999999999999998,0.08500635324015249,0.04497393894266567,0.2697247706422018,False,True,False,True
64,1,0,0,0,174.5,98,29.67,180.2,103,15.32,179.0,89,8.06,10.7,2,2.89,2,False,544.4000000000001,292,55.940000000000005,1.780612244897959,1.749514563106796,2.0112359550561796,5.35,0.3205363703159441,0.33100661278471705,0.3288023512123438,0.01965466568699485,False,False,False,False,0.17002865329512895,0.08501664816870146,0.04502793296089386,0.27009345794392525,False,True,False,True
116,2,1,1,27,175.5,137,29.84,210.6,60,17.9,294.8,121,13.27,6.9,5,1.86,1,False,687.8000000000001,323,62.86999999999999,1.281021897810219,3.51,2.4363636363636365,1.3800000000000001,0.25516138412329165,0.3061936609479499,0.4286129688863041,0.010031986042454201,False,False,False,False,0.17002849002849002,0.08499525166191832,0.0450135685210312,0.26956521739130435,True,False,False,True
147,0,1,1,35,157.5,109,26.78,189.6,67,16.12,227.0,76,10.22,11.1,2,3.0,3,True,585.2,254,56.120000000000005,1.444954128440367,2.8298507462686566,2.986842105263158,5.55,0.26913875598086123,0.32399179767600816,0.3879015721120984,0.018967874231032123,False,False,False,False,0.17003174603174603,0.08502109704641352,0.045022026431718064,0.2702702702702703,True,False,False,True
84,1,0,1,35,207.5,138,35.28,201.0,116,17.09,164.5,107,7.4,7.5,16,2.03,4,False,580.5,377,61.800000000000004,1.5036231884057971,1.7327586206896552,1.5373831775700935,0.46875,0.35745047372954347,0.3462532299741602,0.2833763996554694,0.012919896640826873,False,False,False,False,0.17002409638554217,0.08502487562189055,0.044984802431610946,0.27066666666666667,True,False,False,True
86,2,0,1,16,144.8,105,24.62,206.2,111,17.53,255.4,117,11.49,11.6,2,3.13,4,False,618.0,335,56.77000000000001,1.379047619047619,1.8576576576576576,2.182905982905983,5.8,0.23430420711974112,0.33365695792880257,0.4132686084142395,0.018770226537216828,False,False,False,False,0.17002762430939225,0.0850145489815713,0.044988253719655445,0.26982758620689656,True,False,False,True
134,1,0,0,0,258.8,85,44.0,129.5,114,11.01,193.6,106,8.71,10.9,7,2.94,2,False,592.8,312,66.66,3.0447058823529414,1.1359649122807018,1.8264150943396227,1.5571428571428572,0.43657219973009453,0.2184547908232119,0.32658569500674767,0.018387314439946022,False,False,False,False,0.17001545595054096,0.08501930501930502,0.04498966942148761,0.2697247706422018,False,True,False,True
105,1,0,0,0,226.9,106,38.57,182.2,77,15.49,203.9,107,9.18,11.6,2,3.13,0,True,624.6,292,66.37,2.1405660377358493,2.366233766233766,1.905607476635514,5.8,0.3632724943964137,0.2917066922830611,0.32644892731348063,0.018571886007044507,False,False,False,False,0.16998677831643896,0.08501646542261251,0.04502206964198136,0.26982758620689656,False,True,False,True
88,0,0,0,0,152.9,119,25.99,171.2,107,14.55,257.0,106,11.57,12.0,5,3.24,2,False,593.1,337,55.35,1.284873949579832,1.5999999999999999,2.4245283018867925,2.4,0.25779801045354916,0.2886528410048895,0.43331647277019053,0.020232675771370764,False,False,False,False,0.1699803793328973,0.08498831775700935,0.04501945525291829,0.27,False,True,False,True
86,0,0,0,0,150.8,85,25.64,295.9,88,25.15,247.2,104,11.12,12.5,1,3.38,1,False,706.4,278,65.28999999999999,1.7741176470588236,3.3625,2.376923076923077,12.5,0.21347678369195924,0.41888448471121176,0.34994337485843713,0.017695356738391847,False,False,False,False,0.170026525198939,0.08499493071983778,0.04498381877022654,0.2704,False,True,False,True
141,1,0,1,32,322.4,92,54.81,283.2,107,24.07,209.5,111,9.43,6.7,3,1.81,1,True,821.8,313,90.12,3.5043478260869563,2.6467289719626166,1.8873873873873874,2.2333333333333334,0.39230956437089315,0.3446093940131419,0.2549282063762473,0.008152835239717694,False,False,False,False,0.17000620347394543,0.08499293785310735,0.04501193317422434,0.2701492537313433,True,False,False,True
148,0,0,0,0,153.6,148,26.11,262.1,87,22.28,225.5,99,10.15,9.8,3,2.65,2,False,651.0,337,61.19,1.037837837837838,3.0126436781609196,2.2777777777777777,3.266666666666667,0.2359447004608295,0.4026113671274962,0.34639016897081415,0.015053763440860216,False,False,False,False,0.16998697916666666,0.08500572300648607,0.04501108647450111,0.2704081632653061,False,True,False,True
163,0,0,1,22,215.1,91,36.57,138.9,102,11.81,146.2,109,6.58,12.4,2,3.35,2,False,512.6,304,58.31,2.3637362637362638,1.361764705882353,1.3412844036697247,6.2,0.41962543893874366,0.2709715177526336,0.28521264143581737,0.024190401872805307,False,False,False,False,0.17001394700139472,0.08502519798416126,0.045006839945280444,0.2701612903225806,True,False,False,True
89,1,0,1,35,174.4,108,29.65,196.7,100,16.72,127.4,74,5.73,11.8,3,3.19,1,False,510.3,285,55.28999999999999,1.614814814814815,1.9669999999999999,1.7216216216216218,3.9333333333333336,0.34175974916715657,0.3854595336076817,0.2496570644718793,0.023123652753282382,False,False,False,False,0.17001146788990823,0.08500254194204372,0.044976452119309264,0.2703389830508474,True,False,False,True
63,1,0,0,0,180.5,126,30.69,230.0,98,19.55,232.5,73,10.46,10.6,3,2.86,0,False,653.6,300,63.56,1.4325396825396826,2.3469387755102042,3.184931506849315,3.533333333333333,0.2761627906976744,0.3518971848225214,0.3557221542227662,0.016217870257037942,False,False,False,False,0.17002770083102495,0.085,0.04498924731182796,0.269811320754717,False,True,False,True
102,1,0,0,0,123.1,106,20.93,182.0,102,15.47,244.6,75,11.01,12.6,7,3.4,2,False,562.3000000000001,290,50.809999999999995,1.161320754716981,1.7843137254901962,3.2613333333333334,1.8,0.21892228347857012,0.32367063844922633,0.43499911079494924,0.02240796727725413,False,False,False,False,0.17002437043054427,0.085,0.04501226492232216,0.2698412698412698,False,True,False,True
104,0,0,0,0,200.2,92,34.03,118.7,87,10.09,236.6,65,10.65,6.0,6,1.62,2,False,561.5,250,56.39,2.176086956521739,1.3643678160919541,3.64,1.0,0.35654496883348175,0.21139804096170972,0.4213713268032057,0.01068566340160285,False,False,False,False,0.16998001998002,0.08500421229991575,0.045012679628064246,0.27,False,True,False,True
63,1,0,1,33,184.2,111,31.31,312.6,89,26.57,264.0,55,11.88,12.2,4,3.29,1,False,773.0,259,73.05,1.6594594594594594,3.512359550561798,4.8,3.05,0.23829236739974125,0.40439844760672705,0.34152652005174644,0.015782664941785252,False,False,False,False,0.1699782844733985,0.08499680102367242,0.045000000000000005,0.269672131147541,True,False,False,True
105,1,0,1,24,274.7,99,46.7,193.5,118,16.45,299.6,109,13.48,10.8,3,2.92,3,False,778.5999999999999,329,79.55000000000001,2.7747474747474747,1.6398305084745763,2.748623853211009,3.6,0.35281274081685077,0.24852298998201905,0.3847932185974827,0.013871050603647576,False,False,False,False,0.17000364033491083,0.08501291989664082,0.04499332443257677,0.27037037037037037,True,False,False,True
68,1,1,1,39,142.0,140,24.14,241.6,89,20.54,302.0,72,13.59,11.3,5,3.05,1,False,696.9,306,61.31999999999999,1.0142857142857142,2.7146067415730335,4.194444444444445,2.2600000000000002,0.20375950638542115,0.3466781460754771,0.4333476825943464,0.016214664944755347,False,False,False,False,0.17,0.08501655629139072,0.045,0.26991150442477874,True,False,False,True
63,0,1,1,21,151.5,99,25.76,147.8,89,12.56,210.4,114,9.47,10.0,4,2.7,1,False,519.7,306,50.49,1.5303030303030303,1.660674157303371,1.8456140350877193,2.5,0.29151433519338077,0.28439484317875696,0.4048489513180681,0.01924187030979411,False,False,False,False,0.17003300330033005,0.08497970230040595,0.045009505703422055,0.27,True,False,False,True
91,0,1,0,0,246.4,110,41.89,182.0,98,15.47,157.6,106,7.09,12.1,2,3.27,2,True,598.1,316,67.72,2.24,1.8571428571428572,1.4867924528301886,6.05,0.4119712422671794,0.30429694031098475,0.2635010867747868,0.020230730647048986,False,False,False,True,0.17000811688311687,0.085,0.04498730964467005,0.2702479338842975,False,True,False,True
101,1,0,0,0,232.7,114,39.56,186.4,123,15.84,153.3,122,6.9,11.5,6,3.11,5,False,583.9000000000001,365,65.41000000000001,2.0412280701754386,1.5154471544715447,1.2565573770491805,1.9166666666666667,0.3985271450590854,0.3192327453331049,0.26254495632813835,0.019695153279671175,True,False,True,False,0.17000429737859907,0.08497854077253218,0.04500978473581213,0.27043478260869563,False,True,False,True
116,0,0,0,0,288.0,120,48.96,255.8,90,21.74,233.4,99,10.5,13.4,4,3.62,0,True,790.5999999999999,313,84.82000000000001,2.4,2.8422222222222224,2.3575757575757574,3.35,0.3642802934480142,0.3235517328611182,0.29521882114849485,0.016949152542372885,False,False,False,False,0.17,0.0849882720875684,0.04498714652956298,0.2701492537313433,False,True,False,True
131,1,0,1,23,170.8,145,29.04,236.7,93,20.12,294.5,100,13.25,12.7,1,3.43,1,False,714.7,339,65.84,1.1779310344827587,2.5451612903225804,2.945,12.7,0.23898139079333985,0.3311879110116132,0.4120610046173219,0.017769693577724916,False,False,False,False,0.17002341920374706,0.08500211237853825,0.04499151103565365,0.27007874015748035,True,False,False,True
84,1,0,0,0,216.1,114,36.74,197.5,107,16.79,217.8,104,9.8,9.8,3,2.65,1,False,641.2,328,65.98,1.8956140350877193,1.8457943925233644,2.0942307692307693,3.266666666666667,0.33702432938240795,0.30801621958827197,0.33967560823456017,0.015283842794759825,False,False,False,False,0.17001388246182325,0.08501265822784809,0.04499540863177227,0.2704081632653061,False,True,False,True
104,1,0,0,0,138.7,100,23.58,215.4,58,18.31,164.3,98,7.39,4.9,4,1.32,2,False,523.3000000000001,260,50.6,1.3869999999999998,3.713793103448276,1.676530612244898,1.225,0.2650487292184215,0.4116185744314924,0.31396904261417924,0.009363653735906745,False,False,False,False,0.17000720980533526,0.08500464252553389,0.04497869750456482,0.2693877551020408,False,True,False,True
108,2,0,0,0,210.7,112,35.82,238.7,73,20.29,253.6,90,11.41,9.2,5,2.48,3,False,712.2,280,70.0,1.8812499999999999,3.26986301369863,2.8177777777777777,1.8399999999999999,0.2958438640831227,0.3351586632968267,0.35607975287840493,0.012917719741645604,False,False,False,False,0.17000474608448032,0.08500209467951403,0.04499211356466877,0.26956521739130435,False,True,False,True
111,1,0,0,0,181.8,117,30.91,158.1,91,13.44,266.2,123,11.98,9.7,9,2.62,0,False,615.8,340,58.949999999999996,1.5538461538461539,1.7373626373626374,2.1642276422764226,1.0777777777777777,0.2952257226372199,0.2567392010392985,0.43228320883403704,0.015751867489444626,False,False,False,False,0.17002200220022,0.08500948766603415,0.04500375657400451,0.2701030927835052,False,True,False,True
155,0,0,1,30,61.6,103,10.47,255.1,110,21.68,225.9,96,10.17,12.4,5,3.35,1,False,555.0,314,45.67,0.5980582524271845,2.319090909090909,2.353125,2.48,0.110990990990991,0.4596396396396396,0.40702702702702703,0.022342342342342343,False,False,False,False,0.16996753246753246,0.08498627989023912,0.0450199203187251,0.2701612903225806,True,False,False,True
66,2,0,0,0,207.7,85,35.31,196.7,112,16.72,261.7,83,11.78,6.8,3,1.84,1,False,672.8999999999999,283,65.65,2.4435294117647057,1.7562499999999999,3.153012048192771,2.2666666666666666,0.3086639916778125,0.2923168375687324,0.38891365730420574,0.01010551344924952,False,False,False,False,0.17000481463649497,0.08500254194204372,0.045013374092472296,0.2705882352941177,False,True,False,True
64,2,0,0,0,219.2,73,37.26,167.0,65,14.2,161.4,119,7.26,10.0,5,2.7,1,False,557.6,262,61.419999999999995,3.002739726027397,2.5692307692307694,1.3563025210084034,2.0,0.3931133428981348,0.29949784791965567,0.289454806312769,0.017934002869440458,False,False,False,False,0.1699817518248175,0.08502994011976048,0.0449814126394052,0.27,False,True,False,True
69,1,0,0,0,227.0,122,38.59,258.7,111,21.99,169.7,87,7.64,8.9,1,2.4,2,False,664.3,321,70.62,1.860655737704918,2.3306306306306306,1.950574712643678,8.9,0.34171308143910883,0.3894324853228963,0.25545687189522803,0.013397561342766824,False,False,False,False,0.17,0.0850019327406262,0.045020624631703005,0.2696629213483146,False,True,False,True
101,1,0,0,0,257.3,84,43.74,184.8,115,15.71,108.9,109,4.9,13.5,7,3.65,0,False,564.5,315,68.00000000000001,3.0630952380952383,1.6069565217391306,0.9990825688073395,1.9285714285714286,0.4558015943312666,0.32736935341009743,0.19291408325952172,0.023914968999114262,False,False,False,False,0.1699961134862029,0.08501082251082251,0.04499540863177227,0.27037037037037037,False,True,False,True
15,1,0,0,0,121.1,130,20.59,216.0,86,18.36,235.1,33,10.58,16.1,5,4.35,2,False,588.3000000000001,254,53.88,0.9315384615384615,2.511627906976744,7.124242424242424,3.22,0.20584735679075297,0.3671596124426313,0.39962604113547506,0.027366989631140575,False,False,False,False,0.17002477291494633,0.08499999999999999,0.045002126754572526,0.27018633540372666,False,True,True,False
88,1,0,0,0,301.5,136,51.26,257.7,72,21.9,132.9,118,5.98,13.4,2,3.62,4,True,705.5,328,82.76,2.2169117647058822,3.5791666666666666,1.126271186440678,6.7,0.42735648476257976,0.36527285613040394,0.18837703756201277,0.018993621545003544,False,False,False,False,0.17001658374792702,0.0849825378346915,0.044996237772761474,0.2701492537313433,False,True,False,True
197,1,0,0,0,233.9,96,39.76,218.9,111,18.61,182.9,109,8.23,9.5,3,2.57,0,False,645.2,319,69.16999999999999,2.4364583333333334,1.9720720720720721,1.6779816513761467,3.1666666666666665,0.36252324860508367,0.3392746435213887,0.28347799132052076,0.014724116553006818,False,False,False,False,0.16998717400598545,0.08501598903608953,0.044997266265718976,0.27052631578947367,False,True,False,True
50,1,1,0,0,99.6,108,16.93,308.7,102,26.24,161.2,62,7.25,13.7,6,3.7,2,True,583.2,278,54.120000000000005,0.9222222222222222,3.026470588235294,2.5999999999999996,2.283333333333333,0.1707818930041152,0.5293209876543209,0.27640603566529487,0.02349108367626886,False,False,False,True,0.16997991967871487,0.08500161969549724,0.04497518610421836,0.27007299270072993,False,True,False,True
172,2,0,0,0,169.8,123,28.87,183.1,94,15.56,395.0,72,17.77,12.7,7,3.43,2,False,760.6,296,65.63000000000001,1.380487804878049,1.9478723404255318,5.486111111111111,1.8142857142857143,0.22324480673152775,0.2407310018406521,0.5193268472258743,0.01669734420194583,False,False,False,False,0.17002355712603062,0.08498088476242491,0.0449873417721519,0.27007874015748035,False,True,False,True
188,1,1,1,26,198.8,115,33.8,166.6,67,14.16,198.5,118,8.93,14.4,3,3.89,1,True,578.3,303,60.779999999999994,1.7286956521739132,2.4865671641791045,1.6822033898305084,4.8,0.3437662113090092,0.2880857686321978,0.34324744942071594,0.024900570638077126,False,False,False,False,0.17002012072434605,0.08499399759903963,0.04498740554156171,0.2701388888888889,True,False,False,True
85,0,1,0,0,116.2,86,19.75,229.7,127,19.52,204.2,109,9.19,10.1,3,2.73,3,False,560.1999999999999,325,51.18999999999999,1.3511627906976744,1.8086614173228346,1.8733944954128439,3.3666666666666667,0.20742591931453055,0.41003213138164946,0.36451267404498394,0.01802927525883613,False,False,False,True,0.1699655765920826,0.08498040922942969,0.0450048971596474,0.2702970297029703,False,True,False,True
103,2,1,0,0,255.9,128,43.5,140.9,92,11.98,308.9,130,13.9,12.1,2,3.27,1,True,717.8000000000001,352,72.65,1.99921875,1.5315217391304348,2.376153846153846,6.05,0.3565059905266091,0.1962942323767066,0.43034271384786843,0.016857063248815824,False,False,False,True,0.16998827667057445,0.08502484031227821,0.04499838135318874,0.2702479338842975,False,True,False,True
136,0,0,1,27,187.7,84,31.91,221.0,147,18.79,145.7,110,6.56,10.0,4,2.7,3,False,564.4,345,59.96000000000001,2.2345238095238096,1.5034013605442176,1.3245454545454545,2.5,0.33256555634301915,0.391566265060241,0.25815024805102765,0.01771793054571226,False,False,False,False,0.17000532765050613,0.08502262443438914,0.04502402196293755,0.27,True,False,False,True
155,0,0,1,21,195.9,91,33.3,213.9,84,18.18,88.2,111,3.97,8.6,4,2.32,0,False,506.6,290,57.769999999999996,2.1527472527472526,2.5464285714285717,0.7945945945945946,2.15,0.3866956178444532,0.42222660876431106,0.1741018555073036,0.016975917883932094,False,False,False,False,0.16998468606431852,0.0849929873772791,0.04501133786848072,0.2697674418604651,True,False,False,True
145,1,0,0,0,129.4,97,22.0,185.4,101,15.76,204.7,106,9.21,1.1,2,0.3,2,False,520.6,306,47.269999999999996,1.3340206185567012,1.8356435643564357,1.931132075471698,0.55,0.2485593545908567,0.3561275451402228,0.3932001536688436,0.0021129466000768347,False,False,False,False,0.17001545595054096,0.08500539374325781,0.04499267220322424,0.2727272727272727,False,True,False,True
116,2,0,1,12,221.0,108,37.57,151.0,118,12.84,179.0,80,8.06,9.0,6,2.43,2,False,560.0,312,60.9,2.0462962962962963,1.2796610169491525,2.2375,1.5,0.39464285714285713,0.26964285714285713,0.3196428571428571,0.01607142857142857,False,False,False,False,0.17,0.08503311258278146,0.04502793296089386,0.27,True,False,False,True
152,0,0,0,0,140.5,92,23.89,186.8,96,15.88,227.0,89,10.22,9.5,5,2.57,2,False,563.8,282,52.56,1.5271739130434783,1.9458333333333335,2.550561797752809,1.9,0.24920184462575384,0.3313231642426393,0.4026250443419653,0.016849946789641718,False,False,False,False,0.17003558718861211,0.08501070663811564,0.045022026431718064,0.27052631578947367,False,True,False,True
65,1,1,0,0,277.9,123,47.24,155.8,112,13.24,256.9,71,11.56,9.2,10,2.48,0,True,699.8,316,74.52000000000001,2.259349593495935,1.3910714285714287,3.6183098591549294,0.9199999999999999,0.397113460988854,0.22263503858245215,0.367104887110603,0.013146613318090883,False,False,False,True,0.16998920474991006,0.08498074454428754,0.044998053717399775,0.26956521739130435,False,True,False,True
180,1,0,0,0,224.9,105,38.23,250.0,101,21.25,216.1,73,9.72,6.7,5,1.81,3,True,697.7,284,71.01,2.1419047619047618,2.4752475247524752,2.9602739726027396,1.34,0.32234484735559693,0.358320194926186,0.3097319764941952,0.009602981224021786,False,False,False,False,0.1699866607381058,0.085,0.04497917630726516,0.2701492537313433,False,True,False,True
67,1,0,0,0,109.1,117,18.55,217.4,124,18.48,188.4,141,8.48,12.8,6,3.46,0,False,527.6999999999999,388,48.970000000000006,0.9324786324786324,1.7532258064516129,1.3361702127659574,2.1333333333333333,0.20674625734318744,0.41197650180026535,0.3570210346787948,0.024256206177752516,False,False,False,False,0.1700274977085243,0.08500459981600736,0.04501061571125266,0.27031249999999996,False,True,False,True
60,1,0,0,0,207.8,109,35.33,123.5,112,10.5,291.6,115,13.12,5.7,9,1.54,0,False,628.6000000000001,345,60.489999999999995,1.906422018348624,1.1026785714285714,2.5356521739130438,0.6333333333333333,0.3305758829144129,0.19646834234807503,0.4638880050906776,0.009067769646834234,False,False,False,False,0.17001924927815204,0.08502024291497975,0.04499314128943758,0.27017543859649124,False,True,False,True
44,1,0,0,0,308.6,139,52.46,150.8,94,12.82,198.7,66,8.94,7.3,3,1.97,4,True,665.4,302,76.19,2.2201438848920865,1.6042553191489364,3.0106060606060603,2.433333333333333,0.4637811842500752,0.2266305981364593,0.29861737300871655,0.010970844604749024,False,False,False,False,0.1699935191186001,0.0850132625994695,0.044992450931051836,0.26986301369863014,False,True,False,True
25,2,0,0,0,242.6,69,41.24,209.0,117,17.77,219.7,82,9.89,14.4,6,3.89,2,False,685.6999999999999,274,72.79,3.5159420289855072,1.7863247863247864,2.6792682926829268,2.4,0.3537990374799475,0.3047980166253464,0.32040250838559137,0.021000437509114775,False,False,False,False,0.16999175597691674,0.08502392344497607,0.04501593081474739,0.2701388888888889,False,True,True,False
145,0,0,0,0,229.6,82,39.03,138.1,103,11.74,250.8,109,11.29,3.3,3,0.89,1,False,621.8,297,62.95,2.8,1.340776699029126,2.300917431192661,1.0999999999999999,0.3692505628819556,0.22209713734319717,0.4033451270504986,0.005307172724348665,False,False,False,False,0.1699912891986063,0.08501086169442433,0.04501594896331738,0.2696969696969697,False,True,False,True
122,2,0,1,28,166.0,62,28.22,233.9,88,19.88,170.1,84,7.65,7.7,3,2.08,2,False,577.7,237,57.82999999999999,2.6774193548387095,2.6579545454545457,2.025,2.566666666666667,0.2873463735502856,0.4048814263458542,0.2944434827765276,0.013328717327332524,False,False,False,False,0.16999999999999998,0.08499358700299273,0.04497354497354498,0.2701298701298701,True,False,False,True
121,1,0,0,0,144.8,126,24.62,200.6,82,17.05,208.8,81,9.4,13.3,9,3.59,0,True,567.5,298,54.66,1.1492063492063493,2.446341463414634,2.577777777777778,1.4777777777777779,0.25515418502202647,0.3534801762114537,0.3679295154185022,0.02343612334801762,False,False,False,False,0.17002762430939225,0.0849950149551346,0.045019157088122604,0.2699248120300752,False,True,False,True
55,2,1,0,0,106.1,77,18.04,123.5,100,10.5,96.4,92,4.34,12.9,3,3.48,0,False,338.9,272,36.35999999999999,1.3779220779220778,1.235,1.047826086956522,4.3,0.31307170256712896,0.36441428149896726,0.28444969017409266,0.038064325759811155,False,False,False,True,0.1700282752120641,0.08502024291497975,0.0450207468879668,0.2697674418604651,False,True,False,True
77,1,0,0,0,221.8,84,37.71,166.0,125,14.11,210.2,72,9.46,13.2,4,3.56,1,False,611.2,285,64.84,2.6404761904761904,1.328,2.9194444444444443,3.3,0.36289267015706805,0.27159685863874344,0.343913612565445,0.021596858638743454,False,False,False,False,0.1700180342651037,0.08499999999999999,0.045004757373929595,0.2696969696969697,False,True,False,True
12,1,0,0,0,204.6,98,34.78,212.5,90,18.06,182.1,95,8.19,9.8,7,2.65,2,False,609.0,290,63.68,2.0877551020408163,2.361111111111111,1.916842105263158,1.4000000000000001,0.3359605911330049,0.34893267651888343,0.29901477832512313,0.016091954022988506,False,False,False,False,0.16999022482893453,0.08498823529411764,0.04497528830313015,0.2704081632653061,False,True,True,False
64,2,0,0,0,213.5,93,36.3,166.6,114,14.16,122.0,78,5.49,14.1,3,3.81,3,False,516.2,288,59.76,2.295698924731183,1.4614035087719297,1.564102564102564,4.7,0.4135993800852382,0.3227431228206121,0.23634250290585043,0.027314994188299104,False,False,False,False,0.17002341920374706,0.08499399759903963,0.045,0.2702127659574468,False,True,False,True
92,1,0,1,44,152.0,95,25.84,274.9,73,23.37,162.4,121,7.31,10.0,1,2.7,2,False,599.3,290,59.220000000000006,1.6,3.765753424657534,1.3421487603305786,10.0,0.25362923410645755,0.4587018187885867,0.27098281328216256,0.01668613382279326,False,False,False,False,0.17,0.08501273190251002,0.04501231527093596,0.27,True,False,False,True
125,1,1,1,29,260.8,81,44.34,163.7,112,13.91,271.7,117,12.23,17.0,6,4.59,1,True,713.2,316,75.07000000000001,3.2197530864197534,1.4616071428571427,2.322222222222222,2.8333333333333335,0.3656758272574313,0.22952888390353335,0.38095905776780703,0.023836231071228266,False,False,False,False,0.1700153374233129,0.08497251069028712,0.04501288185498712,0.27,True,False,False,True
160,0,0,0,0,166.4,117,28.29,317.0,129,26.95,160.4,121,7.22,10.0,2,2.7,1,False,653.8,369,65.16,1.4222222222222223,2.4573643410852712,1.3256198347107437,5.0,0.2545120832058734,0.4848577546650352,0.24533496482104622,0.015295197308045275,False,False,False,False,0.17001201923076922,0.08501577287066246,0.04501246882793017,0.27,False,True,False,True
79,1,0,0,0,177.9,83,30.24,167.3,84,14.22,223.7,142,10.07,15.2,8,4.1,0,False,584.1000000000001,317,58.63,2.1433734939759037,1.9916666666666667,1.5753521126760563,1.9,0.3045711350796096,0.2864235576099982,0.3829823660332134,0.02602294127717856,False,False,False,False,0.1699831365935919,0.084997011356844,0.04501564595440322,0.26973684210526316,False,True,False,True
36,1,0,0,0,235.1,97,39.97,196.8,104,16.73,259.7,110,11.69,7.0,7,1.89,3,False,698.5999999999999,318,70.28,2.4237113402061854,1.8923076923076925,2.360909090909091,1.0,0.3365302032636702,0.2817062696822216,0.37174348697394793,0.010020040080160322,False,False,False,False,0.17001276052743514,0.08501016260162601,0.04501347708894879,0.26999999999999996,False,True,False,True
138,0,1,0,0,268.4,81,45.63,174.4,115,14.82,193.5,96,8.71,11.6,4,3.13,1,False,647.9,296,72.28999999999999,3.3135802469135798,1.5165217391304349,2.015625,2.9,0.41426146010186754,0.26917734218243555,0.2986572001852138,0.0179039975304831,False,False,False,True,0.17000745156482863,0.08497706422018349,0.04501291989664083,0.26982758620689656,False,True,False,True
72,0,0,0,0,179.9,113,30.58,149.8,112,12.73,168.2,79,7.57,9.8,7,2.65,2,False,507.70000000000005,311,53.53,1.5920353982300885,1.3375000000000001,2.1291139240506327,1.4000000000000001,0.3543431160133937,0.2950561355130983,0.33129801063620246,0.019302737837305496,False,False,False,False,0.16998332406892716,0.0849799732977303,0.04500594530321047,0.2704081632653061,False,True,False,True
74,1,0,0,0,314.1,86,53.4,222.4,99,18.9,259.0,121,11.66,12.3,5,3.32,3,True,807.8,311,87.27999999999999,3.652325581395349,2.2464646464646467,2.1404958677685952,2.46,0.38883386976974504,0.27531567219608816,0.32062391681109187,0.01522654122307502,False,False,False,False,0.1700095510983763,0.0849820143884892,0.04501930501930502,0.26991869918699185,False,True,False,True
134,1,0,1,41,162.0,82,27.54,324.7,77,27.6,160.1,112,7.2,11.9,5,3.21,0,False,658.6999999999999,276,65.55,1.975609756097561,4.216883116883117,1.4294642857142856,2.38,0.2459389706998634,0.4929406406558373,0.24305450129042055,0.018065887353878856,False,False,False,False,0.16999999999999998,0.08500153988296891,0.04497189256714554,0.26974789915966385,True,False,False,True
145,1,0,0,0,175.8,89,29.89,274.3,119,23.32,226.6,69,10.2,12.4,4,3.35,1,False,689.1,281,66.75999999999999,1.9752808988764046,2.305042016806723,3.2840579710144926,3.1,0.25511536787113626,0.39805543462487303,0.3288347119431142,0.017994485560876506,False,False,False,False,0.17002275312855517,0.08501640539555232,0.04501323918799647,0.2701612903225806,False,True,False,True
136,2,0,0,0,109.4,91,18.6,207.5,111,17.64,135.0,107,6.08,11.6,5,3.13,0,False,463.5,314,45.45,1.2021978021978024,1.8693693693693694,1.2616822429906542,2.32,0.2360302049622438,0.447680690399137,0.2912621359223301,0.025026968716289105,False,False,False,False,0.170018281535649,0.08501204819277108,0.045037037037037035,0.26982758620689656,False,True,False,True
66,1,1,0,0,208.7,84,35.48,173.3,88,14.73,264.7,107,11.91,8.3,3,2.24,3,False,655.0,282,64.35999999999999,2.4845238095238096,1.969318181818182,2.4738317757009343,2.766666666666667,0.3186259541984733,0.2645801526717557,0.40412213740458014,0.012671755725190841,False,False,False,True,0.17000479156684234,0.08499711482977496,0.04499433320740461,0.26987951807228916,False,True,False,True
152,2,0,1,20,214.6,108,36.48,96.6,82,8.21,170.7,145,7.68,7.9,5,2.13,1,False,489.79999999999995,340,54.5,1.987037037037037,1.1780487804878048,1.1772413793103447,1.58,0.4381380155165374,0.1972233564720294,0.3485095957533687,0.01612903225806452,False,False,False,False,0.1699906803355079,0.08498964803312631,0.04499121265377856,0.26962025316455696,True,False,False,True
162,0,0,0,0,49.2,121,8.36,143.9,136,12.23,203.0,97,9.14,12.1,13,3.27,1,False,408.20000000000005,367,33.0,0.40661157024793393,1.0580882352941177,2.0927835051546393,0.9307692307692308,0.12052915237628613,0.3525232729054385,0.49730524252817243,0.029642332190102885,False,False,False,False,0.16991869918699185,0.08498957609451008,0.045024630541871925,0.2702479338842975,False,True,False,True
72,2,0,0,0,141.3,133,24.02,134.9,96,11.47,227.5,97,10.24,11.2,3,3.02,2,False,514.9000000000001,329,48.75000000000001,1.062406015037594,1.4052083333333334,2.345360824742268,3.733333333333333,0.27442221790638954,0.2619926199261992,0.441833365702078,0.021751796465333068,False,False,False,False,0.16999292285916487,0.08502594514455152,0.04501098901098901,0.2696428571428572,False,True,False,True
101,1,0,0,0,253.2,89,43.04,237.9,114,20.22,154.3,85,6.94,9.7,7,2.62,4,False,655.1000000000001,295,72.82000000000001,2.844943820224719,2.086842105263158,1.815294117647059,1.3857142857142857,0.3865058769653487,0.3631506640207601,0.23553655930392303,0.01480689970996794,False,False,False,False,0.16998420221169036,0.0849936948297604,0.04497731691510045,0.2701030927835052,False,True,False,True
125,1,0,0,0,206.0,128,35.02,198.1,71,16.84,135.9,116,6.12,13.2,3,3.56,0,False,553.2,318,61.54,1.609375,2.7901408450704226,1.1715517241379312,4.3999999999999995,0.3723788864786695,0.3580983369486623,0.24566160520607375,0.023861171366594356,False,False,False,False,0.17,0.08500757193336698,0.045033112582781455,0.2696969696969697,False,True,False,True
46,0,0,0,0,40.4,105,6.87,172.4,83,14.65,145.1,89,6.53,9.0,2,2.43,2,False,366.9,279,30.48,0.38476190476190475,2.07710843373494,1.6303370786516853,4.5,0.11011174707004634,0.46988280185336606,0.39547560643227037,0.024529844644317254,False,False,False,False,0.17004950495049506,0.0849767981438515,0.04500344589937974,0.27,False,True,False,True
132,0,0,0,0,291.2,104,49.5,234.2,132,19.91,191.7,87,8.63,8.9,3,2.4,1,True,725.9999999999999,326,80.44,2.8,1.7742424242424242,2.203448275862069,2.966666666666667,0.4011019283746557,0.3225895316804408,0.2640495867768595,0.01225895316804408,False,False,False,False,0.16998626373626374,0.08501280956447481,0.045018257694314036,0.2696629213483146,False,True,False,True
193,1,0,1,31,71.2,58,12.1,124.7,105,10.6,155.5,108,7.0,11.7,3,3.16,0,False,363.09999999999997,274,32.86,1.2275862068965517,1.1876190476190476,1.4398148148148149,3.9,0.19608923161663455,0.34343156155329113,0.4282566786009364,0.03222252822913798,False,False,False,False,0.1699438202247191,0.08500400962309543,0.04501607717041801,0.2700854700854701,True,False,False,True
63,2,0,0,0,261.8,69,44.51,245.0,135,20.83,202.1,94,9.09,14.7,4,3.97,0,True,723.6,302,78.4,3.794202898550725,1.8148148148148149,2.15,3.675,0.3618021006080708,0.33858485351022666,0.279297954671089,0.020315091210613596,False,False,False,False,0.17001527883880824,0.0850204081632653,0.044977733795150916,0.27006802721088435,False,True,False,True
124,2,0,0,0,191.3,134,32.52,261.5,113,22.23,182.3,111,8.2,10.0,3,2.7,1,False,645.1,361,65.65,1.4276119402985075,2.314159292035398,1.6423423423423424,3.3333333333333335,0.2965431716013021,0.40536350953340566,0.2825918462253914,0.01550147263990079,False,False,False,False,0.16999477260846838,0.0850095602294455,0.04498080087767416,0.27,False,True,False,True
144,1,0,0,0,133.3,101,22.66,255.5,127,21.72,228.6,68,10.29,11.6,2,3.13,0,False,629.0,298,57.8,1.3198019801980199,2.0118110236220472,3.361764705882353,5.8,0.21192368839427664,0.40620031796502387,0.36343402225755167,0.01844197138314785,False,False,False,False,0.16999249812453113,0.08500978473581212,0.04501312335958005,0.26982758620689656,False,True,False,True
97,0,0,1,28,283.1,93,48.13,185.4,98,15.76,312.8,78,14.08,6.1,8,1.65,1,False,787.4,277,79.62,3.0440860215053767,1.8918367346938776,4.01025641025641,0.7625,0.3595377190754382,0.23545847091694186,0.39725679451358903,0.0077470154940309875,False,False,False,False,0.17001059696220416,0.08500539374325781,0.04501278772378516,0.27049180327868855,True,False,False,True
137,2,0,1,50,186.5,94,31.71,178.0,106,15.13,215.6,100,9.7,12.1,4,3.27,2,False,592.2,304,59.81000000000001,1.9840425531914894,1.679245283018868,2.156,3.025,0.3149273893954745,0.3005741303613644,0.36406619385342787,0.020432286389733195,False,False,False,False,0.17002680965147454,0.085,0.044990723562152134,0.2702479338842975,True,False,False,True
142,1,0,1,38,163.3,104,27.76,136.0,114,11.56,249.1,127,11.21,4.3,6,1.16,0,False,552.6999999999999,351,51.69,1.5701923076923079,1.1929824561403508,1.9614173228346456,0.7166666666666667,0.29545865749954775,0.24606477293287501,0.4506965804233762,0.0077799891442011946,False,False,False,False,0.16999387630128598,0.085,0.045002007226013656,0.2697674418604651,True,False,False,True
119,1,0,1,19,178.1,110,30.28,212.8,100,18.09,226.3,123,10.18,10.0,6,2.7,1,False,627.2,339,61.25000000000001,1.6190909090909091,2.128,1.8398373983739837,1.6666666666666667,0.28396045918367346,0.3392857142857143,0.36080994897959184,0.01594387755102041,False,False,False,False,0.17001684446939921,0.08500939849624059,0.04498453380468404,0.27,True,False,False,True
158,1,0,0,0,195.9,103,33.3,89.1,95,7.57,302.2,82,13.6,10.3,3,2.78,1,False,597.5,283,57.25,1.9019417475728155,0.9378947368421052,3.6853658536585363,3.4333333333333336,0.3278661087866109,0.1491213389121339,0.5057740585774059,0.017238493723849373,False,False,False,False,0.16998468606431852,0.08496071829405163,0.04500330906684315,0.2699029126213592,False,True,False,True
50,1,0,0,0,295.3,127,50.2,127.4,100,10.83,166.8,105,7.51,9.6,6,2.59,1,False,599.1,338,71.13000000000001,2.325196850393701,1.274,1.5885714285714287,1.5999999999999999,0.4929060257052245,0.2126523118010349,0.2784176264396595,0.01602403605408112,False,False,False,False,0.16999661361327464,0.08500784929356357,0.04502398081534772,0.26979166666666665,False,True,False,True
98,0,0,0,0,136.1,82,23.14,156.3,118,13.29,158.8,83,7.15,10.1,5,2.73,2,False,461.3,288,46.309999999999995,1.6597560975609755,1.3245762711864408,1.913253012048193,2.02,0.2950357684803815,0.338825059614134,0.3442445263386083,0.021894645566876217,False,False,False,False,0.17002204261572373,0.08502879078694817,0.045025188916876575,0.2702970297029703,False,True,False,True
101,1,0,1,24,114.1,95,19.4,161.5,86,13.73,176.3,90,7.93,13.0,9,3.51,2,False,464.90000000000003,280,44.56999999999999,1.2010526315789474,1.877906976744186,1.9588888888888891,1.4444444444444444,0.24542912454291244,0.34738653473865344,0.3792213379221338,0.027963002796300276,False,False,False,False,0.17002629272567923,0.085015479876161,0.04498014747589336,0.26999999999999996,True,False,False,True
51,0,0,0,0,169.3,111,28.78,139.5,69,11.86,197.0,87,8.87,12.0,3,3.24,0,False,517.8,270,52.75,1.5252252252252254,2.0217391304347827,2.264367816091954,4.0,0.32696021629972966,0.2694090382387022,0.380455774430282,0.023174971031286212,False,False,False,False,0.16999409332545776,0.0850179211469534,0.045025380710659896,0.27,False,True,False,True
117,2,0,0,0,214.4,94,36.45,138.0,149,11.73,148.7,102,6.69,9.9,1,2.67,2,False,510.99999999999994,346,57.540000000000006,2.2808510638297874,0.9261744966442953,1.4578431372549019,9.9,0.4195694716242662,0.27005870841487284,0.2909980430528376,0.019373776908023485,False,False,False,False,0.17000932835820898,0.085,0.04498991257565569,0.26969696969696966,False,True,False,True
92,1,1,0,0,255.8,125,43.49,142.7,111,12.13,181.2,101,8.15,11.7,3,3.16,0,False,591.4000000000001,340,66.93,2.0464,1.2855855855855856,1.7940594059405939,3.9,0.4325329726073723,0.24129184984781868,0.3063916131214068,0.01978356442340209,False,False,False,True,0.17001563721657545,0.08500350385423967,0.04497792494481237,0.2700854700854701,False,True,False,True
86,0,0,0,0,148.2,71,25.19,285.1,91,24.23,166.4,155,7.49,6.2,3,1.67,2,False,605.9000000000001,320,58.580000000000005,2.0873239436619717,3.1329670329670334,1.0735483870967741,2.066666666666667,0.244594817626671,0.4705396930186499,0.2746327776860868,0.010232711668592175,False,False,False,False,0.1699730094466937,0.08498772360575237,0.04501201923076923,0.2693548387096774,False,True,False,True
122,1,0,0,0,119.3,93,20.28,223.9,103,19.03,211.9,122,9.54,8.7,4,2.35,2,False,563.8000000000001,322,51.2,1.282795698924731,2.17378640776699,1.7368852459016393,2.175,0.21159985810571122,0.3971266406527137,0.37584249733948205,0.015431003902092937,False,False,False,False,0.16999161777032692,0.08499330058061635,0.04502123643227937,0.2701149425287357,False,True,False,True
156,0,0,1,27,192.3,137,32.69,199.9,115,16.99,244.2,112,10.99,14.8,8,4.0,1,False,651.2,372,64.66999999999999,1.4036496350364964,1.7382608695652175,2.180357142857143,1.85,0.2953009828009828,0.30697174447174447,0.37499999999999994,0.022727272727272728,False,False,False,False,0.16999479979199167,0.08499249624812405,0.04500409500409501,0.27027027027027023,True,False,False,True
127,2,0,0,0,245.2,91,41.68,217.2,92,18.46,243.1,128,10.94,13.9,6,3.75,0,True,719.4,317,74.83,2.6945054945054943,2.360869565217391,1.89921875,2.316666666666667,0.34083958854601054,0.3019182652210175,0.3379204892966361,0.019321656936335835,False,False,False,False,0.1699836867862969,0.08499079189686926,0.045002056766762645,0.2697841726618705,False,True,False,True
130,0,1,0,0,216.2,106,36.75,363.7,86,30.91,126.7,123,5.7,16.9,2,4.56,5,True,723.5,317,77.92,2.039622641509434,4.22906976744186,1.030081300813008,8.45,0.29882515549412575,0.5026952315134762,0.1751209398756047,0.023358673116793363,True,True,True,True,0.16998149861239595,0.08498762716524609,0.04498816101026046,0.2698224852071006,False,True,False,True
158,0,0,0,0,172.4,114,29.31,256.6,69,21.81,235.3,104,10.59,0.0,0,0.0,2,False,664.3,287,61.709999999999994,1.512280701754386,3.7188405797101454,2.2625,0.0,0.25952130061719103,0.3862712629835918,0.35420743639921726,0.0,False,False,False,False,0.17001160092807424,0.08499610288386593,0.045006374840628985,0.0,False,True,False,True
145,2,1,1,30,175.3,107,29.8,153.3,116,13.03,233.6,85,10.51,11.1,3,3.0,1,False,573.3000000000001,311,56.339999999999996,1.638317757009346,1.321551724137931,2.748235294117647,3.6999999999999997,0.3057735914878772,0.2673992673992674,0.4074655503226931,0.019361590790162215,False,False,False,False,0.1699942954934398,0.08499673842139595,0.044991438356164384,0.2702702702702703,True,False,False,True
90,1,1,1,26,169.0,104,28.73,188.8,104,16.05,213.3,76,9.6,13.3,3,3.59,0,True,584.4,287,57.97,1.625,1.8153846153846156,2.806578947368421,4.433333333333334,0.2891854893908282,0.323066392881588,0.3649897330595483,0.022758384668035595,False,False,False,False,0.17,0.08501059322033898,0.045007032348804495,0.2699248120300752,True,False,False,True
127,2,0,1,27,2.6,113,0.44,254.0,102,21.59,242.7,156,10.92,9.2,5,2.48,3,False,508.5,376,35.43,0.023008849557522124,2.4901960784313726,1.5557692307692308,1.8399999999999999,0.005113077679449361,0.4995083579154376,0.4772861356932153,0.018092428711897736,False,False,False,False,0.1692307692307692,0.085,0.0449938195302843,0.26956521739130435,True,False,False,True
109,1,0,0,0,184.1,143,31.3,211.7,105,17.99,243.0,116,10.93,9.9,2,2.67,1,False,648.6999999999999,366,62.89,1.2874125874125875,2.016190476190476,2.0948275862068964,4.95,0.28379836596269464,0.3263449976876831,0.37459534453522436,0.01526129181439803,False,False,False,False,0.17001629549158068,0.08497874350495985,0.04497942386831275,0.26969696969696966,False,True,False,True
88,1,0,0,0,181.9,90,30.92,151.5,87,12.88,143.0,100,6.44,7.5,3,2.03,1,False,483.9,280,52.27,2.0211111111111113,1.7413793103448276,1.43,2.5,0.3759041124199215,0.3130812151270924,0.2955156023971895,0.015499070055796652,False,False,False,False,0.16998350742166027,0.08501650165016503,0.04503496503496504,0.27066666666666667,False,True,False,True
101,2,0,1,9,160.1,116,27.22,210.0,121,17.85,139.1,65,6.26,10.8,9,2.92,0,False,520.0,311,54.25,1.3801724137931033,1.7355371900826446,2.14,1.2000000000000002,0.30788461538461537,0.40384615384615385,0.2675,0.02076923076923077,False,False,False,False,0.17001873828856964,0.085,0.045003594536304814,0.27037037037037037,True,False,False,True
21,1,0,0,0,223.2,142,37.94,216.5,114,18.4,214.7,111,9.66,12.4,2,3.35,1,False,666.8,369,69.35,1.5718309859154929,1.8991228070175439,1.9342342342342342,6.2,0.33473305338932213,0.3246850629874025,0.3219856028794241,0.01859628074385123,False,False,False,False,0.1699820788530466,0.08498845265588914,0.044993013507219376,0.2701612903225806,False,True,True,False
145,0,0,1,31,216.0,94,36.72,225.1,123,19.13,234.7,109,10.56,10.7,1,2.89,2,False,686.5,327,69.3,2.297872340425532,1.8300813008130081,2.1532110091743117,10.7,0.314639475600874,0.3278951201747997,0.34187909686817186,0.015586307356154405,False,False,False,False,0.16999999999999998,0.08498445135495335,0.04499360886237751,0.27009345794392525,True,False,False,True
33,0,0,0,0,159.5,115,27.12,195.4,118,16.61,102.4,86,4.61,7.1,7,1.92,1,False,464.4,326,50.260000000000005,1.3869565217391304,1.6559322033898305,1.1906976744186046,1.0142857142857142,0.3434539190353144,0.4207579672695952,0.22049956933677867,0.0152885443583118,False,False,False,False,0.17003134796238245,0.08500511770726714,0.04501953125,0.27042253521126763,False,True,False,True
61,0,0,1,40,105.0,78,17.85,180.6,100,15.35,174.1,115,7.83,10.2,2,2.75,2,True,469.90000000000003,295,43.78,1.3461538461538463,1.806,1.5139130434782608,5.1,0.22345179825494785,0.38433709299851027,0.37050436263034686,0.02170674611619493,False,False,False,False,0.17,0.08499446290143965,0.04497415278575532,0.26960784313725494,True,False,False,True
107,1,0,0,0,204.5,108,34.77,162.4,110,13.8,155.0,102,6.98,13.4,1,3.62,3,False,535.3,321,59.17000000000001,1.8935185185185186,1.4763636363636363,1.5196078431372548,13.4,0.38202876891462734,0.3033812815243789,0.28955725761255374,0.02503269194844013,False,False,False,False,0.17002444987775062,0.08497536945812809,0.045032258064516134,0.2701492537313433,False,True,False,True
147,0,0,0,0,274.0,92,46.58,231.8,82,19.7,283.6,83,12.76,6.2,1,1.67,0,True,795.6000000000001,258,80.71000000000001,2.9782608695652173,2.826829268292683,3.4168674698795183,6.2,0.34439416792357963,0.2913524384112619,0.3564605329311211,0.007792860734037204,False,False,False,False,0.16999999999999998,0.08498705780845556,0.04499294781382228,0.2693548387096774,False,True,False,True
95,1,0,0,0,229.9,116,39.08,202.4,110,17.2,171.4,105,7.71,14.2,6,3.83,1,False,617.9000000000001,337,67.82000000000001,1.981896551724138,1.84,1.6323809523809525,2.3666666666666667,0.37206667745589894,0.32756109402815986,0.2773911636187085,0.022981064897232558,False,False,False,False,0.16998695084819485,0.08498023715415019,0.04498249708284714,0.26971830985915496,False,True,False,True
128,1,0,0,0,179.4,94,30.5,270.4,92,22.98,191.0,88,8.59,7.9,4,2.13,0,False,648.6999999999999,278,64.2,1.9085106382978725,2.9391304347826086,2.1704545454545454,1.975,0.2765531062124249,0.41683366733466937,0.29443502389394177,0.012178202558964084,False,False,False,False,0.17001114827201783,0.08498520710059172,0.044973821989528796,0.26962025316455696,False,True,False,True
134,1,0,0,0,7.8,86,1.33,171.4,100,14.57,186.5,80,8.39,12.9,2,3.48,2,False,378.6,268,27.77,0.09069767441860464,1.714,2.33125,6.45,0.020602218700475433,0.4527205493924987,0.49260433174854723,0.0340729001584786,False,False,False,False,0.17051282051282052,0.08500583430571762,0.04498659517426274,0.2697674418604651,False,True,False,True
96,1,0,1,23,183.1,88,31.13,147.4,89,12.53,350.2,108,15.76,11.3,7,3.05,1,False,692.0,292,62.46999999999999,2.080681818181818,1.6561797752808989,3.2425925925925925,1.6142857142857143,0.2645953757225433,0.21300578034682083,0.5060693641618497,0.01632947976878613,False,False,False,False,0.17001638448935008,0.0850067842605156,0.045002855511136496,0.26991150442477874,True,False,False,True
107,1,0,0,0,206.9,79,35.17,262.4,117,22.3,149.3,69,6.72,10.7,3,2.89,0,False,629.3,268,67.08,2.618987341772152,2.2427350427350428,2.163768115942029,3.5666666666666664,0.32877800730970924,0.41697123788336243,0.23724773557921502,0.017003019227713332,False,False,False,False,0.16998550024166265,0.08498475609756098,0.0450100468854655,0.27009345794392525,False,True,False,True
123,1,0,0,0,140.0,106,23.8,153.7,101,13.06,50.1,87,2.25,12.5,1,3.38,2,False,356.3,295,42.49,1.320754716981132,1.5217821782178216,0.5758620689655173,12.5,0.3929273084479371,0.4313780522031995,0.14061184395172607,0.03508279539713724,False,False,False,False,0.17,0.08497072218607678,0.04491017964071856,0.2704,False,True,False,True
35,1,0,0,0,179.2,59,30.46,283.3,101,24.08,285.4,83,12.84,5.8,7,1.57,2,False,753.6999999999999,250,68.94999999999999,3.03728813559322,2.804950495049505,3.4385542168674696,0.8285714285714285,0.23776038211489983,0.375878996948388,0.3786652514262969,0.007695369510415285,False,False,False,False,0.1699776785714286,0.08499823508648076,0.04498948843728101,0.27068965517241383,False,True,False,True
137,0,1,0,0,237.3,103,40.34,176.7,84,15.02,263.4,81,11.85,14.2,4,3.83,0,True,691.6,272,71.03999999999999,2.303883495145631,2.1035714285714286,3.2518518518518515,3.55,0.3431174089068826,0.2554945054945055,0.38085598611914395,0.020532099479467898,False,False,False,True,0.16999578592498948,0.08500282965478212,0.04498861047835991,0.26971830985915496,False,True,False,True
88,1,0,0,0,181.5,116,30.86,187.0,119,15.9,220.3,96,9.91,10.5,7,2.84,1,False,599.3,338,59.510000000000005,1.5646551724137931,1.5714285714285714,2.294791666666667,1.5,0.30285332888369765,0.312030702486234,0.36759552811613555,0.017520440513932922,False,False,False,False,0.17002754820936639,0.08502673796791443,0.04498411257376305,0.2704761904761905,False,True,False,True
116,0,0,1,19,155.7,104,26.47,185.4,118,15.76,192.7,116,8.67,8.2,2,2.21,3,False,542.0,340,53.11,1.4971153846153844,1.571186440677966,1.661206896551724,4.1,0.28726937269372693,0.34206642066420667,0.35553505535055346,0.015129151291512913,False,False,False,False,0.17000642260757867,0.08500539374325781,0.044992215879605606,0.26951219512195124,True,False,False,True
123,2,0,1,23,245.0,88,41.65,265.0,105,22.53,239.7,108,10.79,14.9,3,4.02,2,False,764.6,304,78.99,2.784090909090909,2.5238095238095237,2.2194444444444446,4.966666666666667,0.32042898247449647,0.3465864504315982,0.3134972534658645,0.019487313628040806,False,False,False,False,0.16999999999999998,0.08501886792452831,0.04501460158531498,0.2697986577181208,True,False,False,True
146,1,1,0,0,111.1,126,18.89,313.4,95,26.64,215.7,82,9.71,10.5,6,2.84,1,False,650.7,309,58.08,0.8817460317460317,3.2989473684210524,2.6304878048780487,1.75,0.17073920393422465,0.4816351621330874,0.3314891655140617,0.016136468418626093,False,False,False,True,0.17002700270027005,0.08500319081046587,0.04501622624014836,0.2704761904761905,False,True,False,True
106,2,0,1,9,88.5,100,15.05,324.8,109,27.61,79.9,86,3.6,8.2,4,2.21,3,False,501.40000000000003,299,48.47,0.885,2.979816513761468,0.9290697674418605,2.05,0.176505783805345,0.6477861986437974,0.15935380933386517,0.01635420821699242,False,False,False,False,0.17005649717514126,0.08500615763546797,0.04505632040050062,0.26951219512195124,True,False,False,True
121,0,0,1,44,116.0,85,19.72,150.1,120,12.76,246.8,98,11.11,12.0,2,3.24,1,False,524.9000000000001,305,46.83,1.3647058823529412,1.2508333333333332,2.5183673469387755,6.0,0.2209944751381215,0.28595923032958653,0.47018479710421024,0.022861497428081537,False,False,False,False,0.16999999999999998,0.08500999333777481,0.045016207455429495,0.27,True,False,False,True
137,2,0,0,0,155.5,81,26.44,133.1,94,11.31,253.1,77,11.39,9.1,2,2.46,1,False,550.8000000000001,254,51.6,1.9197530864197532,1.4159574468085105,3.2870129870129867,4.55,0.28231663035584603,0.24164851125635436,0.459513435003631,0.01652142338416848,False,False,False,False,0.17003215434083602,0.08497370398196845,0.04500197550375346,0.2703296703296703,False,True,False,True
67,2,0,1,31,175.2,68,29.78,199.2,73,16.93,219.8,99,9.89,13.2,6,3.56,1,False,607.4000000000001,246,60.160000000000004,2.576470588235294,2.728767123287671,2.2202020202020205,2.1999999999999997,0.28844254198221925,0.32795521896608487,0.3618702667105696,0.021731972341126105,False,False,False,False,0.16997716894977172,0.08498995983935743,0.04499545040946315,0.2696969696969697,True,False,False,True
161,0,0,0,0,154.7,84,26.3,177.8,125,15.11,172.9,90,7.78,5.9,2,1.59,4,True,511.29999999999995,301,50.78,1.8416666666666666,1.4224,1.9211111111111112,2.95,0.3025620966164678,0.34774105221983187,0.33815763739487587,0.011539213768824566,False,False,False,False,0.1700064641241112,0.08498312710911135,0.04499710815500289,0.2694915254237288,False,True,False,True
62,1,1,1,32,218.4,93,37.13,236.7,132,20.12,192.2,137,8.65,13.2,3,3.56,0,True,660.5,365,69.46000000000001,2.3483870967741938,1.793181818181818,1.402919708029197,4.3999999999999995,0.33065859197577596,0.3583648750946253,0.29099167297501893,0.019984859954579864,False,False,False,False,0.17000915750915752,0.08500211237853825,0.04500520291363164,0.2696969696969697,True,False,False,True
120,1,0,1,24,227.5,81,38.68,234.9,71,19.97,166.4,128,7.49,9.0,13,2.43,1,False,637.8,293,68.57000000000001,2.808641975308642,3.3084507042253524,1.3,0.6923076923076923,0.35669488867983695,0.36829727187206024,0.2608968328629665,0.014111006585136407,False,False,False,False,0.17002197802197802,0.08501489995742868,0.04501201923076923,0.27,True,False,False,True
130,0,0,1,30,185.0,117,31.45,249.5,141,21.21,157.8,103,7.1,7.4,7,2.0,0,False,599.6999999999999,368,61.76,1.5811965811965811,1.7695035460992907,1.5320388349514564,1.0571428571428572,0.30848757712189434,0.41604135401033854,0.2631315657828915,0.012339503084875773,False,False,False,False,0.16999999999999998,0.08501002004008017,0.04499366286438529,0.27027027027027023,True,False,False,True
20,0,0,0,0,186.8,89,31.76,253.4,51,21.54,273.1,105,12.29,12.3,6,3.32,2,False,725.6,251,68.91,2.098876404494382,4.968627450980392,2.600952380952381,2.0500000000000003,0.25744211686879825,0.3492282249173098,0.3763781697905182,0.01695148842337376,False,False,False,False,0.17002141327623127,0.08500394632991318,0.045001830831197354,0.26991869918699185,False,True,True,False
112,1,0,0,0,208.7,150,35.48,212.8,104,18.09,178.1,98,8.01,8.5,4,2.3,0,False,608.1,356,63.87999999999999,1.3913333333333333,2.0461538461538464,1.8173469387755101,2.125,0.3432001315573096,0.3499424436770268,0.2928794606150304,0.01397796415063312,False,False,False,False,0.17000479156684234,0.08500939849624059,0.04497473329590118,0.27058823529411763,False,True,False,True
77,0,0,0,0,185.9,95,31.6,212.0,98,18.02,282.3,81,12.7,11.3,4,3.05,3,False,691.5,278,65.37,1.956842105263158,2.163265306122449,3.4851851851851854,2.825,0.2688358640636298,0.3065798987707881,0.4082429501084599,0.0163412870571222,False,False,False,False,0.1699838622915546,0.08499999999999999,0.04498760184201204,0.26991150442477874,False,True,False,True
109,1,0,0,0,222.5,74,37.83,169.7,75,14.42,264.3,94,11.89,9.0,3,2.43,2,False,665.5,246,66.57000000000001,3.0067567567567566,2.2626666666666666,2.8117021276595744,3.0,0.33433508640120213,0.2549962434259955,0.397145003756574,0.013523666416228399,False,False,False,False,0.17002247191011235,0.08497348261638185,0.04498675747256905,0.27,False,True,False,True
108,1,0,0,0,201.1,101,34.19,170.7,86,14.51,237.4,113,10.68,11.6,3,3.13,3,False,620.8,303,62.51,1.991089108910891,1.9848837209302324,2.1008849557522122,3.8666666666666667,0.3239368556701031,0.27496778350515466,0.382409793814433,0.018685567010309278,False,False,False,False,0.17001491795126802,0.08500292911540715,0.04498736310025274,0.26982758620689656,False,True,False,True
79,1,0,1,17,167.9,114,28.54,243.7,93,20.71,211.9,114,9.54,9.1,2,2.46,1,False,632.6,323,61.25,1.4728070175438597,2.6204301075268814,1.8587719298245615,4.55,0.2654125829908315,0.3852355358836547,0.33496680366740433,0.014385077458109389,False,False,False,False,0.16998213222156044,0.08498153467377924,0.04502123643227937,0.2703296703296703,True,False,False,True
38,2,0,0,0,175.7,109,29.87,211.8,97,18.0,137.9,109,6.21,9.2,3,2.48,5,True,534.6,318,56.56,1.611926605504587,2.1835051546391755,1.265137614678899,3.0666666666666664,0.3286569397680508,0.39618406285072955,0.25794986906098016,0.01720912832023943,True,False,False,False,0.17000569151963577,0.08498583569405099,0.04503263234227701,0.26956521739130435,False,True,False,True
109,1,0,1,29,111.2,90,18.9,263.5,98,22.4,224.7,128,10.11,9.0,6,2.43,6,True,608.4,322,53.839999999999996,1.2355555555555555,2.688775510204082,1.75546875,1.5,0.18277449046679817,0.43310322156476005,0.3693293885601578,0.014792899408284025,True,False,False,False,0.1699640287769784,0.08500948766603415,0.04499332443257677,0.27,True,False,False,True
78,1,0,0,0,87.7,74,14.91,214.8,58,18.26,201.3,147,9.06,10.8,6,2.92,1,False,514.6,285,45.150000000000006,1.1851351351351351,3.703448275862069,1.3693877551020408,1.8,0.17042363000388652,0.41741158181111543,0.39117761368052856,0.02098717450446949,False,False,False,False,0.17001140250855187,0.08500931098696463,0.04500745156482861,0.27037037037037037,False,True,False,True
134,1,0,0,0,244.1,99,41.5,246.9,111,20.99,200.0,133,9.0,7.2,2,1.94,0,False,698.2,345,73.42999999999999,2.4656565656565657,2.2243243243243245,1.5037593984962405,3.6,0.3496132913205385,0.3536236035519908,0.2864508736751647,0.010312231452305929,False,False,False,False,0.1700122900450635,0.08501417577966787,0.045,0.26944444444444443,False,True,False,True
47,1,0,1,27,165.0,89,28.05,127.3,118,10.82,284.4,95,12.8,7.7,4,2.08,2,False,584.4000000000001,306,53.75,1.853932584269663,1.0788135593220338,2.9936842105263155,1.925,0.2823408624229979,0.21783025325119776,0.4866529774127309,0.013175906913073236,False,False,False,False,0.17,0.08499607227022782,0.04500703234880451,0.2701298701298701,True,False,False,True
59,0,0,1,27,127.4,110,21.66,103.3,99,8.78,164.2,73,7.39,9.1,3,2.46,0,False,404.0,285,40.29,1.1581818181818182,1.0434343434343434,2.2493150684931504,3.033333333333333,0.31534653465346535,0.2556930693069307,0.4064356435643564,0.022524752475247524,False,False,False,False,0.17001569858712715,0.08499515972894482,0.04500609013398295,0.2703296703296703,True,False,False,True
151,1,0,0,0,194.8,106,33.12,292.7,103,24.88,224.6,82,10.11,5.5,3,1.49,0,False,717.6,294,69.6,1.8377358490566038,2.841747572815534,2.739024390243902,1.8333333333333333,0.2714604236343367,0.40788740245261984,0.31298773690078036,0.007664437012263099,False,False,False,False,0.17002053388090346,0.08500170823368637,0.045013357079252005,0.27090909090909093,False,True,False,True
129,1,0,0,0,54.7,131,9.3,256.1,105,21.77,176.6,135,7.95,11.1,4,3.0,1,False,498.5,375,42.02,0.417557251908397,2.4390476190476194,1.308148148148148,2.775,0.10972918756268807,0.513741223671013,0.3542627883650953,0.022266800401203612,False,False,False,False,0.170018281535649,0.08500585708707535,0.045016987542468856,0.2702702702702703,False,True,False,True
107,2,0,1,27,283.4,104,48.18,224.1,152,19.05,241.3,63,10.86,14.4,7,3.89,2,False,763.1999999999999,326,81.98,2.7249999999999996,1.4743421052631578,3.8301587301587303,2.0571428571428574,0.37133123689727465,0.2936320754716981,0.3161687631027254,0.01886792452830189,False,False,False,False,0.17000705716302048,0.08500669344042838,0.045006216328222125,0.2701388888888889,True,False,False,True
137,0,1,0,0,258.0,112,43.86,246.5,117,20.95,173.2,100,7.79,10.9,3,2.94,0,True,688.6,332,75.54,2.3035714285714284,2.106837606837607,1.732,3.6333333333333333,0.3746732500726111,0.35797269822828925,0.25152483299448153,0.015829218704618064,False,False,False,True,0.16999999999999998,0.08498985801217038,0.044976905311778295,0.2697247706422018,False,True,False,True
76,2,0,0,0,90.5,142,15.39,211.7,75,17.99,194.9,76,8.77,9.3,2,2.51,1,False,506.40000000000003,295,44.65999999999999,0.6373239436619719,2.8226666666666667,2.5644736842105265,4.65,0.1787124802527646,0.4180489731437598,0.3848736176935229,0.018364928909952605,False,False,False,False,0.17005524861878454,0.08497874350495985,0.04499743458183684,0.2698924731182795,False,True,False,True
24,1,0,0,0,235.6,132,40.05,115.9,129,9.85,185.4,136,8.34,16.2,2,4.37,0,False,553.1,399,62.60999999999999,1.784848484848485,0.8984496124031008,1.363235294117647,8.1,0.42596275537877415,0.20954619417826795,0.335201591032363,0.029289459410594826,False,False,False,False,0.16999151103565363,0.08498705780845556,0.04498381877022654,0.2697530864197531,False,True,True,False
169,0,0,0,0,142.5,82,24.23,231.4,110,19.67,131.2,67,5.9,10.0,4,2.7,2,False,515.0999999999999,263,52.50000000000001,1.7378048780487805,2.1036363636363635,1.9582089552238804,2.5,0.27664531158998257,0.44923315860997876,0.25470782372354883,0.019413706076490005,False,False,False,False,0.17003508771929826,0.08500432152117546,0.044969512195121956,0.27,False,True,False,True
30,0,0,0,0,54.0,68,9.18,179.3,96,15.24,247.2,101,11.12,10.2,8,2.75,1,False,490.7,273,38.29,0.7941176470588235,1.8677083333333335,2.4475247524752475,1.275,0.11004687181577338,0.36539637252904017,0.503770124312207,0.020786631342979416,False,False,False,False,0.16999999999999998,0.08499721137757947,0.04498381877022654,0.26960784313725494,False,True,False,True
70,1,0,0,0,214.8,87,36.52,131.0,114,11.14,216.9,104,9.76,9.4,3,2.54,3,False,572.1,308,59.96,2.4689655172413794,1.1491228070175439,2.085576923076923,3.1333333333333333,0.3754588358678553,0.22898094738682048,0.37912952281069745,0.016430693934626813,False,False,False,False,0.17001862197392925,0.0850381679389313,0.04499769479022591,0.2702127659574468,False,True,False,True
52,2,1,0,0,251.4,118,42.74,196.6,80,16.71,192.0,53,8.64,11.0,2,2.97,0,True,651.0,253,71.06,2.130508474576271,2.4575,3.6226415094339623,5.5,0.3861751152073733,0.3019969278033794,0.29493087557603687,0.016897081413210446,False,False,False,True,0.1700079554494829,0.08499491353001018,0.045000000000000005,0.27,False,True,False,True
3,0,0,0,0,139.0,99,23.63,250.7,108,21.31,286.2,87,12.88,6.1,3,1.65,4,False,682.0,297,59.47,1.404040404040404,2.321296296296296,3.289655172413793,2.033333333333333,0.20381231671554254,0.3675953079178885,0.4196480938416422,0.008944281524926686,False,False,False,False,0.16999999999999998,0.08500199441563622,0.04500349406009784,0.27049180327868855,False,True,True,False
38,1,0,0,0,117.3,114,19.94,208.7,105,17.74,203.4,98,9.15,14.4,2,3.89,2,False,543.8,319,50.72,1.0289473684210526,1.9876190476190476,2.075510204081633,7.2,0.2157043030525929,0.3837808017653549,0.3740345715336521,0.02648032364840015,False,False,False,False,0.1699914748508099,0.08500239578342117,0.04498525073746313,0.2701388888888889,False,True,False,True
104,1,0,0,0,264.0,108,44.88,132.2,75,11.24,177.7,91,8.0,10.6,8,2.86,3,False,584.5,282,66.98,2.4444444444444446,1.7626666666666666,1.9527472527472527,1.325,0.4516680923866553,0.22617621899059023,0.3040205303678357,0.018135158254918734,False,False,False,False,0.17,0.08502269288956128,0.045019696117051214,0.269811320754717,False,True,False,True
27,0,0,0,0,82.6,105,14.04,204.0,99,17.34,224.2,122,10.09,9.1,4,2.46,1,False,519.9,330,43.93,0.7866666666666666,2.0606060606060606,1.8377049180327867,2.275,0.15887670705904983,0.39238315060588574,0.4312367763031352,0.017503366031929216,False,False,False,False,0.16997578692493948,0.085,0.045004460303300624,0.2703296703296703,False,True,True,False
13,0,0,0,0,220.4,100,37.47,211.2,79,17.95,259.3,112,11.67,13.6,8,3.67,2,False,704.5000000000001,299,70.76,2.204,2.6734177215189874,2.3151785714285715,1.7,0.31284599006387503,0.29978708303761525,0.36806245564229945,0.019304471256210074,False,False,False,False,0.17000907441016333,0.0849905303030303,0.045005784805244885,0.2698529411764706,False,True,True,False
52,0,0,0,0,217.0,104,36.89,152.3,83,12.95,134.3,109,6.04,11.8,4,3.19,2,False,515.4,300,59.07,2.0865384615384617,1.8349397590361447,1.2321100917431194,2.95,0.42103220799379126,0.29549864183158714,0.2605743112145906,0.022894838960031045,False,False,False,False,0.17,0.08502954694681548,0.04497393894266567,0.2703389830508474,False,True,False,True
114,1,0,1,25,129.0,77,21.93,290.0,110,24.65,177.1,110,7.97,11.6,5,3.13,1,False,607.7,302,57.68,1.6753246753246753,2.6363636363636362,1.6099999999999999,2.32,0.2122757939772914,0.4772091492512753,0.2914266908013822,0.01908836597005101,False,False,False,False,0.16999999999999998,0.08499999999999999,0.04500282326369283,0.26982758620689656,True,False,False,True
156,0,0,0,0,150.5,106,25.59,152.9,112,13.0,215.9,86,9.72,3.5,3,0.95,1,False,522.8,307,49.260000000000005,1.419811320754717,1.3651785714285716,2.51046511627907,1.1666666666666667,0.28787299158377966,0.29246365723029843,0.4129686304514155,0.006694720734506504,False,False,False,False,0.17003322259136214,0.08502289077828645,0.045020842982862436,0.2714285714285714,False,True,False,True
62,1,0,0,0,189.5,122,32.22,103.8,95,8.82,180.6,106,8.13,10.8,5,2.92,2,False,484.7,328,52.09,1.5532786885245902,1.0926315789473684,1.7037735849056603,2.16,0.390963482566536,0.21415308438209202,0.3726016092428306,0.02228182380854137,False,False,False,False,0.1700263852242744,0.08497109826589595,0.04501661129568107,0.27037037037037037,False,True,False,True
52,2,0,0,0,129.3,80,21.98,142.7,101,12.13,258.3,89,11.62,12.3,4,3.32,3,False,542.5999999999999,274,49.05,1.6162500000000002,1.4128712871287128,2.902247191011236,3.075,0.23829708809436054,0.26299299668263915,0.4760412827128641,0.022668632510136386,False,False,False,False,0.16999226604795048,0.08500350385423967,0.04498644986449864,0.26991869918699185,False,True,False,True
146,2,0,0,0,115.6,77,19.65,213.6,100,18.16,218.4,72,9.83,10.7,6,2.89,1,False,558.3000000000001,255,50.53,1.5012987012987011,2.136,3.033333333333333,1.7833333333333332,0.2070571377395665,0.38259000537345506,0.3911875335840945,0.01916532330288375,False,False,False,False,0.1699826989619377,0.0850187265917603,0.04500915750915751,0.27009345794392525,False,True,False,True
120,1,0,1,23,221.9,114,37.72,254.7,84,21.65,250.5,117,11.27,7.2,5,1.94,2,False,734.3000000000001,320,72.58,1.9464912280701754,3.032142857142857,2.141025641025641,1.44,0.3021925643469971,0.34686095601252886,0.34114122293340593,0.009805256707067955,False,False,False,False,0.16998648039657502,0.08500196309383588,0.04499001996007984,0.26944444444444443,True,False,False,True
90,0,0,0,0,61.3,91,10.42,194.4,94,16.52,143.1,80,6.44,11.4,9,3.08,1,False,410.19999999999993,274,36.459999999999994,0.6736263736263736,2.068085106382979,1.7887499999999998,1.2666666666666666,0.14943929790346175,0.47391516333495864,0.3488542174549001,0.027791321306679675,False,False,False,False,0.1699836867862969,0.08497942386831275,0.04500349406009784,0.27017543859649124,False,True,False,True
147,0,1,0,0,183.8,113,31.25,164.7,110,14.0,111.0,87,5.0,10.1,4,2.73,1,False,469.6,314,52.98,1.6265486725663718,1.497272727272727,1.2758620689655173,2.525,0.391396933560477,0.3507240204429301,0.23637137989778534,0.021507666098807495,False,False,False,True,0.17002176278563655,0.08500303582270796,0.04504504504504504,0.2702970297029703,False,True,False,True
159,1,0,0,0,167.4,68,28.46,143.8,74,12.22,140.1,111,6.3,10.3,3,2.78,0,True,461.6000000000001,256,49.76,2.461764705882353,1.9432432432432434,1.2621621621621621,3.4333333333333336,0.3626516464471403,0.31152512998266896,0.3035095320623916,0.02231369150779896,False,False,False,False,0.17001194743130227,0.08497913769123783,0.044967880085653104,0.2699029126213592,False,True,False,True
74,2,0,1,27,154.1,122,26.2,195.3,150,16.6,276.7,86,12.45,13.2,2,3.56,4,False,639.3,360,58.81,1.2631147540983607,1.302,3.217441860465116,6.6,0.2410448928515564,0.305490380103238,0.43281714375097763,0.020647583294228063,False,False,False,False,0.1700194678780013,0.08499743983614952,0.044994578966389594,0.2696969696969697,True,False,False,True
87,1,0,0,0,198.3,80,33.71,187.0,89,15.9,133.5,96,6.01,16.6,4,4.48,2,False,535.4,269,60.099999999999994,2.4787500000000002,2.101123595505618,1.390625,4.15,0.3703772880089653,0.34927157265595815,0.24934628315278298,0.031004856182293615,False,False,False,False,0.16999495713565305,0.08502673796791443,0.045018726591760296,0.26987951807228916,False,True,False,True
99,2,0,0,0,128.3,78,21.81,215.3,120,18.3,143.7,140,6.47,14.3,9,3.86,2,False,501.6,347,50.44,1.644871794871795,1.7941666666666667,1.0264285714285712,1.588888888888889,0.25578149920255183,0.42922647527910684,0.28648325358851673,0.02850877192982456,False,False,False,False,0.16999220576773186,0.08499767765908035,0.04502435629784273,0.2699300699300699,False,True,False,True
131,2,0,0,0,187.9,110,31.94,200.5,101,17.04,202.6,125,9.12,10.2,11,2.75,2,False,601.2,347,60.85,1.7081818181818182,1.9851485148514851,1.6208,0.9272727272727272,0.3125415834996673,0.33349966733200265,0.3369926813040585,0.016966067864271454,False,False,False,False,0.16998403406067056,0.08498753117206982,0.04501480750246791,0.26960784313725494,False,True,False,True
89,2,0,0,0,129.2,71,21.96,214.1,68,18.2,214.9,100,9.67,10.3,4,2.78,5,True,568.4999999999999,243,52.61,1.8197183098591547,3.148529411764706,2.149,2.575,0.2272647317502199,0.37660510114335977,0.3780123131046615,0.01811785400175902,True,False,False,False,0.16996904024767803,0.085007006071929,0.04499767333643555,0.2699029126213592,False,True,False,True
123,1,1,0,0,125.5,106,21.34,128.9,96,10.96,251.9,129,11.34,6.3,6,1.7,4,True,512.6,337,45.34,1.1839622641509433,1.3427083333333334,1.9527131782945737,1.05,0.24483027701911822,0.2514631291455326,0.49141630901287553,0.012290284822473662,False,False,False,True,0.1700398406374502,0.08502715283165245,0.04501786423183803,0.2698412698412698,False,True,False,True
130,2,0,1,26,257.2,108,43.72,224.3,122,19.07,204.0,118,9.18,12.6,4,3.4,1,False,698.1,352,75.37,2.3814814814814813,1.8385245901639344,1.728813559322034,3.15,0.368428591892279,0.32130067325598055,0.2922217447357112,0.018048990116029222,False,False,False,False,0.16998444790046657,0.0850200624164066,0.045,0.2698412698412698,True,False,False,True
99,1,0,0,0,124.6,90,21.18,146.4,70,12.44,169.4,95,7.62,10.5,6,2.84,1,False,450.9,261,44.08,1.3844444444444444,2.0914285714285716,1.7831578947368423,1.75,0.27633621645597695,0.3246839654025283,0.3756930583277889,0.023286759813705923,False,False,False,False,0.16998394863563404,0.0849726775956284,0.04498229043683589,0.2704761904761905,False,True,False,True
36,0,0,0,0,175.1,144,29.77,216.9,69,18.44,243.7,146,10.97,9.9,3,2.67,1,False,645.6,362,61.85,1.2159722222222222,3.1434782608695655,1.6691780821917808,3.3000000000000003,0.2712205700123916,0.33596654275092935,0.3774783147459727,0.01533457249070632,False,False,False,False,0.17001713306681895,0.08501613646841863,0.04501436192039393,0.26969696969696966,False,True,False,True
87,1,0,0,0,124.3,91,21.13,173.4,105,14.74,256.3,109,11.53,7.5,5,2.03,3,False,561.5,310,49.43,1.365934065934066,1.6514285714285715,2.351376146788991,1.5,0.2213713268032057,0.30881567230632234,0.45645592163846843,0.013357079252003561,False,False,False,False,0.16999195494770716,0.08500576701268743,0.044986344127975024,0.27066666666666667,False,True,False,True
139,1,0,0,0,271.6,130,46.17,156.0,131,13.26,136.3,108,6.13,11.6,9,3.13,2,False,575.5000000000001,378,68.69,2.0892307692307694,1.1908396946564885,1.262037037037037,1.2888888888888888,0.4719374456993918,0.27106863596872277,0.23683753258036488,0.02015638575152041,False,False,False,False,0.1699926362297496,0.08499999999999999,0.04497432134996331,0.26982758620689656,False,True,False,True
189,2,0,0,0,219.9,80,37.38,143.3,117,12.18,130.6,69,5.88,11.7,7,3.16,1,False,505.50000000000006,273,58.60000000000001,2.7487500000000002,1.2247863247863249,1.8927536231884057,1.6714285714285713,0.4350148367952522,0.2834817012858556,0.25835806132542033,0.023145400593471806,False,False,False,False,0.16998635743519783,0.08499651081646893,0.045022970903522204,0.2700854700854701,False,True,False,True
96,1,0,1,33,183.3,115,31.16,201.4,87,17.12,177.4,84,7.98,10.4,15,2.81,3,False,572.5,301,59.07000000000001,1.593913043478261,2.3149425287356324,2.111904761904762,0.6933333333333334,0.320174672489083,0.35179039301310044,0.30986899563318776,0.018165938864628823,False,False,False,False,0.16999454446262957,0.08500496524329693,0.04498308906426156,0.2701923076923077,True,False,False,True
112,0,0,0,0,101.1,119,17.19,214.4,67,18.22,179.5,112,8.08,10.3,5,2.78,2,False,505.3,303,46.269999999999996,0.8495798319327731,3.2,1.6026785714285714,2.06,0.2000791608945181,0.42430239461705915,0.3552345141500099,0.020383930338412824,False,False,False,False,0.17002967359050447,0.08498134328358208,0.04501392757660167,0.2699029126213592,False,True,False,True
108,1,0,1,41,171.6,110,29.17,136.1,78,11.57,183.4,103,8.25,10.8,7,2.92,0,False,501.90000000000003,298,51.910000000000004,1.56,1.744871794871795,1.7805825242718447,1.542857142857143,0.34190077704722055,0.27116955568838413,0.36541143654114366,0.021518230723251645,False,False,False,False,0.169988344988345,0.08501102130786187,0.04498364231188658,0.27037037037037037,True,False,False,True
121,2,0,1,20,211.9,110,36.02,215.1,120,18.28,238.5,107,10.73,9.4,2,2.54,0,False,674.9,339,67.57000000000001,1.9263636363636365,1.7925,2.2289719626168223,4.7,0.31397244036153504,0.318713883538302,0.35338568676841015,0.013927989331752853,False,False,False,False,0.1699858423784804,0.08498372849837285,0.044989517819706504,0.2702127659574468,True,False,False,True
116,1,0,0,0,63.7,101,10.83,195.8,95,16.64,210.1,87,9.45,10.0,6,2.7,1,False,479.6,289,39.620000000000005,0.6306930693069307,2.0610526315789475,2.414942528735632,1.6666666666666667,0.13281901584653877,0.40825688073394495,0.4380733944954128,0.020850708924103418,False,False,False,False,0.17001569858712715,0.08498467824310521,0.044978581627796284,0.27,False,True,False,True
161,1,0,0,0,173.4,100,29.48,213.7,74,18.16,141.5,69,6.37,11.5,4,3.11,1,False,540.1,247,57.12,1.734,2.8878378378378375,2.050724637681159,2.875,0.32105165710053696,0.39566746898722455,0.2619885206443251,0.021292353267913348,False,False,False,False,0.17001153402537486,0.08497894244267666,0.04501766784452297,0.27043478260869563,False,True,False,True
19,1,1,0,0,237.7,98,40.41,207.1,121,17.6,182.2,95,8.2,4.5,4,1.22,0,False,631.5,318,67.42999999999999,2.4255102040816325,1.7115702479338843,1.917894736842105,1.125,0.3764053840063341,0.3279493269992082,0.28851939825811557,0.007125890736342043,False,False,False,True,0.17000420698359275,0.08498309995171416,0.04500548847420417,0.2711111111111111,False,True,True,False
119,1,1,1,32,173.0,101,29.41,209.4,93,17.8,231.1,91,10.4,12.2,4,3.29,0,False,625.7,289,60.9,1.7128712871287128,2.2516129032258063,2.5395604395604394,3.05,0.276490330829471,0.3346651750039955,0.36934633210803897,0.019498162058494483,False,False,False,False,0.17,0.08500477554918816,0.04500216356555604,0.269672131147541,True,False,False,True
125,1,0,0,0,224.9,102,38.23,143.8,87,12.22,198.9,105,8.95,8.0,2,2.16,0,False,575.6,296,61.55999999999999,2.204901960784314,1.6528735632183909,1.8942857142857144,4.0,0.390722724113968,0.24982626824183463,0.3455524669909659,0.01389854065323141,False,False,False,False,0.1699866607381058,0.08497913769123783,0.044997486173956755,0.27,False,True,False,True
156,2,0,0,0,237.7,122,40.41,181.5,91,15.43,185.7,151,8.36,7.7,4,2.08,1,False,612.6,368,66.27999999999999,1.948360655737705,1.9945054945054945,1.2298013245033113,1.925,0.3880182827293503,0.2962781586679726,0.30313418217433885,0.01256937642833823,False,False,False,False,0.17000420698359275,0.08501377410468319,0.04501884760366182,0.2701298701298701,False,True,False,True
109,1,0,0,0,137.0,128,23.29,217.0,116,18.45,182.1,86,8.19,10.0,5,2.7,2,False,546.1,335,52.629999999999995,1.0703125,1.8706896551724137,2.1174418604651164,2.0,0.2508698040651895,0.39736312030763593,0.33345541109686866,0.018311664530305805,False,False,False,False,0.16999999999999998,0.08502304147465438,0.04497528830313015,0.27,False,True,False,True
95,2,0,0,0,142.5,109,24.23,176.1,107,14.97,189.6,88,8.53,8.2,3,2.21,2,False,516.4000000000001,307,49.940000000000005,1.3073394495412844,1.6457943925233645,2.1545454545454543,2.733333333333333,0.27594887683965913,0.34101471727343136,0.36715724244771486,0.01587916343919442,False,False,False,False,0.17003508771929826,0.08500851788756389,0.044989451476793244,0.26951219512195124,False,True,False,True
90,0,0,0,0,142.4,126,24.21,126.2,118,10.73,274.2,71,12.34,4.6,4,1.24,1,False,547.4,319,48.52,1.1301587301587301,1.069491525423729,3.8619718309859152,1.15,0.2601388381439533,0.23054439166971138,0.5009134088417976,0.008403361344537815,False,False,False,False,0.17001404494382022,0.08502377179080824,0.0450036469730124,0.26956521739130435,False,True,False,True
105,1,0,1,21,147.0,112,24.99,197.3,43,16.77,267.4,93,12.03,8.7,3,2.35,2,False,620.4000000000001,251,56.14,1.3125,4.588372093023256,2.875268817204301,2.9,0.23694390715667307,0.31802063185041907,0.4310122501611862,0.014023210831721467,False,False,False,False,0.16999999999999998,0.08499746578813988,0.0449887808526552,0.2701149425287357,True,False,False,True
101,2,0,0,0,220.3,124,37.45,188.6,101,16.03,278.4,98,12.53,10.6,4,2.86,1,False,697.9,327,68.87,1.7766129032258065,1.8673267326732672,2.840816326530612,2.65,0.3156612695228543,0.2702392892964608,0.3989110187705975,0.015188422410087405,False,False,False,False,0.16999546073536087,0.08499469777306469,0.04500718390804598,0.269811320754717,False,True,False,True
95,1,0,0,0,149.2,96,25.36,260.7,116,22.16,201.0,120,9.05,8.1,2,2.19,1,False,619.0,334,58.75999999999999,1.5541666666666665,2.247413793103448,1.675,4.05,0.24103392568659127,0.4211631663974152,0.3247172859450727,0.013085621970920839,False,False,False,False,0.16997319034852548,0.08500191791331033,0.04502487562189055,0.27037037037037037,False,True,False,True
123,1,0,0,0,204.4,88,34.75,137.5,111,11.69,226.0,100,10.17,10.0,4,2.7,0,False,577.9,303,59.31,2.3227272727272728,1.2387387387387387,2.26,2.5,0.3536944107977159,0.23793043779200554,0.39107111957086005,0.017304031839418584,False,False,False,False,0.17000978473581213,0.08501818181818181,0.045,0.27,False,True,False,True
141,2,0,1,28,308.0,123,52.36,247.8,128,21.06,152.9,103,6.88,7.4,3,2.0,1,False,716.0999999999999,357,82.3,2.5040650406504064,1.9359375,1.4844660194174757,2.466666666666667,0.4301075268817205,0.34604105571847515,0.21351766513056838,0.010333752269236142,False,False,False,False,0.16999999999999998,0.08498789346246972,0.044996729888816214,0.27027027027027023,True,False,False,True
75,1,0,1,19,210.3,90,35.75,241.8,87,20.55,215.7,102,9.71,13.1,3,3.54,4,False,680.9,282,69.55,2.336666666666667,2.779310344827586,2.114705882352941,4.366666666666666,0.3088559259803202,0.35511822587751507,0.3167866059626964,0.01923924217946835,False,False,False,False,0.16999524488825488,0.08498759305210918,0.04501622624014836,0.2702290076335878,True,False,False,True
126,0,0,1,24,58.9,125,10.01,305.5,90,25.97,158.9,73,7.15,12.1,6,3.27,0,False,535.4,294,46.4,0.4712,3.3944444444444444,2.1767123287671235,2.0166666666666666,0.11001120657452372,0.5706014194994397,0.29678744863653345,0.022599925289503175,False,False,False,False,0.1699490662139219,0.08500818330605564,0.04499685336689742,0.2702479338842975,True,False,False,True
153,1,0,0,0,228.9,102,38.91,160.7,136,13.66,203.1,109,9.14,12.5,2,3.38,0,False,605.2,349,65.08999999999999,2.2441176470588236,1.1816176470588236,1.863302752293578,6.25,0.3782220753469927,0.2655320555188367,0.3355915399867812,0.02065432914738929,False,False,False,False,0.16998689384010482,0.08500311138767891,0.04500246184145741,0.2704,False,True,False,True
97,0,0,1,32,90.0,87,15.3,276.3,113,23.49,185.2,107,8.33,8.6,6,2.32,2,True,560.1,313,49.44,1.0344827586206897,2.445132743362832,1.730841121495327,1.4333333333333333,0.16068559185859668,0.4933047670058918,0.33065524013569003,0.015354400999821459,False,False,False,False,0.17,0.08501628664495113,0.04497840172786177,0.2697674418604651,True,False,False,True
115,0,0,0,0,146.7,128,24.94,106.2,74,9.03,197.7,104,8.9,11.1,4,3.0,2,False,461.7,310,45.87,1.14609375,1.4351351351351351,1.9009615384615384,2.775,0.31773879142300193,0.23001949317738793,0.4282001299545159,0.024041585445094216,False,False,False,False,0.17000681663258352,0.08502824858757062,0.04501770359129995,0.2702702702702703,False,True,False,True
17,1,1,0,0,162.8,118,27.68,229.6,91,19.52,332.7,94,14.97,13.6,3,3.67,0,True,738.6999999999999,306,65.84,1.3796610169491526,2.523076923076923,3.5393617021276595,4.533333333333333,0.22038716664410454,0.3108162989034791,0.4503858129145797,0.018410721537836742,False,False,False,True,0.17002457002457,0.08501742160278745,0.044995491433724076,0.2698529411764706,False,True,True,False
105,1,0,1,20,186.9,114,31.77,256.3,91,21.79,334.7,104,15.06,8.9,2,2.4,1,False,786.8000000000001,311,71.02000000000001,1.6394736842105264,2.8164835164835167,3.2182692307692307,4.45,0.2375444839857651,0.3257498729028978,0.42539400101677677,0.011311642094560244,False,False,False,False,0.169983948635634,0.08501755754974638,0.04499551837466388,0.2696629213483146,True,False,False,True
121,1,0,0,0,86.1,100,14.64,259.8,113,22.08,148.0,79,6.66,9.1,9,2.46,2,False,503.0,301,45.839999999999996,0.861,2.2991150442477877,1.8734177215189873,1.011111111111111,0.17117296222664014,0.5165009940357853,0.294234592445328,0.01809145129224652,False,False,False,False,0.17003484320557494,0.08498845265588914,0.045,0.2703296703296703,False,True,False,True
125,0,0,0,0,212.3,89,36.09,215.4,127,18.31,186.8,73,8.41,11.3,2,3.05,2,False,625.8,291,65.86,2.3853932584269666,1.6960629921259842,2.5589041095890415,5.65,0.3392457654202621,0.3441994247363375,0.29849792265899655,0.018056887184403965,False,False,False,False,0.16999528968440886,0.08500464252553389,0.04502141327623126,0.26991150442477874,False,True,False,True
124,1,0,0,0,151.0,98,25.67,120.6,119,10.25,152.8,81,6.88,9.2,2,2.48,2,False,433.6,300,45.28,1.5408163265306123,1.0134453781512605,1.88641975308642,4.6,0.3482472324723247,0.27813653136531363,0.35239852398523985,0.02121771217712177,False,False,False,False,0.17,0.08499170812603649,0.0450261780104712,0.26956521739130435,False,True,False,True
123,2,0,1,32,212.3,77,36.09,251.5,78,21.38,208.7,85,9.39,6.6,2,1.78,3,False,679.1,242,68.64,2.757142857142857,3.2243589743589745,2.4552941176470586,3.3,0.3126196436460021,0.3703431011633044,0.30731850979237224,0.009718745398321307,False,False,False,False,0.16999528968440886,0.08500994035785288,0.044992812649736466,0.2696969696969697,True,False,False,True
124,1,0,0,0,234.4,61,39.85,179.3,111,15.24,285.5,117,12.85,10.4,6,2.81,3,False,709.6,295,70.75,3.8426229508196723,1.6153153153153155,2.4401709401709404,1.7333333333333334,0.33032694475760993,0.25267756482525366,0.4023393461104848,0.014656144306651634,False,False,False,False,0.17000853242320818,0.08499721137757947,0.04500875656742557,0.2701923076923077,False,True,False,True
133,2,0,0,0,176.8,92,30.06,187.5,97,15.94,196.8,88,8.86,6.5,3,1.76,2,False,567.6,280,56.62,1.9217391304347828,1.9329896907216495,2.2363636363636363,2.1666666666666665,0.31148696264975334,0.330338266384778,0.346723044397463,0.011451726568005638,False,False,False,False,0.17002262443438912,0.08501333333333333,0.045020325203252026,0.27076923076923076,False,True,False,True
1,1,0,1,26,146.6,68,24.92,172.8,67,14.69,173.8,113,7.82,10.0,2,2.7,1,False,503.2,250,50.13,2.1558823529411764,2.5791044776119403,1.5380530973451327,5.0,0.29133545310015896,0.34340222575516693,0.34538950715421307,0.01987281399046105,False,False,False,False,0.16998635743519783,0.08501157407407406,0.044994246260069044,0.27,True,False,True,False
107,1,0,0,0,260.5,108,44.29,102.4,110,8.7,129.7,148,5.84,9.8,5,2.65,1,False,502.4,371,61.48,2.412037037037037,0.9309090909090909,0.8763513513513512,1.9600000000000002,0.5185111464968153,0.20382165605095542,0.2581608280254777,0.019506369426751595,False,False,False,False,0.17001919385796546,0.08496093749999999,0.04502698535080956,0.2704081632653061,False,True,False,True
91,1,0,1,20,146.1,98,24.84,277.4,104,23.58,137.7,100,6.2,6.2,3,1.67,1,False,567.4000000000001,305,56.290000000000006,1.4908163265306122,2.667307692307692,1.3769999999999998,2.066666666666667,0.2574903066619668,0.4888967218893196,0.2426859358477264,0.010927035600986956,False,False,False,False,0.1700205338809035,0.08500360490266763,0.04502541757443719,0.2693548387096774,True,False,False,True
178,0,1,0,0,124.5,134,21.17,141.2,78,12.0,268.2,113,12.07,11.4,2,3.08,2,True,545.3,327,48.32,0.9291044776119403,1.81025641025641,2.3734513274336284,5.7,0.22831468916192924,0.25894003300935264,0.4918393544837704,0.020905923344947737,False,False,False,True,0.1700401606425703,0.08498583569405099,0.045003728560775544,0.27017543859649124,False,True,False,True
123,1,0,0,0,209.4,49,35.6,237.4,117,20.18,239.2,98,10.76,9.8,11,2.65,1,False,695.8,275,69.19000000000001,4.273469387755102,2.029059829059829,2.440816326530612,0.890909090909091,0.3009485484334579,0.3411899971256108,0.3437769473986778,0.014084507042253523,False,False,False,False,0.17000955109837632,0.08500421229991575,0.04498327759197324,0.2704081632653061,False,True,False,True
170,1,0,0,0,285.7,44,48.57,167.5,144,14.24,260.0,97,11.7,8.7,4,2.35,1,True,721.9000000000001,289,76.86,6.493181818181818,1.1631944444444444,2.6804123711340204,2.175,0.39576118575980046,0.2320265964815071,0.3601606870757722,0.012051530682920069,False,False,False,False,0.17000350017500876,0.08501492537313433,0.045,0.2701149425287357,False,True,False,True
135,1,0,0,0,190.9,44,32.45,161.4,109,13.72,231.9,100,10.44,8.4,2,2.27,1,False,592.6,255,58.88,4.338636363636364,1.4807339449541286,2.319,4.2,0.32213972325345935,0.2723590955113061,0.3913263584205197,0.014174822814714817,False,False,False,False,0.16998428496595078,0.08500619578686493,0.045019404915912026,0.2702380952380952,False,True,False,True
134,1,0,1,50,208.8,130,35.5,132.9,104,11.3,136.7,107,6.15,11.1,4,3.0,2,False,489.50000000000006,345,55.949999999999996,1.6061538461538463,1.2778846153846155,1.277570093457944,2.775,0.42655771195097036,0.27150153217568945,0.27926455566905,0.02267620020429009,False,False,False,False,0.1700191570881226,0.08502633559066967,0.04498902706656913,0.2702702702702703,True,False,False,True
93,1,0,0,0,271.1,101,46.09,237.4,133,20.18,145.4,103,6.54,8.4,6,2.27,1,True,662.3,343,75.08000000000001,2.6841584158415843,1.7849624060150375,1.4116504854368932,1.4000000000000001,0.40933111882832557,0.35844783330816854,0.2195379737279179,0.012683074135588104,False,False,False,False,0.1700110660272962,0.08500421229991575,0.04497936726272352,0.2702380952380952,False,True,False,True
138,1,0,0,0,240.8,104,40.94,144.5,92,12.28,125.7,98,5.66,11.6,1,3.13,0,False,522.6,295,62.01,2.3153846153846156,1.5706521739130435,1.2826530612244897,11.6,0.46077305778798316,0.2765021048603138,0.24052812858783007,0.02219670876387294,False,False,False,False,0.17001661129568105,0.0849826989619377,0.04502784407319013,0.26982758620689656,False,True,False,True
159,2,0,0,0,114.8,98,19.52,192.6,101,16.37,259.0,108,11.66,12.2,5,3.29,0,False,578.6,312,50.839999999999996,1.1714285714285715,1.9069306930693068,2.3981481481481484,2.44,0.19840995506394746,0.3328724507431732,0.44763221569305217,0.021085378499827168,False,False,False,False,0.1700348432055749,0.08499480789200416,0.04501930501930502,0.269672131147541,False,True,False,True
103,1,0,1,34,138.8,80,23.6,142.0,108,12.07,183.8,77,8.27,11.8,7,3.19,1,False,476.40000000000003,272,47.129999999999995,1.735,1.3148148148148149,2.3870129870129873,1.6857142857142857,0.29135180520570947,0.2980688497061293,0.38581024349286314,0.02476910159529807,False,False,False,False,0.17002881844380402,0.085,0.04499455930359086,0.2703389830508474,True,False,False,True
150,0,0,1,27,209.8,112,35.67,155.0,80,13.18,251.5,111,11.32,7.2,6,1.94,0,False,623.5,309,62.11,1.8732142857142857,1.9375,2.265765765765766,1.2,0.3364875701684042,0.24859663191659984,0.4033680834001604,0.011547714514835605,False,False,False,False,0.1700190657769304,0.08503225806451613,0.045009940357852884,0.26944444444444443,True,False,False,True
37,0,0,0,0,134.9,98,22.93,248.4,130,21.11,236.2,113,10.63,14.7,2,3.97,3,False,634.2,343,58.64,1.376530612244898,1.9107692307692308,2.090265486725664,7.35,0.21270892462945443,0.39167455061494794,0.3724377168085777,0.023178807947019864,False,False,False,False,0.16997776130467013,0.08498389694041868,0.045004233700254026,0.27006802721088435,False,True,False,True
33,1,1,0,0,164.0,99,27.88,153.1,102,13.01,123.8,104,5.57,6.4,4,1.73,0,False,447.3,309,48.19,1.6565656565656566,1.5009803921568627,1.1903846153846154,1.6,0.36664431030628214,0.34227587748714505,0.27677174156047396,0.014308070646098816,False,False,False,True,0.16999999999999998,0.08497713912475506,0.044991922455573506,0.27031249999999996,False,True,False,True
55,1,0,0,0,245.5,130,41.74,192.7,54,16.38,141.7,83,6.38,9.1,4,2.46,1,False,589.0,271,66.96,1.8884615384615384,3.5685185185185184,1.7072289156626506,2.275,0.4168081494057725,0.32716468590831915,0.24057724957555177,0.015449915110356536,False,False,False,False,0.170020366598778,0.08500259470679813,0.04502470007057163,0.2703296703296703,False,True,False,True
107,0,0,0,0,90.7,90,15.42,207.5,109,17.64,169.4,96,7.62,5.6,5,1.51,2,False,473.20000000000005,300,42.19,1.0077777777777779,1.9036697247706422,1.7645833333333334,1.1199999999999999,0.19167371090448013,0.43850380388841925,0.35798816568047337,0.011834319526627217,False,False,False,False,0.17001102535832413,0.08501204819277108,0.04498229043683589,0.2696428571428572,False,True,False,True
78,0,0,0,0,108.6,108,18.46,209.9,126,17.84,222.6,117,10.02,7.9,5,2.13,1,True,549.0,356,48.449999999999996,1.0055555555555555,1.665873015873016,1.9025641025641025,1.58,0.19781420765027322,0.3823315118397086,0.4054644808743169,0.014389799635701276,False,False,False,False,0.1699815837937385,0.08499285373987613,0.04501347708894879,0.26962025316455696,False,True,False,True
85,0,0,1,17,89.8,88,15.27,233.2,75,19.82,165.7,116,7.46,9.3,7,2.51,4,True,498.0,286,45.06,1.0204545454545455,3.1093333333333333,1.428448275862069,1.3285714285714287,0.18032128514056225,0.4682730923694779,0.3327309236947791,0.018674698795180723,False,False,False,False,0.1700445434298441,0.08499142367066896,0.04502112251056126,0.2698924731182795,True,False,False,True
61,1,0,1,15,252.4,106,42.91,187.8,69,15.96,259.6,137,11.68,10.0,3,2.7,2,False,709.8000000000001,315,73.25,2.3811320754716983,2.721739130434783,1.8948905109489054,3.3333333333333335,0.35559312482389405,0.26458157227387996,0.36573682727528883,0.014088475626937163,False,False,False,False,0.1700079239302694,0.08498402555910543,0.04499229583975346,0.27,True,False,False,True
97,1,0,1,32,183.4,94,31.18,269.1,120,22.87,203.5,38,9.16,6.7,4,1.81,5,False,662.7,256,65.02,1.951063829787234,2.2425,5.355263157894737,1.675,0.2767466425230119,0.4060660932548665,0.3070771087973442,0.010110155424777426,True,False,True,False,0.17001090512540892,0.08498699368264585,0.04501228501228501,0.2701492537313433,True,False,False,True
136,0,1,0,0,183.4,103,31.18,141.9,113,12.06,200.4,122,9.02,10.4,9,2.81,2,False,536.1,347,55.07000000000001,1.7805825242718447,1.2557522123893805,1.6426229508196721,1.1555555555555557,0.3421003544114904,0.2646894236149972,0.3738108561835478,0.019399365789964557,False,False,False,True,0.17001090512540892,0.08498942917547568,0.045009980039920156,0.2701923076923077,False,True,False,True
135,0,0,0,0,155.2,100,26.38,135.9,84,11.55,184.6,82,8.31,3.8,9,1.03,3,False,479.50000000000006,275,47.27,1.5519999999999998,1.6178571428571429,2.2512195121951217,0.4222222222222222,0.3236704900938477,0.28342022940563083,0.3849843587069864,0.00792492179353493,False,False,False,False,0.16997422680412372,0.08498896247240618,0.04501625135427953,0.2710526315789474,False,True,False,True
87,1,0,1,19,165.8,122,28.19,186.9,89,15.89,249.7,78,11.24,0.0,0,0.0,1,False,602.4000000000001,289,55.32,1.3590163934426231,2.1,3.201282051282051,0.0,0.2752324037184595,0.31025896414342624,0.4145086321381141,0.0,False,False,False,False,0.17002412545235224,0.0850187265917603,0.04501401682018422,0.0,True,False,False,True
148,1,0,0,0,279.3,104,47.48,201.6,87,17.14,280.8,99,12.64,7.9,2,2.13,2,True,769.6,292,79.39,2.685576923076923,2.3172413793103446,2.8363636363636364,3.95,0.3629158004158004,0.2619542619542619,0.36486486486486486,0.010265072765072766,False,False,False,False,0.16999641962047976,0.08501984126984127,0.045014245014245016,0.26962025316455696,False,True,False,True
99,1,0,0,0,174.1,102,29.6,99.1,118,8.42,211.6,126,9.52,7.7,2,2.08,2,False,492.49999999999994,348,49.620000000000005,1.7068627450980391,0.8398305084745762,1.6793650793650794,3.85,0.353502538071066,0.20121827411167514,0.42964467005076146,0.015634517766497463,False,False,False,False,0.17001723147616313,0.08496468213925329,0.04499054820415879,0.2701298701298701,False,True,False,True
123,1,0,0,0,175.7,78,29.87,184.6,96,15.69,156.9,92,7.06,9.1,2,2.46,2,False,526.3,268,55.080000000000005,2.2525641025641026,1.9229166666666666,1.7054347826086957,4.55,0.33384001520045603,0.3507505225156755,0.2981189435683071,0.01729051871556147,False,False,False,False,0.17000569151963577,0.08499458288190682,0.044996813256851495,0.2703296703296703,False,True,False,True
127,1,1,0,0,256.5,87,43.61,222.1,101,18.88,156.7,122,7.05,13.0,3,3.51,1,False,648.3,313,73.05,2.9482758620689653,2.1990099009900987,1.2844262295081967,4.333333333333333,0.39565016196205466,0.34258830788215333,0.24170908530001542,0.020052444855776647,False,False,False,True,0.1700194931773879,0.085006753714543,0.04499042756860243,0.26999999999999996,False,True,False,True
151,1,0,0,0,170.2,89,28.93,187.5,83,15.94,119.5,100,5.38,4.3,3,1.16,0,False,481.5,275,51.41,1.9123595505617976,2.2590361445783134,1.195,1.4333333333333333,0.353478712357217,0.3894080996884735,0.2481827622014538,0.008930425752855659,False,False,False,False,0.16997649823736782,0.08501333333333333,0.04502092050209205,0.2697674418604651,False,True,False,True
185,0,0,0,0,139.6,92,23.73,250.2,115,21.27,158.1,79,7.11,10.8,4,2.92,1,False,558.6999999999999,290,55.03,1.517391304347826,2.1756521739130434,2.00126582278481,2.7,0.24986575979953465,0.4478253087524611,0.28297834258099164,0.01933058886701271,False,False,False,False,0.16998567335243553,0.08501199040767386,0.04497153700189754,0.27037037037037037,False,True,False,True
58,2,0,0,0,210.1,126,35.72,248.9,108,21.16,158.6,88,7.14,14.4,2,3.89,4,False,632.0,324,67.91,1.6674603174603173,2.3046296296296296,1.8022727272727272,7.2,0.3324367088607595,0.3938291139240506,0.2509493670886076,0.02278481012658228,False,False,False,False,0.17001427891480247,0.08501406187223784,0.045018915510718786,0.2701388888888889,False,True,False,True
58,0,0,0,0,174.4,112,29.65,265.8,122,22.59,182.4,87,8.21,0.0,0,0.0,4,False,622.6,321,60.449999999999996,1.5571428571428572,2.178688524590164,2.0965517241379312,0.0,0.28011564407324124,0.4269193703822679,0.29296498554449085,0.0,False,False,False,False,0.17001146788990823,0.08498871331828442,0.0450109649122807,0.0,False,True,False,True
108,1,0,0,0,210.6,117,35.8,164.2,103,13.96,201.4,68,9.06,9.4,5,2.54,0,False,585.5999999999999,293,61.36,1.8,1.5941747572815532,2.961764705882353,1.8800000000000001,0.35963114754098363,0.280396174863388,0.3439207650273225,0.016051912568306015,False,False,False,False,0.16999050332383664,0.08501827040194886,0.04498510427010924,0.2702127659574468,False,True,False,True
132,2,0,0,0,121.5,88,20.66,253.0,124,21.51,195.7,120,8.81,10.7,4,2.89,1,False,580.9000000000001,336,53.870000000000005,1.3806818181818181,2.0403225806451615,1.6308333333333331,2.675,0.209158202788776,0.43553107247374756,0.336891031158547,0.018419693578929242,False,False,False,False,0.1700411522633745,0.0850197628458498,0.045017884517118044,0.27009345794392525,False,True,False,True
80,1,0,0,0,127.8,67,21.73,181.6,112,15.44,197.3,63,8.88,15.9,2,4.29,2,False,522.6,244,50.34,1.9074626865671642,1.6214285714285714,3.1317460317460317,7.95,0.24454649827784156,0.34749330271718326,0.37753539992345964,0.030424799081515498,False,False,False,False,0.17003129890453836,0.08502202643171806,0.04500760263558034,0.269811320754717,False,True,False,True
110,2,0,0,0,99.4,62,16.9,275.0,86,23.38,212.1,94,9.54,16.7,3,4.51,2,False,603.2,245,54.33,1.603225806451613,3.197674418604651,2.256382978723404,5.566666666666666,0.16478779840848806,0.4559018567639257,0.3516246684350132,0.027685676392572942,False,False,False,False,0.17002012072434605,0.08501818181818181,0.044978783592644976,0.27005988023952093,False,True,False,True
168,0,0,0,0,163.4,134,27.78,240.1,87,20.41,164.0,147,7.38,11.6,2,3.13,2,True,579.1,370,58.7,1.2194029850746269,2.759770114942529,1.1156462585034013,5.8,0.28216197547919186,0.4146088758418235,0.28319806596442754,0.02003108271455707,False,False,False,False,0.17001223990208078,0.08500624739691795,0.045,0.26982758620689656,False,True,False,True
125,0,0,1,23,120.5,104,20.49,227.8,115,19.36,158.5,100,7.13,10.2,3,2.75,1,False,517.0,322,49.73,1.1586538461538463,1.9808695652173913,1.585,3.4,0.2330754352030948,0.4406189555125726,0.3065764023210832,0.019729206963249514,False,False,False,False,0.17004149377593358,0.08498683055311676,0.044984227129337535,0.26960784313725494,True,False,False,True
170,2,0,0,0,184.1,106,31.3,204.9,70,17.42,224.3,133,10.09,9.8,3,2.65,2,False,623.0999999999999,312,61.46,1.7367924528301886,2.927142857142857,1.686466165413534,3.266666666666667,0.2954581929064356,0.3288396726047184,0.3599743219386937,0.015727812550152466,False,False,False,False,0.17001629549158068,0.08501708150317229,0.04498439589835042,0.2704081632653061,False,True,False,True
71,2,0,0,0,185.0,84,31.45,232.5,129,19.76,191.1,82,8.6,14.9,4,4.02,3,False,623.5,299,63.83,2.2023809523809526,1.802325581395349,2.330487804878049,3.725,0.2967121090617482,0.37289494787489974,0.30649558941459504,0.023897353648757017,False,False,False,False,0.16999999999999998,0.08498924731182797,0.04500261643118786,0.2697986577181208,False,True,False,True
124,1,0,0,0,160.9,109,27.35,144.2,152,12.26,120.4,97,5.42,12.9,12,3.48,1,False,438.4,370,48.51,1.4761467889908257,0.9486842105263157,1.2412371134020619,1.075,0.36701642335766427,0.3289233576642336,0.2746350364963504,0.029425182481751827,False,False,False,False,0.16998135487880672,0.08502080443828017,0.04501661129568106,0.2697674418604651,False,True,False,True
68,1,0,0,0,207.6,68,35.29,251.6,123,21.39,191.6,100,8.62,10.9,6,2.94,2,False,661.6999999999999,297,68.24,3.052941176470588,2.0455284552845527,1.916,1.8166666666666667,0.31373734320689134,0.3802327338673115,0.28955720114855676,0.016472721777240445,False,False,False,False,0.169990366088632,0.08501589825119238,0.044989561586638825,0.2697247706422018,False,True,False,True
97,1,0,0,0,209.2,134,35.56,0.0,0,0.0,175.4,94,7.89,11.8,6,3.19,1,False,396.40000000000003,234,46.64,1.5611940298507463,0.0,1.8659574468085107,1.9666666666666668,0.5277497477295661,0.0,0.44248234106962664,0.029767911200807264,False,False,False,False,0.16998087954110902,0.0,0.04498289623717217,0.2703389830508474,False,True,False,True
98,2,1,0,0,158.4,71,26.93,306.6,66,26.06,144.2,93,6.49,2.1,4,0.57,1,False,611.3000000000001,234,60.05,2.230985915492958,4.6454545454545455,1.550537634408602,0.525,0.25911990839195154,0.5015540651071487,0.23589072468509728,0.0034353018158023883,False,False,False,True,0.17001262626262625,0.08499673842139595,0.04500693481276006,0.2714285714285714,False,True,False,True
24,0,0,0,0,149.0,73,25.33,131.0,81,11.14,238.6,69,10.74,8.6,3,2.32,2,True,527.2,226,49.53,2.041095890410959,1.617283950617284,3.4579710144927533,2.8666666666666667,0.2826251896813353,0.24848254931714717,0.4525796661608497,0.016312594840667678,False,False,False,False,0.16999999999999998,0.0850381679389313,0.04501257334450964,0.2697674418604651,False,True,True,False
136,2,0,0,0,204.5,63,34.77,208.8,95,17.75,224.0,119,10.08,9.8,2,2.65,0,False,647.0999999999999,279,65.25,3.246031746031746,2.1978947368421053,1.8823529411764706,4.9,0.31602534384175557,0.3226703755215578,0.3461597898315562,0.015144490805130586,False,False,False,False,0.17002444987775062,0.0850095785440613,0.045,0.2704081632653061,False,True,False,True
44,0,0,0,0,288.8,86,49.1,175.9,87,14.95,215.4,106,9.69,9.5,2,2.57,0,True,689.6,281,76.30999999999999,3.358139534883721,2.0218390804597703,2.0320754716981133,4.75,0.41879350348027844,0.2550754060324826,0.31235498839907194,0.013776102088167054,False,False,False,False,0.17001385041551245,0.08499147242751563,0.044986072423398325,0.27052631578947367,False,True,False,True
96,1,0,1,40,108.6,90,18.46,206.4,154,17.54,126.3,118,5.68,13.4,4,3.62,0,False,454.7,366,45.3,1.2066666666666666,1.3402597402597403,1.0703389830508474,3.35,0.23883879480976467,0.45392566527380696,0.2777655597096987,0.029469980206729713,False,False,False,False,0.1699815837937385,0.08498062015503875,0.044972288202692,0.2701492537313433,True,False,False,True
24,1,0,0,0,156.2,104,26.55,90.0,101,7.65,205.1,116,9.23,7.3,5,1.97,1,False,458.59999999999997,326,45.400000000000006,1.501923076923077,0.8910891089108911,1.768103448275862,1.46,0.3406018316615787,0.1962494548626254,0.44723070213693855,0.015918011338857393,False,False,False,False,0.16997439180537774,0.085,0.045002437835202344,0.26986301369863014,False,True,True,False
112,1,0,1,31,225.2,89,38.28,256.8,117,21.83,249.7,87,11.24,11.5,1,3.11,4,False,743.2,294,74.46,2.5303370786516854,2.194871794871795,2.8701149425287356,11.5,0.3030139935414424,0.3455328310010764,0.33597954790096873,0.015473627556512378,False,False,False,False,0.1699822380106572,0.08500778816199375,0.04501401682018422,0.27043478260869563,True,False,False,True
117,1,1,0,0,287.4,118,48.86,259.6,84,22.07,153.2,86,6.89,10.0,3,2.7,1,True,710.2,291,80.52000000000001,2.435593220338983,3.0904761904761906,1.7813953488372092,3.3333333333333335,0.4046747395099971,0.36553083638411715,0.21571388341312303,0.014080540692762602,False,False,False,True,0.1700069589422408,0.08501540832049306,0.04497389033942559,0.27,False,True,False,True
137,1,0,1,19,175.3,96,29.8,241.3,146,20.51,211.4,109,9.51,7.8,2,2.11,0,False,635.8,353,61.93,1.8260416666666668,1.6527397260273973,1.9394495412844037,3.9,0.2757156338471218,0.3795218622208242,0.33249449512425294,0.012268008807801196,False,False,False,False,0.1699942954934398,0.08499792789059263,0.04498580889309366,0.2705128205128205,True,False,False,True
95,1,0,0,0,157.9,103,26.84,259.6,90,22.07,230.0,117,10.35,14.0,2,3.78,0,False,661.5,312,63.04,1.5330097087378642,2.8844444444444446,1.9658119658119657,7.0,0.23869992441421015,0.3924414210128496,0.3476946334089191,0.021164021164021163,False,False,False,False,0.16998100063331223,0.08501540832049306,0.045,0.26999999999999996,False,True,False,True
145,1,0,0,0,245.8,116,41.79,286.7,91,24.37,240.7,115,10.83,9.0,13,2.43,1,True,782.2,335,79.42,2.1189655172413793,3.1505494505494505,2.0930434782608693,0.6923076923076923,0.3142418818716441,0.366530299156226,0.30772181027870105,0.01150600869342879,False,False,False,False,0.17001627339300243,0.08500174398325777,0.04499376817615289,0.27,False,True,False,True
56,1,1,0,0,177.7,114,30.21,215.6,110,18.33,236.7,67,10.65,10.5,5,2.84,1,False,640.5,296,62.03,1.5587719298245613,1.96,3.532835820895522,2.1,0.27743950039032006,0.3366120218579235,0.3695550351288056,0.01639344262295082,False,False,False,True,0.17000562746201464,0.08501855287569572,0.0449936628643853,0.2704761904761905,False,True,False,True
133,0,0,0,0,117.8,100,20.03,199.2,105,16.93,244.1,119,10.98,11.8,4,3.19,0,True,572.9,328,51.129999999999995,1.178,1.897142857142857,2.0512605042016805,2.95,0.20562052714260778,0.3477046604992145,0.4260778495374411,0.020596962820736604,False,False,False,False,0.1700339558573854,0.08498995983935743,0.04498156493240475,0.2703389830508474,False,True,False,True
53,1,0,0,0,119.7,113,20.35,189.7,84,16.12,256.2,108,11.53,12.9,7,3.48,2,False,578.4999999999999,312,51.48,1.05929203539823,2.2583333333333333,2.3722222222222222,1.842857142857143,0.20691443388072606,0.3279170267934313,0.44286949006050136,0.022299049265341406,False,False,False,False,0.17000835421888055,0.08497627833421192,0.045003903200624515,0.2697674418604651,False,True,False,True
123,1,0,0,0,242.2,87,41.17,226.1,101,19.22,268.6,121,12.09,8.2,3,2.21,5,True,745.1,312,74.69,2.7839080459770114,2.2386138613861384,2.2198347107438017,2.733333333333333,0.3250570393235807,0.30344920144946985,0.3604885250301973,0.011005234196752112,True,False,True,False,0.16998348472336913,0.08500663423264042,0.04501116902457185,0.26951219512195124,False,True,False,True
62,0,0,0,0,128.7,111,21.88,169.5,104,14.41,193.6,97,8.71,10.3,5,2.78,1,False,502.09999999999997,317,47.78,1.1594594594594594,1.6298076923076923,1.9958762886597938,2.06,0.25632344154550885,0.33758215494921334,0.3855805616411074,0.020513841864170487,False,False,False,False,0.17000777000777,0.08501474926253687,0.04498966942148761,0.2699029126213592,False,True,False,True
55,1,0,1,20,207.7,91,35.31,199.7,113,16.97,216.5,110,9.74,7.3,1,1.97,1,False,631.1999999999999,315,63.99,2.2824175824175823,1.7672566371681415,1.9681818181818183,7.3,0.3290557667934094,0.3163814955640051,0.34299746514575413,0.011565272496831433,False,False,False,False,0.17000481463649497,0.08497746619929895,0.04498845265588915,0.26986301369863014,True,False,False,True
125,1,0,0,0,233.3,65,39.66,209.8,93,17.83,210.6,109,9.48,9.1,4,2.46,1,False,662.8000000000001,271,69.42999999999999,3.5892307692307694,2.2559139784946236,1.9321100917431193,2.275,0.3519915509957755,0.31653590826795414,0.3177429088714544,0.01372963186481593,False,False,False,False,0.1699957136733819,0.08498570066730218,0.045014245014245016,0.2703296703296703,False,True,False,True
1,1,0,0,0,182.1,106,30.96,134.9,106,11.47,152.3,75,6.85,10.0,3,2.7,5,True,479.3,290,51.980000000000004,1.7179245283018867,1.2726415094339623,2.030666666666667,3.3333333333333335,0.3799290632171917,0.28145211767160444,0.317755059461715,0.020863759649488837,True,False,True,False,0.1700164744645799,0.08502594514455152,0.044977019041365716,0.27,False,True,True,False
98,1,0,1,36,168.0,81,28.56,163.2,125,13.87,172.7,120,7.77,8.0,2,2.16,6,True,511.9,328,52.36,2.074074074074074,1.3055999999999999,1.4391666666666665,4.0,0.3281890994334831,0.31881226802109786,0.3373705801914436,0.015628052353975387,True,False,False,False,0.16999999999999998,0.08498774509803922,0.04499131441806601,0.27,True,False,False,True
105,1,0,0,0,251.6,88,42.77,175.1,103,14.88,184.4,112,8.3,5.4,5,1.46,1,False,616.5,308,67.41,2.859090909090909,1.7,1.6464285714285716,1.08,0.408110300081103,0.28402270884022707,0.29910786699107866,0.008759124087591242,False,False,False,False,0.16999205087440383,0.08498001142204455,0.04501084598698482,0.27037037037037037,False,True,False,True
99,0,0,0,0,256.4,44,43.59,214.5,105,18.23,233.7,75,10.52,7.9,1,2.13,3,True,712.4999999999999,225,74.47,5.827272727272727,2.0428571428571427,3.1159999999999997,7.9,0.35985964912280705,0.3010526315789474,0.328,0.011087719298245617,False,False,False,False,0.1700078003120125,0.084988344988345,0.04501497646555413,0.26962025316455696,False,True,False,True
177,0,0,0,0,227.8,81,38.73,161.8,97,13.75,217.0,106,9.76,8.0,5,2.16,1,False,614.6,289,64.39999999999999,2.812345679012346,1.6680412371134021,2.047169811320755,1.6,0.37064757565896517,0.2632606573381061,0.3530751708428246,0.013016596160104133,False,False,False,False,0.17001755926251094,0.0849814585908529,0.04497695852534562,0.27,False,True,False,True
160,1,0,0,0,234.9,136,39.93,270.8,134,23.02,219.3,101,9.87,13.9,2,3.75,1,True,738.9,373,76.57000000000001,1.7272058823529413,2.02089552238806,2.1712871287128714,6.95,0.31790499390986604,0.3664907294627149,0.2967925294356476,0.018811747191771554,False,False,False,False,0.16998722860791826,0.08500738552437223,0.04500683994528043,0.2697841726618705,False,True,False,True
90,1,0,1,22,124.5,94,21.17,231.7,90,19.69,222.2,108,10.0,6.4,12,1.73,1,False,584.8,304,52.589999999999996,1.324468085106383,2.5744444444444445,2.0574074074074074,0.5333333333333333,0.21289329685362518,0.3962038303693571,0.3799589603283174,0.010943912448700412,False,False,False,False,0.1700401606425703,0.08498057833405266,0.045004500450045004,0.27031249999999996,True,False,False,True
148,1,1,0,0,233.5,81,39.7,187.7,71,15.95,122.3,97,5.5,9.6,2,2.59,0,True,553.1,251,63.74000000000001,2.882716049382716,2.6436619718309857,1.2608247422680412,4.8,0.4221659736033267,0.33935997107213883,0.22111733863677452,0.0173567166877599,False,False,False,True,0.17002141327623127,0.08497602557272244,0.044971381847914965,0.26979166666666665,False,True,False,True
147,1,0,1,35,197.3,134,33.54,141.1,99,11.99,212.1,90,9.54,10.1,4,2.73,2,True,560.6,327,57.8,1.4723880597014927,1.4252525252525252,2.3566666666666665,2.525,0.351944345344274,0.2516946129147342,0.37834463075276487,0.0180164109882269,False,False,False,False,0.16999493157627976,0.08497519489723601,0.044978783592644976,0.2702970297029703,True,False,False,True
80,1,0,0,0,151.5,89,25.76,131.7,78,11.19,235.3,131,10.59,11.8,4,3.19,0,False,530.3,302,50.730000000000004,1.702247191011236,1.6884615384615382,1.7961832061068703,2.95,0.2856873467848388,0.2483499905713747,0.44371110692061105,0.022251555723175564,False,False,False,False,0.17003300330033005,0.08496583143507973,0.045006374840628985,0.2703389830508474,False,True,False,True
122,1,1,0,0,146.3,117,24.87,218.7,93,18.59,236.0,97,10.62,11.5,5,3.11,1,False,612.5,312,57.19,1.2504273504273504,2.3516129032258064,2.4329896907216493,2.3,0.23885714285714288,0.3570612244897959,0.3853061224489796,0.018775510204081632,False,False,False,True,0.16999316473000683,0.08500228623685414,0.045,0.27043478260869563,False,True,False,True
132,0,0,0,0,195.1,100,33.17,148.8,95,12.65,224.5,117,10.1,6.7,2,1.81,0,False,575.1,314,57.730000000000004,1.9509999999999998,1.5663157894736843,1.9188034188034189,3.35,0.33924534863502,0.2587376108502869,0.3903668927143105,0.011650147800382543,False,False,False,False,0.17001537672988212,0.08501344086021505,0.04498886414253898,0.2701492537313433,False,True,False,True
83,2,0,0,0,208.9,71,35.51,214.8,92,18.26,247.9,108,11.16,13.0,5,3.51,1,False,684.6,276,68.44,2.942253521126761,2.3347826086956522,2.2953703703703705,2.6,0.3051416885772714,0.3137598597721297,0.362109260882267,0.018989190768331873,False,False,False,False,0.16998563906175201,0.08500931098696463,0.04501815248083905,0.26999999999999996,False,True,False,True
99,0,0,0,0,135.7,107,23.07,208.4,103,17.71,209.0,95,9.4,8.8,3,2.38,7,True,561.9,308,52.56,1.2682242990654204,2.0233009708737866,2.2,2.9333333333333336,0.2415020466275138,0.37088449902117815,0.37195230468054813,0.015661149670759923,True,False,False,False,0.17000736919675757,0.08498080614203456,0.044976076555023926,0.27045454545454545,False,True,False,True
84,1,0,0,0,225.9,86,38.4,275.6,105,23.43,201.4,108,9.06,14.3,3,3.86,3,True,717.1999999999999,302,74.75,2.6267441860465115,2.624761904761905,1.864814814814815,4.766666666666667,0.3149749023982153,0.3842721695482432,0.28081427774679313,0.01993865030674847,False,False,False,False,0.1699867197875166,0.08501451378809868,0.04498510427010924,0.2699300699300699,False,True,False,True
46,1,0,0,0,122.2,67,20.77,167.2,62,14.21,194.8,98,8.77,9.7,6,2.62,1,False,493.9,233,46.37,1.8238805970149254,2.696774193548387,1.9877551020408164,1.6166666666666665,0.2474185057703989,0.33853006681514475,0.3944118242559223,0.019639603158534115,False,False,False,False,0.16996726677577742,0.08498803827751197,0.045020533880903484,0.2701030927835052,False,True,False,True
87,2,0,0,0,153.3,106,26.06,224.5,117,19.08,273.4,152,12.3,8.9,5,2.4,2,False,660.1,380,59.839999999999996,1.4462264150943398,1.9188034188034189,1.7986842105263157,1.78,0.23223753976670203,0.3400999848507802,0.414179669747008,0.013482805635509772,False,False,False,False,0.1699934768427919,0.08498886414253896,0.04498902706656913,0.2696629213483146,False,True,False,True
73,0,0,0,0,194.8,112,33.12,167.2,85,14.21,100.3,61,4.51,10.8,6,2.92,1,False,473.1,264,54.76,1.7392857142857143,1.9670588235294115,1.6442622950819672,1.8,0.41175227224688227,0.35341365461847385,0.21200591841048402,0.022828154724159798,False,False,False,False,0.17002053388090346,0.08498803827751197,0.04496510468594217,0.27037037037037037,False,True,False,True
7,1,0,0,0,206.7,87,35.14,281.1,83,23.89,158.5,77,7.13,11.0,5,2.97,3,False,657.3,252,69.13,2.375862068965517,3.3867469879518075,2.0584415584415585,2.2,0.3144682793245094,0.42765860337745326,0.24113798874182263,0.01673512855621482,False,False,False,False,0.17000483792936624,0.08498754891497687,0.044984227129337535,0.27,False,True,True,False
89,1,0,1,12,188.0,105,31.96,151.3,107,12.86,201.9,132,9.09,10.5,3,2.84,2,False,551.7,347,56.75,1.7904761904761906,1.4140186915887851,1.5295454545454545,3.5,0.34076490846474533,0.2742432481421062,0.36595976073953235,0.019032082653616094,False,False,False,False,0.17,0.0849966953073364,0.0450222882615156,0.2704761904761905,True,False,False,True
131,0,1,0,0,122.3,83,20.79,118.8,94,10.1,147.9,95,6.66,13.7,3,3.7,3,True,402.7,275,41.25,1.4734939759036145,1.2638297872340425,1.556842105263158,4.566666666666666,0.30370002483238145,0.2950086913334989,0.3672709212813509,0.03402036255276881,False,False,False,True,0.16999182338511856,0.08501683501683502,0.04503042596348884,0.27007299270072993,False,True,False,True
105,1,0,0,0,259.3,96,44.08,175.2,97,14.89,222.4,36,10.01,12.0,5,3.24,3,False,668.9,234,72.22,2.701041666666667,1.806185567010309,6.177777777777778,2.4,0.3876513679174765,0.26192255942592313,0.33248617132605773,0.01793990133054268,False,False,False,False,0.16999614346317005,0.08498858447488586,0.04500899280575539,0.27,False,True,False,True
47,1,0,1,28,172.9,109,29.39,137.6,94,11.7,203.8,109,9.17,8.3,6,2.24,1,False,522.5999999999999,318,52.50000000000001,1.5862385321100918,1.4638297872340424,1.869724770642202,1.3833333333333335,0.33084577114427866,0.2632988901645618,0.3899732108687333,0.015882127822426335,False,False,False,False,0.16998264893001735,0.08502906976744186,0.04499509322865554,0.26987951807228916,True,False,False,True
161,0,0,0,0,196.6,73,33.42,170.2,79,14.47,194.3,79,8.74,12.5,3,3.38,1,False,573.5999999999999,234,60.010000000000005,2.6931506849315068,2.1544303797468354,2.459493670886076,4.166666666666667,0.342747559274756,0.2967224546722455,0.3387377963737797,0.021792189679218973,False,False,False,False,0.16998982706002036,0.08501762632197415,0.04498198661863098,0.2704,False,True,False,True
69,1,0,1,31,194.9,63,33.13,191.6,90,16.29,153.0,129,6.89,13.2,2,3.56,2,False,552.7,284,59.870000000000005,3.0936507936507938,2.1288888888888886,1.186046511627907,6.6,0.35263253121042154,0.34666184186719734,0.2768228695494843,0.023882757372896687,False,False,False,False,0.16998460749102104,0.08502087682672234,0.04503267973856209,0.2696969696969697,True,False,False,True
87,0,0,1,30,262.8,114,44.68,215.8,130,18.34,154.8,88,6.97,7.8,2,2.11,0,False,641.2,334,72.1,2.305263157894737,1.6600000000000001,1.7590909090909093,3.9,0.4098565190268247,0.33655645664379286,0.24142233312538988,0.012164691203992512,False,False,False,False,0.1700152207001522,0.08498609823911028,0.04502583979328165,0.2705128205128205,True,False,False,True
71,1,0,0,0,211.2,70,35.9,252.7,122,21.48,225.8,104,10.16,12.3,3,3.32,0,False,702.0,299,70.85999999999999,3.017142857142857,2.071311475409836,2.1711538461538464,4.1000000000000005,0.30085470085470084,0.35997150997150995,0.3216524216524217,0.01752136752136752,False,False,False,False,0.1699810606060606,0.0850019786307875,0.0449955713020372,0.26991869918699185,False,True,False,True
76,1,0,0,0,204.0,69,34.68,225.1,110,19.13,240.3,85,10.81,9.6,5,2.59,1,False,679.0000000000001,269,67.21000000000001,2.9565217391304346,2.0463636363636364,2.827058823529412,1.92,0.300441826215022,0.3315169366715758,0.3539027982326951,0.014138438880706919,False,False,False,False,0.17,0.08498445135495335,0.044985434873075325,0.26979166666666665,False,True,False,True
87,2,0,0,0,223.2,109,37.94,127.5,86,10.84,289.3,83,13.02,14.5,4,3.92,3,False,654.5,282,65.72,2.0477064220183485,1.4825581395348837,3.485542168674699,3.625,0.3410236822001528,0.19480519480519481,0.4420168067226891,0.02215431627196333,False,False,False,False,0.1699820788530466,0.08501960784313725,0.0450051849291393,0.27034482758620687,False,True,False,True
117,0,0,0,0,119.0,82,20.23,187.5,108,15.94,189.3,97,8.52,11.5,3,3.11,1,False,507.3,290,47.8,1.451219512195122,1.7361111111111112,1.9515463917525775,3.8333333333333335,0.234575202050069,0.36960378474275574,0.3731519810762862,0.02266903213088902,False,False,False,False,0.17,0.08501333333333333,0.04500792393026941,0.27043478260869563,False,True,False,True
177,1,0,0,0,266.1,91,45.24,225.2,79,19.14,224.7,58,10.11,8.9,8,2.4,3,True,724.9,236,76.89,2.9241758241758244,2.8506329113924047,3.8741379310344826,1.1125,0.3670851151883019,0.3106635397985929,0.30997378948820525,0.012277555524899987,False,False,False,False,0.17001127395715895,0.0849911190053286,0.04499332443257677,0.2696629213483146,False,True,False,True
95,1,0,0,0,134.4,104,22.85,152.4,95,12.95,236.5,80,10.64,9.4,3,2.54,1,False,532.6999999999999,282,48.98,1.2923076923076924,1.6042105263157895,2.95625,3.1333333333333333,0.252299605781866,0.2860897315562231,0.443964708090858,0.017645954571053127,False,False,False,False,0.17001488095238096,0.08497375328083989,0.04498942917547569,0.2702127659574468,False,True,False,True
66,1,0,0,0,170.5,103,28.99,254.3,77,21.62,197.3,138,8.88,10.5,2,2.84,2,False,632.6,320,62.33,1.6553398058252426,3.3025974025974025,1.4297101449275362,5.25,0.2695226051217199,0.4019917799557382,0.3118874486247234,0.016598166297818528,False,False,False,False,0.17002932551319647,0.08501769563507668,0.04500760263558034,0.2704761904761905,False,True,False,True
110,1,0,0,0,178.5,124,30.35,146.9,141,12.49,217.1,102,9.77,9.9,7,2.67,1,False,552.4,374,55.28,1.439516129032258,1.0418439716312058,2.1284313725490196,1.4142857142857144,0.3231354091238233,0.2659304851556843,0.3930123099203476,0.017921795800144823,False,False,False,False,0.1700280112044818,0.08502382573179033,0.04500230308613542,0.26969696969696966,False,True,False,True
133,0,0,1,39,239.9,107,40.78,253.8,77,21.57,128.7,85,5.79,6.7,3,1.81,5,False,629.1000000000001,272,69.95,2.242056074766355,3.2961038961038964,1.5141176470588233,2.2333333333333334,0.3813384199650293,0.4034334763948497,0.20457796852646631,0.010650135113654424,True,False,True,False,0.16998749478949562,0.08498817966903073,0.044988344988344996,0.2701492537313433,True,False,False,True
185,0,0,0,0,55.6,97,9.45,288.7,83,24.54,111.2,110,5.0,12.1,3,3.27,2,False,467.6,293,42.26,0.5731958762886598,3.478313253012048,1.010909090909091,4.033333333333333,0.11890504704875962,0.6174080410607357,0.23781009409751924,0.025876817792985455,False,False,False,False,0.1699640287769784,0.08500173190162799,0.044964028776978415,0.2702479338842975,False,True,False,True
91,2,0,0,0,109.8,100,18.67,189.6,104,16.12,206.7,85,9.3,11.1,3,3.0,1,False,517.1999999999999,292,47.09,1.0979999999999999,1.823076923076923,2.431764705882353,3.6999999999999997,0.2122969837587007,0.3665893271461717,0.39965197215777265,0.02146171693735499,False,False,False,False,0.17003642987249545,0.08502109704641352,0.04499274310595066,0.2702702702702703,False,True,False,True
131,1,0,0,0,196.1,89,33.34,185.5,87,15.77,250.0,132,11.25,5.2,6,1.4,2,False,636.8000000000001,314,61.76,2.203370786516854,2.132183908045977,1.893939393939394,0.8666666666666667,0.30794597989949746,0.2913002512562814,0.3925879396984924,0.008165829145728642,False,False,False,False,0.17001529831718512,0.08501347708894878,0.045,0.2692307692307692,False,True,False,True
153,2,0,0,0,166.8,127,28.36,143.5,121,12.2,210.7,130,9.48,11.8,4,3.19,0,False,532.8,382,53.230000000000004,1.3133858267716536,1.1859504132231404,1.6207692307692307,2.95,0.3130630630630631,0.26933183183183185,0.39545795795795796,0.02214714714714715,False,False,False,False,0.1700239808153477,0.08501742160278745,0.04499288087327955,0.2703389830508474,False,True,False,True
132,1,0,1,25,113.2,96,19.24,269.9,107,22.94,229.1,87,10.31,7.1,7,1.92,2,False,619.3,297,54.410000000000004,1.1791666666666667,2.522429906542056,2.6333333333333333,1.0142857142857142,0.18278701760051674,0.43581462942031324,0.3699337962215405,0.011464556757629581,False,False,False,False,0.16996466431095406,0.08499444238606893,0.045002182453077265,0.27042253521126763,True,False,False,True
141,0,0,0,0,242.8,90,41.28,234.1,80,19.9,211.5,104,9.52,6.0,3,1.62,5,False,694.4,277,72.32000000000001,2.697777777777778,2.92625,2.0336538461538463,2.0,0.3496543778801844,0.3371255760368664,0.3045794930875576,0.008640552995391706,True,False,True,False,0.1700164744645799,0.08500640751815464,0.04501182033096927,0.27,False,True,False,True
105,1,0,0,0,156.5,102,26.61,140.2,134,11.92,227.4,111,10.23,12.2,2,3.29,2,False,536.3000000000001,349,52.050000000000004,1.5343137254901962,1.0462686567164179,2.0486486486486486,6.1,0.29181428305053136,0.26142084654111497,0.424016408726459,0.02274846168189446,False,False,False,False,0.17003194888178913,0.08502139800285308,0.044986807387862794,0.269672131147541,False,True,False,True
169,0,0,0,0,266.7,105,45.34,158.2,88,13.45,287.7,111,12.95,13.8,3,3.73,3,True,726.3999999999999,307,75.47000000000001,2.54,1.7977272727272726,2.591891891891892,4.6000000000000005,0.3671530837004406,0.21778634361233482,0.3960627753303965,0.0189977973568282,False,False,False,False,0.17000374953130862,0.08501896333754741,0.045012165450121655,0.2702898550724638,False,True,False,True
127,1,0,1,23,182.0,80,30.94,216.1,85,18.37,156.9,82,7.06,9.8,4,2.65,1,False,564.8,251,59.02,2.275,2.5423529411764707,1.9134146341463416,2.45,0.32223796033994334,0.3826133144475921,0.2777974504249292,0.017351274787535412,False,False,False,False,0.17,0.08500694123091163,0.044996813256851495,0.2704081632653061,True,False,False,True
123,1,0,1,33,146.6,87,24.92,114.8,59,9.76,220.4,99,9.92,2.9,7,0.78,0,False,484.69999999999993,252,45.38,1.6850574712643678,1.9457627118644067,2.2262626262626264,0.41428571428571426,0.30245512688260784,0.23684753455745824,0.4547142562409739,0.005983082318960182,False,False,False,False,0.16998635743519783,0.08501742160278745,0.04500907441016334,0.26896551724137935,True,False,False,True
103,2,0,1,35,110.5,101,18.79,208.3,81,17.71,87.4,77,3.93,13.9,2,3.75,4,True,420.1,261,44.18,1.0940594059405941,2.571604938271605,1.135064935064935,6.95,0.26303261128302785,0.49583432516067605,0.20804570340395145,0.03308736015234468,False,False,False,False,0.17004524886877828,0.08502160345655305,0.044965675057208235,0.2697841726618705,True,False,False,True
101,1,0,0,0,118.6,89,20.16,199.6,97,16.97,53.3,61,2.4,11.5,5,3.11,1,False,383.0,252,42.63999999999999,1.3325842696629213,2.0577319587628864,0.8737704918032786,2.3,0.30966057441253264,0.5211488250652742,0.13916449086161878,0.030026109660574413,False,False,False,False,0.1699831365935919,0.08502004008016031,0.0450281425891182,0.27043478260869563,False,True,False,True
123,1,0,1,22,197.6,105,33.59,80.0,86,6.8,120.8,82,5.44,15.6,12,4.21,2,False,414.00000000000006,285,50.04,1.8819047619047617,0.9302325581395349,1.473170731707317,1.3,0.4772946859903381,0.19323671497584538,0.29178743961352654,0.03768115942028985,False,False,False,False,0.16998987854251013,0.08499999999999999,0.04503311258278146,0.26987179487179486,True,False,False,True
78,2,0,1,32,210.3,116,35.75,192.2,83,16.34,246.1,92,11.07,10.8,4,2.92,6,False,659.4,295,66.08,1.8129310344827587,2.3156626506024094,2.675,2.7,0.318926296633303,0.29147710039429786,0.3732180770397331,0.01637852593266606,True,False,True,False,0.16999524488825488,0.08501560874089491,0.044981714750101584,0.27037037037037037,True,False,False,True
101,1,0,1,28,220.3,96,37.45,285.8,72,24.29,203.0,111,9.14,9.4,6,2.54,4,False,718.5,285,73.42,2.294791666666667,3.9694444444444446,1.8288288288288288,1.5666666666666667,0.30661099512874046,0.3977731384829506,0.2825330549756437,0.013082811412665275,False,False,False,False,0.16999546073536087,0.08498950314905528,0.045024630541871925,0.2702127659574468,True,False,False,True
129,1,0,0,0,150.0,98,25.5,232.4,101,19.75,261.2,123,11.75,12.5,6,3.38,1,False,656.0999999999999,328,60.38,1.530612244897959,2.3009900990099013,2.1235772357723577,2.0833333333333335,0.2286236854138089,0.3542142966011279,0.3981100442005792,0.019051973784484075,False,False,False,False,0.17,0.0849827882960413,0.04498468606431853,0.2704,False,True,False,True
67,1,0,1,34,161.7,114,27.49,207.6,115,17.65,205.7,114,9.26,9.2,4,2.48,0,False,584.2,347,56.879999999999995,1.4184210526315788,1.8052173913043479,1.8043859649122806,2.3,0.27678877096884624,0.3553577541937692,0.35210544334132143,0.01574803149606299,False,False,False,False,0.1700061842918986,0.08501926782273603,0.04501701507049101,0.26956521739130435,True,False,False,True
37,1,0,0,0,191.4,116,32.54,167.4,99,14.23,216.5,112,9.74,14.0,5,3.78,3,False,589.3,332,60.29,1.6500000000000001,1.690909090909091,1.9330357142857142,2.8,0.32479212625148485,0.28406584082810116,0.36738503309010695,0.023756999830307147,False,False,False,False,0.17001044932079415,0.08500597371565113,0.04498845265588915,0.26999999999999996,False,True,False,True
173,2,0,0,0,109.4,103,18.6,101.3,111,8.61,167.3,106,7.53,7.8,7,2.11,1,False,385.8,327,36.85,1.0621359223300972,0.9126126126126126,1.578301886792453,1.1142857142857143,0.2835666148263349,0.2625712804561949,0.4336443753240021,0.020217729393468116,False,False,False,False,0.170018281535649,0.08499506416584403,0.04500896592946802,0.2705128205128205,False,True,False,True
135,2,0,0,0,144.1,115,24.5,249.8,68,21.23,211.4,82,9.51,13.6,3,3.67,1,False,618.9,268,58.910000000000004,1.2530434782608695,3.673529411764706,2.578048780487805,4.533333333333333,0.23283244465988043,0.40361932460817584,0.3415737598965907,0.021974470835353047,False,False,False,False,0.17002081887578072,0.08498799039231385,0.04498580889309366,0.2698529411764706,False,True,False,True
75,1,0,1,42,248.9,93,42.31,170.8,108,14.52,104.5,91,4.7,11.2,8,3.02,1,False,535.4000000000001,300,64.55,2.6763440860215053,1.5814814814814815,1.1483516483516483,1.4,0.4648860664923421,0.31901382144191254,0.19518117295480011,0.020918939110945084,False,False,False,False,0.16998794696665329,0.08501170960187353,0.044976076555023926,0.2696428571428572,True,False,False,True
88,1,0,0,0,85.7,112,14.57,221.6,70,18.84,190.6,75,8.58,11.6,3,3.13,4,True,509.5,260,45.12,0.7651785714285715,3.1657142857142855,2.541333333333333,3.8666666666666667,0.16820412168792934,0.4349362119725221,0.37409224730127577,0.022767419038272816,False,False,False,False,0.17001166861143524,0.08501805054151625,0.045015739769150055,0.26982758620689656,False,True,False,True
112,1,0,0,0,214.8,112,36.52,209.7,104,17.82,164.4,97,7.4,9.4,5,2.54,3,False,598.3,318,64.28,1.917857142857143,2.0163461538461536,1.6948453608247422,1.8800000000000001,0.35901721544375736,0.3504930636804279,0.2747785391943841,0.015711181681430722,False,False,False,False,0.17001862197392925,0.0849785407725322,0.045012165450121655,0.2702127659574468,False,True,False,True
113,0,0,0,0,158.9,137,27.01,242.8,109,20.64,247.8,97,11.15,6.5,4,1.76,0,False,656.0,347,60.56,1.15985401459854,2.2275229357798167,2.554639175257732,1.625,0.24222560975609758,0.3701219512195122,0.3777439024390244,0.009908536585365854,False,False,False,False,0.16998112020138453,0.08500823723228995,0.04499596448748991,0.27076923076923076,False,True,False,True
121,2,0,1,28,110.0,94,18.7,141.5,76,12.03,237.3,87,10.68,6.4,3,1.73,2,False,495.2,260,43.13999999999999,1.1702127659574468,1.861842105263158,2.727586206896552,2.1333333333333333,0.22213247172859452,0.2857431340872375,0.47920032310177707,0.012924071082390954,False,False,False,False,0.16999999999999998,0.08501766784452297,0.0450063211125158,0.27031249999999996,True,False,False,True
90,1,0,0,0,145.6,103,24.75,197.1,137,16.75,294.5,83,13.25,10.5,4,2.84,0,False,647.7,327,57.59,1.4135922330097086,1.4386861313868613,3.5481927710843375,2.625,0.2247954299830168,0.30430754979157015,0.45468581133240693,0.01621120889300602,False,False,False,False,0.16998626373626374,0.0849822425164891,0.04499151103565365,0.2704761904761905,False,True,False,True
39,0,0,0,0,93.3,83,15.86,199.6,114,16.97,206.2,104,9.28,6.5,4,1.76,0,False,505.59999999999997,305,43.87,1.1240963855421686,1.750877192982456,1.9826923076923075,1.625,0.18453322784810128,0.3947784810126582,0.40783227848101267,0.012856012658227849,False,False,False,False,0.16998928188638798,0.08502004008016031,0.04500484966052376,0.27076923076923076,False,True,False,True
176,0,0,0,0,201.9,101,34.32,154.7,78,13.15,164.4,79,7.4,9.0,2,2.43,1,False,530.0,260,57.3,1.999009900990099,1.9833333333333332,2.081012658227848,4.5,0.3809433962264151,0.29188679245283017,0.31018867924528304,0.016981132075471698,False,False,False,False,0.1699851411589896,0.0850032320620556,0.045012165450121655,0.27,False,True,False,True
105,0,0,0,0,146.4,81,24.89,225.1,80,19.13,230.1,117,10.35,8.5,2,2.3,1,False,610.1,280,56.669999999999995,1.8074074074074076,2.8137499999999998,1.9666666666666666,4.25,0.2399606621865268,0.36895590886739876,0.3771512866743157,0.013932142271758728,False,False,False,False,0.17001366120218578,0.08498445135495335,0.044980443285528034,0.27058823529411763,False,True,False,True
57,1,0,0,0,272.7,74,46.36,224.9,85,19.12,178.2,104,8.02,10.5,3,2.84,2,True,686.3,266,76.34,3.685135135135135,2.6458823529411766,1.7134615384615384,3.5,0.3973480984991986,0.3276992568847443,0.25965321288066445,0.015299431735392686,False,False,False,False,0.17000366703337,0.08501556247220987,0.04500561167227834,0.2704761904761905,False,True,False,True
110,2,0,0,0,18.9,92,3.21,258.4,81,21.96,109.6,74,4.93,14.8,4,4.0,1,False,401.7,251,34.1,0.20543478260869563,3.1901234567901233,1.481081081081081,3.7,0.04705003734129948,0.6432661189942743,0.272840428180234,0.036843415484192184,False,False,False,False,0.16984126984126985,0.08498452012383902,0.04498175182481752,0.27027027027027023,False,True,False,True
95,0,0,0,0,190.2,119,32.33,157.1,70,13.35,181.5,120,8.17,14.0,6,3.78,0,False,542.8,315,57.63,1.5983193277310923,2.244285714285714,1.5125,2.3333333333333335,0.35040530582166546,0.28942520265291083,0.33437730287398676,0.025792188651436995,False,False,False,False,0.1699789695057834,0.08497772119669,0.04501377410468319,0.26999999999999996,False,True,False,True
147,1,0,0,0,130.6,83,22.2,208.1,144,17.69,204.6,72,9.21,15.6,3,4.21,3,False,558.9,302,53.31,1.5734939759036144,1.4451388888888888,2.841666666666667,5.2,0.23367328681338342,0.3723385220969762,0.36607622114868493,0.027911969940955447,False,False,False,False,0.16998468606431852,0.08500720807304181,0.045014662756598246,0.26987179487179486,False,True,False,True
101,1,0,0,0,158.4,92,26.93,188.0,117,15.98,219.7,125,9.89,13.5,4,3.65,4,True,579.5999999999999,338,56.449999999999996,1.7217391304347827,1.606837606837607,1.7575999999999998,3.375,0.2732919254658386,0.32436162870945484,0.3790545203588682,0.02329192546583851,False,False,False,False,0.17001262626262625,0.085,0.04501593081474739,0.27037037037037037,False,True,False,True
115,1,0,0,0,166.5,111,28.31,236.2,98,20.08,205.6,92,9.25,15.6,2,4.21,1,False,623.9,303,61.85,1.5,2.410204081632653,2.234782608695652,7.8,0.26686969065555377,0.37858631190895975,0.3295399903830742,0.025004007052412246,False,False,False,False,0.17003003003003003,0.08501270110076206,0.044990272373540856,0.26987179487179486,False,True,False,True
103,1,0,0,0,129.3,103,21.98,202.8,89,17.24,233.0,126,10.49,12.9,2,3.48,2,False,578.0,320,53.19,1.2553398058252427,2.2786516853932586,1.8492063492063493,6.45,0.22370242214532873,0.35086505190311423,0.4031141868512111,0.022318339100346023,False,False,False,False,0.16999226604795048,0.08500986193293884,0.045021459227467815,0.2697674418604651,False,True,False,True
82,1,0,0,0,199.3,112,33.88,193.4,120,16.44,254.4,117,11.45,7.0,10,1.89,0,False,654.1,359,63.66000000000001,1.7794642857142857,1.6116666666666668,2.1743589743589746,0.7,0.3046934719461856,0.2956734444274576,0.38893135606176427,0.01070172756459257,False,False,False,False,0.16999498243853486,0.08500517063081696,0.04500786163522012,0.26999999999999996,False,True,False,True
141,1,0,0,0,185.1,126,31.47,233.0,98,19.81,152.2,106,6.85,9.1,7,2.46,0,False,579.4,337,60.59,1.469047619047619,2.377551020408163,1.4358490566037734,1.3,0.31946841560234723,0.402140144977563,0.26268553676216777,0.01570590265792199,False,False,False,False,0.1700162074554295,0.0850214592274678,0.04500657030223391,0.2703296703296703,False,True,False,True
149,0,0,0,0,175.4,80,29.82,197.4,127,16.78,188.2,102,8.47,9.7,2,2.62,2,False,570.7,311,57.69,2.1925,1.5543307086614173,1.8450980392156862,4.85,0.30734186087261256,0.3458910110390748,0.3297704573330997,0.016996670755212894,False,False,False,False,0.17001140250855187,0.08500506585612969,0.045005313496280556,0.2701030927835052,False,True,False,True
119,2,0,0,0,94.2,108,16.01,264.1,100,22.45,203.7,79,9.17,7.3,3,1.97,1,False,569.3,290,49.6,0.8722222222222222,2.641,2.578481012658228,2.433333333333333,0.165466362199192,0.4639030388196031,0.3578078341823292,0.012822764798875813,False,False,False,False,0.1699575371549894,0.08500567966679287,0.04501718213058419,0.26986301369863014,False,True,False,True
112,2,0,0,0,189.4,83,32.2,219.0,89,18.62,168.0,116,7.56,7.1,8,1.92,3,False,583.5,296,60.30000000000001,2.2819277108433735,2.460674157303371,1.4482758620689655,0.8875,0.3245929734361611,0.37532133676092544,0.2879177377892031,0.012167952013710367,False,False,False,False,0.17001055966209083,0.08502283105022831,0.045,0.27042253521126763,False,True,False,True
116,2,0,1,35,118.0,103,20.06,167.2,106,14.21,205.7,102,9.26,11.8,2,3.19,2,False,502.7,313,46.71999999999999,1.145631067961165,1.5773584905660376,2.0166666666666666,5.9,0.23473244479809033,0.33260393873085337,0.40919037199124725,0.023473244479809034,False,False,False,False,0.16999999999999998,0.08498803827751197,0.04501701507049101,0.2703389830508474,True,False,False,True
94,1,0,0,0,212.1,98,36.06,189.4,89,16.1,352.2,95,15.85,8.4,5,2.27,3,False,762.1,287,70.28,2.164285714285714,2.1280898876404497,3.7073684210526316,1.6800000000000002,0.2783099330796483,0.24852381577220836,0.4621440755806324,0.011022175567510825,False,False,False,False,0.17001414427157002,0.08500527983104542,0.04500283929585463,0.2702380952380952,False,True,False,True
90,0,0,0,0,222.0,93,37.74,187.0,103,15.9,282.3,124,12.7,12.4,6,3.35,2,False,703.6999999999999,326,69.69,2.3870967741935485,1.8155339805825244,2.2766129032258067,2.066666666666667,0.31547534460707694,0.2657382407275828,0.4011652692908911,0.01762114537444934,False,False,False,False,0.17,0.08502673796791443,0.04498760184201204,0.2701612903225806,False,True,False,True
114,1,0,1,31,222.8,98,37.88,180.5,105,15.34,151.3,101,6.81,13.0,4,3.51,0,False,567.6,308,63.54,2.273469387755102,1.7190476190476192,1.4980198019801982,3.25,0.39252995066948554,0.3180056377730796,0.2665609584214235,0.022903453136011276,False,False,False,False,0.17001795332136446,0.08498614958448754,0.045009914077990744,0.26999999999999996,True,False,False,True
63,0,0,1,25,190.0,137,32.3,116.6,76,9.91,141.5,110,6.37,12.2,2,3.29,1,False,460.3,325,51.86999999999999,1.3868613138686132,1.5342105263157895,1.2863636363636364,6.1,0.4127742776450141,0.25331305670215076,0.3074082120356289,0.02650445361720617,False,False,False,False,0.16999999999999998,0.08499142367066896,0.04501766784452297,0.269672131147541,True,False,False,True
122,0,0,1,29,195.4,83,33.22,268.2,93,22.8,168.0,95,7.56,8.4,6,2.27,3,False,640.0,277,65.85,2.3542168674698796,2.8838709677419354,1.768421052631579,1.4000000000000001,0.3053125,0.4190625,0.2625,0.013125000000000001,False,False,False,False,0.17001023541453428,0.08501118568232663,0.045,0.2702380952380952,True,False,False,True
62,1,0,0,0,100.0,98,17.0,173.5,95,14.75,218.0,122,9.81,10.1,4,2.73,0,False,501.6,319,44.29,1.0204081632653061,1.8263157894736841,1.7868852459016393,2.525,0.19936204146730463,0.34589314194577353,0.43460925039872406,0.020135566188197767,False,False,False,False,0.17,0.08501440922190202,0.045000000000000005,0.2702970297029703,False,True,False,True
78,1,0,1,21,160.6,85,27.3,223.1,79,18.96,124.0,92,5.58,9.5,1,2.57,2,False,517.2,257,54.410000000000004,1.8894117647058823,2.8240506329113924,1.3478260869565217,9.5,0.3105181747873163,0.43136117556071146,0.23975251353441607,0.01836813611755607,False,False,False,False,0.16998754669987548,0.08498431196772749,0.045,0.27052631578947367,True,False,False,True
148,1,0,1,26,158.7,91,26.98,160.5,127,13.64,218.3,88,9.82,9.9,3,2.67,1,False,547.4,309,53.11000000000001,1.7439560439560438,1.263779527559055,2.4806818181818184,3.3000000000000003,0.2899159663865546,0.29320423821702596,0.39879430032882723,0.018085495067592255,False,False,False,False,0.17000630119722748,0.08498442367601246,0.04498396701786532,0.26969696969696966,True,False,False,True
154,2,0,0,0,154.5,122,26.27,214.2,71,18.21,178.0,105,8.01,12.0,2,3.24,3,True,558.7,300,55.730000000000004,1.2663934426229508,3.016901408450704,1.6952380952380952,6.0,0.276534812958654,0.38339001252908533,0.318596742437802,0.021478432074458563,False,False,False,False,0.17003236245954692,0.0850140056022409,0.045,0.27,False,True,False,True
110,0,0,1,34,192.3,114,32.69,129.3,114,10.99,136.3,102,6.13,6.3,12,1.7,1,False,464.20000000000005,342,51.510000000000005,1.686842105263158,1.1342105263157896,1.3362745098039217,0.525,0.41426109435588104,0.27854373115036624,0.2936234381732012,0.013571736320551486,False,False,False,False,0.16999479979199167,0.08499613302397524,0.04497432134996331,0.2698412698412698,True,False,False,True
75,1,0,0,0,305.1,106,51.87,188.0,115,15.98,235.4,116,10.59,8.5,5,2.3,0,True,737.0,342,80.74,2.8783018867924532,1.6347826086956523,2.029310344827586,1.7,0.41397557666214385,0.25508819538670285,0.3194029850746269,0.011533242876526458,False,False,False,False,0.17000983284169122,0.085,0.04498725573491928,0.27058823529411763,False,True,False,True
84,0,0,1,38,193.0,106,32.81,153.6,106,13.06,260.4,87,11.72,7.4,5,2.0,2,False,614.4,304,59.59,1.820754716981132,1.4490566037735848,2.993103448275862,1.48,0.3141276041666667,0.25,0.423828125,0.012044270833333334,False,False,False,False,0.17,0.08502604166666668,0.04500768049155147,0.27027027027027023,True,False,False,True
113,2,0,0,0,72.5,88,12.33,204.0,112,17.34,117.9,118,5.31,6.6,3,1.78,1,False,401.0,321,36.760000000000005,0.8238636363636364,1.8214285714285714,0.9991525423728814,2.1999999999999997,0.18079800498753118,0.5087281795511222,0.2940149625935162,0.01645885286783042,False,False,False,False,0.17006896551724138,0.085,0.04503816793893129,0.2696969696969697,False,True,False,True
181,2,0,1,40,105.2,61,17.88,341.3,79,29.01,165.7,97,7.46,6.3,3,1.7,2,False,618.5,240,56.050000000000004,1.7245901639344263,4.320253164556962,1.7082474226804123,2.1,0.17008892481810833,0.5518189167340339,0.26790622473726755,0.010185933710590137,False,False,False,False,0.16996197718631179,0.08499853501318488,0.04502112251056126,0.2698412698412698,True,False,False,True
51,1,0,0,0,180.5,88,30.69,134.7,102,11.45,170.7,97,7.68,10.0,3,2.7,2,False,495.9,290,52.52,2.0511363636363638,1.3205882352941176,1.7597938144329897,3.3333333333333335,0.36398467432950193,0.2716273442226255,0.3442226255293406,0.02016535591853196,False,False,False,False,0.17002770083102495,0.08500371195248702,0.04499121265377856,0.27,False,True,False,True
102,0,0,1,29,214.7,86,36.5,314.3,109,26.72,280.2,110,12.61,14.3,2,3.86,0,False,823.5,307,79.69,2.4965116279069766,2.88348623853211,2.5472727272727274,7.15,0.26071645415907707,0.3816636308439587,0.3402550091074681,0.017364905889496053,False,False,False,False,0.17000465766185377,0.08501431753102132,0.045003568879371875,0.2699300699300699,True,False,False,True
107,0,0,0,0,86.8,95,14.76,108.1,85,9.19,204.3,87,9.19,13.2,3,3.56,1,False,412.4,270,36.7,0.9136842105263158,1.271764705882353,2.3482758620689657,4.3999999999999995,0.21047526673132883,0.26212415130940836,0.4953928225024249,0.03200775945683802,False,False,False,False,0.17004608294930876,0.08501387604070305,0.044982868330885946,0.2696969696969697,False,True,False,True
88,2,0,0,0,131.5,99,22.36,174.8,128,14.86,184.2,83,8.29,7.9,2,2.13,5,True,498.4,312,47.64,1.3282828282828283,1.365625,2.219277108433735,3.95,0.2638443017656501,0.35072231139646876,0.36958266452648475,0.01585072231139647,True,False,False,False,0.1700380228136882,0.08501144164759725,0.04500542888165038,0.26962025316455696,False,True,False,True
82,1,0,0,0,135.4,102,23.02,237.1,122,20.15,118.3,91,5.32,17.5,4,4.73,0,False,508.3,319,53.22,1.3274509803921568,1.9434426229508197,1.3,4.375,0.26637812315561676,0.46645681684044854,0.23273657289002556,0.034428487113909105,False,False,False,False,0.17001477104874446,0.0849852382960776,0.04497041420118344,0.2702857142857143,False,True,False,True
204,1,0,0,0,174.3,85,29.63,254.1,95,21.6,176.4,96,7.94,5.9,3,1.59,6,False,610.6999999999999,279,60.760000000000005,2.050588235294118,2.674736842105263,1.8375000000000001,1.9666666666666668,0.2854101850335681,0.41607990830194863,0.28884886196168336,0.009661044702800067,True,False,False,False,0.1699942627653471,0.08500590318772137,0.04501133786848072,0.2694915254237288,False,True,False,True
174,2,0,0,0,235.5,108,40.04,142.3,143,12.1,316.7,131,14.25,12.5,5,3.38,0,False,707.0,387,69.77,2.1805555555555554,0.9951048951048952,2.4175572519083968,2.5,0.3330975954738331,0.2012729844413013,0.44794908062234795,0.01768033946251768,False,False,False,False,0.1700212314225053,0.08503162333099086,0.044995263656457216,0.2704,False,True,False,True
129,1,0,0,0,157.0,113,26.69,256.9,97,21.84,185.5,126,8.35,12.1,2,3.27,2,False,611.5,338,60.150000000000006,1.3893805309734513,2.6484536082474226,1.4722222222222223,6.05,0.25674570727718726,0.4201144726083401,0.30335241210139,0.019787408013082583,False,False,False,False,0.17,0.08501362397820164,0.04501347708894878,0.2702479338842975,False,True,False,True
190,1,1,0,0,111.9,55,19.02,223.0,124,18.96,243.2,81,10.94,10.0,7,2.7,3,False,588.0999999999999,267,51.620000000000005,2.0345454545454547,1.7983870967741935,3.002469135802469,1.4285714285714286,0.1902737629654821,0.3791872130590036,0.41353511307600754,0.01700391089950689,False,False,False,True,0.16997319034852545,0.08502242152466367,0.044983552631578945,0.27,False,True,False,True
54,2,1,0,0,236.3,91,40.17,152.8,130,12.99,160.3,98,7.21,11.2,8,3.02,3,False,560.6000000000001,327,63.39000000000001,2.596703296703297,1.1753846153846155,1.635714285714286,1.4,0.42151266500178375,0.2725651088119871,0.28594363182304666,0.0199785943631823,False,False,False,True,0.16999576809140923,0.0850130890052356,0.044978165938864625,0.2696428571428572,False,True,False,True
78,0,0,0,0,163.6,88,27.81,283.4,93,24.09,262.1,108,11.79,8.6,9,2.32,0,False,717.7,298,66.00999999999999,1.8590909090909091,3.047311827956989,2.4268518518518523,0.9555555555555555,0.2279503971018531,0.3948725094050438,0.36519437090706425,0.011982722586038734,False,False,False,False,0.1699877750611247,0.08500352858151024,0.044982830980541774,0.2697674418604651,False,True,False,True
100,1,0,1,29,213.6,127,36.31,175.9,82,14.95,207.2,100,9.32,8.9,3,2.4,1,False,605.6,312,62.980000000000004,1.6818897637795276,2.145121951219512,2.072,2.966666666666667,0.35270805812417433,0.2904557463672391,0.34214002642007924,0.014696169088507266,False,False,False,False,0.16999063670411987,0.08499147242751563,0.044980694980694985,0.2696629213483146,True,False,False,True
70,2,0,1,30,143.4,72,24.38,170.0,92,14.45,127.9,68,5.76,9.4,4,2.54,3,False,450.69999999999993,236,47.129999999999995,1.9916666666666667,1.8478260869565217,1.8808823529411764,2.35,0.3181717328599956,0.3771910361659641,0.2837807854448636,0.02085644552917684,False,False,False,False,0.1700139470013947,0.08499999999999999,0.04503518373729476,0.2702127659574468,True,False,False,True
117,0,0,0,0,97.1,98,16.51,228.0,131,19.38,240.0,111,10.8,10.6,3,2.86,1,False,575.7,343,49.55,0.9908163265306121,1.7404580152671756,2.1621621621621623,3.533333333333333,0.16866423484453708,0.396039603960396,0.4168837936425221,0.018412367552544728,False,False,False,False,0.17003089598352217,0.08499999999999999,0.045000000000000005,0.269811320754717,False,True,False,True
68,1,0,0,0,94.1,93,16.0,147.6,80,12.55,213.5,85,9.61,10.1,2,2.73,0,False,465.3,260,40.88999999999999,1.0118279569892472,1.845,2.511764705882353,5.05,0.20223511712873413,0.31721470019342357,0.4588437567160971,0.02170642596174511,False,False,False,False,0.17003188097768332,0.08502710027100271,0.045011709601873534,0.2702970297029703,False,True,False,True
27,2,0,0,0,226.3,95,38.47,274.3,109,23.32,242.7,119,10.92,8.2,3,2.21,2,True,751.5,326,74.91999999999999,2.3821052631578947,2.51651376146789,2.0394957983193276,2.733333333333333,0.30113107119095145,0.3650033266799734,0.32295409181636725,0.010911510312707916,False,False,False,False,0.16999558108705257,0.08501640539555232,0.0449938195302843,0.26951219512195124,False,True,True,False
91,1,0,0,0,133.8,61,22.75,158.8,96,13.5,189.6,92,8.53,10.5,2,2.84,1,False,492.70000000000005,251,47.620000000000005,2.19344262295082,1.6541666666666668,2.0608695652173914,5.25,0.27156484676273596,0.3223056626750558,0.38481834787903385,0.021311142683174345,False,False,False,False,0.1700298953662182,0.08501259445843828,0.044989451476793244,0.2704761904761905,False,True,False,True
181,1,0,1,27,190.3,93,32.35,249.0,127,21.17,215.7,82,9.71,10.6,4,2.86,1,False,665.6,306,66.09,2.046236559139785,1.9606299212598426,2.6304878048780487,2.65,0.2859074519230769,0.37409855769230765,0.3240685096153846,0.015925480769230768,False,False,False,False,0.1699947451392538,0.08502008032128515,0.04501622624014836,0.269811320754717,True,False,False,True
118,1,0,1,36,294.9,106,50.13,165.7,115,14.08,189.2,63,8.51,9.8,5,2.65,3,False,659.5999999999999,289,75.37000000000002,2.782075471698113,1.4408695652173913,3.003174603174603,1.9600000000000002,0.44708914493632507,0.2512128562765312,0.2868405093996362,0.014857489387507583,False,False,False,False,0.16998982706002036,0.08497284248642124,0.044978858350951376,0.2704081632653061,True,False,False,True
112,1,0,0,0,185.4,114,31.52,191.4,119,16.27,144.0,78,6.48,10.0,11,2.7,2,False,530.8,322,56.97,1.6263157894736842,1.6084033613445379,1.8461538461538463,0.9090909090909091,0.3492840994724944,0.3605877920120573,0.2712886209495102,0.018839487565938208,False,False,False,False,0.17001078748651563,0.08500522466039707,0.045000000000000005,0.27,False,True,False,True
93,1,0,0,0,179.5,121,30.52,191.9,131,16.31,165.5,125,7.45,12.0,4,3.24,0,False,548.9,381,57.52,1.4834710743801653,1.464885496183206,1.324,3.0,0.3270176717070505,0.34960830752413924,0.30151211513936965,0.021861905629440702,False,False,False,False,0.17002785515320334,0.08499218342886919,0.04501510574018127,0.27,False,True,False,True
102,0,0,0,0,158.0,94,26.86,207.9,100,17.67,190.4,120,8.57,10.1,10,2.73,0,False,566.4,324,55.83,1.6808510638297873,2.079,1.5866666666666667,1.01,0.278954802259887,0.36705508474576276,0.3361581920903955,0.0178319209039548,False,False,False,False,0.16999999999999998,0.084992784992785,0.04501050420168067,0.2702970297029703,False,True,False,True
93,1,0,0,0,173.0,131,29.41,190.4,108,16.18,290.0,66,13.05,10.4,2,2.81,0,False,663.8,307,61.45,1.3206106870229009,1.762962962962963,4.393939393939394,5.2,0.2606206688761675,0.28683338354926186,0.43687857788490514,0.015667369689665565,False,False,False,False,0.17,0.08497899159663864,0.045000000000000005,0.2701923076923077,False,True,False,True
107,1,0,1,32,134.2,101,22.81,211.9,145,18.01,167.6,138,7.54,8.2,5,2.21,1,False,521.9000000000001,389,50.57,1.3287128712871286,1.4613793103448276,1.2144927536231884,1.64,0.2571373826403525,0.4060164782525387,0.32113431691894995,0.01571182218815865,False,False,False,False,0.16997019374068556,0.0849929211892402,0.044988066825775656,0.26951219512195124,True,False,False,True
115,1,0,0,0,195.9,111,33.3,227.0,108,19.3,313.2,113,14.09,13.2,1,3.56,2,False,749.3,333,70.25,1.7648648648648648,2.1018518518518516,2.7716814159292036,13.2,0.26144401441345255,0.30294941945816095,0.41799012411584147,0.01761644201254504,False,False,False,False,0.16998468606431852,0.08502202643171806,0.04498722860791826,0.2696969696969697,False,True,False,True
63,2,0,1,13,214.2,61,36.41,181.2,88,15.4,174.0,68,7.83,10.3,2,2.78,0,False,579.6999999999999,219,62.419999999999995,3.5114754098360654,2.059090909090909,2.5588235294117645,5.15,0.36950146627565983,0.3125754700707263,0.30015525271692256,0.017767810936691397,False,False,False,False,0.1699813258636788,0.08498896247240618,0.045,0.2699029126213592,True,False,False,True
119,0,0,1,26,132.0,100,22.44,173.3,121,14.73,203.5,108,9.16,11.6,5,3.13,1,False,520.4,334,49.46,1.32,1.4322314049586777,1.8842592592592593,2.32,0.2536510376633359,0.33301306687163723,0.3910453497309762,0.022290545734050732,False,False,False,False,0.17,0.08499711482977496,0.04501228501228501,0.26982758620689656,True,False,False,True
73,0,0,0,0,157.6,92,26.79,198.3,87,16.86,364.9,106,16.42,9.1,4,2.46,1,False,729.9,289,62.53,1.7130434782608694,2.279310344827586,3.442452830188679,2.275,0.21591998903959447,0.2716810521989314,0.4999314974654062,0.012467461296067954,False,False,False,False,0.16998730964467004,0.08502269288956127,0.04499862976157852,0.2703296703296703,False,True,False,True
98,0,0,1,30,110.3,71,18.75,182.4,108,15.5,183.8,88,8.27,11.0,8,2.97,2,False,487.5,275,45.489999999999995,1.5535211267605633,1.6888888888888889,2.088636363636364,1.375,0.22625641025641025,0.37415384615384617,0.37702564102564107,0.022564102564102566,False,False,False,False,0.16999093381686312,0.0849780701754386,0.04499455930359086,0.27,True,False,False,True
139,1,1,0,0,161.5,121,27.46,192.9,137,16.4,168.3,96,7.57,11.2,13,3.02,0,False,533.9000000000001,367,54.45,1.334710743801653,1.408029197080292,1.753125,0.8615384615384615,0.30249110320284694,0.36130361490915897,0.3152275707061247,0.02097771118186926,False,False,False,True,0.170030959752322,0.08501814411612234,0.044979203802733216,0.2696428571428572,False,True,False,True
31,0,0,1,28,171.8,116,29.21,240.7,125,20.46,245.5,80,11.05,10.6,7,2.86,1,False,668.6,328,63.58,1.4810344827586208,1.9256,3.06875,1.5142857142857142,0.2569548309901286,0.3600059826503141,0.36718516302722104,0.015854023332336223,False,False,False,False,0.170023282887078,0.08500207727461571,0.045010183299389,0.269811320754717,True,False,False,True
129,2,0,1,32,211.0,99,35.87,155.1,89,13.18,234.8,96,10.57,11.4,5,3.08,1,False,612.3000000000001,289,62.699999999999996,2.1313131313131315,1.7426966292134831,2.4458333333333333,2.2800000000000002,0.3446023191246121,0.2533072023517883,0.38347215417279107,0.018618324350808426,False,False,False,False,0.16999999999999998,0.08497743391360413,0.045017035775127764,0.27017543859649124,True,False,False,True
115,1,0,0,0,139.3,89,23.68,192.3,95,16.35,151.0,75,6.8,9.3,3,2.51,7,True,491.90000000000003,262,49.339999999999996,1.5651685393258428,2.0242105263157897,2.013333333333333,3.1,0.2831876397641797,0.3909331164870909,0.3069729619841431,0.018906281764586298,True,False,False,False,0.16999282124910264,0.08502340093603744,0.045033112582781455,0.2698924731182795,False,True,False,True
108,1,0,0,0,291.6,99,49.57,221.1,93,18.79,229.2,110,10.31,14.0,9,3.78,2,True,755.9000000000001,311,82.45,2.9454545454545458,2.3774193548387097,2.0836363636363635,1.5555555555555556,0.385765312872073,0.2924990078052652,0.30321471094060054,0.018520968382061118,False,False,False,False,0.16999314128943757,0.08498417005879692,0.0449825479930192,0.26999999999999996,False,True,False,True
102,0,0,0,0,234.8,125,39.92,199.2,99,16.93,163.2,88,7.34,10.0,1,2.7,4,False,607.2,313,66.89,1.8784,2.012121212121212,1.8545454545454545,10.0,0.38669301712779974,0.3280632411067193,0.2687747035573122,0.01646903820816864,False,False,False,False,0.17001703577512778,0.08498995983935743,0.04497549019607843,0.27,False,True,False,True
149,0,0,0,0,187.6,83,31.89,201.4,81,17.12,264.2,79,11.89,8.8,1,2.38,1,False,662.0,244,63.28000000000001,2.2602409638554217,2.4864197530864196,3.3443037974683545,8.8,0.28338368580060425,0.3042296072507553,0.39909365558912385,0.013293051359516618,False,False,False,False,0.16998933901918978,0.08500496524329693,0.04500378501135504,0.27045454545454545,False,True,False,True
131,0,0,1,33,177.1,100,30.11,194.0,85,16.49,253.4,124,11.4,5.2,5,1.4,1,False,629.7,314,59.39999999999999,1.771,2.2823529411764705,2.043548387096774,1.04,0.2812450373193584,0.3080832142289979,0.40241384786406226,0.008257900587581388,False,False,False,False,0.17001693958215697,0.08499999999999999,0.04498816101026046,0.2692307692307692,True,False,False,True
83,0,0,0,0,117.9,101,20.04,160.4,92,13.63,235.3,150,10.59,11.4,10,3.08,0,False,525.0,353,47.34,1.1673267326732675,1.7434782608695654,1.5686666666666667,1.1400000000000001,0.2245714285714286,0.30552380952380953,0.4481904761904762,0.021714285714285714,False,False,False,False,0.16997455470737913,0.08497506234413965,0.045006374840628985,0.27017543859649124,False,True,False,True
96,1,0,1,21,247.6,95,42.09,256.3,150,21.79,158.6,72,7.14,10.8,6,2.92,2,False,673.3,323,73.94,2.606315789473684,1.7086666666666668,2.2027777777777775,1.8,0.3677409772761028,0.38066240903015003,0.23555621565424031,0.01604039803950691,False,False,False,False,0.1699919224555735,0.08501755754974638,0.045018915510718786,0.27037037037037037,True,False,False,True
98,0,0,0,0,169.9,77,28.88,138.3,155,11.76,142.6,105,6.42,8.5,7,2.3,1,False,459.30000000000007,344,49.36,2.2064935064935067,0.8922580645161291,1.358095238095238,1.2142857142857142,0.36991073372523403,0.30111038536903983,0.31047245808839535,0.01850642281733072,False,False,False,False,0.16998234255444378,0.08503253796095443,0.045021037868162694,0.27058823529411763,False,True,False,True
3,1,0,0,0,185.0,120,31.45,203.7,129,17.31,170.5,89,7.67,14.1,3,3.81,3,False,573.3000000000001,341,60.24,1.5416666666666667,1.5790697674418603,1.9157303370786516,4.7,0.32269317983603696,0.35531135531135527,0.29740101168672595,0.024594453165881734,False,False,False,False,0.16999999999999998,0.0849779086892489,0.04498533724340176,0.2702127659574468,False,True,True,False
77,0,0,1,17,204.9,84,34.83,201.0,102,17.09,219.7,97,9.89,11.3,5,3.05,0,False,636.8999999999999,288,64.86,2.4392857142857145,1.9705882352941178,2.2649484536082474,2.2600000000000002,0.3217145548751767,0.3155911446066887,0.3449521117914901,0.01774218872664469,False,False,False,False,0.16998535871156661,0.08502487562189055,0.04501593081474739,0.26991150442477874,True,False,False,True
75,0,0,1,24,225.5,119,38.34,182.0,108,15.47,270.9,106,12.19,9.4,2,2.54,3,False,687.8,335,68.54,1.8949579831932772,1.6851851851851851,2.5556603773584903,4.7,0.3278569351555685,0.26461180575748766,0.39386449549287583,0.013666763594068045,False,False,False,False,0.17002217294900224,0.085,0.04499815430047988,0.2702127659574468,True,False,False,True
40,2,0,0,0,169.7,115,28.85,141.4,123,12.02,253.0,115,11.39,10.5,3,2.84,4,True,574.6,356,55.10000000000001,1.4756521739130435,1.1495934959349594,2.2,3.5,0.29533588583362336,0.24608423250957187,0.4403063000348068,0.018273581621997912,False,False,False,False,0.17000589275191516,0.085007072135785,0.045019762845849805,0.2704761904761905,False,True,False,True
16,1,0,0,0,161.9,100,27.52,230.1,138,19.56,148.8,78,6.7,10.2,11,2.75,3,False,551.0,327,56.53,1.619,1.6673913043478261,1.9076923076923078,0.9272727272727272,0.29382940108892924,0.4176043557168784,0.27005444646098004,0.01851179673321234,False,False,False,False,0.16998147004323655,0.08500651890482398,0.0450268817204301,0.26960784313725494,False,True,True,False
115,2,0,1,16,133.3,110,22.66,185.7,111,15.78,161.5,113,7.27,5.6,4,1.51,2,False,486.1,338,47.21999999999999,1.211818181818182,1.6729729729729728,1.4292035398230087,1.4,0.27422341082081875,0.3820201604608105,0.3322361653980662,0.011520263320304463,False,False,False,False,0.16999249812453113,0.08497576736672052,0.04501547987616099,0.2696428571428572,True,False,False,True
108,2,0,1,25,170.7,88,29.02,109.9,113,9.34,165.7,99,7.46,8.7,1,2.35,3,False,455.0,301,48.17,1.9397727272727272,0.972566371681416,1.6737373737373735,8.7,0.3751648351648351,0.24153846153846156,0.36417582417582417,0.01912087912087912,False,False,False,False,0.1700058582308143,0.08498635122838943,0.04502112251056126,0.2701149425287357,True,False,False,True
107,2,0,0,0,189.7,76,32.25,156.1,65,13.27,244.0,91,10.98,8.3,3,2.24,5,False,598.0999999999999,235,58.74,2.496052631578947,2.4015384615384616,2.681318681318681,2.766666666666667,0.3171710416318342,0.26099314495903697,0.4079585353619797,0.013877278047149309,True,False,True,False,0.17000527148128625,0.08500960922485586,0.045,0.26987951807228916,False,True,False,True
161,1,0,0,0,322.3,100,54.79,230.4,135,19.58,241.5,104,10.87,7.8,5,2.11,2,True,802.0,344,87.35000000000001,3.2230000000000003,1.7066666666666668,2.3221153846153846,1.56,0.4018703241895262,0.28728179551122196,0.3011221945137157,0.00972568578553616,False,False,False,False,0.16999689730065157,0.08498263888888888,0.0450103519668737,0.2705128205128205,False,True,False,True
147,1,0,0,0,124.4,74,21.15,320.9,78,27.28,157.2,126,7.07,10.4,4,2.81,2,False,612.9,282,58.31,1.6810810810810812,4.114102564102564,1.2476190476190476,2.6,0.20296948931310166,0.5235764398759993,0.2564855604503182,0.016968510360580846,False,False,False,False,0.170016077170418,0.08501090682455595,0.04497455470737914,0.2701923076923077,False,True,False,True
107,1,0,0,0,146.9,94,24.97,114.3,111,9.72,114.5,97,5.15,11.4,5,3.08,3,False,387.09999999999997,307,42.919999999999995,1.5627659574468085,1.0297297297297296,1.1804123711340206,2.2800000000000002,0.37948850426246455,0.2952725393955051,0.2957892017566521,0.02944975458537846,False,False,False,False,0.1699795779441797,0.08503937007874017,0.04497816593886463,0.27017543859649124,False,True,False,True
58,2,0,0,0,131.9,96,22.42,167.6,107,14.25,205.9,106,9.27,14.7,5,3.97,3,False,520.1,314,49.91,1.3739583333333334,1.5663551401869158,1.9424528301886792,2.94,0.25360507594693327,0.32224572197654294,0.39588540665256683,0.02826379542395693,False,False,False,False,0.16997725549658832,0.08502386634844869,0.04502185526954832,0.27006802721088435,False,True,False,True
91,0,0,0,0,147.2,121,25.02,175.2,87,14.89,136.3,80,6.13,13.3,3,3.59,2,False,472.0,291,49.629999999999995,1.2165289256198346,2.013793103448276,1.70375,4.433333333333334,0.311864406779661,0.3711864406779661,0.288771186440678,0.028177966101694915,False,False,False,False,0.16997282608695652,0.08498858447488586,0.04497432134996331,0.2699248120300752,False,True,False,True
13,1,0,0,0,143.1,139,24.33,239.6,88,20.37,221.7,123,9.98,7.1,5,1.92,2,False,611.5,355,56.60000000000001,1.0294964028776978,2.7227272727272727,1.8024390243902437,1.42,0.23401471790678657,0.3918233851185609,0.362551103843009,0.0116107931316435,False,False,False,False,0.170020964360587,0.08501669449081804,0.04501578709968426,0.27042253521126763,False,True,True,False
93,1,0,1,31,237.2,85,40.32,213.1,100,18.11,192.7,87,8.67,10.7,4,2.89,1,False,653.7,276,69.99,2.7905882352941176,2.131,2.214942528735632,2.675,0.3628575799296313,0.32599051552700015,0.2947835398500841,0.016368364693284378,False,False,False,False,0.1699831365935919,0.08498357578601595,0.044992215879605606,0.27009345794392525,True,False,False,True
95,2,0,0,0,184.2,95,31.31,181.6,101,15.44,143.4,113,6.45,12.8,4,3.46,2,False,521.9999999999999,313,56.660000000000004,1.9389473684210525,1.798019801980198,1.2690265486725665,3.2,0.35287356321839086,0.34789272030651347,0.274712643678161,0.024521072796934874,False,False,False,False,0.1699782844733985,0.08502202643171806,0.04497907949790795,0.27031249999999996,False,True,False,True
104,1,0,0,0,109.1,141,18.55,187.1,140,15.9,216.6,100,9.75,10.0,4,2.7,3,False,522.8,385,46.900000000000006,0.7737588652482269,1.3364285714285713,2.166,2.5,0.2086840091813313,0.35788064269319053,0.4143075745983168,0.01912777352716144,False,False,False,False,0.1700274977085243,0.08498129342597542,0.045013850415512466,0.27,False,True,False,True
35,0,0,0,0,138.1,115,23.48,158.2,82,13.45,215.7,118,9.71,10.3,2,2.78,5,True,522.3,317,49.42,1.2008695652173913,1.9292682926829268,1.8279661016949151,5.15,0.2644074286808348,0.3028910587784798,0.4129810453762206,0.01972046716446487,True,False,False,False,0.17002172338884866,0.08501896333754741,0.04501622624014836,0.2699029126213592,False,True,False,True
62,1,0,0,0,186.8,94,31.76,207.6,92,17.65,195.0,98,8.78,8.8,4,2.38,3,False,598.1999999999999,288,60.57,1.9872340425531916,2.256521739130435,1.989795918367347,2.2,0.31227014376462725,0.34704112337011034,0.3259779338014043,0.014710799063858243,False,False,False,False,0.17002141327623127,0.08501926782273603,0.04502564102564102,0.27045454545454545,False,True,False,True
143,2,0,0,0,155.4,112,26.42,290.9,92,24.73,228.4,91,10.28,13.9,5,3.75,1,False,688.5999999999999,300,65.18,1.3875,3.16195652173913,2.50989010989011,2.7800000000000002,0.22567528318327043,0.42245135056636657,0.3316874818472263,0.020185884403136803,False,False,False,False,0.17001287001287002,0.08501203162598832,0.04500875656742556,0.2697841726618705,False,True,False,True
60,1,1,0,0,205.9,97,35.0,277.4,117,23.58,202.0,139,9.09,11.0,2,2.97,0,True,696.3,355,70.64,2.122680412371134,2.370940170940171,1.4532374100719425,5.5,0.2957058739049261,0.3983914979175643,0.29010483986787305,0.015797788309636653,False,False,False,True,0.16998542982030113,0.08500360490266763,0.045,0.27,False,True,False,True
41,2,0,0,0,207.2,138,35.22,214.1,83,18.2,193.0,105,8.69,11.9,4,3.21,1,False,626.1999999999999,330,65.32,1.5014492753623188,2.5795180722891566,1.838095238095238,2.975,0.3308847013733632,0.341903545193229,0.3082082401788566,0.019003513254551265,False,False,False,False,0.16998069498069499,0.085007006071929,0.04502590673575129,0.26974789915966385,False,True,False,True
56,0,0,0,0,221.9,112,37.72,278.2,122,23.65,288.1,85,12.96,7.1,5,1.92,0,True,795.3000000000001,324,76.25,1.98125,2.280327868852459,3.3894117647058826,1.42,0.27901420847478936,0.34980510499182693,0.36225323777191,0.008927448761473656,False,False,False,False,0.16998648039657502,0.08501078360891445,0.044984380423464074,0.27042253521126763,False,True,False,True
94,1,0,0,0,220.8,111,37.54,156.2,67,13.28,187.9,89,8.46,10.5,4,2.84,2,False,575.4,271,62.120000000000005,1.9891891891891893,2.3313432835820893,2.1112359550561797,2.625,0.383733055265902,0.27146332985749044,0.32655543969412587,0.018248175182481754,False,False,False,False,0.17001811594202898,0.08501920614596671,0.04502394890899415,0.2704761904761905,False,True,False,True
73,1,0,1,47,173.7,117,29.53,204.0,114,17.34,174.6,94,7.86,6.3,3,1.7,2,False,558.5999999999999,328,56.43000000000001,1.4846153846153844,1.7894736842105263,1.8574468085106381,2.1,0.31095596133190123,0.36519871106337276,0.31256713211600434,0.011278195488721806,False,False,False,False,0.17000575705238918,0.085,0.0450171821305842,0.2698412698412698,True,False,False,True
127,1,1,0,0,143.2,60,24.34,179.5,159,15.26,171.8,122,7.73,6.2,4,1.67,4,True,500.7,345,49.0,2.3866666666666663,1.128930817610063,1.4081967213114754,1.55,0.2859996005592171,0.35849810265628124,0.34311963251447974,0.01238266427002197,False,False,False,True,0.16997206703910617,0.08501392757660167,0.0449941792782305,0.2693548387096774,False,True,False,True
33,1,0,0,0,184.4,111,31.35,203.8,110,17.32,237.4,100,10.68,9.3,5,2.51,3,False,634.9,326,61.86,1.6612612612612614,1.8527272727272728,2.374,1.86,0.2904394392817767,0.3209954323515515,0.37391715230745004,0.014647976059221926,False,False,False,False,0.17001084598698482,0.08498527968596663,0.04498736310025274,0.2698924731182795,False,True,False,True
148,2,0,0,0,216.2,95,36.75,185.7,105,15.78,300.0,143,13.5,10.0,5,2.7,2,False,711.9,348,68.73,2.2757894736842106,1.7685714285714285,2.097902097902098,2.0,0.30369433909256915,0.2608512431521281,0.42140750105351876,0.014046916701783959,False,False,False,False,0.16998149861239595,0.08497576736672052,0.045,0.27,False,True,False,True
81,1,0,0,0,129.9,121,22.08,230.1,105,19.56,140.5,123,6.32,13.3,3,3.59,0,False,513.8,352,51.55,1.0735537190082645,2.1914285714285713,1.1422764227642277,4.433333333333334,0.2528221097703387,0.4478396263137408,0.27345270533281435,0.02588555858310627,False,False,False,False,0.16997690531177828,0.08500651890482398,0.044982206405693954,0.2699248120300752,False,True,False,True
122,2,0,1,30,230.1,108,39.12,287.6,76,24.45,177.1,85,7.97,6.9,3,1.86,2,False,701.7,272,73.39999999999999,2.1305555555555555,3.78421052631579,2.083529411764706,2.3000000000000003,0.3279179136383069,0.4098617642867322,0.2523870599971498,0.00983326207781103,False,False,False,False,0.17001303780964797,0.08501390820584144,0.04500282326369283,0.26956521739130435,True,False,False,True
52,1,0,0,0,204.4,97,34.75,273.2,128,23.22,179.6,118,8.08,11.0,5,2.97,1,False,668.2,348,69.02,2.107216494845361,2.134375,1.5220338983050847,2.2,0.305896438192158,0.4088596228674049,0.2687818018557318,0.01646213708470518,False,False,False,False,0.17000978473581213,0.08499267935578331,0.04498886414253898,0.27,False,True,False,True
91,0,0,1,44,216.6,101,36.82,173.1,98,14.71,242.1,95,10.89,9.1,3,2.46,1,False,640.9,297,64.88,2.1445544554455447,1.7663265306122449,2.548421052631579,3.033333333333333,0.3379622405991574,0.2700889374317366,0.3777500390076455,0.014198782961460446,False,False,False,False,0.16999076638965835,0.08497978047371463,0.04498141263940521,0.2703296703296703,True,False,False,True
54,1,0,0,0,247.5,85,42.08,225.4,93,19.16,244.3,132,10.99,10.2,2,2.75,2,True,727.4000000000001,312,74.97999999999999,2.911764705882353,2.423655913978495,1.8507575757575758,5.1,0.3402529557327467,0.3098707726147924,0.33585372559802035,0.01402254605444047,False,False,False,False,0.17002020202020202,0.08500443655723158,0.04498567335243553,0.26960784313725494,False,True,False,True
152,2,0,0,0,228.1,93,38.78,136.4,106,11.59,197.3,107,8.88,9.0,2,2.43,1,False,570.8,308,61.68000000000001,2.4526881720430107,1.2867924528301888,1.84392523364486,4.5,0.39961457603363704,0.2389628591450596,0.3456552207428171,0.015767344078486335,False,False,False,False,0.17001315212626042,0.08497067448680351,0.04500760263558034,0.27,False,True,False,True
201,1,0,0,0,225.9,110,38.4,299.1,86,25.42,251.3,81,11.31,11.2,4,3.02,1,True,787.5,281,78.14999999999999,2.0536363636363637,3.4779069767441864,3.1024691358024694,2.8,0.28685714285714287,0.3798095238095238,0.3191111111111111,0.014222222222222221,False,False,False,False,0.1699867197875166,0.08498829822801739,0.045005968961400716,0.2696428571428572,False,True,False,True
78,1,0,0,0,103.5,115,17.6,117.9,102,10.02,201.0,94,9.05,12.0,3,3.24,4,True,434.4,314,39.910000000000004,0.9,1.1558823529411766,2.1382978723404253,4.0,0.2382596685082873,0.27140883977900554,0.462707182320442,0.027624309392265196,False,False,False,False,0.17004830917874397,0.08498727735368956,0.04502487562189055,0.27,False,True,False,True
67,1,0,0,0,115.5,70,19.64,252.2,143,21.44,208.9,91,9.4,7.5,6,2.03,0,False,584.1,310,52.51,1.65,1.7636363636363634,2.295604395604396,1.25,0.19774011299435026,0.4317753809279233,0.3576442390001712,0.012840267077555213,False,False,False,False,0.17004329004329005,0.08501189532117367,0.044997606510292006,0.27066666666666667,False,True,False,True
100,0,0,0,0,218.8,125,37.2,148.3,102,12.61,277.8,97,12.5,9.7,6,2.62,1,False,654.6000000000001,330,64.93,1.7504000000000002,1.4539215686274511,2.863917525773196,1.6166666666666665,0.3342499236174763,0.22655056523067518,0.4243813015582034,0.01481820959364497,False,False,False,False,0.170018281535649,0.08503034389750505,0.04499640028797696,0.2701030927835052,False,True,False,True
41,2,0,0,0,223.8,67,38.05,244.8,74,20.81,223.8,156,10.07,12.3,5,3.32,3,False,704.7,302,72.25,3.3402985074626868,3.308108108108108,1.4346153846153846,2.46,0.3175819497658578,0.34738186462324394,0.3175819497658578,0.017454235845040442,False,False,False,False,0.17001787310098299,0.08500816993464051,0.04499553172475424,0.26991869918699185,False,True,False,True
133,1,0,0,0,143.8,71,24.45,184.0,131,15.64,275.5,132,12.4,12.9,4,3.48,3,False,616.1999999999999,338,55.97,2.0253521126760563,1.4045801526717556,2.087121212121212,3.225,0.23336579032781568,0.29860434923726065,0.4470950989938332,0.02093476144109056,False,False,False,False,0.17002781641168288,0.085,0.045009074410163344,0.2697674418604651,False,True,False,True
36,0,0,1,43,29.9,123,5.08,129.1,117,10.97,325.9,105,14.67,8.6,6,2.32,2,False,493.5,351,33.04,0.24308943089430893,1.1034188034188033,3.103809523809524,1.4333333333333333,0.060587639311043565,0.26160081053698075,0.6603850050658561,0.017426545086119554,False,False,False,False,0.16989966555183947,0.0849728892331526,0.04501380791653882,0.2697674418604651,True,False,False,True
51,2,0,1,28,276.7,121,47.04,203.7,99,17.31,246.2,88,11.08,8.3,3,2.24,0,False,734.8999999999999,311,77.66999999999999,2.286776859504132,2.0575757575757576,2.7977272727272724,2.766666666666667,0.376513811402912,0.27718056878486874,0.33501156619948297,0.01129405361273643,False,False,False,False,0.17000361402240693,0.0849779086892489,0.04500406173842405,0.26987951807228916,True,False,False,True
122,1,0,0,0,141.4,128,24.04,146.4,70,12.44,123.0,75,5.54,8.1,4,2.19,0,False,418.90000000000003,277,44.209999999999994,1.1046875,2.0914285714285716,1.64,2.025,0.33755072809739795,0.34948675101456195,0.2936261637622344,0.01933635712580568,False,False,False,False,0.17001414427157,0.0849726775956284,0.04504065040650407,0.27037037037037037,False,True,False,True
110,0,0,0,0,192.6,102,32.74,178.9,118,15.21,214.6,74,9.66,9.4,4,2.54,1,False,595.5,298,60.15,1.888235294117647,1.5161016949152544,2.9,2.35,0.3234256926952141,0.30041981528127626,0.3603694374475231,0.015785054575986567,False,False,False,False,0.1699896157840083,0.08501956400223588,0.04501397949673812,0.2702127659574468,False,True,False,True
91,0,1,0,0,151.8,115,25.81,103.6,116,8.81,156.3,86,7.03,12.2,4,3.29,1,False,423.90000000000003,321,44.94,1.32,0.893103448275862,1.8174418604651164,3.05,0.3581033262561925,0.24439726350554372,0.36871903750884644,0.02878037272941731,False,False,False,True,0.17002635046113304,0.08503861003861005,0.04497760716570697,0.269672131147541,False,True,False,True
121,0,0,0,0,215.6,74,36.65,192.9,98,16.4,144.0,103,6.48,10.1,4,2.73,5,False,562.6,279,62.26,2.9135135135135135,1.9683673469387755,1.3980582524271845,2.525,0.38322076075364375,0.34287237824386774,0.25595449697831496,0.017952364024173478,True,False,True,False,0.16999072356215214,0.08501814411612234,0.045000000000000005,0.2702970297029703,False,True,False,True
109,1,0,0,0,180.0,100,30.6,229.0,103,19.47,139.4,105,6.27,7.8,8,2.11,3,False,556.1999999999999,316,58.45,1.8,2.2233009708737863,1.3276190476190477,0.975,0.3236245954692557,0.4117224020136642,0.2506292700467458,0.014023732470334414,False,False,False,False,0.17,0.08502183406113537,0.04497847919655667,0.2705128205128205,False,True,False,True
72,1,0,0,0,196.5,88,33.41,158.6,129,13.48,269.3,118,12.12,6.8,3,1.84,0,False,631.2,338,60.85,2.2329545454545454,1.2294573643410853,2.2822033898305087,2.2666666666666666,0.31131178707224333,0.2512674271229404,0.42664765525982257,0.010773130544993662,False,False,False,False,0.17002544529262084,0.08499369482976041,0.045005569996286666,0.2705882352941177,False,True,False,True
108,1,0,0,0,193.3,126,32.86,154.7,85,13.15,174.8,98,7.87,9.4,6,2.54,3,False,532.1999999999999,315,56.419999999999995,1.5341269841269842,1.8199999999999998,1.7836734693877552,1.5666666666666667,0.3632093198045848,0.2906801954152574,0.32844795189778286,0.01766253288237505,False,False,False,False,0.1699948266942576,0.0850032320620556,0.04502288329519451,0.2702127659574468,False,True,False,True
148,1,1,0,0,218.7,111,37.18,155.6,133,13.23,277.4,62,12.48,8.2,5,2.21,1,False,659.9,311,65.1,1.9702702702702701,1.1699248120300751,4.474193548387096,1.64,0.3314138505834217,0.2357933020154569,0.420366722230641,0.012426125170480376,False,False,False,True,0.1700045724737083,0.08502570694087404,0.04498918529199712,0.26951219512195124,False,True,False,True
76,2,1,0,0,246.8,110,41.96,206.3,63,17.54,208.4,123,9.38,13.2,5,3.56,0,True,674.7,301,72.44,2.2436363636363637,3.274603174603175,1.694308943089431,2.6399999999999997,0.36579220394249296,0.3057655254187046,0.3088780198606788,0.01956425077812361,False,False,False,True,0.1700162074554295,0.0850218128938439,0.04500959692898273,0.2696969696969697,False,True,False,True
103,1,0,0,0,174.7,151,29.7,148.0,56,12.58,168.2,109,7.57,15.8,3,4.27,6,True,506.7,319,54.120000000000005,1.1569536423841058,2.642857142857143,1.5431192660550457,5.266666666666667,0.3447799486875863,0.29208604697059404,0.33195184527333726,0.03118215906848234,True,False,False,False,0.1700057240984545,0.085,0.04500594530321047,0.27025316455696197,False,True,False,True
87,1,0,0,0,240.0,83,40.8,134.1,106,11.4,189.1,84,8.51,9.3,2,2.51,0,True,572.5,275,63.21999999999999,2.891566265060241,1.2650943396226415,2.251190476190476,4.65,0.4192139737991266,0.234235807860262,0.3303056768558952,0.016244541484716157,False,False,False,False,0.16999999999999998,0.08501118568232663,0.04500264410364886,0.2698924731182795,False,True,False,True
35,2,0,1,37,181.2,76,30.8,177.6,98,15.1,228.0,136,10.26,5.0,3,1.35,2,False,591.8,313,57.51,2.384210526315789,1.8122448979591836,1.6764705882352942,1.6666666666666667,0.30618452179790473,0.30010138560324434,0.3852652923284894,0.00844880027036161,False,False,False,False,0.16997792494481237,0.08502252252252253,0.045,0.27,True,False,False,True
77,2,0,1,29,211.1,89,35.89,223.5,97,19.0,148.4,106,6.68,9.7,9,2.62,2,False,592.7,301,64.19,2.3719101123595503,2.304123711340206,1.4000000000000001,1.0777777777777777,0.35616669478656987,0.3770879028176143,0.2503796186941117,0.016365783701704065,False,False,False,False,0.1700142112742776,0.08501118568232663,0.04501347708894878,0.2701030927835052,True,False,False,True
124,2,0,0,0,169.3,108,28.78,178.6,91,15.18,242.3,82,10.9,12.2,3,3.29,1,False,602.4000000000001,284,58.15,1.5675925925925926,1.9626373626373625,2.954878048780488,4.066666666666666,0.28104249667994685,0.29648074369189903,0.40222443559096943,0.02025232403718459,False,False,False,False,0.16999409332545776,0.08499440089585666,0.044985555096987206,0.269672131147541,False,True,False,True
30,1,0,0,0,247.4,107,42.06,175.9,76,14.95,287.4,90,12.93,11.3,2,3.05,0,False,722.0,275,72.99,2.3121495327102806,2.3144736842105265,3.193333333333333,5.65,0.34265927977839333,0.24362880886426594,0.3980609418282548,0.015650969529085873,False,False,False,False,0.17000808407437348,0.08499147242751563,0.04498956158663883,0.26991150442477874,False,True,False,True
53,1,0,1,32,131.2,63,22.3,227.4,125,19.33,178.9,105,8.05,12.8,2,3.46,2,False,550.3,295,53.13999999999999,2.0825396825396822,1.8192000000000002,1.7038095238095239,6.4,0.23841540977648557,0.4132291477375977,0.3250954025077231,0.023260039978193717,False,False,False,False,0.16996951219512196,0.08500439753737905,0.04499720514253773,0.27031249999999996,True,False,False,True
100,2,1,0,0,107.2,98,18.22,86.8,122,7.38,156.2,117,7.03,9.7,4,2.62,1,False,359.9,341,35.24999999999999,1.0938775510204082,0.7114754098360655,1.335042735042735,2.425,0.2978605168102251,0.24117810502917478,0.43400944706863015,0.026951931091969993,False,False,False,True,0.16996268656716415,0.08502304147465438,0.045006402048655574,0.2701030927835052,False,True,False,True
59,0,0,1,32,211.9,120,36.02,202.9,136,17.25,213.5,95,9.61,8.8,5,2.38,1,False,637.0999999999999,356,65.26,1.7658333333333334,1.4919117647058824,2.2473684210526317,1.7600000000000002,0.3326008475906452,0.3184743368388009,0.3351122272798619,0.013812588290692202,False,False,False,False,0.1699858423784804,0.08501724987678659,0.045011709601873534,0.27045454545454545,True,False,False,True
143,2,0,0,0,160.4,120,27.27,285.9,104,24.3,182.5,85,8.21,6.9,4,1.86,3,False,635.6999999999999,313,61.64,1.3366666666666667,2.7490384615384613,2.1470588235294117,1.725,0.2523202768601542,0.44974044360547427,0.2870851030360233,0.01085417649834828,False,False,False,False,0.17001246882793017,0.08499475341028333,0.04498630136986302,0.26956521739130435,False,True,False,True
111,0,0,0,0,294.7,90,50.1,294.6,72,25.04,260.1,121,11.7,10.8,3,2.92,1,True,860.1999999999999,286,89.76,3.2744444444444443,4.091666666666667,2.1495867768595045,3.6,0.34259474540804463,0.3424784933736341,0.3023715415019763,0.012555219716345038,False,False,False,False,0.17000339328130304,0.08499660556687032,0.04498269896193771,0.27037037037037037,False,True,False,True
143,2,0,0,0,133.4,107,22.68,223.9,117,19.03,180.4,85,8.12,10.2,13,2.75,1,False,547.9000000000001,322,52.58,1.246728971962617,1.9136752136752138,2.1223529411764708,0.7846153846153846,0.2434750866946523,0.40865121372513225,0.32925716371600655,0.01861653586420879,False,False,False,False,0.17001499250374813,0.08499330058061635,0.045011086474501104,0.26960784313725494,False,True,False,True
68,1,1,1,24,125.7,92,21.37,275.9,98,23.45,214.5,108,9.65,14.2,6,3.83,3,True,630.3,304,58.3,1.366304347826087,2.8153061224489795,1.9861111111111112,2.3666666666666667,0.199428843407901,0.43772806600031733,0.3403141361256545,0.02252895446612724,False,False,False,False,0.1700079554494829,0.08499456324755346,0.04498834498834499,0.26971830985915496,True,False,False,True
93,2,1,0,0,168.4,114,28.63,276.0,127,23.46,196.2,48,8.83,11.4,3,3.08,1,False,651.9999999999999,292,64.0,1.4771929824561405,2.173228346456693,4.0874999999999995,3.8000000000000003,0.2582822085889571,0.4233128834355829,0.30092024539877305,0.01748466257668712,False,False,False,True,0.17001187648456056,0.085,0.04500509683995923,0.27017543859649124,False,True,False,True
103,1,0,0,0,70.9,134,12.05,134.5,112,11.43,168.8,164,7.6,12.0,6,3.24,2,False,386.20000000000005,416,34.32,0.5291044776119403,1.2008928571428572,1.0292682926829269,2.0,0.1835836354220611,0.34826514759192123,0.4370792335577421,0.031071983428275503,False,False,False,False,0.1699576868829337,0.0849814126394052,0.04502369668246445,0.27,False,True,False,True
144,2,0,1,38,105.0,86,17.85,121.8,123,10.35,221.5,122,9.97,3.7,4,1.0,0,False,452.0,335,39.17,1.2209302325581395,0.9902439024390244,1.8155737704918034,0.925,0.2323008849557522,0.26946902654867255,0.49004424778761063,0.008185840707964602,False,False,False,False,0.17,0.08497536945812807,0.04501128668171558,0.27027027027027023,True,False,False,True
93,1,0,0,0,152.1,141,25.86,215.5,107,18.32,262.4,111,11.81,12.0,7,3.24,1,False,642.0,366,59.230000000000004,1.078723404255319,2.014018691588785,2.363963963963964,1.7142857142857142,0.23691588785046727,0.3356697819314642,0.4087227414330218,0.018691588785046728,False,False,False,False,0.17001972386587771,0.08501160092807425,0.04500762195121952,0.27,False,True,False,True
149,2,1,0,0,180.9,79,30.75,194.9,83,16.57,197.8,109,8.9,8.8,9,2.38,3,False,582.4,280,58.6,2.289873417721519,2.3481927710843373,1.8146788990825689,0.9777777777777779,0.31061126373626374,0.3346497252747253,0.3396291208791209,0.015109890109890112,False,False,False,True,0.16998341625207297,0.08501795792714212,0.04499494438827098,0.27045454545454545,False,True,False,True
23,2,0,1,31,156.6,84,26.62,161.5,96,13.73,294.6,107,13.26,9.4,6,2.54,1,False,622.1,293,56.15,1.8642857142857143,1.6822916666666667,2.7532710280373833,1.5666666666666667,0.2517280180035364,0.25960456518244657,0.4735573058993731,0.015110110914643949,False,False,False,False,0.1699872286079183,0.085015479876161,0.045010183299388995,0.2702127659574468,True,False,True,False
221,2,0,1,24,180.5,85,30.69,224.1,92,19.05,205.7,103,9.26,2.4,3,0.65,0,False,612.6999999999999,283,59.65,2.123529411764706,2.4358695652173914,1.9970873786407766,0.7999999999999999,0.2945976823894239,0.36575811979761713,0.33572710951526036,0.003917088297698711,False,False,False,False,0.17002770083102495,0.08500669344042838,0.04501701507049101,0.27083333333333337,True,False,False,True
164,2,0,1,30,238.8,100,40.6,230.0,121,19.55,206.3,66,9.28,13.2,8,3.56,1,False,688.3000000000001,295,72.99000000000001,2.388,1.9008264462809918,3.125757575757576,1.65,0.346941740520122,0.33415661775388633,0.29972395757663806,0.019177684149353478,False,False,False,False,0.17001675041876047,0.085,0.04498303441589917,0.2696969696969697,True,False,False,True
104,1,0,1,18,182.1,66,30.96,213.6,65,18.16,193.0,108,8.69,13.4,9,3.62,2,False,602.1,248,61.43,2.759090909090909,3.286153846153846,1.787037037037037,1.488888888888889,0.3024414549078226,0.3547583457897359,0.3205447600066434,0.02225543929579804,False,False,False,False,0.1700164744645799,0.0850187265917603,0.04502590673575129,0.2701492537313433,True,False,False,True
150,1,0,1,35,139.6,72,23.73,332.8,170,28.29,213.8,105,9.62,8.8,2,2.38,2,False,695.0,349,64.02,1.9388888888888889,1.9576470588235295,2.0361904761904763,4.4,0.20086330935251798,0.4788489208633094,0.30762589928057554,0.012661870503597123,False,False,False,False,0.16998567335243553,0.08500600961538461,0.04499532273152478,0.27045454545454545,True,False,False,True
184,0,0,1,12,200.3,76,34.05,253.6,105,21.56,149.3,93,6.72,10.2,5,2.75,0,False,613.4000000000001,279,65.08,2.6355263157894737,2.415238095238095,1.6053763440860216,2.04,0.32654059341375935,0.4134333224649494,0.2433974567981741,0.01662862732311705,False,False,False,False,0.16999500748876684,0.08501577287066246,0.0450100468854655,0.26960784313725494,True,False,False,True
61,1,1,1,29,128.2,119,21.79,171.7,83,14.59,250.9,114,11.29,11.7,6,3.16,3,False,562.5,322,50.83,1.0773109243697478,2.0686746987951805,2.200877192982456,1.95,0.2279111111111111,0.30524444444444443,0.44604444444444447,0.0208,False,False,False,False,0.1699687987519501,0.08497379149679675,0.044998007174172974,0.2700854700854701,True,False,False,True
115,1,0,0,0,226.4,101,38.49,276.8,60,23.53,213.4,82,9.6,12.3,4,3.32,3,True,728.9,247,74.94,2.241584158415842,4.613333333333333,2.602439024390244,3.075,0.31060502126491973,0.37975030868431886,0.2927699272876938,0.01687474276306764,False,False,False,False,0.1700088339222615,0.08500722543352601,0.04498594189315838,0.26991869918699185,False,True,False,True
33,0,0,0,0,251.9,81,42.82,194.6,96,16.54,211.2,87,9.5,8.4,3,2.27,2,False,666.1,267,71.13,3.1098765432098765,2.027083333333333,2.4275862068965517,2.8000000000000003,0.3781714457288695,0.29214832607716557,0.3170695090827203,0.012610719111244558,False,False,False,False,0.16998809051210798,0.08499486125385405,0.04498106060606061,0.2702380952380952,False,True,False,True
100,2,0,0,0,264.5,117,44.97,194.0,111,16.49,262.7,111,11.82,7.5,4,2.03,2,True,728.7,343,75.31,2.2606837606837606,1.7477477477477477,2.3666666666666667,1.875,0.3629751612460546,0.26622752847536707,0.3605050089199945,0.01029230135858378,False,False,False,False,0.17001890359168242,0.08499999999999999,0.0449942900647126,0.27066666666666667,False,True,False,True
75,2,0,1,28,200.6,96,34.1,164.1,111,13.95,169.6,153,7.63,2.5,5,0.68,1,False,536.8,365,56.36,2.089583333333333,1.4783783783783784,1.1084967320261438,0.5,0.37369597615499256,0.3057004470938897,0.315946348733234,0.004657228017883756,False,False,False,False,0.1699900299102692,0.0850091407678245,0.04498820754716981,0.272,True,False,False,True
121,0,0,1,34,245.0,95,41.65,216.9,66,18.44,112.4,125,5.06,7.5,8,2.03,0,False,581.8,294,67.18,2.5789473684210527,3.2863636363636366,0.8992,0.9375,0.4211069095909247,0.3728085252664146,0.1931935372980406,0.012891027844620146,False,False,False,False,0.16999999999999998,0.08501613646841863,0.04501779359430604,0.27066666666666667,True,False,False,True
142,1,1,0,0,140.8,140,23.94,228.6,119,19.43,152.9,88,6.88,10.9,7,2.94,1,False,533.1999999999999,354,53.190000000000005,1.0057142857142858,1.9210084033613446,1.7375,1.5571428571428572,0.2640660165041261,0.4287321830457615,0.2867591897974494,0.02044261065266317,False,False,False,True,0.17002840909090908,0.08499562554680665,0.044996729888816214,0.2697247706422018,False,True,False,True
121,2,0,0,0,255.1,93,43.37,266.9,97,22.69,197.7,118,8.9,8.8,3,2.38,3,True,728.5,311,77.34,2.743010752688172,2.751546391752577,1.6754237288135592,2.9333333333333336,0.35017158544955385,0.3663692518874399,0.27137954701441314,0.012079615648593,False,False,False,False,0.17001176009408075,0.08501311352566505,0.04501770359129995,0.27045454545454545,False,True,False,True
87,1,0,1,33,125.0,99,21.25,235.3,81,20.0,215.3,95,9.69,10.2,7,2.75,2,False,585.8000000000001,282,53.69,1.2626262626262625,2.9049382716049386,2.2663157894736843,1.457142857142857,0.21338340730624783,0.40167292591328096,0.3675315807442813,0.017412086036189822,False,False,False,False,0.17,0.08499787505312367,0.045006967022758936,0.26960784313725494,True,False,False,True
34,0,0,0,0,180.6,65,30.7,280.4,99,23.83,292.4,105,13.16,5.0,3,1.35,1,False,758.4,272,69.03999999999999,2.7784615384615385,2.832323232323232,2.7847619047619045,1.6666666666666667,0.23813291139240506,0.3697257383966244,0.38554852320675104,0.006592827004219409,False,False,False,False,0.1699889258028793,0.08498573466476463,0.045006839945280444,0.27,False,True,False,True
177,1,1,0,0,248.7,118,42.28,172.3,73,14.65,191.9,87,8.64,11.3,2,3.05,1,True,624.1999999999999,280,68.61999999999999,2.107627118644068,2.36027397260274,2.2057471264367816,5.65,0.3984299903876963,0.2760333226529959,0.30743351489907084,0.018103172060237108,False,False,False,True,0.17000402090872538,0.08502611723737666,0.045023449713392394,0.26991150442477874,False,True,False,True
58,1,0,1,30,178.1,111,30.28,236.7,109,20.12,264.0,118,11.88,8.4,2,2.27,0,False,687.1999999999999,340,64.55000000000001,1.6045045045045045,2.1715596330275226,2.23728813559322,4.2,0.2591676367869616,0.34444121071012807,0.38416763678696164,0.01222351571594878,False,False,False,False,0.17001684446939921,0.08500211237853825,0.045000000000000005,0.2702380952380952,True,False,False,True
113,1,1,0,0,122.2,112,20.77,131.7,94,11.19,169.5,106,7.63,10.3,9,2.78,5,True,433.7,321,42.370000000000005,1.0910714285714287,1.401063829787234,1.599056603773585,1.1444444444444446,0.28176158635001153,0.3036661286603643,0.3908231496426101,0.023749135347014068,True,True,False,True,0.16996726677577742,0.08496583143507973,0.045014749262536874,0.2699029126213592,False,True,False,True
89,1,0,0,0,111.2,101,18.9,122.1,94,10.38,180.8,85,8.14,12.6,2,3.4,3,False,426.70000000000005,282,40.82,1.100990099009901,1.298936170212766,2.127058823529412,6.3,0.2606046402624795,0.28614951956878365,0.42371689711741267,0.02952894305132411,False,False,False,False,0.1699640287769784,0.08501228501228503,0.04502212389380531,0.2698412698412698,False,True,False,True
77,0,1,1,44,103.2,117,17.54,236.3,86,20.09,203.5,101,9.16,11.9,2,3.21,0,True,554.9,306,49.99999999999999,0.882051282051282,2.7476744186046513,2.014851485148515,5.95,0.1859794557577942,0.4258424941430889,0.36673274463867367,0.021445305460443324,False,False,False,False,0.1699612403100775,0.08501904358865849,0.04501228501228501,0.26974789915966385,True,False,False,True
146,2,0,0,0,138.4,104,23.53,158.9,122,13.51,47.4,73,2.13,3.9,9,1.05,4,True,348.59999999999997,308,40.22,1.330769230769231,1.3024590163934426,0.6493150684931507,0.43333333333333335,0.39701663798049347,0.4558232931726908,0.1359724612736661,0.011187607573149743,False,False,False,False,0.17001445086705202,0.08502202643171805,0.04493670886075949,0.2692307692307693,False,True,False,True
93,1,0,0,0,146.3,85,24.87,216.6,95,18.41,233.0,82,10.49,11.5,3,3.11,0,False,607.4,265,56.88,1.7211764705882355,2.28,2.841463414634146,3.8333333333333335,0.2408626934474811,0.35660190977938755,0.38360223905169577,0.01893315772143563,False,False,False,False,0.16999316473000683,0.08499538319482917,0.045021459227467815,0.27043478260869563,False,True,False,True
160,1,0,0,0,206.3,66,35.07,241.1,109,20.49,227.8,102,10.25,11.7,6,3.16,0,False,686.9000000000001,283,68.97,3.125757575757576,2.211926605504587,2.2333333333333334,1.95,0.30033483767651764,0.35099723394962873,0.3316348813509972,0.017033047022856306,False,False,False,False,0.1699951526902569,0.08498548320199087,0.04499561018437225,0.2700854700854701,False,True,False,True
55,1,0,0,0,132.0,103,22.44,279.6,114,23.77,180.0,74,8.1,13.5,4,3.65,0,False,605.1,295,57.96,1.2815533980582525,2.4526315789473685,2.4324324324324325,3.375,0.2181457610312345,0.4620723847297967,0.2974714923153198,0.022310361923648984,False,False,False,False,0.17,0.0850143061516452,0.045,0.27037037037037037,False,True,False,True
88,0,0,0,0,274.6,105,46.68,161.1,121,13.69,194.4,123,8.75,9.2,4,2.48,2,False,639.3000000000001,353,71.60000000000001,2.6152380952380954,1.331404958677686,1.5804878048780489,2.3,0.4295323009541686,0.25199436884091975,0.3040825903331769,0.014390739871734707,False,False,False,False,0.16999271667880553,0.08497827436374922,0.04501028806584362,0.26956521739130435,False,True,False,True
63,2,0,0,0,185.3,87,31.5,225.3,87,19.15,194.3,93,8.74,11.7,3,3.16,0,False,616.6000000000001,270,62.55,2.1298850574712644,2.589655172413793,2.089247311827957,3.9,0.3005189750243269,0.3653908530651962,0.3151151475835225,0.01897502432695426,False,False,False,False,0.1699946033459255,0.08499778073679537,0.04498198661863098,0.2700854700854701,False,True,False,True
57,1,0,1,30,179.2,105,30.46,283.2,83,24.07,228.1,77,10.26,14.7,5,3.97,1,False,705.2,270,68.76,1.7066666666666666,3.4120481927710844,2.9623376623376623,2.94,0.2541123085649461,0.4015882019285309,0.3234543391945547,0.020845150311968232,False,False,False,False,0.1699776785714286,0.08499293785310735,0.04498027181060938,0.27006802721088435,True,False,False,True
138,2,1,0,0,286.2,61,48.65,187.2,60,15.91,146.2,114,6.58,11.0,4,2.97,2,True,630.5999999999999,239,74.11,4.691803278688524,3.1199999999999997,1.2824561403508772,2.75,0.4538534728829686,0.29686013320647003,0.23184268950206155,0.017443704408499842,False,False,False,True,0.16998602375960867,0.08498931623931624,0.045006839945280444,0.27,False,True,False,True
115,0,0,0,0,268.0,115,45.56,153.6,106,13.06,232.3,65,10.45,17.0,1,4.59,3,False,670.9000000000001,287,73.66000000000001,2.3304347826086955,1.4490566037735848,3.573846153846154,17.0,0.3994634073632434,0.2289461916828141,0.3462513042182143,0.025339096735728123,False,False,False,False,0.17,0.08502604166666668,0.044984933275936285,0.27,False,True,False,True
171,1,0,0,0,137.5,110,23.38,198.1,109,16.84,292.7,131,13.17,13.3,5,3.59,2,False,641.5999999999999,355,56.980000000000004,1.25,1.8174311926605504,2.234351145038168,2.66,0.21430798004987534,0.30875935162094764,0.4562032418952619,0.020729426433915215,False,False,False,False,0.17003636363636362,0.08500757193336698,0.044994875298940896,0.2699248120300752,False,True,False,True
127,2,0,0,0,134.9,79,22.93,221.5,114,18.83,113.8,118,5.12,15.0,2,4.05,1,False,485.2,313,50.92999999999999,1.7075949367088608,1.9429824561403508,0.964406779661017,7.5,0.2780296784830998,0.45651277823577907,0.2345424567188788,0.030915086562242376,False,False,False,False,0.16997776130467013,0.08501128668171556,0.04499121265377856,0.26999999999999996,False,True,False,True
61,1,0,0,0,234.2,76,39.81,216.7,108,18.42,130.6,122,5.88,13.9,2,3.75,1,False,595.4,308,67.86,3.081578947368421,2.0064814814814813,1.0704918032786885,6.95,0.3933490090695331,0.36395700369499495,0.21934833725226738,0.02334564998320457,False,False,False,False,0.16998292058070028,0.08500230733733273,0.045022970903522204,0.2697841726618705,False,True,False,True
131,1,0,0,0,175.1,73,29.77,171.9,116,14.61,131.1,94,5.9,7.3,6,1.97,1,False,485.40000000000003,289,52.24999999999999,2.3986301369863012,1.481896551724138,1.3946808510638298,1.2166666666666666,0.36073341573959616,0.3541409147095179,0.2700865265760197,0.015039142974866089,False,False,False,False,0.17001713306681895,0.08499127399650959,0.045003813882532426,0.26986301369863014,False,True,False,True
88,0,0,0,0,142.2,107,24.17,262.4,84,22.3,139.2,99,6.26,10.1,5,2.73,1,False,553.9,295,55.459999999999994,1.3289719626168224,3.1238095238095234,1.406060606060606,2.02,0.2567250406210507,0.47373172052717094,0.2513089005235602,0.01823433832821809,False,False,False,False,0.16997187060478203,0.08498475609756098,0.044971264367816094,0.2702970297029703,False,True,False,True
130,2,0,0,0,132.4,81,22.51,200.3,110,17.03,202.5,103,9.11,6.0,1,1.62,2,False,541.2,295,50.27,1.634567901234568,1.820909090909091,1.9660194174757282,6.0,0.24464153732446414,0.37010347376201036,0.37416851441241683,0.011086474501108647,False,False,False,False,0.17001510574018128,0.08502246630054917,0.04498765432098765,0.27,False,True,False,True
89,1,0,1,24,97.8,98,16.63,207.2,67,17.61,214.5,126,9.65,5.9,2,1.59,0,False,525.4,293,45.48,0.9979591836734694,3.0925373134328358,1.7023809523809523,2.95,0.18614389036924248,0.39436619718309857,0.40826037304910545,0.011229539398553484,False,False,False,False,0.17004089979550102,0.08499034749034749,0.04498834498834499,0.2694915254237288,True,False,False,True
82,1,0,0,0,266.9,83,45.37,229.7,74,19.52,251.7,99,11.33,11.0,6,2.97,3,True,759.3,262,79.19,3.2156626506024093,3.1040540540540538,2.5424242424242425,1.8333333333333333,0.35150796786513894,0.3025154747794021,0.33148952983010666,0.0144870275253523,False,False,False,False,0.16998875983514425,0.08498040922942969,0.04501390544298769,0.27,False,True,False,True
115,1,0,0,0,200.2,92,34.03,244.9,107,20.82,190.9,96,8.59,8.8,3,2.38,1,False,644.8,298,65.82,2.176086956521739,2.288785046728972,1.9885416666666667,2.9333333333333336,0.31048387096774194,0.37980769230769235,0.29606079404466507,0.013647642679900747,False,False,False,False,0.16998001998002,0.08501429154757044,0.04499738082765846,0.27045454545454545,False,True,False,True
117,2,1,0,0,198.4,121,33.73,249.5,104,21.21,162.8,115,7.33,10.5,5,2.84,1,False,621.2,345,65.11,1.6396694214876033,2.3990384615384617,1.4156521739130437,2.1,0.3193818415969092,0.4016419832582099,0.262073406310367,0.016902768834513842,False,False,False,True,0.17001008064516127,0.08501002004008017,0.04502457002457002,0.2704761904761905,False,True,False,True
60,1,0,0,0,180.3,67,30.65,208.0,68,17.68,181.2,101,8.15,12.8,6,3.46,2,False,582.3,242,59.94,2.691044776119403,3.0588235294117645,1.7940594059405939,2.1333333333333333,0.3096342091705307,0.35720419027992445,0.3111798042246265,0.02198179632491843,False,False,False,False,0.16999445368829727,0.08499999999999999,0.04497792494481237,0.27031249999999996,False,True,False,True
62,1,0,0,0,86.3,84,14.67,238.7,99,20.29,238.4,79,10.73,12.5,1,3.38,2,False,575.9,263,49.07,1.0273809523809523,2.411111111111111,3.017721518987342,12.5,0.1498524049314117,0.4144816808473693,0.41396075707588126,0.021705157145337734,False,False,False,False,0.16998841251448435,0.08500209467951403,0.04500838926174497,0.2704,False,True,False,True
131,0,0,0,0,240.9,108,40.95,167.4,91,14.23,322.2,109,14.5,14.7,8,3.97,3,False,745.2,316,73.65,2.2305555555555556,1.8395604395604397,2.9559633027522936,1.8375,0.32326892109500804,0.2246376811594203,0.4323671497584541,0.01972624798711755,False,False,False,False,0.16998754669987548,0.08500597371565113,0.04500310366232154,0.27006802721088435,False,True,False,True
65,0,0,0,0,207.7,109,35.31,217.5,117,18.49,125.6,111,5.65,8.0,5,2.16,1,False,558.8,342,61.61,1.9055045871559633,1.858974358974359,1.1315315315315315,1.6,0.3716893342877595,0.389226914817466,0.22476735862562636,0.014316392269148177,False,False,False,False,0.17000481463649497,0.08501149425287356,0.04498407643312102,0.27,False,True,False,True
142,2,0,1,22,224.4,114,38.15,146.0,106,12.41,241.4,98,10.86,8.8,2,2.38,1,False,620.5999999999999,320,63.800000000000004,1.968421052631579,1.3773584905660377,2.463265306122449,4.4,0.36158556235900746,0.23525620367386404,0.38897840799226563,0.01417982597486304,False,False,False,False,0.17000891265597146,0.085,0.044987572493786245,0.27045454545454545,True,False,False,True
134,1,0,0,0,164.9,115,28.03,126.5,96,10.75,238.5,125,10.73,10.0,9,2.7,2,False,539.9,345,52.21000000000001,1.433913043478261,1.3177083333333333,1.908,1.1111111111111112,0.3054269309131321,0.23430264863863678,0.44174847193924804,0.018521948508983147,False,False,False,False,0.16998180715585204,0.08498023715415019,0.044989517819706504,0.27,False,True,False,True
139,1,0,1,43,231.0,85,39.27,222.3,82,18.9,148.0,105,6.66,8.3,5,2.24,2,False,609.5999999999999,277,67.07,2.7176470588235295,2.7109756097560975,1.4095238095238096,1.6600000000000001,0.3789370078740158,0.36466535433070874,0.24278215223097116,0.013615485564304464,False,False,False,False,0.17,0.08502024291497974,0.045,0.26987951807228916,True,False,False,True
76,0,0,0,0,107.3,140,18.24,238.2,133,20.25,271.8,116,12.23,10.0,3,2.7,4,True,627.3,392,53.42,0.7664285714285715,1.7909774436090224,2.3431034482758624,3.3333333333333335,0.17105053403475212,0.37972262075561936,0.43328550932568155,0.015941335883947076,False,False,False,False,0.1699906803355079,0.0850125944584383,0.04499632082413539,0.27,False,True,False,True
100,0,0,0,0,185.0,122,31.45,182.5,92,15.51,274.9,92,12.37,5.1,8,1.38,1,False,647.5,314,60.71,1.5163934426229508,1.983695652173913,2.9880434782608694,0.6375,0.2857142857142857,0.28185328185328185,0.42455598455598453,0.007876447876447876,False,False,False,False,0.16999999999999998,0.08498630136986302,0.044998181156784285,0.27058823529411763,False,True,False,True
99,1,0,1,31,244.1,71,41.5,203.4,58,17.29,234.0,115,10.53,7.7,4,2.08,3,False,689.2,248,71.39999999999999,3.4380281690140846,3.506896551724138,2.034782608695652,1.925,0.35417875798026693,0.2951247823563552,0.3395240858966918,0.011172373766686013,False,False,False,False,0.1700122900450635,0.08500491642084562,0.045,0.2701298701298701,True,False,False,True
106,1,0,1,30,220.1,105,37.42,222.2,109,18.89,158.4,96,7.13,13.1,8,3.54,0,False,613.8,318,66.98,2.096190476190476,2.038532110091743,1.6500000000000001,1.6375,0.3585858585858586,0.3620071684587814,0.2580645161290323,0.021342456826327794,False,False,False,False,0.17001363016810542,0.08501350135013502,0.04501262626262626,0.2702290076335878,True,False,False,True
170,1,0,1,42,199.5,119,33.92,135.0,90,11.48,184.6,49,8.31,10.9,3,2.94,4,True,530.0,261,56.650000000000006,1.6764705882352942,1.5,3.76734693877551,3.6333333333333333,0.37641509433962267,0.25471698113207547,0.34830188679245283,0.020566037735849058,False,False,False,False,0.1700250626566416,0.08503703703703704,0.04501625135427953,0.2697247706422018,True,False,False,True
78,1,0,0,0,109.5,105,18.62,286.1,90,24.32,247.6,113,11.14,4.9,9,1.32,1,False,648.1,317,55.4,1.042857142857143,3.1788888888888893,2.191150442477876,0.5444444444444445,0.16895540811603146,0.44144422157074525,0.3820398086715013,0.007560561641721957,False,False,False,False,0.17004566210045663,0.08500524292205522,0.044991922455573506,0.2693877551020408,False,True,False,True
39,0,0,0,0,187.2,110,31.82,114.7,116,9.75,104.7,83,4.71,13.2,5,3.56,1,False,419.79999999999995,314,49.84,1.7018181818181817,0.9887931034482759,1.26144578313253,2.6399999999999997,0.44592663172939495,0.2732253454025727,0.249404478323011,0.03144354454502144,False,False,False,False,0.16997863247863249,0.08500435919790758,0.04498567335243553,0.2696969696969697,False,True,False,True
119,2,1,1,22,172.1,119,29.26,223.6,133,19.01,150.0,94,6.75,13.9,20,3.75,1,True,559.6,366,58.77,1.446218487394958,1.681203007518797,1.5957446808510638,0.6950000000000001,0.3075411007862759,0.3995711222301644,0.268048606147248,0.02483917083631165,False,False,False,False,0.17001743172574085,0.08501788908765653,0.045,0.2697841726618705,True,False,False,True
95,0,0,0,0,160.0,133,27.2,215.3,98,18.3,188.9,87,8.5,9.1,4,2.46,0,False,573.3000000000001,322,56.46,1.2030075187969924,2.1969387755102043,2.171264367816092,2.275,0.27908599337170764,0.3755450898308041,0.32949590092447234,0.015873015873015872,False,False,False,False,0.16999999999999998,0.08499767765908035,0.044997353096876656,0.2703296703296703,False,True,False,True
116,0,0,0,0,51.1,106,8.69,208.6,137,17.73,198.0,92,8.91,12.3,3,3.32,1,False,470.0,338,38.65,0.4820754716981132,1.5226277372262773,2.152173913043478,4.1000000000000005,0.10872340425531915,0.44382978723404254,0.42127659574468085,0.02617021276595745,False,False,False,False,0.17005870841487278,0.08499520613614574,0.045,0.26991869918699185,False,True,False,True
110,1,0,0,0,227.7,88,38.71,170.0,96,14.45,128.7,57,5.79,11.7,5,3.16,1,False,538.1,246,62.11,2.5875,1.7708333333333333,2.257894736842105,2.34,0.4231555472960416,0.315926407730905,0.2391748745586322,0.021743170414421108,False,False,False,False,0.1700043917435222,0.08499999999999999,0.044988344988344996,0.2700854700854701,False,True,False,True
74,2,0,0,0,203.8,77,34.65,205.1,111,17.43,154.9,109,6.97,9.0,2,2.43,1,False,572.8,299,61.48,2.646753246753247,1.8477477477477477,1.4211009174311928,4.5,0.3557960893854749,0.3580656424581006,0.2704259776536313,0.015712290502793297,False,False,False,False,0.1700196270853778,0.08498293515358361,0.044996772111039376,0.27,False,True,False,True
148,0,0,1,33,241.7,84,41.09,165.8,84,14.09,160.6,80,7.23,11.3,3,3.05,1,False,579.4,251,65.46000000000001,2.8773809523809524,1.973809523809524,2.0075,3.766666666666667,0.417155678287884,0.28615809458060065,0.27718329306178807,0.019502934069727307,False,False,False,False,0.1700041373603641,0.08498190591073582,0.0450186799501868,0.26991150442477874,True,False,False,True
83,2,0,0,0,78.1,70,13.28,239.3,115,20.34,144.4,112,6.5,12.3,4,3.32,1,False,474.09999999999997,301,43.44,1.1157142857142857,2.0808695652173914,1.2892857142857144,3.075,0.16473317865429235,0.5047458342121915,0.3045770934402025,0.02594389369331365,False,False,False,False,0.17003841229193342,0.08499791057250312,0.045013850415512466,0.26991869918699185,False,True,False,True
73,0,0,0,0,187.8,95,31.93,149.2,143,12.68,201.4,113,9.06,11.0,4,2.97,2,False,549.4,355,56.64,1.976842105263158,1.0433566433566432,1.7823008849557522,2.75,0.34182744812522753,0.27156898434655985,0.36658172551874774,0.02002184200946487,False,False,False,False,0.17002129925452608,0.08498659517426274,0.04498510427010924,0.27,False,True,False,True
111,1,0,1,21,127.1,94,21.61,228.3,116,19.41,166.7,108,7.5,7.1,3,1.92,1,False,529.1999999999999,321,50.44,1.352127659574468,1.9681034482758621,1.5435185185185185,2.3666666666666667,0.2401738473167045,0.43140589569161003,0.3150037792894936,0.013416477702191988,False,False,False,False,0.17002360346184106,0.0850197109067017,0.04499100179964007,0.27042253521126763,True,False,False,True
75,2,1,0,0,153.2,78,26.04,210.8,99,17.92,153.5,100,6.91,7.8,3,2.11,1,False,525.3,280,52.980000000000004,1.964102564102564,2.1292929292929292,1.535,2.6,0.29164287074052925,0.4012944983818771,0.2922139729678279,0.014848657909765849,False,False,False,True,0.1699738903394256,0.08500948766603415,0.045016286644951144,0.2705128205128205,False,True,False,True
71,2,1,0,0,186.1,114,31.64,198.6,140,16.88,206.5,80,9.29,13.8,5,3.73,4,True,605.0,339,61.53999999999999,1.632456140350877,1.4185714285714286,2.58125,2.7600000000000002,0.30760330578512396,0.32826446280991733,0.3413223140495868,0.0228099173553719,False,False,False,True,0.17001612036539496,0.08499496475327291,0.04498789346246973,0.2702898550724638,False,True,False,True
58,1,0,1,22,224.1,127,38.1,238.8,85,20.3,174.2,86,7.84,11.5,7,3.11,2,False,648.5999999999999,305,69.35000000000001,1.7645669291338582,2.8094117647058825,2.025581395348837,1.6428571428571428,0.345513413506013,0.36817761332099913,0.2685784767190873,0.01773049645390071,False,False,False,False,0.17001338688085676,0.08500837520938023,0.04500574052812859,0.27043478260869563,True,False,False,True
172,0,0,0,0,203.9,109,34.66,234.0,123,19.89,160.7,65,7.23,17.8,4,4.81,4,False,616.3999999999999,301,66.59,1.8706422018348625,1.9024390243902438,2.4723076923076923,4.45,0.3307916937053862,0.37962362102530833,0.26070733290071385,0.028877352368591833,False,False,False,False,0.16998528690534573,0.085,0.04499066583696329,0.27022471910112356,False,True,False,True
45,1,0,0,0,211.3,87,35.92,165.7,97,14.08,265.9,72,11.97,13.3,6,3.59,1,False,656.1999999999999,262,65.56,2.428735632183908,1.7082474226804123,3.693055555555555,2.216666666666667,0.3220054861322768,0.25251447729350807,0.40521182566290764,0.02026821091130753,False,False,False,False,0.16999526739233317,0.08497284248642124,0.0450169236555096,0.2699248120300752,False,True,False,True
100,0,1,0,0,219.4,112,37.3,225.7,102,19.18,255.3,95,11.49,12.0,4,3.24,4,False,712.4000000000001,313,71.21,1.9589285714285716,2.2127450980392154,2.6873684210526316,3.0,0.3079730488489612,0.3168163952835485,0.3583660864682762,0.016844469399213923,False,False,False,True,0.17000911577028258,0.08498006202924235,0.045005875440658046,0.27,False,True,False,True
94,1,0,0,0,190.4,91,32.37,92.0,107,7.82,224.8,108,10.12,13.6,17,3.67,2,False,520.8,323,53.98,2.0923076923076924,0.8598130841121495,2.0814814814814815,0.7999999999999999,0.36559139784946243,0.17665130568356377,0.4316436251920123,0.0261136712749616,False,False,False,False,0.17001050420168065,0.085,0.04501779359430604,0.2698529411764706,False,True,False,True
128,1,0,0,0,147.7,94,25.11,283.3,83,24.08,188.3,124,8.47,6.9,5,1.86,2,False,626.1999999999999,306,59.519999999999996,1.5712765957446808,3.4132530120481928,1.5185483870967742,1.3800000000000001,0.23586713510060683,0.4524113701692751,0.3007026509102524,0.01101884381986586,False,False,False,False,0.17000677048070414,0.08499823508648076,0.04498141263940521,0.26956521739130435,False,True,False,True
181,0,0,0,0,229.9,130,39.08,144.4,93,12.27,262.4,110,11.81,14.2,4,3.83,2,False,650.9000000000001,337,66.99,1.7684615384615385,1.5526881720430108,2.3854545454545453,3.55,0.3532032570287294,0.22184667383622675,0.4031341219849438,0.02181594715009986,False,False,False,False,0.16998695084819485,0.08497229916897506,0.04500762195121952,0.26971830985915496,False,True,False,True
127,0,0,0,0,102.8,128,17.48,143.7,95,12.21,191.4,97,8.61,10.0,5,2.7,1,False,447.9,325,41.0,0.803125,1.5126315789473683,1.97319587628866,2.0,0.22951551685644117,0.32083054253181514,0.4273275284661755,0.022326412145568207,False,False,False,False,0.17003891050583658,0.08496868475991651,0.04498432601880877,0.27,False,True,False,True
89,1,0,0,0,178.7,81,30.38,233.7,74,19.86,131.9,120,5.94,9.1,4,2.46,1,False,553.4,279,58.63999999999999,2.2061728395061726,3.158108108108108,1.0991666666666666,2.275,0.3229129020599928,0.42229851825081316,0.238344777737622,0.0164438019515721,False,False,False,False,0.17000559597090095,0.08498074454428756,0.045034116755117516,0.2703296703296703,False,True,False,True
149,1,0,1,18,148.5,106,25.25,114.5,106,9.73,178.3,98,8.02,6.5,4,1.76,0,False,447.8,314,44.76,1.400943396226415,1.080188679245283,1.819387755102041,1.625,0.33162125949084414,0.2556945064761054,0.3981688253684681,0.014515408664582402,False,False,False,False,0.17003367003367004,0.08497816593886463,0.04498037016264722,0.27076923076923076,True,False,False,True
103,2,0,1,29,164.1,111,27.9,219.1,96,18.62,220.3,108,9.91,12.3,9,3.32,0,False,615.8,324,59.74999999999999,1.4783783783783784,2.2822916666666666,2.039814814814815,1.3666666666666667,0.26648262422864566,0.3557973367976616,0.3577460214355311,0.019974017538161744,False,False,False,False,0.170018281535649,0.08498402555910543,0.04498411257376305,0.26991869918699185,True,False,False,True
163,1,1,0,0,197.2,90,33.52,188.5,113,16.02,211.1,94,9.5,7.8,8,2.11,1,False,604.5999999999999,305,61.150000000000006,2.191111111111111,1.668141592920354,2.2457446808510637,0.975,0.3261660602050943,0.311776381078399,0.34915646708567655,0.012901091630830303,False,False,False,True,0.1699797160243408,0.0849867374005305,0.045002368545712934,0.2705128205128205,False,True,False,True
52,1,0,0,0,124.9,131,21.23,300.5,118,25.54,192.5,106,8.66,11.6,4,3.13,2,False,629.5,359,58.559999999999995,0.9534351145038168,2.5466101694915255,1.8160377358490567,2.9,0.19841143764892774,0.47736298649722003,0.3057982525814138,0.018427323272438442,False,False,False,False,0.1699759807846277,0.08499168053244592,0.044987012987012985,0.26982758620689656,False,True,False,True
89,1,0,0,0,115.4,99,19.62,209.9,115,17.84,280.9,112,12.64,15.9,6,4.29,3,False,622.1,332,54.39,1.1656565656565656,1.825217391304348,2.508035714285714,2.65,0.18550072335637358,0.3374055618067835,0.45153512297058346,0.025558591866259445,False,False,False,False,0.17001733102253033,0.08499285373987613,0.04499822000711998,0.269811320754717,False,True,False,True
122,2,1,0,0,140.0,101,23.8,196.4,77,16.69,120.1,133,5.4,9.7,4,2.62,4,True,466.2,315,48.51,1.386138613861386,2.550649350649351,0.9030075187969925,2.425,0.3003003003003003,0.4212784212784213,0.2576147576147576,0.020806520806520807,False,False,False,True,0.17,0.084979633401222,0.04496253122398002,0.2701030927835052,False,True,False,True
62,0,0,0,0,321.1,105,54.59,265.5,122,22.57,180.5,72,8.12,11.5,2,3.11,4,True,778.6,301,88.39,3.0580952380952384,2.1762295081967213,2.5069444444444446,5.75,0.4124068841510403,0.3409966606730028,0.23182635499614693,0.014770100179809915,False,False,False,False,0.17000934288383682,0.08500941619585688,0.04498614958448753,0.27043478260869563,False,True,False,True
117,1,0,0,0,118.4,126,20.13,249.3,97,21.19,227.0,56,10.22,13.6,3,3.67,5,True,608.3000000000001,282,55.21,0.9396825396825397,2.5701030927835053,4.053571428571429,4.533333333333333,0.19464080223573893,0.40983067565346043,0.3731711326648035,0.022357389445997036,True,False,False,False,0.17001689189189187,0.08499799438427598,0.045022026431718064,0.2698529411764706,False,True,False,True
78,0,0,0,0,193.4,99,32.88,116.9,88,9.94,243.3,109,10.95,9.3,4,2.51,2,False,562.9,300,56.279999999999994,1.9535353535353537,1.3284090909090909,2.2321100917431194,2.325,0.3435779001598863,0.20767454254752177,0.43222597264167706,0.016521584650914908,False,False,False,False,0.17001034126163392,0.08502994011976046,0.04500616522811344,0.2698924731182795,False,True,False,True
96,1,0,0,0,106.6,128,18.12,284.8,87,24.21,178.9,92,8.05,14.9,7,4.02,1,False,585.1999999999999,314,54.39999999999999,0.8328125,3.2735632183908048,1.9445652173913044,2.1285714285714286,0.18215994531784008,0.48667122351332887,0.3057074504442926,0.025461380724538622,False,False,False,False,0.16998123827392123,0.08500702247191011,0.04499720514253773,0.2697986577181208,False,True,False,True
79,1,0,0,0,134.7,98,22.9,189.7,68,16.12,221.4,128,9.96,11.8,5,3.19,2,False,557.5999999999999,299,52.169999999999995,1.3744897959183673,2.789705882352941,1.7296875,2.3600000000000003,0.241571018651363,0.34020803443328557,0.39705882352941185,0.021162123385939747,False,False,False,False,0.17000742390497403,0.08497627833421192,0.04498644986449865,0.2703389830508474,False,True,False,True
192,1,0,1,36,156.2,77,26.55,215.5,126,18.32,279.1,83,12.56,9.9,6,2.67,2,False,660.6999999999999,292,60.10000000000001,2.0285714285714285,1.7103174603174602,3.362650602409639,1.6500000000000001,0.2364159225064326,0.3261692144695021,0.42243075525957324,0.014984107764492207,False,False,False,False,0.16997439180537774,0.08501160092807425,0.045001791472590466,0.26969696969696966,True,False,False,True
68,1,0,0,0,231.1,57,39.29,153.4,55,13.04,191.3,123,8.61,9.6,4,2.59,3,False,585.4,239,63.53,4.054385964912281,2.789090909090909,1.5552845528455286,2.4,0.394772804919713,0.2620430474888965,0.32678510420225493,0.016399043389135635,False,False,False,False,0.17001298139333623,0.08500651890482398,0.04500784108729743,0.26979166666666665,False,True,False,True
28,2,0,0,0,180.8,109,30.74,288.8,58,24.55,191.9,91,8.64,14.1,6,3.81,2,False,675.6,264,67.74,1.6587155963302753,4.979310344827587,2.108791208791209,2.35,0.2676139727649497,0.4274718768502072,0.2840438129070456,0.020870337477797513,False,False,False,False,0.17002212389380528,0.08500692520775623,0.045023449713392394,0.2702127659574468,False,True,True,False
74,1,0,1,25,234.4,113,39.85,265.9,82,22.6,241.4,77,10.86,13.7,4,3.7,0,False,755.4,276,77.01,2.0743362831858407,3.242682926829268,3.135064935064935,3.425,0.3102991792427853,0.3519989409584326,0.3195657929573736,0.018136086841408525,False,False,False,False,0.17000853242320818,0.08499435878149682,0.044987572493786245,0.27007299270072993,True,False,False,True
